seg	tick	x	y	z	vx	vy	vz	fx	fy	fz	ux	uy	uz	avx	avy	avz	ground	boost
land_flat_drop	0	0	0	300	0	0	0	1	0	0	-0	0	1	0	0	0	0	100
land_flat_drop	2	0	0	299.86	0	0	-10.821	1	0	0	-0	0	1	0	0	0	0	100
land_flat_drop	4	0	0	299.54	0	0	-21.641	1	0	0	-0	0	1	0	0	0	0	100
land_flat_drop	6	0	0	299.04	0	0	-32.461	1	0	0	-0	0	1	0	0	0	0	100
land_flat_drop	8	0	0	298.36	0	0	-43.281	1	0	0	-0	0	1	0	0	0	0	100
land_flat_drop	10	0	0	297.5	0	0	-54.101	1	0	0	-0	0	1	0	0	0	0	100
land_flat_drop	12	0	0	296.46	0	0	-64.921	1	0	0	-0	0	1	0	0	0	0	100
land_flat_drop	14	0	0	295.24	0	0	-75.741	1	0	0	-0	0	1	0	0	0	0	100
land_flat_drop	16	0	0	293.07	0	0	-91.971	1	0	0	-0	0	1	0	0	0	0	100
land_flat_drop	19	0	0	291.4	0	0	-102.791	1	0	0	-0	0	1	0	0	0	0	100
land_flat_drop	21	0	0	289.55	0	0	-113.611	1	0	0	-0	0	1	0	0	0	0	100
land_flat_drop	23	0	0	287.52	0	0	-124.431	1	0	0	-0	0	1	0	0	0	0	100
land_flat_drop	25	0	0	285.31	0	0	-135.251	1	0	0	-0	0	1	0	0	0	0	100
land_flat_drop	27	0	0	282.92	0	0	-146.071	1	0	0	-0	0	1	0	0	0	0	100
land_flat_drop	29	0	0	280.35	0	0	-156.891	1	0	0	-0	0	1	0	0	0	0	100
land_flat_drop	31	0	0	277.6	0	0	-167.711	1	0	0	-0	0	1	0	0	0	0	100
land_flat_drop	33	0	0	274.67	0	0	-178.531	1	0	0	-0	0	1	0	0	0	0	100
land_flat_drop	35	0	0	271.56	0	0	-189.351	1	0	0	-0	0	1	0	0	0	0	100
land_flat_drop	37	0	0	268.27	0	0	-200.171	1	0	0	-0	0	1	0	0	0	0	100
land_flat_drop	39	0	0	264.8	0	0	-210.991	1	0	0	-0	0	1	0	0	0	0	100
land_flat_drop	41	0	0	261.15	0	0	-221.811	1	0	0	-0	0	1	0	0	0	0	100
land_flat_drop	43	0	0	257.32	0	0	-232.631	1	0	0	-0	0	1	0	0	0	0	100
land_flat_drop	45	0	0	253.31	0	0	-243.451	1	0	0	-0	0	1	0	0	0	0	100
land_flat_drop	47	0	0	249.12	0	0	-254.271	1	0	0	-0	0	1	0	0	0	0	100
land_flat_drop	49	0	0	244.75	0	0	-265.091	1	0	0	-0	0	1	0	0	0	0	100
land_flat_drop	51	0	0	240.2	0	0	-275.911	1	0	0	-0	0	1	0	0	0	0	100
land_flat_drop	53	0	0	235.47	0	0	-286.731	1	0	0	-0	0	1	0	0	0	0	100
land_flat_drop	55	0	0	230.56	0	0	-297.551	1	0	0	-0	0	1	0	0	0	0	100
land_flat_drop	57	0	0	225.47	0	0	-308.371	1	0	0	-0	0	1	0	0	0	0	100
land_flat_drop	59	0	0	220.2	0	0	-319.191	1	0	0	-0	0	1	0	0	0	0	100
land_flat_drop	61	0	0	214.74	0	0	-330.011	1	0	0	-0	0	1	0	0	0	0	100
land_flat_drop	63	0	0	209.1	0	0	-340.831	1	0	0	-0	0	1	0	0	0	0	100
land_flat_drop	65	0	0	203.28	0	0	-351.651	1	0	0	-0	0	1	0	0	0	0	100
land_flat_drop	67	0	0	197.28	0	0	-362.471	1	0	0	-0	0	1	0	0	0	0	100
land_flat_drop	69	0	0	191.1	0	0	-373.291	1	0	0	-0	0	1	0	0	0	0	100
land_flat_drop	71	0	0	184.74	0	0	-384.111	1	0	0	-0	0	1	0	0	0	0	100
land_flat_drop	73	0	0	178.2	0	0	-394.931	1	0	0	-0	0	1	0	0	0	0	100
land_flat_drop	75	0	0	171.48	0	0	-405.751	1	0	0	-0	0	1	0	0	0	0	100
land_flat_drop	77	0	0	164.58	0	0	-416.571	1	0	0	-0	0	1	0	0	0	0	100
land_flat_drop	79	0	0	161.06	0	0	-421.981	1	0	0	-0	0	1	0	0	0	0	100
land_flat_drop	80	0	0	153.89	0	0	-432.801	1	0	0	-0	0	1	0	0	0	0	100
land_flat_drop	82	0	0	146.54	0	0	-443.621	1	0	0	-0	0	1	0	0	0	0	100
land_flat_drop	84	0	0	139.01	0	0	-454.441	1	0	0	-0	0	1	0	0	0	0	100
land_flat_drop	86	0	0	131.3	0	0	-465.261	1	0	0	-0	0	1	0	0	0	0	100
land_flat_drop	88	0	0	123.41	0	0	-476.081	1	0	0	-0	0	1	0	0	0	0	100
land_flat_drop	90	0	0	115.34	0	0	-486.901	1	0	0	-0	0	1	0	0	0	0	100
land_flat_drop	92	0	0	107.09	0	0	-497.721	1	0	0	-0	0	1	0	0	0	0	100
land_flat_drop	94	0	0	98.66	0	0	-508.541	1	0	0	-0	0	1	0	0	0	0	100
land_flat_drop	96	0	0	90.05	0	0	-519.361	1	0	0	-0	0	1	0	0	0	0	100
land_flat_drop	98	0	0	81.26	0	0	-530.181	1	0	0	-0	0	1	0	0	0	0	100
land_flat_drop	100	0	0	72.29	0	0	-541.001	1	0	0	-0	0	1	0	0	0	0	100
land_flat_drop	102	0	0	63.14	0	0	-551.821	1	0	0	-0	0	1	0	0	0	0	100
land_flat_drop	104	0	0	53.81	0	0	-562.641	1	0	0	-0	0	1	0	0	0	0	100
land_flat_drop	106	0	0	44.3	0	0	-573.461	1	0	0	-0	0	1	0	0	0	0	100
land_flat_drop	108	0	0	34.61	0	0	-584.281	1	0	0	-0	0	1	0	0	0	0	100
land_flat_drop	110	0	0	25.39	0	0	-516.911	1	0	-0.000383495	0.000383495	0	1	0	0.05081	0	1	100
land_flat_drop	112	0.03	0	18.6	1.931	0	-370.931	0.999998	0	-0.00201335	0.00201335	0	0.999998	0	0.10901	0	1	100
land_flat_drop	114	0.07	0	14.9	1.931	0	-143.661	0.999998	0	-0.00201335	0.00201335	0	0.999998	0	-0.12771	0	1	100
land_flat_drop	116	0.04	0	14.33	-0.901	0	-10.281	0.999999	0	-0.00115049	0.00115049	0	0.999999	0	-0.01051	0	1	100
land_flat_drop	118	0.05	0	14.63	0.951	0	23.071	0.999997	0	-0.00230097	0.00230097	0	0.999997	0	0.08031	0	1	100
land_flat_drop	120	0.07	0	15.06	1.251	0	26.051	0.999993	0	-0.0036432	0.0036432	0	0.999993	0	0.08301	0	1	100
land_flat_drop	122	0.09	0	15.47	1.181	0	24.391	0.999988	0	-0.00488954	0.00488954	0	0.999988	0	0.07241	0	1	100
land_flat_drop	124	0.11	0	15.83	1.011	0	20.881	0.999982	0	-0.00594414	0.00594414	0	0.999982	0	0.05901	0	1	100
land_flat_drop	126	0.13	0	16.13	0.821	0	16.951	0.999977	0	-0.00680699	0.00680699	0	0.999977	0	0.04651	0	1	100
land_flat_drop	128	0.15	0	16.37	0.641	0	13.241	0.999972	0	-0.00747809	0.00747809	0	0.999972	0	0.03611	0	1	100
land_flat_drop	130	0.15	0	16.55	0.501	0	10.061	0.999968	0	-0.00795744	0.00795744	0	0.999968	0	0.02781	0	1	100
land_flat_drop	132	0.15	0	16.68	0.391	0	7.521	0.999965	0	-0.00834092	0.00834092	0	0.999965	0	0.02131	0	1	100
land_flat_drop	134	0.15	0	16.78	0.301	0	5.571	0.999963	0	-0.00862854	0.00862854	0	0.999963	0	0.01641	0	1	100
land_flat_drop	136	0.15	0	16.85	0.231	0	4.051	0.999961	0	-0.00882027	0.00882027	0	0.999961	0	0.01261	0	1	100
land_flat_drop	138	0.15	0	16.9	0.181	0	2.931	0.999959	0	-0.00901201	0.00901201	0	0.999959	0	0.00961	0	1	100
land_flat_drop	140	0.15	0	16.94	0.141	0	2.131	0.999959	0	-0.00910788	0.00910788	0	0.999959	0	0.00741	0	1	100
land_flat_drop	142	0.15	0	16.97	0.101	0	1.491	0.999957	0	-0.00929962	0.00929962	0	0.999957	0	0.00571	0	1	100
land_flat_drop	144	0.15	0	16.99	0.081	0	1.041	0.999957	0	-0.00929962	0.00929962	0	0.999957	0	0.00441	0	1	100
land_flat_drop	146	0.15	0	17.01	0.061	0	0.701	0.999956	0	-0.00939549	0.00939549	0	0.999956	0	0.00341	0	1	100
land_flat_drop	148	0.15	0	17.01	0.041	0	0.451	0.999956	0	-0.00939549	0.00939549	0	0.999956	0	0.00261	0	1	100
land_fast_drop	0	0	0	884.82	0	0	-913.531	1	0	0	-0	0	1	0	0	0	0	100
land_fast_drop	2	0	0	869.46	0	0	-924.351	1	0	0	-0	0	1	0	0	0	0	100
land_fast_drop	4	0	0	853.92	0	0	-935.171	1	0	0	-0	0	1	0	0	0	0	100
land_fast_drop	6	0	0	838.2	0	0	-945.991	1	0	0	-0	0	1	0	0	0	0	100
land_fast_drop	8	0	0	822.3	0	0	-956.811	1	0	0	-0	0	1	0	0	0	0	100
land_fast_drop	10	0	0	806.22	0	0	-967.631	1	0	0	-0	0	1	0	0	0	0	100
land_fast_drop	12	0	0	789.96	0	0	-978.451	1	0	0	-0	0	1	0	0	0	0	100
land_fast_drop	14	0	0	773.52	0	0	-989.271	1	0	0	-0	0	1	0	0	0	0	100
land_fast_drop	16	0	0	756.9	0	0	-1000.09	1	0	0	-0	0	1	0	0	0	0	100
land_fast_drop	18	0	0	740.1	0	0	-1010.91	1	0	0	-0	0	1	0	0	0	0	100
land_fast_drop	20	0	0	723.12	0	0	-1021.73	1	0	0	-0	0	1	0	0	0	0	100
land_fast_drop	22	0	0	705.96	0	0	-1032.55	1	0	0	-0	0	1	0	0	0	0	100
land_fast_drop	24	0	0	688.62	0	0	-1043.37	1	0	0	-0	0	1	0	0	0	0	100
land_fast_drop	26	0	0	671.1	0	0	-1054.19	1	0	0	-0	0	1	0	0	0	0	100
land_fast_drop	28	0	0	653.39	0	0	-1065.01	1	0	0	-0	0	1	0	0	0	0	100
land_fast_drop	30	0	0	635.5	0	0	-1075.83	1	0	0	-0	0	1	0	0	0	0	100
land_fast_drop	32	0	0	617.43	0	0	-1086.65	1	0	0	-0	0	1	0	0	0	0	100
land_fast_drop	34	0	0	599.18	0	0	-1097.47	1	0	0	-0	0	1	0	0	0	0	100
land_fast_drop	36	0	0	580.75	0	0	-1108.29	1	0	0	-0	0	1	0	0	0	0	100
land_fast_drop	38	0	0	562.14	0	0	-1119.11	1	0	0	-0	0	1	0	0	0	0	100
land_fast_drop	40	0	0	543.35	0	0	-1129.93	1	0	0	-0	0	1	0	0	0	0	100
land_fast_drop	42	0	0	524.38	0	0	-1140.75	1	0	0	-0	0	1	0	0	0	0	100
land_fast_drop	44	0	0	505.23	0	0	-1151.57	1	0	0	-0	0	1	0	0	0	0	100
land_fast_drop	46	0	0	485.9	0	0	-1162.39	1	0	0	-0	0	1	0	0	0	0	100
land_fast_drop	48	0	0	466.39	0	0	-1173.21	1	0	0	-0	0	1	0	0	0	0	100
land_fast_drop	50	0	0	446.7	0	0	-1184.03	1	0	0	-0	0	1	0	0	0	0	100
land_fast_drop	52	0	0	426.83	0	0	-1194.85	1	0	0	-0	0	1	0	0	0	0	100
land_fast_drop	54	0	0	406.78	0	0	-1205.67	1	0	0	-0	0	1	0	0	0	0	100
land_fast_drop	56	0	0	386.55	0	0	-1216.49	1	0	0	-0	0	1	0	0	0	0	100
land_fast_drop	58	0	0	366.14	0	0	-1227.31	1	0	0	-0	0	1	0	0	0	0	100
land_fast_drop	60	0	0	345.55	0	0	-1238.13	1	0	0	-0	0	1	0	0	0	0	100
land_fast_drop	62	0	0	324.78	0	0	-1248.95	1	0	0	-0	0	1	0	0	0	0	100
land_fast_drop	64	0	0	303.83	0	0	-1259.77	1	0	0	-0	0	1	0	0	0	0	100
land_fast_drop	66	0	0	282.7	0	0	-1270.59	1	0	0	-0	0	1	0	0	0	0	100
land_fast_drop	68	0	0	261.39	0	0	-1281.41	1	0	0	-0	0	1	0	0	0	0	100
land_fast_drop	70	0	0	239.9	0	0	-1292.23	1	0	0	-0	0	1	0	0	0	0	100
land_fast_drop	72	0	0	218.23	0	0	-1303.05	1	0	0	-0	0	1	0	0	0	0	100
land_fast_drop	74	0	0	196.38	0	0	-1313.87	1	0	0	-0	0	1	0	0	0	0	100
land_fast_drop	76	0	0	174.35	0	0	-1324.69	1	0	0	-0	0	1	0	0	0	0	100
land_fast_drop	78	0	0	152.14	0	0	-1335.51	1	0	0	-0	0	1	0	0	0	0	100
land_fast_drop	80	0	0	129.75	0	0	-1346.33	1	0	0	-0	0	1	0	0	0	0	100
land_fast_drop	82	0	0	107.18	0	0	-1357.15	1	0	0	-0	0	1	0	0	0	0	100
land_fast_drop	84	0	0	84.43	0	0	-1367.97	1	0	0	-0	0	1	0	0	0	0	100
land_fast_drop	86	0	0	61.5	0	0	-1378.79	1	0	0	-0	0	1	0	0	0	0	100
land_fast_drop	88	0	0	38.38	0	0	-1389.61	1	0	0	-0	0	1	0	0	0	0	100
land_fast_drop	90	0	0	17.23	0	0	-1142.17	1	0	-0.000383495	0.000383495	0	1	0	0.05081	0	1	100
land_fast_drop	92	0.02	0	6.4	0.771	0	-394.401	0.999991	0	0.00421843	-0.00421843	0	0.999991	0	-0.64921	0	1	100
land_fast_drop	94	-0.05	0	5.67	-1.861	0	29.011	0.999952	0	0.00977897	-0.00977897	0	0.999952	0	-0.17701	0	1	100
land_fast_drop	96	-0.05	0	7.43	0.881	0	115.011	0.999972	0	0.00747809	-0.00747809	0	0.999972	0	0.18221	0	1	100
land_fast_drop	98	-0.03	0	9.35	1.671	0	113.751	0.999991	0	0.00431431	-0.00431431	0	0.999991	0	0.19291	0	1	100
land_fast_drop	100	0.01	0	11.08	1.891	0	100.151	0.999999	0	0.00134223	-0.00134223	0	0.999999	0	0.16981	0	1	100
land_fast_drop	102	0.05	0	12.55	2.011	0	83.951	0.999999	0	-0.00143811	0.00143811	0	0.999999	0	0.16751	0	1	100
land_fast_drop	104	0.09	0	13.75	2.231	0	67.831	0.999991	0	-0.00421843	0.00421843	0	0.999991	0	0.16201	0	1	100
land_fast_drop	106	0.13	0	14.69	2.101	0	52.461	0.999979	0	-0.00651937	0.00651937	0	0.999979	0	0.12781	0	1	100
land_fast_drop	108	0.16	0	15.39	1.391	0	38.241	0.999969	0	-0.00786157	0.00786157	0	0.999969	0	0.06711	0	1	100
land_fast_drop	110	0.18	0	15.89	0.671	0	27.261	0.999964	0	-0.00853266	0.00853266	0	0.999964	0	0.03301	0	1	100
land_fast_drop	112	0.18	0	16.24	0.351	0	19.251	0.99996	0	-0.00891615	0.00891615	0	0.99996	0	0.01771	0	1	100
land_fast_drop	114	0.18	0	16.48	0.201	0	13.511	0.999959	0	-0.00910788	0.00910788	0	0.999959	0	0.01061	0	1	100
land_fast_drop	116	0.18	0	16.65	0.131	0	9.451	0.999958	0	-0.00920375	0.00920375	0	0.999958	0	0.00691	0	1	100
land_fast_drop	118	0.18	0	16.77	0.091	0	6.551	0.999957	0	-0.00929962	0.00929962	0	0.999957	0	0.00491	0	1	100
land_fast_drop	120	0.18	0	16.86	0.061	0	4.511	0.999956	0	-0.00939549	0.00939549	0	0.999956	0	0.00361	0	1	100
land_fast_drop	122	0.18	0	16.92	0.051	0	3.071	0.999956	0	-0.00939549	0.00939549	0	0.999956	0	0.00281	0	1	100
land_fast_drop	124	0.18	0	16.96	0.041	0	2.051	0.999955	0	-0.00949136	0.00949136	0	0.999955	0	0.00221	0	1	100
land_fast_drop	126	0.18	0	16.98	0.031	0	1.361	0.999955	0	-0.00949136	0.00949136	0	0.999955	0	0.00171	0	1	100
land_fast_drop	128	0.18	0	17	0.021	0	0.921	0.999955	0	-0.00949136	0.00949136	0	0.999955	0	0.00131	0	1	100
land_fast_drop	130	0.18	0	17.01	0.021	0	0.581	0.999955	0	-0.00949136	0.00949136	0	0.999955	0	0.00111	0	1	100
land_fast_drop	132	0.18	0	17.01	0.011	0	0.401	0.999954	0	-0.00958723	0.00958723	0	0.999954	0	0.00081	0	1	100
land_fast_drop	134	0.18	0	17.01	0.011	0	0.321	0.999954	0	-0.00958723	0.00958723	0	0.999954	0	0.00061	0	1	100
land_fast_drop	136	0.18	0	17.01	0	0	0.291	0.999954	0	-0.00958723	0.00958723	0	0.999954	0	0.00051	0	1	100
land_fast_drop	138	0.18	0	17.01	0	0	0.271	0.999954	0	-0.00958723	0.00958723	0	0.999954	0	0.00051	0	1	100
land_fast_drop	140	0.18	0	17.01	0	0	0.271	0.999954	0	-0.00958723	0.00958723	0	0.999954	0	0.00051	0	1	100
land_fast_drop	142	0.18	0	17.01	0	0	0.271	0.999954	0	-0.00958723	0.00958723	0	0.999954	0	0.00051	0	1	100
land_fast_drop	144	0.18	0	17.01	0	0	0.271	0.999954	0	-0.00958723	0.00958723	0	0.999954	0	0.00051	0	1	100
land_fast_drop	146	0.18	0	17.01	0	0	0.271	0.999954	0	-0.00958723	0.00958723	0	0.999954	0	0.00051	0	1	100
land_fast_drop	148	0.18	0	17.01	0	0	0.271	0.999954	0	-0.00958723	0.00958723	0	0.999954	0	0.00051	0	1	100
land_nose_down	0	0	0	319.82	0	0	-13.531	0.90035	0	-0.435167	0.435167	0	0.90035	0	0	0	0	100
land_nose_down	2	0	0	319.46	0	0	-24.351	0.90035	0	-0.435167	0.435167	0	0.90035	0	0	0	0	100
land_nose_down	4	0	0	318.92	0	0	-35.171	0.90035	0	-0.435167	0.435167	0	0.90035	0	0	0	0	100
land_nose_down	6	0	0	318.2	0	0	-45.991	0.90035	0	-0.435167	0.435167	0	0.90035	0	0	0	0	100
land_nose_down	8	0	0	317.3	0	0	-56.811	0.90035	0	-0.435167	0.435167	0	0.90035	0	0	0	0	100
land_nose_down	10	0	0	316.22	0	0	-67.631	0.90035	0	-0.435167	0.435167	0	0.90035	0	0	0	0	100
land_nose_down	12	0	0	314.96	0	0	-78.451	0.90035	0	-0.435167	0.435167	0	0.90035	0	0	0	0	100
land_nose_down	14	0	0	313.52	0	0	-89.271	0.90035	0	-0.435167	0.435167	0	0.90035	0	0	0	0	100
land_nose_down	16	0	0	311.9	0	0	-100.091	0.90035	0	-0.435167	0.435167	0	0.90035	0	0	0	0	100
land_nose_down	18	0	0	310.1	0	0	-110.911	0.90035	0	-0.435167	0.435167	0	0.90035	0	0	0	0	100
land_nose_down	20	0	0	308.12	0	0	-121.731	0.90035	0	-0.435167	0.435167	0	0.90035	0	0	0	0	100
land_nose_down	22	0	0	305.96	0	0	-132.551	0.90035	0	-0.435167	0.435167	0	0.90035	0	0	0	0	100
land_nose_down	24	0	0	303.62	0	0	-143.371	0.90035	0	-0.435167	0.435167	0	0.90035	0	0	0	0	100
land_nose_down	26	0	0	301.1	0	0	-154.191	0.90035	0	-0.435167	0.435167	0	0.90035	0	0	0	0	100
land_nose_down	28	0	0	298.39	0	0	-165.011	0.90035	0	-0.435167	0.435167	0	0.90035	0	0	0	0	100
land_nose_down	30	0	0	295.5	0	0	-175.831	0.90035	0	-0.435167	0.435167	0	0.90035	0	0	0	0	100
land_nose_down	32	0	0	292.43	0	0	-186.651	0.90035	0	-0.435167	0.435167	0	0.90035	0	0	0	0	100
land_nose_down	34	0	0	289.18	0	0	-197.471	0.90035	0	-0.435167	0.435167	0	0.90035	0	0	0	0	100
land_nose_down	36	0	0	285.75	0	0	-208.291	0.90035	0	-0.435167	0.435167	0	0.90035	0	0	0	0	100
land_nose_down	38	0	0	282.14	0	0	-219.111	0.90035	0	-0.435167	0.435167	0	0.90035	0	0	0	0	100
land_nose_down	40	0	0	278.35	0	0	-229.931	0.90035	0	-0.435167	0.435167	0	0.90035	0	0	0	0	100
land_nose_down	42	0	0	274.38	0	0	-240.751	0.90035	0	-0.435167	0.435167	0	0.90035	0	0	0	0	100
land_nose_down	44	0	0	270.23	0	0	-251.571	0.90035	0	-0.435167	0.435167	0	0.90035	0	0	0	0	100
land_nose_down	46	0	0	265.9	0	0	-262.391	0.90035	0	-0.435167	0.435167	0	0.90035	0	0	0	0	100
land_nose_down	48	0	0	261.39	0	0	-273.211	0.90035	0	-0.435167	0.435167	0	0.90035	0	0	0	0	100
land_nose_down	50	0	0	256.7	0	0	-284.031	0.90035	0	-0.435167	0.435167	0	0.90035	0	0	0	0	100
land_nose_down	52	0	0	251.83	0	0	-294.851	0.90035	0	-0.435167	0.435167	0	0.90035	0	0	0	0	100
land_nose_down	54	0	0	246.78	0	0	-305.671	0.90035	0	-0.435167	0.435167	0	0.90035	0	0	0	0	100
land_nose_down	56	0	0	241.55	0	0	-316.491	0.90035	0	-0.435167	0.435167	0	0.90035	0	0	0	0	100
land_nose_down	58	0	0	236.14	0	0	-327.311	0.90035	0	-0.435167	0.435167	0	0.90035	0	0	0	0	100
land_nose_down	60	0	0	230.55	0	0	-338.131	0.90035	0	-0.435167	0.435167	0	0.90035	0	0	0	0	100
land_nose_down	62	0	0	224.78	0	0	-348.951	0.90035	0	-0.435167	0.435167	0	0.90035	0	0	0	0	100
land_nose_down	64	0	0	218.83	0	0	-359.771	0.90035	0	-0.435167	0.435167	0	0.90035	0	0	0	0	100
land_nose_down	66	0	0	212.7	0	0	-370.591	0.90035	0	-0.435167	0.435167	0	0.90035	0	0	0	0	100
land_nose_down	68	0	0	206.39	0	0	-381.411	0.90035	0	-0.435167	0.435167	0	0.90035	0	0	0	0	100
land_nose_down	70	0	0	199.9	0	0	-392.231	0.90035	0	-0.435167	0.435167	0	0.90035	0	0	0	0	100
land_nose_down	72	0	0	193.23	0	0	-403.051	0.90035	0	-0.435167	0.435167	0	0.90035	0	0	0	0	100
land_nose_down	74	0	0	186.38	0	0	-413.871	0.90035	0	-0.435167	0.435167	0	0.90035	0	0	0	0	100
land_nose_down	76	0	0	179.35	0	0	-424.691	0.90035	0	-0.435167	0.435167	0	0.90035	0	0	0	0	100
land_nose_down	78	0	0	172.14	0	0	-435.511	0.90035	0	-0.435167	0.435167	0	0.90035	0	0	0	0	100
land_nose_down	80	0	0	164.75	0	0	-446.331	0.90035	0	-0.435167	0.435167	0	0.90035	0	0	0	0	100
land_nose_down	82	0	0	157.18	0	0	-457.151	0.90035	0	-0.435167	0.435167	0	0.90035	0	0	0	0	100
land_nose_down	84	0	0	149.43	0	0	-467.971	0.90035	0	-0.435167	0.435167	0	0.90035	0	0	0	0	100
land_nose_down	86	0	0	141.5	0	0	-478.791	0.90035	0	-0.435167	0.435167	0	0.90035	0	0	0	0	100
land_nose_down	88	0	0	133.38	0	0	-489.611	0.90035	0	-0.435167	0.435167	0	0.90035	0	0	0	0	100
land_nose_down	90	0	0	125.08	0	0	-500.431	0.90035	0	-0.435167	0.435167	0	0.90035	0	0	0	0	100
land_nose_down	92	0	0	116.6	0	0	-511.251	0.90035	0	-0.435167	0.435167	0	0.90035	0	0	0	0	100
land_nose_down	94	0	0	107.94	0	0	-522.071	0.90035	0	-0.435167	0.435167	0	0.90035	0	0	0	0	100
land_nose_down	96	0	0	99.1	0	0	-532.891	0.90035	0	-0.435167	0.435167	0	0.90035	0	0	0	0	100
land_nose_down	98	0	0	90.08	0	0	-543.711	0.90035	0	-0.435167	0.435167	0	0.90035	0	0	0	0	100
land_nose_down	100	0	0	80.88	0	0	-554.531	0.90035	0	-0.435167	0.435167	0	0.90035	0	0	0	0	100
land_nose_down	102	0	0	71.5	0	0	-565.351	0.90035	0	-0.435167	0.435167	0	0.90035	0	0	0	0	100
land_nose_down	104	0	0	61.94	0	0	-576.171	0.90035	0	-0.435167	0.435167	0	0.90035	0	0	0	0	100
land_nose_down	106	0	0	52.2	0	0	-586.991	0.90035	0	-0.435167	0.435167	0	0.90035	0	0	0	0	100
land_nose_down	108	0	0	42.59	0	0	-560.331	0.903784	0	-0.427988	0.427988	0	0.903784	0	-0.95711	0	0	100
land_nose_down	110	-0.06	0	34.06	-4.361	0	-496.001	0.92144	0	-0.388522	0.388522	0	0.92144	0	-3.16561	0	0	100
land_nose_down	112	-0.18	0	27.67	-8.721	0	-361.681	0.95884	0	-0.283948	0.283948	0	0.95884	0	-5.50001	0	0	100
land_nose_down	114	-0.38	0	22.33	-13.081	0	-309.651	0.984379	0	-0.176061	0.176061	0	0.984379	0	-5.50001	0	0	100
land_nose_down	116	-0.92	0	18.5	-46.611	0	-206.291	0.995222	0	-0.0976355	0.0976355	0	0.995222	0	-4.41291	0	1	100
land_nose_down	118	-1.8	0	16.02	-55.351	0	-130.911	0.999102	0	-0.0423635	0.0423635	0	0.999102	0	-2.96431	0	1	100
land_nose_down	120	-2.61	0	14.86	-46.591	0	-39.871	0.999885	0	-0.0151475	0.0151475	0	0.999885	0	-0.95211	0	1	100
land_nose_down	122	-3.28	0	14.9	-37.831	0	11.001	0.999944	0	-0.0105459	0.0105459	0	0.999944	0	-0.14881	0	1	100
land_nose_down	124	-3.8	0	15.22	-29.071	0	20.551	0.99995	0	-0.00997071	0.00997071	0	0.99995	0	-0.02731	0	1	100
land_nose_down	126	-3.97	0	15.57	4.471	0	20.961	0.999952	0	-0.00977897	0.00977897	0	0.999952	0	-0.01351	0	1	100
land_nose_down	128	-3.98	0	15.9	0.211	0	18.751	0.999954	0	-0.00958723	0.00958723	0	0.999954	0	-0.00541	0	1	100
land_nose_down	130	-3.98	0	16.17	-0.021	0	15.601	0.999954	0	-0.00958723	0.00958723	0	0.999954	0	-0.00211	0	1	100
land_nose_down	132	-3.98	0	16.39	-0.011	0	12.411	0.999954	0	-0.00958723	0.00958723	0	0.999954	0	-0.00081	0	1	100
land_nose_down	134	-3.98	0	16.56	0	0	9.591	0.999954	0	-0.00958723	0.00958723	0	0.999954	0	-0.00021	0	1	100
land_nose_down	136	-3.98	0	16.69	0	0	7.241	0.999954	0	-0.00958723	0.00958723	0	0.999954	0	0	0	1	100
land_nose_down	138	-3.98	0	16.78	0	0	5.381	0.999954	0	-0.00958723	0.00958723	0	0.999954	0	0	0	1	100
land_nose_down	140	-3.98	0	16.85	0	0	3.961	0.999954	0	-0.00958723	0.00958723	0	0.999954	0	0.00011	0	1	100
land_nose_down	142	-3.98	0	16.9	0	0	2.891	0.999954	0	-0.00958723	0.00958723	0	0.999954	0	0.00021	0	1	100
land_nose_down	144	-3.98	0	16.94	0	0	2.111	0.999954	0	-0.00958723	0.00958723	0	0.999954	0	0.00021	0	1	100
land_nose_down	146	-3.98	0	16.96	0	0	1.521	0.999954	0	-0.00958723	0.00958723	0	0.999954	0	0.00031	0	1	100
land_nose_down	148	-3.98	0	16.98	0	0	1.131	0.999954	0	-0.00958723	0.00958723	0	0.999954	0	0.00031	0	1	100
land_nose_up	0	0	0	319.82	0	0	-13.531	0.900517	0	0.434821	-0.434821	0	0.900517	0	0	0	0	100
land_nose_up	2	0	0	319.46	0	0	-24.351	0.900517	0	0.434821	-0.434821	0	0.900517	0	0	0	0	100
land_nose_up	4	0	0	318.92	0	0	-35.171	0.900517	0	0.434821	-0.434821	0	0.900517	0	0	0	0	100
land_nose_up	6	0	0	318.2	0	0	-45.991	0.900517	0	0.434821	-0.434821	0	0.900517	0	0	0	0	100
land_nose_up	8	0	0	317.3	0	0	-56.811	0.900517	0	0.434821	-0.434821	0	0.900517	0	0	0	0	100
land_nose_up	10	0	0	316.22	0	0	-67.631	0.900517	0	0.434821	-0.434821	0	0.900517	0	0	0	0	100
land_nose_up	12	0	0	314.96	0	0	-78.451	0.900517	0	0.434821	-0.434821	0	0.900517	0	0	0	0	100
land_nose_up	14	0	0	313.52	0	0	-89.271	0.900517	0	0.434821	-0.434821	0	0.900517	0	0	0	0	100
land_nose_up	16	0	0	311.9	0	0	-100.091	0.900517	0	0.434821	-0.434821	0	0.900517	0	0	0	0	100
land_nose_up	18	0	0	310.1	0	0	-110.911	0.900517	0	0.434821	-0.434821	0	0.900517	0	0	0	0	100
land_nose_up	20	0	0	308.12	0	0	-121.731	0.900517	0	0.434821	-0.434821	0	0.900517	0	0	0	0	100
land_nose_up	22	0	0	305.96	0	0	-132.551	0.900517	0	0.434821	-0.434821	0	0.900517	0	0	0	0	100
land_nose_up	24	0	0	303.62	0	0	-143.371	0.900517	0	0.434821	-0.434821	0	0.900517	0	0	0	0	100
land_nose_up	26	0	0	301.1	0	0	-154.191	0.900517	0	0.434821	-0.434821	0	0.900517	0	0	0	0	100
land_nose_up	28	0	0	298.39	0	0	-165.011	0.900517	0	0.434821	-0.434821	0	0.900517	0	0	0	0	100
land_nose_up	30	0	0	295.5	0	0	-175.831	0.900517	0	0.434821	-0.434821	0	0.900517	0	0	0	0	100
land_nose_up	32	0	0	292.43	0	0	-186.651	0.900517	0	0.434821	-0.434821	0	0.900517	0	0	0	0	100
land_nose_up	34	0	0	289.18	0	0	-197.471	0.900517	0	0.434821	-0.434821	0	0.900517	0	0	0	0	100
land_nose_up	36	0	0	285.75	0	0	-208.291	0.900517	0	0.434821	-0.434821	0	0.900517	0	0	0	0	100
land_nose_up	38	0	0	282.14	0	0	-219.111	0.900517	0	0.434821	-0.434821	0	0.900517	0	0	0	0	100
land_nose_up	40	0	0	278.35	0	0	-229.931	0.900517	0	0.434821	-0.434821	0	0.900517	0	0	0	0	100
land_nose_up	42	0	0	274.38	0	0	-240.751	0.900517	0	0.434821	-0.434821	0	0.900517	0	0	0	0	100
land_nose_up	44	0	0	270.23	0	0	-251.571	0.900517	0	0.434821	-0.434821	0	0.900517	0	0	0	0	100
land_nose_up	46	0	0	265.9	0	0	-262.391	0.900517	0	0.434821	-0.434821	0	0.900517	0	0	0	0	100
land_nose_up	48	0	0	261.39	0	0	-273.211	0.900517	0	0.434821	-0.434821	0	0.900517	0	0	0	0	100
land_nose_up	50	0	0	256.7	0	0	-284.031	0.900517	0	0.434821	-0.434821	0	0.900517	0	0	0	0	100
land_nose_up	52	0	0	251.83	0	0	-294.851	0.900517	0	0.434821	-0.434821	0	0.900517	0	0	0	0	100
land_nose_up	54	0	0	244.19	0	0	-311.081	0.900517	0	0.434821	-0.434821	0	0.900517	0	0	0	0	100
land_nose_up	57	0	0	238.87	0	0	-321.901	0.900517	0	0.434821	-0.434821	0	0.900517	0	0	0	0	100
land_nose_up	59	0	0	233.37	0	0	-332.721	0.900517	0	0.434821	-0.434821	0	0.900517	0	0	0	0	100
land_nose_up	61	0	0	227.69	0	0	-343.541	0.900517	0	0.434821	-0.434821	0	0.900517	0	0	0	0	100
land_nose_up	63	0	0	221.83	0	0	-354.361	0.900517	0	0.434821	-0.434821	0	0.900517	0	0	0	0	100
land_nose_up	65	0	0	215.79	0	0	-365.181	0.900517	0	0.434821	-0.434821	0	0.900517	0	0	0	0	100
land_nose_up	67	0	0	209.57	0	0	-376.001	0.900517	0	0.434821	-0.434821	0	0.900517	0	0	0	0	100
land_nose_up	69	0	0	203.17	0	0	-386.821	0.900517	0	0.434821	-0.434821	0	0.900517	0	0	0	0	100
land_nose_up	71	0	0	196.59	0	0	-397.641	0.900517	0	0.434821	-0.434821	0	0.900517	0	0	0	0	100
land_nose_up	73	0	0	189.83	0	0	-408.461	0.900517	0	0.434821	-0.434821	0	0.900517	0	0	0	0	100
land_nose_up	75	0	0	182.89	0	0	-419.281	0.900517	0	0.434821	-0.434821	0	0.900517	0	0	0	0	100
land_nose_up	77	0	0	175.77	0	0	-430.101	0.900517	0	0.434821	-0.434821	0	0.900517	0	0	0	0	100
land_nose_up	79	0	0	168.47	0	0	-440.921	0.900517	0	0.434821	-0.434821	0	0.900517	0	0	0	0	100
land_nose_up	81	0	0	160.99	0	0	-451.741	0.900517	0	0.434821	-0.434821	0	0.900517	0	0	0	0	100
land_nose_up	83	0	0	153.33	0	0	-462.561	0.900517	0	0.434821	-0.434821	0	0.900517	0	0	0	0	100
land_nose_up	85	0	0	145.49	0	0	-473.381	0.900517	0	0.434821	-0.434821	0	0.900517	0	0	0	0	100
land_nose_up	87	0	0	137.46	0	0	-484.201	0.900517	0	0.434821	-0.434821	0	0.900517	0	0	0	0	100
land_nose_up	89	0	0	129.25	0	0	-495.021	0.900517	0	0.434821	-0.434821	0	0.900517	0	0	0	0	100
land_nose_up	91	0	0	120.86	0	0	-505.841	0.900517	0	0.434821	-0.434821	0	0.900517	0	0	0	0	100
land_nose_up	93	0	0	112.29	0	0	-516.661	0.900517	0	0.434821	-0.434821	0	0.900517	0	0	0	0	100
land_nose_up	95	0	0	103.54	0	0	-527.481	0.900517	0	0.434821	-0.434821	0	0.900517	0	0	0	0	100
land_nose_up	97	0	0	94.61	0	0	-538.301	0.900517	0	0.434821	-0.434821	0	0.900517	0	0	0	0	100
land_nose_up	99	0	0	85.5	0	0	-549.121	0.900517	0	0.434821	-0.434821	0	0.900517	0	0	0	0	100
land_nose_up	101	0	0	76.21	0	0	-559.941	0.900517	0	0.434821	-0.434821	0	0.900517	0	0	0	0	100
land_nose_up	103	0	0	66.74	0	0	-570.761	0.900517	0	0.434821	-0.434821	0	0.900517	0	0	0	0	100
land_nose_up	105	0	0	57.09	0	0	-581.581	0.900517	0	0.434821	-0.434821	0	0.900517	0	0	0	0	100
land_nose_up	107	0	0	47.26	0	0	-592.401	0.900517	0	0.434821	-0.434821	0	0.900517	0	0	0	0	100
land_nose_up	109	0	0	37.68	0	0	-551.511	0.902879	0	0.429894	-0.429894	0	0.902879	0	0.66101	0	0	100
land_nose_up	111	0.06	0	29.73	4.361	0	-451.021	0.916334	0	0.400415	-0.400415	0	0.916334	0	2.41591	0	0	100
land_nose_up	113	0.18	0	23.98	8.721	0	-288.971	0.944227	0	0.329296	-0.329296	0	0.944227	0	5.50001	0	0	100
land_nose_up	115	0.38	0	20.46	13.081	0	-192.411	0.974919	0	0.222561	-0.222561	0	0.974919	0	5.50001	0	0	100
land_nose_up	117	0.88	0	17.95	44.421	0	-132.231	0.991474	0	0.130304	-0.130304	0	0.991474	0	5.06481	0	1	100
land_nose_up	119	1.73	0	16.34	53.161	0	-86.001	0.997956	0	0.0639042	-0.0639042	0	0.997956	0	3.64061	0	1	100
land_nose_up	121	2.65	0	15.36	53.151	0	-49.831	0.999809	0	0.019557	-0.019557	0	0.999809	0	2.35391	0	1	100
land_nose_up	123	3.43	0	15.04	44.391	0	-3.541	0.999999	0	-0.00115049	0.00115049	0	0.999999	0	0.67061	0	1	100
land_nose_up	125	4.06	0	15.27	35.631	0	16.911	0.999991	0	-0.00421843	0.00421843	0	0.999991	0	0.10991	0	1	100
land_nose_up	127	4.54	0	15.59	26.871	0	19.081	0.999985	0	-0.00556065	0.00556065	0	0.999985	0	0.07641	0	1	100
land_nose_up	129	4.69	0	15.9	-4.641	0	17.821	0.999978	0	-0.00661524	0.00661524	0	0.999978	0	0.05611	0	1	100
land_nose_up	131	4.71	0	16.17	0.341	0	15.191	0.999973	0	-0.00728634	0.00728634	0	0.999973	0	0.04071	0	1	100
land_nose_up	133	4.72	0	16.38	0.521	0	12.271	0.999969	0	-0.00786157	0.00786157	0	0.999969	0	0.03021	0	1	100
land_nose_up	135	4.72	0	16.55	0.411	0	9.601	0.999966	0	-0.00824505	0.00824505	0	0.999966	0	0.02281	0	1	100
land_nose_up	137	4.72	0	16.68	0.321	0	7.311	0.999964	0	-0.00853266	0.00853266	0	0.999964	0	0.01731	0	1	100
land_nose_up	139	4.72	0	16.78	0.241	0	5.471	0.999961	0	-0.00882027	0.00882027	0	0.999961	0	0.01321	0	1	100
land_nose_up	141	4.72	0	16.85	0.191	0	4.001	0.999959	0	-0.00901201	0.00901201	0	0.999959	0	0.01021	0	1	100
land_nose_up	143	4.72	0	16.9	0.141	0	2.911	0.999959	0	-0.00910788	0.00910788	0	0.999959	0	0.00781	0	1	100
land_nose_up	145	4.72	0	16.94	0.111	0	2.111	0.999958	0	-0.00920375	0.00920375	0	0.999958	0	0.00601	0	1	100
land_nose_up	147	4.72	0	16.96	0.081	0	1.521	0.999957	0	-0.00929962	0.00929962	0	0.999957	0	0.00461	0	1	100
land_nose_up	149	4.72	0	16.98	0.061	0	1.131	0.999956	0	-0.00939549	0.00939549	0	0.999956	0	0.00351	0	1	100
land_rolled	0	0	0	319.82	0	0	-13.531	1	0	0	-0	0.783128	0.621861	0	0	0	0	100
land_rolled	2	0	0	319.46	0	0	-24.351	1	0	0	-0	0.783128	0.621861	0	0	0	0	100
land_rolled	4	0	0	318.92	0	0	-35.171	1	0	0	-0	0.783128	0.621861	0	0	0	0	100
land_rolled	6	0	0	318.2	0	0	-45.991	1	0	0	-0	0.783128	0.621861	0	0	0	0	100
land_rolled	8	0	0	317.3	0	0	-56.811	1	0	0	-0	0.783128	0.621861	0	0	0	0	100
land_rolled	10	0	0	316.22	0	0	-67.631	1	0	0	-0	0.783128	0.621861	0	0	0	0	100
land_rolled	12	0	0	314.96	0	0	-78.451	1	0	0	-0	0.783128	0.621861	0	0	0	0	100
land_rolled	14	0	0	313.52	0	0	-89.271	1	0	0	-0	0.783128	0.621861	0	0	0	0	100
land_rolled	16	0	0	311.9	0	0	-100.091	1	0	0	-0	0.783128	0.621861	0	0	0	0	100
land_rolled	18	0	0	310.1	0	0	-110.911	1	0	0	-0	0.783128	0.621861	0	0	0	0	100
land_rolled	20	0	0	308.12	0	0	-121.731	1	0	0	-0	0.783128	0.621861	0	0	0	0	100
land_rolled	22	0	0	305.96	0	0	-132.551	1	0	0	-0	0.783128	0.621861	0	0	0	0	100
land_rolled	24	0	0	303.62	0	0	-143.371	1	0	0	-0	0.783128	0.621861	0	0	0	0	100
land_rolled	26	0	0	301.1	0	0	-154.191	1	0	0	-0	0.783128	0.621861	0	0	0	0	100
land_rolled	28	0	0	298.39	0	0	-165.011	1	0	0	-0	0.783128	0.621861	0	0	0	0	100
land_rolled	30	0	0	295.5	0	0	-175.831	1	0	0	-0	0.783128	0.621861	0	0	0	0	100
land_rolled	32	0	0	292.43	0	0	-186.651	1	0	0	-0	0.783128	0.621861	0	0	0	0	100
land_rolled	34	0	0	289.18	0	0	-197.471	1	0	0	-0	0.783128	0.621861	0	0	0	0	100
land_rolled	36	0	0	285.75	0	0	-208.291	1	0	0	-0	0.783128	0.621861	0	0	0	0	100
land_rolled	38	0	0	282.14	0	0	-219.111	1	0	0	-0	0.783128	0.621861	0	0	0	0	100
land_rolled	40	0	0	278.35	0	0	-229.931	1	0	0	-0	0.783128	0.621861	0	0	0	0	100
land_rolled	42	0	0	274.38	0	0	-240.751	1	0	0	-0	0.783128	0.621861	0	0	0	0	100
land_rolled	44	0	0	270.23	0	0	-251.571	1	0	0	-0	0.783128	0.621861	0	0	0	0	100
land_rolled	46	0	0	265.9	0	0	-262.391	1	0	0	-0	0.783128	0.621861	0	0	0	0	100
land_rolled	48	0	0	261.39	0	0	-273.211	1	0	0	-0	0.783128	0.621861	0	0	0	0	100
land_rolled	50	0	0	256.7	0	0	-284.031	1	0	0	-0	0.783128	0.621861	0	0	0	0	100
land_rolled	52	0	0	251.83	0	0	-294.851	1	0	0	-0	0.783128	0.621861	0	0	0	0	100
land_rolled	54	0	0	246.78	0	0	-305.671	1	0	0	-0	0.783128	0.621861	0	0	0	0	100
land_rolled	56	0	0	241.55	0	0	-316.491	1	0	0	-0	0.783128	0.621861	0	0	0	0	100
land_rolled	58	0	0	236.14	0	0	-327.311	1	0	0	-0	0.783128	0.621861	0	0	0	0	100
land_rolled	60	0	0	230.55	0	0	-338.131	1	0	0	-0	0.783128	0.621861	0	0	0	0	100
land_rolled	62	0	0	224.78	0	0	-348.951	1	0	0	-0	0.783128	0.621861	0	0	0	0	100
land_rolled	64	0	0	218.83	0	0	-359.771	1	0	0	-0	0.783128	0.621861	0	0	0	0	100
land_rolled	66	0	0	212.7	0	0	-370.591	1	0	0	-0	0.783128	0.621861	0	0	0	0	100
land_rolled	68	0	0	206.39	0	0	-381.411	1	0	0	-0	0.783128	0.621861	0	0	0	0	100
land_rolled	70	0	0	199.9	0	0	-392.231	1	0	0	-0	0.783128	0.621861	0	0	0	0	100
land_rolled	72	0	0	193.23	0	0	-403.051	1	0	0	-0	0.783128	0.621861	0	0	0	0	100
land_rolled	74	0	0	186.38	0	0	-413.871	1	0	0	-0	0.783128	0.621861	0	0	0	0	100
land_rolled	76	0	0	179.35	0	0	-424.691	1	0	0	-0	0.783128	0.621861	0	0	0	0	100
land_rolled	78	0	0	172.14	0	0	-435.511	1	0	0	-0	0.783128	0.621861	0	0	0	0	100
land_rolled	80	0	0	164.75	0	0	-446.331	1	0	0	-0	0.783128	0.621861	0	0	0	0	100
land_rolled	82	0	0	157.18	0	0	-457.151	1	0	0	-0	0.783128	0.621861	0	0	0	0	100
land_rolled	84	0	0	149.43	0	0	-467.971	1	0	0	-0	0.783128	0.621861	0	0	0	0	100
land_rolled	86	0	0	141.5	0	0	-478.791	1	0	0	-0	0.783128	0.621861	0	0	0	0	100
land_rolled	88	0	0	133.38	0	0	-489.611	1	0	0	-0	0.783128	0.621861	0	0	0	0	100
land_rolled	90	0	0	125.08	0	0	-500.431	1	0	0	-0	0.783128	0.621861	0	0	0	0	100
land_rolled	92	0	0	116.6	0	0	-511.251	1	0	0	-0	0.783128	0.621861	0	0	0	0	100
land_rolled	94	0	0	107.94	0	0	-522.071	1	0	0	-0	0.783128	0.621861	0	0	0	0	100
land_rolled	96	0	0	99.1	0	0	-532.891	1	0	0	-0	0.783128	0.621861	0	0	0	0	100
land_rolled	98	0	0	90.08	0	0	-543.711	1	0	0	-0	0.783128	0.621861	0	0	0	0	100
land_rolled	100	0	0	80.88	0	0	-554.531	1	0	0	-0	0.783128	0.621861	0	0	0	0	100
land_rolled	102	0	0	71.5	0	0	-565.351	1	0	0	-0	0.783128	0.621861	0	0	0	0	100
land_rolled	104	0	0	61.94	0	0	-576.171	1	0	0	-0	0.783128	0.621861	0	0	0	0	100
land_rolled	106	0	0	52.2	0	0	-586.991	1	0	0	-0	0.783128	0.621861	0	0	0	0	100
land_rolled	108	0	0	42.28	0	0	-597.811	1	0	0	-0	0.783128	0.621861	0	0	0	0	100
land_rolled	110	0.12	-0.05	33.47	14.601	-5.021	-493.701	0.999916	-0.00287598	-0.012655	0.0100681	0.787199	0.616617	-0.50161	0.69441	-0.24211	0	100
land_rolled	112	0.32	-0.71	30.7	0.651	-48.001	-124.001	0.999517	-0.014471	0.0275123	-0.00799294	0.735647	0.677318	5.46731	-0.35581	-0.48141	0	100
land_rolled	114	0.31	-1.57	29.74	4.381	-52.371	-69.211	0.999504	-0.0261665	0.017544	0.0042573	0.663967	0.74775	5.45151	0.44911	-0.57341	0	100
land_rolled	116	0.47	-2.49	28.73	10.091	-56.091	-59.511	0.999258	-0.0379561	0.00661524	0.017103	0.590846	0.806603	5.44771	0.43761	-0.61711	0	100
land_rolled	118	0.61	-3.47	27.71	7.461	-59.421	-62.911	0.998855	-0.0477268	-0.0032597	0.0273444	0.513712	0.857527	5.46291	0.32181	-0.55031	0	100
land_rolled	120	0.69	-4.5	26.55	3.401	-62.481	-71.611	0.99841	-0.0551916	-0.0115046	0.0342929	0.432552	0.900957	5.47781	0.16831	-0.46361	0	100
land_rolled	122	0.7	-5.57	25.23	-0.511	-65.241	-82.121	0.997999	-0.0606411	-0.0179274	0.0379536	0.347655	0.936854	5.48661	0.02921	-0.38211	0	100
land_rolled	124	0.65	-6.68	23.72	-3.611	-67.651	-93.991	0.997674	-0.0642704	-0.0227201	0.038708	0.259768	0.964895	5.49011	-0.08631	-0.31731	0	100
land_rolled	126	0.65	-7.86	22.09	-0.291	-71.751	-97.631	0.997583	-0.0649368	-0.0247329	0.03572	0.173919	0.984112	5.12711	-0.23741	-0.09861	1	100
land_rolled	128	0.59	-9.09	20.55	-4.251	-74.011	-90.041	0.99767	-0.0635018	-0.0249246	0.0312135	0.100052	0.994492	4.23471	-0.28771	-0.00951	1	100
land_rolled	130	0.5	-10.33	19.2	-6.081	-74.011	-77.411	0.997799	-0.0619733	-0.0235828	0.0262651	0.0428292	0.998737	3.17841	-0.30221	0.01031	1	100
land_rolled	132	0.38	-11.54	18.1	-7.201	-71.971	-62.161	0.997927	-0.0608289	-0.0209948	0.0212124	0.00293326	0.999771	2.13991	-0.29821	0.01411	1	100
land_rolled	134	0.26	-12.7	17.27	-7.311	-68.271	-45.111	0.998026	-0.0601626	-0.0180233	0.0167466	-0.0216583	0.999625	1.27161	-0.25781	0.01291	1	100
land_rolled	136	0.11	-13.77	16.86	-10.521	-62.531	-17.241	0.998125	-0.0597844	-0.0131343	0.0114033	-0.0292047	0.999508	0.16161	-0.24361	0.01421	1	100
land_rolled	138	0	-14.73	16.75	-5.851	-56.181	-4.481	0.998157	-0.0596903	-0.0109294	0.00940717	-0.0257237	0.999625	-0.27451	-0.08381	0.00971	1	100
land_rolled	140	-0.07	-15.61	16.72	-3.981	-51.001	-0.731	0.998172	-0.0595951	-0.0100666	0.00887547	-0.0202178	0.999756	-0.33321	-0.02601	0.00581	1	100
land_rolled	142	-0.13	-16.41	16.73	-3.301	-46.701	0.961	0.998177	-0.0595954	-0.00958723	0.00870642	-0.015022	0.999849	-0.30141	-0.00561	0.00401	1	100
land_rolled	144	-0.18	-17.14	16.76	-2.821	-42.991	1.841	0.998178	-0.0595955	-0.00939549	0.00877265	-0.0107043	0.999904	-0.24371	0.00361	0.00311	1	100
land_rolled	146	-0.22	-17.81	16.8	-2.471	-39.751	2.201	0.998179	-0.0595956	-0.00929962	0.00887148	-0.00744482	0.999933	-0.18241	0.00721	0.00261	1	100
land_rolled	148	-0.26	-18.44	16.84	-2.211	-36.871	2.271	0.998185	-0.0594999	-0.00929962	0.00901493	-0.00505141	0.999947	-0.12831	0.00791	0.00231	1	100
land_inverted	0	0	0	319.82	0	0	-13.531	1	0	0	0	0.000383528	-1	0	0	0	0	100
land_inverted	2	0	0	319.46	0	0	-24.351	1	0	0	0	0.000383528	-1	0	0	0	0	100
land_inverted	4	0	0	318.92	0	0	-35.171	1	0	0	0	0.000383528	-1	0	0	0	0	100
land_inverted	6	0	0	318.2	0	0	-45.991	1	0	0	0	0.000383528	-1	0	0	0	0	100
land_inverted	8	0	0	317.3	0	0	-56.811	1	0	0	0	0.000383528	-1	0	0	0	0	100
land_inverted	10	0	0	316.22	0	0	-67.631	1	0	0	0	0.000383528	-1	0	0	0	0	100
land_inverted	12	0	0	314.96	0	0	-78.451	1	0	0	0	0.000383528	-1	0	0	0	0	100
land_inverted	14	0	0	313.52	0	0	-89.271	1	0	0	0	0.000383528	-1	0	0	0	0	100
land_inverted	16	0	0	311.9	0	0	-100.091	1	0	0	0	0.000383528	-1	0	0	0	0	100
land_inverted	18	0	0	310.1	0	0	-110.911	1	0	0	0	0.000383528	-1	0	0	0	0	100
land_inverted	20	0	0	308.12	0	0	-121.731	1	0	0	0	0.000383528	-1	0	0	0	0	100
land_inverted	22	0	0	305.96	0	0	-132.551	1	0	0	0	0.000383528	-1	0	0	0	0	100
land_inverted	24	0	0	303.62	0	0	-143.371	1	0	0	0	0.000383528	-1	0	0	0	0	100
land_inverted	26	0	0	301.1	0	0	-154.191	1	0	0	0	0.000383528	-1	0	0	0	0	100
land_inverted	28	0	0	298.39	0	0	-165.011	1	0	0	0	0.000383528	-1	0	0	0	0	100
land_inverted	30	0	0	295.5	0	0	-175.831	1	0	0	0	0.000383528	-1	0	0	0	0	100
land_inverted	32	0	0	292.43	0	0	-186.651	1	0	0	0	0.000383528	-1	0	0	0	0	100
land_inverted	34	0	0	289.18	0	0	-197.471	1	0	0	0	0.000383528	-1	0	0	0	0	100
land_inverted	36	0	0	285.75	0	0	-208.291	1	0	0	0	0.000383528	-1	0	0	0	0	100
land_inverted	38	0	0	282.14	0	0	-219.111	1	0	0	0	0.000383528	-1	0	0	0	0	100
land_inverted	40	0	0	278.35	0	0	-229.931	1	0	0	0	0.000383528	-1	0	0	0	0	100
land_inverted	42	0	0	274.38	0	0	-240.751	1	0	0	0	0.000383528	-1	0	0	0	0	100
land_inverted	44	0	0	270.23	0	0	-251.571	1	0	0	0	0.000383528	-1	0	0	0	0	100
land_inverted	46	0	0	265.9	0	0	-262.391	1	0	0	0	0.000383528	-1	0	0	0	0	100
land_inverted	48	0	0	261.39	0	0	-273.211	1	0	0	0	0.000383528	-1	0	0	0	0	100
land_inverted	50	0	0	256.7	0	0	-284.031	1	0	0	0	0.000383528	-1	0	0	0	0	100
land_inverted	52	0	0	251.83	0	0	-294.851	1	0	0	0	0.000383528	-1	0	0	0	0	100
land_inverted	54	0	0	246.78	0	0	-305.671	1	0	0	0	0.000383528	-1	0	0	0	0	100
land_inverted	56	0	0	241.55	0	0	-316.491	1	0	0	0	0.000383528	-1	0	0	0	0	100
land_inverted	58	0	0	236.14	0	0	-327.311	1	0	0	0	0.000383528	-1	0	0	0	0	100
land_inverted	60	0	0	230.55	0	0	-338.131	1	0	0	0	0.000383528	-1	0	0	0	0	100
land_inverted	62	0	0	224.78	0	0	-348.951	1	0	0	0	0.000383528	-1	0	0	0	0	100
land_inverted	64	0	0	218.83	0	0	-359.771	1	0	0	0	0.000383528	-1	0	0	0	0	100
land_inverted	66	0	0	212.7	0	0	-370.591	1	0	0	0	0.000383528	-1	0	0	0	0	100
land_inverted	68	0	0	206.39	0	0	-381.411	1	0	0	0	0.000383528	-1	0	0	0	0	100
land_inverted	70	0	0	199.9	0	0	-392.231	1	0	0	0	0.000383528	-1	0	0	0	0	100
land_inverted	72	0	0	193.23	0	0	-403.051	1	0	0	0	0.000383528	-1	0	0	0	0	100
land_inverted	74	0	0	186.38	0	0	-413.871	1	0	0	0	0.000383528	-1	0	0	0	0	100
land_inverted	76	0	0	179.35	0	0	-424.691	1	0	0	0	0.000383528	-1	0	0	0	0	100
land_inverted	78	0	0	172.14	0	0	-435.511	1	0	0	0	0.000383528	-1	0	0	0	0	100
land_inverted	80	0	0	164.75	0	0	-446.331	1	0	0	0	0.000383528	-1	0	0	0	0	100
land_inverted	82	0	0	157.18	0	0	-457.151	1	0	0	0	0.000383528	-1	0	0	0	0	100
land_inverted	84	0	0	149.43	0	0	-467.971	1	0	0	0	0.000383528	-1	0	0	0	0	100
land_inverted	86	0	0	141.5	0	0	-478.791	1	0	0	0	0.000383528	-1	0	0	0	0	100
land_inverted	88	0	0	133.38	0	0	-489.611	1	0	0	0	0.000383528	-1	0	0	0	0	100
land_inverted	90	0	0	125.08	0	0	-500.431	1	0	0	0	0.000383528	-1	0	0	0	0	100
land_inverted	92	0	0	116.6	0	0	-511.251	1	0	0	0	0.000383528	-1	0	0	0	0	100
land_inverted	94	0	0	107.94	0	0	-522.071	1	0	0	0	0.000383528	-1	0	0	0	0	100
land_inverted	96	0	0	99.1	0	0	-532.891	1	0	0	0	0.000383528	-1	0	0	0	0	100
land_inverted	98	0	0	90.08	0	0	-543.711	1	0	0	0	0.000383528	-1	0	0	0	0	100
land_inverted	100	0	0	80.88	0	0	-554.531	1	0	0	0	0.000383528	-1	0	0	0	0	100
land_inverted	102	0	0	71.5	0	0	-565.351	1	0	0	0	0.000383528	-1	0	0	0	0	100
land_inverted	104	0	0	61.94	0	0	-576.171	1	0	0	0	0.000383528	-1	0	0	0	0	100
land_inverted	106	0	0	52.2	0	0	-586.991	1	0	0	0	0.000383528	-1	0	0	0	0	100
land_inverted	108	0	0	42.28	0	0	-597.811	1	0	0	0	0.000383528	-1	0	0	0	0	100
land_inverted	110	0	0.45	34.11	0	53.611	-429.901	0.998516	-0.0129245	-0.0528976	-0.0536186	-0.0638854	-0.996516	-4.18431	3.48761	-0.76001	0	100
land_inverted	112	-0.52	0.59	32.13	-30.861	8.561	-258.701	0.998297	-0.0420417	0.0404477	0.0402178	-0.00629964	-0.999171	2.44051	-4.47961	-1.61901	0	100
land_inverted	114	-1.39	0.38	34.07	-51.311	-16.501	-67.701	0.998658	-0.0512686	0.00738222	0.00956227	0.042408	-0.999055	-0.97761	3.29561	-0.30581	0	100
land_inverted	116	-2.15	0.14	36.03	-39.131	-11.861	-35.091	0.998302	-0.0528818	-0.0244454	-0.0248919	-0.00780205	-0.99966	-3.20051	0.50031	0.19681	0	100
land_inverted	118	-2.73	0.08	37.34	-34.861	-3.761	-15.411	0.998895	-0.046289	0.00814918	0.00713116	-0.0221156	-0.99973	-0.92841	-1.38831	0.39861	0	100
land_inverted	120	-3.31	-0.08	39.9	-34.271	-9.701	9.651	0.999216	-0.0377626	0.0118881	0.0116767	-0.00581395	-0.999915	0.69631	-0.31711	0.51061	0	100
land_inverted	122	-3.88	-0.21	40.38	-34.021	-6.301	11.481	0.999456	-0.0304807	0.0125591	0.0126059	0.00134218	-0.99992	0.10761	0.08961	0.39481	0	100
land_inverted	124	-4.44	-0.31	40.57	-33.791	-6.581	1.831	0.999642	-0.0241562	0.0115046	0.0115499	0.00173484	-0.999932	0.01551	0.01541	0.37571	0	100
land_inverted	126	-4.71	-0.36	40.59	-32.971	-6.511	0	0.999707	-0.021281	0.0115046	0.0115428	0.00167223	-0.999932	0	0	0.34711	0	100
land_inverted	127	-5.25	-0.46	40.53	-32.301	-6.181	-7.461	0.999813	-0.0156258	0.0114087	0.0113998	-0.000657596	-0.999935	-0.17231	0.00311	0.32781	0	100
land_inverted	129	-5.72	-0.54	40.58	-27.741	-4.961	0	0.999865	-0.0119832	0.011217	0.0112162	-0.000134511	-0.999937	0	0	0.21641	0	100
land_inverted	131	-6.15	-0.62	40.59	-24.861	-4.391	0	0.999897	-0.00901145	0.011217	0.0112165	-0.000101175	-0.999937	0	0	0.16581	0	100
land_inverted	133	-6.52	-0.68	40.59	-21.881	-3.791	0	0.999915	-0.00671069	0.011217	0.0112167	-7.5366e-05	-0.999937	0	0	0.12451	0	100
land_inverted	135	-6.85	-0.74	40.59	-18.841	-3.191	0	0.999924	-0.00508097	0.011217	0.0112169	-5.70842e-05	-0.999937	0	0	0.09101	0	100
land_inverted	137	-7.15	-0.79	40.52	-17.401	-2.491	-5.531	0.999946	-0.00373889	0.0096831	0.00968196	-0.000323888	-0.999953	0.01921	0.13801	0.07201	0	100
land_inverted	139	-7.42	-0.83	40.36	-16.001	-2.161	-11.601	0.999978	-0.00258854	0.00604001	0.00603925	-0.000303318	-0.999982	0.00071	0.25201	0.06551	0	100
land_inverted	141	-7.67	-0.87	40.1	-14.451	-1.861	-17.221	0.999999	-0.00153398	0.000287621	0.00028718	-0.000288125	-1	0.00071	0.37241	0.05781	0	100
land_inverted	143	-7.82	-0.89	40.02	-4.961	-1.431	6.011	0.999997	-0.00105461	-0.00201335	-0.00201335	2.03588e-06	-0.999998	-0.00031	-0.12931	0.01091	0	100
land_inverted	145	-7.89	-0.91	40.1	-4.161	-0.711	0	0.999999	-0.00115048	-0.00124636	-0.00124636	1.3465e-06	-0.999999	0	0	-0.00631	0	100
land_inverted	147	-7.92	-0.91	40.12	-0.961	-0.181	0	0.999999	-0.00115048	-0.00115049	-0.00115048	1.23619e-06	-0.999999	0	0	0	0	100
land_inverted	149	-7.92	-0.91	40.14	0	0	0	0.999999	-0.00115048	-0.00105461	-0.00105461	1.12589e-06	-0.999999	0.00021	0	0	0	100
land_inverted	151	-7.92	-0.91	40.14	0	0	0	0.999999	-0.00115048	-0.00105461	-0.00105461	1.12589e-06	-0.999999	0.00011	0	0	0	100
land_inverted	153	-7.92	-0.91	40.14	0	0	0	0.999999	-0.00115048	-0.000958738	-0.000958737	1.01559e-06	-1	0.00011	0	0	0	100
land_inverted	155	-7.92	-0.91	40.14	0	0	0	0.999999	-0.00115048	-0.000958738	-0.000958737	1.01559e-06	-1	0.00011	0	0	0	100
land_inverted	157	-7.92	-0.91	40.14	0	0	0	0.999999	-0.00115048	-0.000958738	-0.000958737	1.01559e-06	-1	0.00011	0	0	0	100
land_inverted	159	-7.92	-0.91	40.14	0	0	0	0.999999	-0.00115048	-0.000958738	-0.000958737	1.01559e-06	-1	0.00011	0	0	0	100
land_inverted	161	-7.92	-0.91	40.14	0	0	0	0.999999	-0.00115048	-0.000862864	-0.000862864	9.0529e-07	-1	0.00011	0	0	0	100
land_inverted	163	-7.92	-0.91	40.14	0	0	0	0.999999	-0.00115048	-0.000862864	-0.000862864	9.0529e-07	-1	0.00011	0	0	0	100
land_inverted	165	-7.92	-0.91	40.14	0	0	0	0.999999	-0.00115048	-0.000862864	-0.000862864	9.0529e-07	-1	0.00011	0	0	0	100
land_inverted	167	-7.92	-0.91	40.14	0	0	0	0.999999	-0.00115048	-0.000862864	-0.000862864	9.0529e-07	-1	0.00011	0	0	0	100
land_inverted	169	-7.92	-0.91	40.14	0	0	0	0.999999	-0.00115048	-0.000862864	-0.000862864	9.0529e-07	-1	0.00011	0	0	0	100
land_inverted	171	-7.92	-0.91	40.14	0	0	0	0.999999	-0.00115048	-0.000862864	-0.000862864	9.0529e-07	-1	0.00011	0	0	0	100
land_inverted	173	-7.92	-0.91	40.14	0	0	0	0.999999	-0.00115048	-0.000862864	-0.000862864	9.0529e-07	-1	0.00011	0	0	0	100
land_inverted	175	-7.92	-0.91	40.14	0	0	0	0.999999	-0.00115048	-0.000862864	-0.000862864	9.0529e-07	-1	0.00011	0	0	0	100
land_inverted	177	-7.92	-0.91	40.14	0	0	0	0.999999	-0.00115048	-0.000862864	-0.000862864	9.0529e-07	-1	0.00011	0	0	0	100
land_inverted	179	-7.92	-0.91	40.14	0	0	0	0.999999	-0.00115048	-0.000862864	-0.000862864	9.0529e-07	-1	0.00011	0	0	0	100
land_inverted	181	-7.92	-0.91	40.14	0	0	0	0.999999	-0.00115048	-0.000862864	-0.000862864	9.0529e-07	-1	0.00011	0	0	0	100
land_inverted	183	-7.92	-0.91	40.14	0	0	0	0.999999	-0.00115048	-0.000862864	-0.000862864	9.0529e-07	-1	0.00011	0	0	0	100
land_inverted	185	-7.92	-0.91	40.14	0	0	0	0.999999	-0.00115048	-0.000862864	-0.000862864	9.0529e-07	-1	0.00011	0	0	0	100
land_inverted	187	-7.92	-0.91	40.14	0	0	0	0.999999	-0.00115048	-0.000862864	-0.000862864	9.0529e-07	-1	0.00011	0	0	0	100
land_inverted	189	-7.92	-0.91	40.14	0	0	0	0.999999	-0.00115048	-0.000862864	-0.000862864	9.0529e-07	-1	0.00011	0	0	0	100
land_inverted	191	-7.92	-0.91	40.14	0	0	0	0.999999	-0.00115048	-0.000862864	-0.000862864	9.0529e-07	-1	0.00011	0	0	0	100
land_inverted	193	-7.92	-0.91	40.14	0	0	0	0.999999	-0.00115048	-0.000862864	-0.000862864	9.0529e-07	-1	0.00011	0	0	0	100
land_inverted	195	-7.92	-0.91	40.14	0	0	0	0.999999	-0.00115048	-0.000862864	-0.000862864	9.0529e-07	-1	0.00011	0	0	0	100
land_inverted	197	-7.92	-0.91	40.14	0	0	0	0.999999	-0.00115048	-0.000862864	-0.000862864	9.0529e-07	-1	0.00011	0	0	0	100
land_inverted	199	-7.92	-0.91	40.14	0	0	0	0.999999	-0.00115048	-0.000862864	-0.000862864	9.0529e-07	-1	0.00011	0	0	0	100
land_inverted	201	-7.92	-0.91	40.14	0	0	0	0.999999	-0.00115048	-0.000862864	-0.000862864	9.0529e-07	-1	0.00011	0	0	0	100
land_inverted	203	-7.92	-0.91	40.14	0	0	0	0.999999	-0.00115048	-0.000862864	-0.000862864	9.0529e-07	-1	0.00011	0	0	0	100
land_inverted	205	-7.92	-0.91	40.14	0	0	0	0.999999	-0.00115048	-0.000862864	-0.000862864	9.0529e-07	-1	0.00011	0	0	0	100
land_inverted	207	-7.92	-0.91	40.14	0	0	0	0.999999	-0.00115048	-0.000862864	-0.000862864	9.0529e-07	-1	0.00011	0	0	0	100
land_inverted	209	-7.92	-0.91	40.14	0	0	0	0.999999	-0.00115048	-0.000862864	-0.000862864	9.0529e-07	-1	0.00011	0	0	0	100
land_inverted	211	-7.92	-0.91	40.14	0	0	0	0.999999	-0.00115048	-0.000862864	-0.000862864	9.0529e-07	-1	0.00011	0	0	0	100
land_inverted	213	-7.92	-0.91	40.14	0	0	0	0.999999	-0.00115048	-0.000862864	-0.000862864	9.0529e-07	-1	0.00011	0	0	0	100
land_inverted	215	-7.92	-0.91	40.14	0	0	0	0.999999	-0.00115048	-0.000862864	-0.000862864	9.0529e-07	-1	0.00011	0	0	0	100
land_inverted	217	-7.92	-0.91	40.14	0	0	0	0.999999	-0.00115048	-0.000862864	-0.000862864	9.0529e-07	-1	0.00011	0	0	0	100
land_inverted	219	-7.92	-0.91	40.14	0	0	0	0.999999	-0.00115048	-0.000862864	-0.000862864	9.0529e-07	-1	0.00011	0	0	0	100
land_moving_fast	0	0	-1476.66	299.86	0	1400	-10.821	-4.37114e-08	1	0	0	-0	1	0	0	0	0	100
land_moving_fast	2	0	-1453.31	299.54	0	1401.1	-21.641	-4.37114e-08	1	0	0	-0	1	0	0	0	0	100
land_moving_fast	4	0	-1429.94	299.04	0	1402.2	-32.461	-4.37114e-08	1	0	0	-0	1	0	0	0	0	100
land_moving_fast	6	0	-1406.56	298.36	0	1403.3	-43.281	-4.37114e-08	1	0	0	-0	1	0	0	0	0	100
land_moving_fast	8	0	-1383.16	297.5	0	1404.4	-54.101	-4.37114e-08	1	0	0	-0	1	0	0	0	0	100
land_moving_fast	10	0	-1359.74	296.46	0	1405.5	-64.921	-4.37114e-08	1	0	0	-0	1	0	0	0	0	100
land_moving_fast	12	0	-1336.3	295.24	0	1406.6	-75.741	-4.37114e-08	1	0	0	-0	1	0	0	0	0	100
land_moving_fast	14	0	-1312.84	293.84	0	1407.7	-86.561	-4.37114e-08	1	0	0	-0	1	0	0	0	0	100
land_moving_fast	16	0	-1289.36	292.26	0	1408.8	-97.381	-4.37114e-08	1	0	0	-0	1	0	0	0	0	100
land_moving_fast	18	0	-1265.87	290.5	0	1409.9	-108.201	-4.37114e-08	1	0	0	-0	1	0	0	0	0	100
land_moving_fast	20	0	-1242.36	288.56	0	1411	-119.021	-4.37114e-08	1	0	0	-0	1	0	0	0	0	100
land_moving_fast	22	0	-1218.83	286.44	0	1412.1	-129.841	-4.37114e-08	1	0	0	-0	1	0	0	0	0	100
land_moving_fast	24	0	-1195.28	284.14	0	1413.2	-140.661	-4.37114e-08	1	0	0	-0	1	0	0	0	0	100
land_moving_fast	26	0	-1171.71	281.66	0	1414.3	-151.481	-4.37114e-08	1	0	0	-0	1	0	0	0	0	100
land_moving_fast	28	0	-1148.12	279	0	1415.4	-162.301	-4.37114e-08	1	0	0	-0	1	0	0	0	0	100
land_moving_fast	30	0	-1124.52	276.16	0	1416.5	-173.121	-4.37114e-08	1	0	0	-0	1	0	0	0	0	100
land_moving_fast	32	0	-1100.9	273.14	0	1417.6	-183.941	-4.37114e-08	1	0	0	-0	1	0	0	0	0	100
land_moving_fast	34	0	-1077.26	269.94	0	1418.7	-194.761	-4.37114e-08	1	0	0	-0	1	0	0	0	0	100
land_moving_fast	36	0	-1053.6	266.56	0	1419.8	-205.581	-4.37114e-08	1	0	0	-0	1	0	0	0	0	100
land_moving_fast	38	0	-1029.92	263	0	1420.9	-216.401	-4.37114e-08	1	0	0	-0	1	0	0	0	0	100
land_moving_fast	40	0	-1006.22	259.26	0	1422	-227.221	-4.37114e-08	1	0	0	-0	1	0	0	0	0	100
land_moving_fast	42	0	-982.51	255.34	0	1423.1	-238.041	-4.37114e-08	1	0	0	-0	1	0	0	0	0	100
land_moving_fast	44	0	-958.78	251.24	0	1424.2	-248.861	-4.37114e-08	1	0	0	-0	1	0	0	0	0	100
land_moving_fast	46	0	-935.03	246.96	0	1425.3	-259.681	-4.37114e-08	1	0	0	-0	1	0	0	0	0	100
land_moving_fast	48	0	-911.26	242.5	0	1426.4	-270.501	-4.37114e-08	1	0	0	-0	1	0	0	0	0	100
land_moving_fast	50	0	-887.47	237.86	0	1427.5	-281.321	-4.37114e-08	1	0	0	-0	1	0	0	0	0	100
land_moving_fast	52	0	-863.66	233.04	0	1428.6	-292.141	-4.37114e-08	1	0	0	-0	1	0	0	0	0	100
land_moving_fast	54	0	-839.84	228.04	0	1429.7	-302.961	-4.37114e-08	1	0	0	-0	1	0	0	0	0	100
land_moving_fast	56	0	-816	222.86	0	1430.8	-313.781	-4.37114e-08	1	0	0	-0	1	0	0	0	0	100
land_moving_fast	58	0	-792.14	217.49	0	1431.9	-324.601	-4.37114e-08	1	0	0	-0	1	0	0	0	0	100
land_moving_fast	60	0	-768.26	211.94	0	1433	-335.421	-4.37114e-08	1	0	0	-0	1	0	0	0	0	100
land_moving_fast	62	0	-744.36	206.21	0	1434.1	-346.241	-4.37114e-08	1	0	0	-0	1	0	0	0	0	100
land_moving_fast	64	0	-720.44	200.3	0	1435.2	-357.061	-4.37114e-08	1	0	0	-0	1	0	0	0	0	100
land_moving_fast	66	0	-696.51	194.21	0	1436.3	-367.881	-4.37114e-08	1	0	0	-0	1	0	0	0	0	100
land_moving_fast	68	0	-672.56	187.94	0	1437.4	-378.701	-4.37114e-08	1	0	0	-0	1	0	0	0	0	100
land_moving_fast	70	0	-648.59	181.49	0	1438.5	-389.521	-4.37114e-08	1	0	0	-0	1	0	0	0	0	100
land_moving_fast	72	0	-624.6	174.86	0	1439.6	-400.341	-4.37114e-08	1	0	0	-0	1	0	0	0	0	100
land_moving_fast	74	0	-600.59	168.05	0	1440.7	-411.161	-4.37114e-08	1	0	0	-0	1	0	0	0	0	100
land_moving_fast	76	0	-576.56	161.06	0	1441.8	-421.981	-4.37114e-08	1	0	0	-0	1	0	0	0	0	100
land_moving_fast	78	0	-552.52	153.89	0	1442.9	-432.801	-4.37114e-08	1	0	0	-0	1	0	0	0	0	100
land_moving_fast	80	0	-528.46	146.54	0	1444	-443.621	-4.37114e-08	1	0	0	-0	1	0	0	0	0	100
land_moving_fast	82	0	-504.38	139.01	0	1445.1	-454.441	-4.37114e-08	1	0	0	-0	1	0	0	0	0	100
land_moving_fast	84	0	-480.28	131.3	0	1446.2	-465.261	-4.37114e-08	1	0	0	-0	1	0	0	0	0	100
land_moving_fast	86	0	-456.16	123.41	0	1447.3	-476.081	-4.37114e-08	1	0	0	-0	1	0	0	0	0	100
land_moving_fast	88	0	-432.02	115.34	0	1448.4	-486.901	-4.37114e-08	1	0	0	-0	1	0	0	0	0	100
land_moving_fast	90	0	-407.87	107.09	0	1449.5	-497.721	-4.37114e-08	1	0	0	-0	1	0	0	0	0	100
land_moving_fast	92	0	-383.7	98.66	0	1450.6	-508.541	-4.37114e-08	1	0	0	-0	1	0	0	0	0	100
land_moving_fast	94	0	-359.51	90.05	0	1451.7	-519.361	-4.37114e-08	1	0	0	-0	1	0	0	0	0	100
land_moving_fast	96	0	-335.3	81.26	0	1452.8	-530.181	-4.37114e-08	1	0	0	-0	1	0	0	0	0	100
land_moving_fast	98	0	-311.07	72.29	0	1453.9	-541.001	-4.37114e-08	1	0	0	-0	1	0	0	0	0	100
land_moving_fast	100	0	-286.82	63.14	0	1455	-551.821	-4.37114e-08	1	0	0	-0	1	0	0	0	0	100
land_moving_fast	102	0	-262.56	53.81	0	1456.1	-562.641	-4.37114e-08	1	0	0	-0	1	0	0	0	0	100
land_moving_fast	104	0	-238.28	44.3	0	1457.2	-573.461	-4.37114e-08	1	0	0	-0	1	0	0	0	0	100
land_moving_fast	106	0	-213.98	34.61	0	1458.3	-584.281	-4.37114e-08	1	0	0	-0	1	0	0	0	0	100
land_moving_fast	108	0	-189.66	25.39	0	1459.4	-516.911	-4.37114e-08	1	-0.000383495	-1.67631e-11	0.000383495	1	-0.05081	0	0	1	100
land_moving_fast	110	0	-165.34	18.6	0	1459.4	-370.931	-4.37113e-08	0.999998	-0.00201335	-8.80062e-11	0.00201335	0.999998	-0.10901	0	0	1	100
land_moving_fast	112	0	-141.02	14.9	0	1459.4	-143.661	-4.37113e-08	0.999998	-0.00201335	-8.80062e-11	0.00201335	0.999998	0.12771	0	0	1	100
land_moving_fast	114	0	-116.7	14.33	0	1459.4	-10.281	-4.37114e-08	0.999999	-0.00115049	-5.02893e-11	0.00115049	0.999999	0.01051	0	0	1	100
land_moving_fast	116	0	-92.38	14.63	0	1459.4	23.071	-4.37113e-08	0.999997	-0.00230097	-1.00579e-10	0.00230097	0.999997	-0.08031	0	0	1	100
land_moving_fast	118	0	-68.06	15.06	0	1459.4	26.051	-4.37111e-08	0.999993	-0.0036432	-1.59249e-10	0.0036432	0.999993	-0.08311	0	0	1	100
land_moving_fast	120	0	-43.74	15.47	0	1459.4	24.391	-4.37109e-08	0.999988	-0.00488954	-2.13729e-10	0.00488954	0.999988	-0.07251	0	0	1	100
land_moving_fast	122	0	-19.42	15.83	0	1459.4	20.881	-4.37106e-08	0.999982	-0.00594414	-2.59827e-10	0.00594414	0.999982	-0.05911	0	0	1	100
land_moving_fast	124	0	4.9	16.13	0	1459.4	16.951	-4.37104e-08	0.999977	-0.00680699	-2.97543e-10	0.00680699	0.999977	-0.04661	0	0	1	100
land_moving_fast	126	0	29.22	16.37	0	1459.4	13.241	-4.37102e-08	0.999972	-0.00747809	-3.26878e-10	0.00747809	0.999972	-0.03621	0	0	1	100
land_moving_fast	128	0	53.54	16.55	0	1459.4	10.061	-4.371e-08	0.999968	-0.00795744	-3.47831e-10	0.00795744	0.999968	-0.02791	0	0	1	100
land_moving_fast	130	0	77.86	16.68	0	1459.4	7.521	-4.37099e-08	0.999965	-0.00834092	-3.64593e-10	0.00834092	0.999965	-0.02161	0	0	1	100
land_moving_fast	132	0	102.18	16.78	0	1459.4	5.571	-4.37098e-08	0.999963	-0.00862854	-3.77165e-10	0.00862854	0.999963	-0.01671	0	0	1	100
land_moving_fast	134	0	126.5	16.85	0	1459.4	4.051	-4.37097e-08	0.999961	-0.00882027	-3.85546e-10	0.00882027	0.999961	-0.01291	0	0	1	100
land_moving_fast	136	0	150.82	16.9	0	1459.4	2.931	-4.37096e-08	0.999959	-0.00901201	-3.93928e-10	0.00901201	0.999959	-0.00991	0	0	1	100
land_moving_fast	138	0	175.14	16.94	0	1459.4	2.131	-4.37096e-08	0.999959	-0.00910788	-3.98118e-10	0.00910788	0.999959	-0.00771	0	0	1	100
land_moving_fast	140	0	199.46	16.97	0	1459.4	1.491	-4.37095e-08	0.999958	-0.00920375	-4.02309e-10	0.00920375	0.999958	-0.00591	0	0	1	100
land_moving_fast	142	0	223.78	16.99	0	1459.4	1.041	-4.37095e-08	0.999957	-0.00929962	-4.065e-10	0.00929962	0.999957	-0.00461	0	0	1	100
land_moving_fast	144	0	248.1	17.01	0	1459.4	0.701	-4.37095e-08	0.999956	-0.00939549	-4.1069e-10	0.00939549	0.999956	-0.00351	0	0	1	100
land_moving_fast	146	0	272.42	17.01	0	1459.4	0.451	-4.37095e-08	0.999956	-0.00939549	-4.1069e-10	0.00939549	0.999956	-0.00261	0	0	1	100
land_moving_fast	148	0	296.74	17.01	0	1459.4	0.351	-4.37094e-08	0.999955	-0.00949136	-4.14881e-10	0.00949136	0.999955	-0.00211	0	0	1	100
land_moving_fast	150	0	321.06	17.01	0	1459.4	0.301	-4.37094e-08	0.999955	-0.00949136	-4.14881e-10	0.00949136	0.999955	-0.00171	0	0	1	100
land_moving_fast	152	0	345.38	17.01	0	1459.4	0.281	-4.37094e-08	0.999955	-0.00949136	-4.14881e-10	0.00949136	0.999955	-0.00131	0	0	1	100
land_moving_fast	154	0	369.7	17.01	0	1459.4	0.271	-4.37094e-08	0.999954	-0.00958723	-4.19071e-10	0.00958723	0.999954	-0.00091	0	0	1	100
land_moving_fast	156	0	394.02	17.01	0	1459.4	0.271	-4.37094e-08	0.999954	-0.00958723	-4.19071e-10	0.00958723	0.999954	-0.00061	0	0	1	100
land_moving_fast	158	0	418.34	17.01	0	1459.4	0.271	-4.37094e-08	0.999954	-0.00958723	-4.19071e-10	0.00958723	0.999954	-0.00051	0	0	1	100
land_spinning	0	0	0	399.82	0	0	-13.531	0.998324	0.0578754	0	-0	0	1	0	0	3.44401	0	100
land_spinning	2	0	0	399.46	0	0	-24.351	0.993521	0.113652	0	-0	0	1	0	0	3.33471	0	100
land_spinning	4	0	0	398.92	0	0	-35.171	0.985894	0.167371	0	-0	0	1	0	0	3.22891	0	100
land_spinning	6	0	0	398.2	0	0	-45.991	0.975744	0.218914	0	-0	0	1	0	0	3.12651	0	100
land_spinning	8	0	0	397.3	0	0	-56.811	0.963366	0.268191	0	-0	0	1	0	0	3.02731	0	100
land_spinning	10	0	0	396.22	0	0	-67.631	0.948985	0.31532	0	-0	0	1	0	0	2.93131	0	100
land_spinning	12	0	0	394.96	0	0	-78.451	0.932855	0.360253	0	-0	0	1	0	0	2.83831	0	100
land_spinning	14	0	0	393.52	0	0	-89.271	0.915256	0.402873	0	-0	0	1	0	0	2.74821	0	100
land_spinning	16	0	0	391.9	0	0	-100.091	0.896349	0.443349	0	-0	0	1	0	0	2.66091	0	100
land_spinning	18	0	0	390.1	0	0	-110.911	0.876301	0.481764	0	-0	0	1	0	0	2.57641	0	100
land_spinning	20	0	0	388.12	0	0	-121.731	0.855354	0.518044	0	-0	0	1	0	0	2.49471	0	100
land_spinning	22	0	0	385.96	0	0	-132.551	0.833647	0.552298	0	-0	0	1	0	0	2.41551	0	100
land_spinning	24	0	0	383.62	0	0	-143.371	0.811299	0.584632	0	-0	0	1	0	0	2.33891	0	100
land_spinning	26	0	0	381.1	0	0	-154.191	0.788464	0.61508	0	-0	0	1	0	0	2.26471	0	100
land_spinning	28	0	0	378.39	0	0	-165.011	0.765229	0.643758	0	-0	0	1	0	0	2.19291	0	100
land_spinning	30	0	0	375.5	0	0	-175.831	0.741788	0.670635	0	-0	0	1	0	0	2.12331	0	100
land_spinning	32	0	0	372.43	0	0	-186.651	0.718204	0.695833	0	-0	0	1	0	0	2.05591	0	100
land_spinning	34	0	0	369.18	0	0	-197.471	0.694523	0.71947	0	-0	0	1	0	0	1.99061	0	100
land_spinning	36	0	0	365.75	0	0	-208.291	0.670848	0.741595	0	-0	0	1	0	0	1.92751	0	100
land_spinning	38	0	0	362.14	0	0	-219.111	0.647273	0.762258	0	-0	0	1	0	0	1.86641	0	100
land_spinning	40	0	0	358.35	0	0	-229.931	0.623811	0.781575	0	-0	0	1	0	0	1.80711	0	100
land_spinning	42	0	0	354.38	0	0	-240.751	0.600616	0.799537	0	-0	0	1	0	0	1.74971	0	100
land_spinning	44	0	0	350.23	0	0	-251.571	0.57761	0.816313	0	-0	0	1	0	0	1.69411	0	100
land_spinning	46	0	0	345.9	0	0	-262.391	0.554932	0.831895	0	-0	0	1	0	0	1.64031	0	100
land_spinning	48	0	0	341.39	0	0	-273.211	0.532484	0.84644	0	-0	0	1	0	0	1.58821	0	100
land_spinning	50	0	0	336.7	0	0	-284.031	0.51048	0.85989	0	-0	0	1	0	0	1.53781	0	100
land_spinning	52	0	0	331.83	0	0	-294.851	0.488805	0.872393	0	-0	0	1	0	0	1.48901	0	100
land_spinning	54	0	0	326.78	0	0	-305.671	0.467503	0.883992	0	-0	0	1	0	0	1.44171	0	100
land_spinning	56	0	0	321.55	0	0	-316.491	0.446612	0.894728	0	-0	0	1	0	0	1.39591	0	100
land_spinning	58	0	0	316.14	0	0	-327.311	0.426168	0.904644	0	-0	0	1	0	0	1.35161	0	100
land_spinning	60	0	0	307.69	0	0	-343.541	0.39637	0.918091	0	-0	0	1	0	0	1.28771	0	100
land_spinning	63	0	0	301.83	0	0	-354.361	0.377096	0.926174	0	-0	0	1	0	0	1.24681	0	100
land_spinning	65	0	0	295.79	0	0	-365.181	0.358195	0.933647	0	-0	0	1	0	0	1.20721	0	100
land_spinning	67	0	0	289.57	0	0	-376.001	0.339777	0.940506	0	-0	0	1	0	0	1.16891	0	100
land_spinning	69	0	0	283.17	0	0	-386.821	0.321863	0.946786	0	-0	0	1	0	0	1.13181	0	100
land_spinning	71	0	0	276.59	0	0	-397.641	0.304381	0.95255	0	-0	0	1	0	0	1.09591	0	100
land_spinning	73	0	0	269.83	0	0	-408.461	0.287256	0.957854	0	-0	0	1	0	0	1.06101	0	100
land_spinning	75	0	0	262.89	0	0	-419.281	0.270776	0.962642	0	-0	0	1	0	0	1.02731	0	100
land_spinning	77	0	0	255.77	0	0	-430.101	0.254588	0.96705	0	-0	0	1	0	0	0.99461	0	100
land_spinning	79	0	0	248.47	0	0	-440.921	0.238979	0.971025	0	-0	0	1	0	0	0.96301	0	100
land_spinning	81	0	0	240.99	0	0	-451.741	0.223682	0.974662	0	-0	0	1	0	0	0.93241	0	100
land_spinning	83	0	0	233.33	0	0	-462.561	0.208893	0.977938	0	-0	0	1	0	0	0.90281	0	100
land_spinning	85	0	0	225.49	0	0	-473.381	0.194526	0.980897	0	-0	0	1	0	0	0.87411	0	100
land_spinning	87	0	0	217.46	0	0	-484.201	0.180494	0.983576	0	-0	0	1	0	0	0.84631	0	100
land_spinning	89	0	0	209.25	0	0	-495.021	0.166993	0.985958	0	-0	0	1	0	0	0.81941	0	100
land_spinning	91	0	0	200.86	0	0	-505.841	0.153839	0.988096	0	-0	0	1	0	0	0.79341	0	100
land_spinning	93	0	0	192.29	0	0	-516.661	0.141038	0.990004	0	-0	0	1	0	0	0.76821	0	100
land_spinning	95	0	0	183.54	0	0	-527.481	0.128688	0.991685	0	-0	0	1	0	0	0.74381	0	100
land_spinning	97	0	0	174.61	0	0	-538.301	0.1167	0.993167	0	-0	0	1	0	0	0.72021	0	100
land_spinning	99	0	0	165.5	0	0	-549.121	0.105075	0.994464	0	-0	0	1	0	0	0.69731	0	100
land_spinning	101	0	0	156.21	0	0	-559.941	0.0937227	0.995598	0	-0	0	1	0	0	0.67511	0	100
land_spinning	103	0	0	146.74	0	0	-570.761	0.0828359	0.996563	0	-0	0	1	0	0	0.65361	0	100
land_spinning	105	0	0	137.09	0	0	-581.581	0.0722259	0.997388	0	-0	0	1	0	0	0.63281	0	100
land_spinning	107	0	0	127.26	0	0	-592.401	0.0618948	0.998083	0	-0	0	1	0	0	0.61261	0	100
land_spinning	109	0	0	117.25	0	0	-603.221	0.0519403	0.99865	0	-0	0	1	0	0	0.59311	0	100
land_spinning	111	0	0	107.06	0	0	-614.041	0.0423636	0.999102	0	-0	0	1	0	0	0.57421	0	100
land_spinning	113	0	0	96.69	0	0	-624.861	0.0329747	0.999456	0	-0	0	1	0	0	0.55591	0	100
land_spinning	115	0	0	86.14	0	0	-635.681	0.0239661	0.999713	0	-0	0	1	0	0	0.53821	0	100
land_spinning	117	0	0	75.41	0	0	-646.501	0.0152434	0.999884	0	-0	0	1	0	0	0.52111	0	100
land_spinning	119	0	0	64.5	0	0	-657.321	0.00671115	0.999977	0	-0	0	1	0	0	0.50451	0	100
land_spinning	121	0	0	53.41	0	0	-668.141	-0.00153391	0.999999	0	0	-0	1	0	0	0.48841	0	100
land_spinning	123	0	0	42.14	0	0	-678.961	-0.00939551	0.999956	0	0	-0	1	0	0	0.47291	0	100
land_spinning	125	0	0	30.69	0	0	-689.781	-0.0171606	0.999853	0	0	-0	1	0	0	0.45781	0	100
land_spinning	127	-0.02	0.24	20.89	-1.091	29.151	-539.291	-0.0219484	0.999535	-0.0211865	-0.000369263	0.0211835	0.999776	-1.07801	-0.01861	0.27111	1	100
land_spinning	129	-0.04	0.66	14.8	-0.771	23.131	-288.291	-0.024923	0.999623	-0.0115046	-0.000190904	0.0115034	0.999934	1.91531	0.04781	0.16711	1	100
land_spinning	131	-0.05	0.73	13.37	-0.141	-10.411	-41.701	-0.0272248	0.999629	-0.00115049	6.45165e-05	0.00115267	0.999999	0.36491	0.00791	0.12931	1	100
land_spinning	133	-0.05	0.69	13.64	-0.331	-0.771	27.671	-0.0277039	0.999616	-0.00076699	7.45883e-05	0.000769352	1	-0.05111	-0.00241	0.01221	1	100
land_spinning	135	-0.05	0.71	14.23	-0.261	1.321	35.871	-0.0277039	0.999614	-0.00230097	-6.37459e-05	0.00230009	0.999997	-0.09511	-0.00331	0.00101	1	100
land_spinning	137	-0.05	0.73	14.81	-0.181	1.331	34.141	-0.0277038	0.999609	-0.00383494	-0.000106243	0.00383347	0.999993	-0.08711	-0.00301	0	1	100
land_spinning	139	-0.05	0.75	15.33	-0.121	1.181	29.471	-0.0277036	0.999603	-0.00508129	-0.000140772	0.00507934	0.999987	-0.07241	-0.00241	0	1	100
land_spinning	141	-0.05	0.77	15.75	-0.081	0.981	23.991	-0.0277034	0.999597	-0.00613588	-0.000169988	0.00613353	0.999981	-0.05761	-0.00191	0	1	100
land_spinning	143	-0.05	0.79	16.09	-0.051	0.791	18.811	-0.0277033	0.999592	-0.00690286	-0.000191236	0.00690021	0.999976	-0.04501	-0.00151	0	1	100
land_spinning	145	-0.05	0.81	16.35	-0.031	0.621	14.311	-0.0277032	0.999588	-0.00747809	-0.000207173	0.00747522	0.999972	-0.03491	-0.00121	0	1	100
land_spinning	147	-0.05	0.81	16.54	-0.011	0.491	10.671	-0.0277031	0.999584	-0.00795744	-0.000220453	0.00795439	0.999968	-0.02701	-0.00101	0	1	100
land_spinning	149	-0.05	0.81	16.69	-0.011	0.381	7.821	-0.027703	0.999581	-0.00834092	-0.000231077	0.00833772	0.999965	-0.02081	-0.00081	0	1	100
land_spinning	151	-0.05	0.81	16.8	-0.011	0.291	5.591	-0.0277029	0.999579	-0.00862854	-0.000239045	0.00862522	0.999963	-0.01601	-0.00061	0	1	100
land_spinning	153	-0.05	0.81	16.87	0	0.221	3.921	-0.0277029	0.999577	-0.00882027	-0.000244357	0.00881689	0.999961	-0.01231	-0.00041	0	1	100
land_spinning	155	-0.05	0.81	16.92	0	0.171	2.731	-0.0277028	0.999576	-0.00901201	-0.000249668	0.00900856	0.999959	-0.00941	-0.00041	0	1	100
land_spinning	157	-0.05	0.81	16.96	0	0.131	1.901	-0.0277028	0.999574	-0.00920375	-0.00025498	0.00920022	0.999958	-0.00731	-0.00031	0	1	100
land_spinning	159	-0.05	0.81	16.98	0	0.101	1.291	-0.0277028	0.999573	-0.00929962	-0.000257636	0.00929605	0.999957	-0.00561	-0.00021	0	1	100
land_spinning	161	-0.05	0.81	17	0	0.081	0.881	-0.0277028	0.999573	-0.00929962	-0.000257636	0.00929605	0.999957	-0.00431	-0.00011	0	1	100
land_spinning	163	-0.05	0.81	17.01	0	0.061	0.561	-0.0277027	0.999572	-0.00939549	-0.000260292	0.00939189	0.999956	-0.00331	-0.00011	0	1	100
land_spinning	165	-0.05	0.81	17.01	0	0.041	0.391	-0.0277027	0.999572	-0.00939549	-0.000260292	0.00939189	0.999956	-0.00251	-0.00011	0	1	100
land_spinning	167	-0.05	0.81	17.01	0	0.031	0.321	-0.0277027	0.999571	-0.00949136	-0.000262948	0.00948772	0.999955	-0.00201	-0.00011	0	1	100
land_spinning	169	-0.05	0.81	17.01	0	0.031	0.291	-0.0277027	0.999571	-0.00949136	-0.000262948	0.00948772	0.999955	-0.00161	-0.00011	0	1	100
land_spinning	171	-0.05	0.81	17.01	0	0.021	0.271	-0.0277027	0.999571	-0.00949136	-0.000262948	0.00948772	0.999955	-0.00121	-0.00011	0	1	100
land_spinning	173	-0.05	0.81	17.01	0	0.011	0.271	-0.0277027	0.99957	-0.00958723	-0.000265604	0.00958355	0.999954	-0.00081	-0.00011	0	1	100
land_spinning	175	-0.05	0.81	17.01	0	0.011	0.271	-0.0277027	0.99957	-0.00958723	-0.000265604	0.00958355	0.999954	-0.00051	0	0	1	100
land_spinning	177	-0.05	0.81	17.01	0	0.011	0.271	-0.0277027	0.99957	-0.00958723	-0.000265604	0.00958355	0.999954	-0.00051	0	0	1	100
land_spinning	179	-0.05	0.81	17.01	0	0.011	0.271	-0.0277027	0.99957	-0.00958723	-0.000265604	0.00958355	0.999954	-0.00051	0	0	1	100
wavedash_forward	0	0	-1178.44	17	0	1291.24	0.091	-4.37114e-08	0.999999	-0.00115049	-5.02893e-11	0.00115049	0.999999	-0.08211	0.00061	0	1	100
wavedash_forward	2	0	-1156.86	21.96	0	1296.11	299.801	-4.37113e-08	0.999997	-0.00249272	-1.0896e-10	0.00249272	0.999997	-0.08191	0.00061	0	0	100
wavedash_forward	4	0	-1135.2	26.95	0	1300.58	295.691	-4.37111e-08	0.999993	-0.00383494	-1.67631e-10	0.00383494	0.999993	-0.08171	0.00061	0	1	100
wavedash_forward	6	0	-1113.47	31.68	0	1304.94	279.431	-4.37108e-08	0.999987	-0.00517716	9.58736e-05	0.00517716	0.999987	-0.08151	0.00061	0	1	100
wavedash_forward	8	0	-1091.72	36.16	0	1305.49	265.881	-4.37105e-08	0.999979	-0.00651937	9.58735e-05	0.00651937	0.999979	-0.07951	0.00051	0	0	100
wavedash_forward	10	0	-1069.95	40.46	0	1306.59	255.041	-4.37101e-08	0.99997	-0.0077657	9.58735e-05	0.0077657	0.99997	-0.07571	0.00031	0	0	100
wavedash_forward	12	0	-1048.16	44.57	0	1307.69	244.191	-4.37096e-08	0.999959	-0.00901201	9.58734e-05	0.00901201	0.999959	-0.07201	0.00021	0	0	100
wavedash_forward	14	0	-1026.35	48.5	0	1308.79	233.331	-4.37091e-08	0.999948	-0.0101624	9.58734e-05	0.0101624	0.999948	-0.06851	0.00021	0	0	100
wavedash_forward	16	0	-1004.52	52.25	0	1309.89	222.471	-4.37086e-08	0.999936	-0.0113129	9.58733e-05	0.0113129	0.999936	-0.06521	0.00021	0	0	100
wavedash_forward	18	0	-982.67	55.82	0	1310.99	211.611	-4.3708e-08	0.999924	-0.0123674	9.58733e-05	0.0123674	0.999924	-0.06201	0.00021	0	0	100
wavedash_forward	20	0	-952.47	59.21	0	1812.09	200.741	-4.36337e-08	0.998222	-0.0595982	9.58712e-05	0.0595982	0.998222	-3.74751	0	0.00041	0	100
wavedash_forward	22	0	-922.25	62.42	0	1813.19	189.811	-4.31108e-08	0.986261	-0.165197	9.58666e-05	0.165197	0.986261	-5.50001	0	0.00061	0	100
wavedash_forward	24	0	-892.02	65.45	0	1814.27	178.751	-4.19288e-08	0.95922	-0.282661	9.58614e-05	0.282661	0.95922	-5.50001	0	0.00061	0	100
wavedash_forward	26	0	-861.77	68.29	0	1815.32	167.561	-4.01393e-08	0.918281	-0.39593	9.58565e-05	0.39593	0.918281	-5.50001	0	0.00061	0	100
wavedash_forward	28	0	-831.5	70.94	0	1816.32	156.251	-8.28446e-05	0.863973	-0.503538	4.75905e-05	0.503538	0.863973	-5.50001	0	0.00061	0	100
wavedash_forward	30	0	-801.22	73.4	0	1817.26	144.821	-7.64335e-05	0.797112	-0.603831	3.79737e-05	0.603831	0.797112	-5.50001	0	0.00061	0	100
wavedash_forward	32	0	-770.92	75.67	0	1818.12	133.281	-6.89183e-05	0.718737	-0.695282	2.92046e-05	0.695282	0.718737	-5.50001	0	0.00061	0	100
wavedash_forward	34	0	-740.61	77.74	0	1818.89	121.641	-0.000120765	0.629862	-0.776707	-5.3046e-05	0.776707	0.629862	-5.50001	0	0.00061	0	100
wavedash_forward	36	0	-710.29	79.62	0	1819.56	109.921	-0.00010197	0.531835	-0.846848	-6.64943e-05	0.846848	0.531835	-5.50001	0	0.00061	0	100
wavedash_forward	38	0	-679.95	80.48	0	1820.11	36.711	-0.000122556	0.426168	-0.904644	-0.000164281	0.904644	0.426168	-5.50001	0	0.00061	0	100
wavedash_forward	40	0	-649.61	80.68	0	1820.54	5.721	-0.000120519	0.314228	-0.949348	1.93824e-05	0.949348	0.314228	-5.50001	0	0.00061	0	100
wavedash_forward	42	0	-619.27	80.6	0	1820.85	-7.391	-0.000132686	0.197722	-0.980258	-0.000274329	0.980258	0.197723	-5.50001	0	0.00061	0	100
wavedash_forward	44	0	-588.92	80.4	0	1821.03	-12.961	-0.00012032	0.0784399	-0.996919	4.79751e-06	0.996919	0.0784399	-5.50001	0	0.00061	0	100
wavedash_forward	46	0	-558.56	80.15	0	1821.08	-15.321	-0.000129085	-0.042076	-0.999114	-2.70502e-06	0.999114	-0.042076	-5.50001	0	0.00061	0	100
wavedash_forward	48	0	-528.2	79.88	0	1820.99	-16.321	-0.000124245	-0.161981	-0.986794	-9.99845e-06	0.986794	-0.161981	-5.50001	0	0.00061	0	100
wavedash_forward	50	-0.03	-498.65	82.71	-3.761	1761.19	177.041	0.0188705	-0.270673	-0.962486	0.0246473	0.962491	-0.270191	-5.49621	0.16161	0.12331	0	100
wavedash_forward	52	-0.06	-483.97	84.33	-3.751	1761.04	171.081	0.0171149	-0.327854	-0.944573	0.0234932	0.944583	-0.327432	-5.49781	0.14561	0.05301	0	100
wavedash_forward	53	-0.12	-454.63	87.04	-3.731	1760.63	159.201	0.0144859	-0.439067	-0.898338	0.0228087	0.898343	-0.438701	-5.49861	0.11781	-0.03231	0	100
wavedash_forward	55	-0.18	-425.29	89.55	-3.711	1760.1	147.381	0.0117887	-0.543991	-0.839008	0.0227545	0.838995	-0.543663	-5.49861	0.09771	-0.07571	0	100
wavedash_forward	57	-0.24	-395.96	91.86	-3.691	1759.46	135.621	0.00903314	-0.640902	-0.767569	0.0232141	0.767528	-0.640595	-5.49841	0.08431	-0.09741	0	100
wavedash_forward	59	-0.3	-366.64	93.97	-3.671	1758.71	123.951	0.00621747	-0.728635	-0.684874	0.0238742	0.6848	-0.72834	-5.49841	0.07591	-0.10811	0	100
wavedash_forward	61	-0.36	-337.34	95.89	-3.651	1757.87	112.371	0.0033216	-0.805706	-0.592306	0.0241128	0.592201	-0.805429	-5.49831	0.07081	-0.11321	0	100
wavedash_forward	63	-0.42	-308.05	97.62	-3.631	1756.95	100.901	0.000417609	-0.871077	-0.491145	0.0244016	0.491008	-0.870813	-5.49831	0.06781	-0.11561	0	100
wavedash_forward	65	-0.48	-278.78	99.16	-3.631	1755.96	89.551	-0.00256851	-0.923803	-0.382861	0.0241676	0.382693	-0.92356	-5.49831	0.06601	-0.11661	0	100
wavedash_forward	67	-0.54	-249.53	100.51	-3.631	1754.91	78.321	-0.00544811	-0.963144	-0.26893	0.0236655	0.268734	-0.962924	-5.49831	0.06501	-0.11711	0	100
wavedash_forward	69	-0.6	-220.29	101.68	-3.631	1753.82	67.211	-0.00824503	-0.988471	-0.151186	0.0228299	0.150966	-0.988275	-5.49831	0.06441	-0.11731	0	100
wavedash_forward	71	-0.66	-191.07	102.66	-3.631	1752.71	56.241	-0.0109241	-0.999452	-0.0312498	0.0217184	0.0310071	-0.999283	-5.49831	0.06401	-0.11731	0	100
wavedash_forward	73	-0.72	-161.87	103.46	-3.631	1751.59	45.401	-0.0134638	-0.99592	0.0892355	0.0202661	-0.0894971	-0.995781	-5.49831	0.06381	-0.11731	0	100
wavedash_forward	75	-0.78	-132.69	104.08	-3.631	1750.48	34.691	-0.0158464	-0.97793	0.208331	0.018576	-0.208609	-0.977823	-5.49831	0.06381	-0.11731	0	100
wavedash_forward	77	-0.84	-103.53	104.52	-3.641	1749.39	24.121	-0.0179553	-0.945748	0.324404	0.0164641	-0.324692	-0.945677	-5.49831	0.06381	-0.11731	0	100
wavedash_forward	79	-0.9	-74.39	104.79	-3.661	1748.34	13.671	-0.0197583	-0.899799	0.435857	0.0142987	-0.436152	-0.899759	-5.49831	0.06381	-0.11731	0	100
wavedash_forward	81	-0.96	-45.26	104.89	-3.681	1747.35	3.341	-0.0212863	-0.840819	0.540897	0.011711	-0.541193	-0.840817	-5.49831	0.06371	-0.11731	0	100
wavedash_forward	83	-1.02	-16.15	104.83	-3.701	1746.43	-6.231	-0.0225853	-0.769629	0.638092	0.00917386	-0.638387	-0.769661	-5.49831	0.06371	-0.11731	0	100
wavedash_forward	85	-1.08	12.95	104.66	-3.721	1745.59	-10.951	-0.0234661	-0.687263	0.72603	0.00627673	-0.726317	-0.687332	-5.49831	0.06371	-0.11731	0	100
wavedash_forward	87	-1.14	42.03	104.45	-3.741	1744.84	-12.871	-0.0240791	-0.594827	0.803493	0.00353294	-0.803772	-0.594927	-5.49831	0.06371	-0.11731	0	100
wavedash_forward	89	-1.2	71.11	104.23	-3.761	1744.2	-13.611	-0.0243105	-0.493884	0.869188	0.000768629	-0.869454	-0.494014	-5.49831	0.06361	-0.11731	0	100
wavedash_forward	91	-1.26	100.17	104	-3.781	1743.67	-13.871	-0.024175	-0.385644	0.922331	-0.00214691	-0.922579	-0.385803	-5.49831	0.06361	-0.11731	0	100
wavedash_forward	93	-1.32	129.23	103.76	-3.801	1743.26	-13.941	-0.0237006	-0.271867	0.962043	-0.00524619	-0.962266	-0.272059	-5.49831	0.06361	-0.11731	0	100
wavedash_forward	95	-1.38	158.28	103.52	-3.821	1742.98	-13.931	-0.0229083	-0.154231	0.987769	-0.00790329	-0.98797	-0.154446	-5.49831	0.06361	-0.11731	0	100
wavedash_forward	97	-1.44	187.32	103.28	-3.841	1742.83	-13.911	-0.0217497	-0.0342158	0.999178	-0.0106504	-0.99935	-0.0344535	-5.49831	0.06351	-0.11731	0	100
wavedash_forward	99	-1.5	216.36	102.92	-3.861	1742.81	-23.631	-0.0207286	0.0541385	0.998318	-0.012543	-0.998468	0.0538862	-5.23781	0.06041	-0.11171	0	100
wavedash_forward	101	-1.56	245.4	102.4	-3.881	1742.89	-33.351	-0.0195846	0.137946	0.990246	-0.0141058	-0.990376	0.137685	-4.98961	0.05741	-0.10641	0	100
wavedash_forward	103	-1.62	274.45	101.72	-3.901	1743.05	-43.081	-0.0183581	0.216828	0.976037	-0.0158172	-0.976142	0.216554	-4.75321	0.05461	-0.10131	0	100
wavedash_forward	105	-1.68	303.51	100.88	-3.921	1743.31	-52.831	-0.0171043	0.290699	0.956662	-0.0172069	-0.956745	0.290417	-4.52801	0.05191	-0.09641	0	100
wavedash_forward	107	-1.74	332.57	99.88	-3.941	1743.65	-62.601	-0.015798	0.359548	0.932993	-0.0182754	-0.933057	0.359264	-4.31341	0.04931	-0.09181	0	100
wavedash_forward	109	-1.8	361.63	98.72	-3.941	1744.06	-72.391	-0.0144945	0.423316	0.905866	-0.0194192	-0.90591	0.423026	-4.10911	0.04691	-0.08741	0	100
wavedash_forward	111	-1.86	390.71	97.39	-3.941	1744.54	-82.221	-0.0131781	0.482172	0.875978	-0.0203539	-0.876002	0.481879	-3.91441	0.04461	-0.08321	0	100
wavedash_forward	113	-1.92	419.79	95.89	-3.941	1745.08	-92.081	-0.0118798	0.536323	0.843929	-0.0209975	-0.843936	0.536032	-3.72891	0.04241	-0.07921	0	100
wavedash_forward	115	-1.98	448.88	94.23	-3.941	1745.68	-101.971	-0.0106184	0.585935	0.810289	-0.0218419	-0.810277	0.58564	-3.55221	0.04031	-0.07541	0	100
wavedash_forward	117	-2.04	477.98	92.41	-3.941	1746.33	-111.901	-0.00938068	0.631206	0.775559	-0.0222193	-0.775533	0.630916	-3.38391	0.03831	-0.07181	0	100
wavedash_forward	119	-2.1	507.1	90.42	-3.941	1747.04	-121.871	-0.00818878	0.672503	0.740049	-0.0227205	-0.740008	0.672214	-3.22361	0.03641	-0.06831	0	100
wavedash_forward	121	-2.16	536.22	88.26	-3.941	1747.79	-131.881	-0.00694257	0.709914	0.704254	-0.0231188	-0.704196	0.709629	-3.07081	0.03461	-0.06501	0	100
wavedash_forward	123	-2.22	565.36	85.94	-3.941	1748.58	-141.931	-0.00584777	0.743819	0.668356	-0.0235051	-0.668285	0.743534	-2.92531	0.03281	-0.06181	0	100
wavedash_forward	125	-2.28	594.51	83.45	-3.941	1749.41	-152.021	-0.00475163	0.774393	0.632687	-0.0238229	-0.632602	0.77411	-2.78661	0.03121	-0.05881	0	100
wavedash_forward	127	-2.34	623.68	80.79	-3.941	1750.27	-162.151	-0.00369046	0.801941	0.597392	-0.0239972	-0.597295	0.801662	-2.65461	0.02961	-0.05591	0	100
wavedash_forward	129	-2.4	652.86	77.96	-3.941	1751.16	-172.321	-0.00269479	0.826694	0.562645	-0.0240495	-0.562538	0.826422	-2.52881	0.02811	-0.05311	0	100
wavedash_forward	131	-2.46	682.06	74.96	-3.941	1752.08	-182.531	-0.00170911	0.84888	0.528583	-0.024244	-0.528464	0.848609	-2.40891	0.02671	-0.05051	0	100
wavedash_forward	133	-2.52	711.27	71.79	-3.941	1753.02	-192.781	-0.000832857	0.868713	0.495315	-0.0241623	-0.495188	0.86845	-2.29471	0.02531	-0.04801	0	100
wavedash_forward	135	-2.58	740.5	68.45	-3.941	1753.98	-203.071	8.50233e-05	0.8864	0.46292	-0.0242022	-0.462782	0.886141	-2.18601	0.02401	-0.04561	0	100
wavedash_forward	137	-2.64	769.74	64.93	-3.941	1754.96	-213.391	0.000864889	0.902094	0.431538	-0.0241881	-0.431393	0.90184	-2.08241	0.02281	-0.04341	0	100
wavedash_forward	139	-2.7	799	61.25	-3.941	1755.96	-223.741	0.00166863	0.916025	0.401118	-0.0242174	-0.400964	0.915774	-1.98361	0.02161	-0.04121	0	100
wavedash_forward	141	-2.76	828.28	57.39	-3.931	1756.97	-234.131	0.00240315	0.928361	0.371673	-0.0241611	-0.371512	0.928114	-1.88961	0.02051	-0.03921	0	100
wavedash_forward	143	-2.82	857.58	53.36	-3.911	1757.99	-244.551	0.00315154	0.939191	0.343381	-0.0240636	-0.343212	0.93895	-1.80011	0.01951	-0.03721	0	100
wavedash_forward	145	-2.88	886.89	49.15	-3.891	1759.03	-255.001	0.00382032	0.948736	0.316048	-0.0238964	-0.315873	0.948501	-1.71471	0.01851	-0.03541	0	100
wavedash_forward	147	-2.94	916.22	44.77	-3.871	1760.08	-265.481	0.00440451	0.957097	0.289734	-0.0238612	-0.289554	0.956864	-1.63341	0.01751	-0.03361	0	100
wavedash_forward	149	-3	945.57	40.21	-3.851	1761.14	-275.991	0.00499269	0.964349	0.264587	-0.0237059	-0.264402	0.964121	-1.55591	0.01661	-0.03191	0	100
wavedash_forward	151	-3.04	974.93	35.51	-1.661	1762.18	-283.571	0.00530524	0.970781	0.23991	-0.0230721	-0.239731	0.970565	-1.53741	0.06711	0.01711	0	100
wavedash_forward	153	-3.02	1004.29	30.8	2.321	1762.13	-280.221	0.0045	0.977848	0.209268	-0.0204238	-0.209137	0.977673	-2.03231	0.17191	0.10451	0	100
wavedash_forward	155	-2.95	1033.65	26.32	5.081	1762.1	-264.301	0.00274148	0.986002	0.16671	-0.0163778	-0.166644	0.985881	-2.80531	0.22911	0.15951	0	100
wavedash_forward	157	-2.85	1063.01	22.16	6.031	1762.09	-244.721	0.00047653	0.993981	0.109555	-0.0118447	-0.109542	0.993912	-3.68551	0.24961	0.17591	0	100
wavedash_forward	159	-2.73	1092.37	18.85	6.721	1762.08	-182.611	-0.00143556	0.998256	0.0590239	-0.00787256	-0.0590334	0.998225	-2.82221	0.22091	0.12091	1	100
wavedash_forward	161	-2.62	1121.73	16.77	6.251	1762.07	-105.721	-0.00277992	0.999839	0.0177357	-0.00129292	-0.0177394	0.999842	-2.37941	0.30471	0.08571	1	100
wavedash_forward	163	-2.55	1151.09	15.68	3.361	1762.05	-54.201	-0.00393054	0.999916	-0.0123674	0.00110186	0.0123718	0.999923	-1.60051	0.10591	0.06061	1	100
wavedash_forward	165	-2.54	1180.45	15.55	0.101	1762.03	1.661	-0.00469717	0.99985	-0.0166813	0.0014556	0.0166883	0.99986	-0.06471	0.00651	0.04541	1	100
wavedash_forward	167	-2.57	1209.81	15.74	-2.691	1762.01	12.731	-0.0053682	0.999865	-0.0155309	0.00125883	0.0155379	0.999878	0.07551	-0.01321	0.03421	1	100
wavedash_forward	169	-2.64	1239.17	15.98	-4.921	1761.99	14.131	-0.00575175	0.999881	-0.0142847	0.0010683	0.0142911	0.999897	0.07031	-0.01451	0.02581	1	100
wavedash_forward	171	-2.75	1268.53	16.21	-6.691	1761.97	13.081	-0.00613528	0.999892	-0.0133261	0.000781081	0.0133311	0.999911	0.05931	-0.01331	0.01961	1	100
wavedash_forward	173	-2.88	1297.89	16.4	-8.071	1761.95	11.101	-0.00642297	0.999902	-0.0124633	0.000591045	0.0124673	0.999922	0.04771	-0.01121	0.01491	1	100
wavedash_forward	175	-3.03	1327.25	16.55	-9.141	1761.93	8.981	-0.00661482	0.999909	-0.0117922	0.00040135	0.0117951	0.99993	0.03751	-0.00901	0.01131	1	100
wavedash_forward	177	-3.19	1356.61	16.68	-9.961	1761.91	7.041	-0.0067107	0.999915	-0.011217	0.000308208	0.0112193	0.999937	0.02901	-0.00701	0.00861	1	100
wavedash_forward	179	-3.37	1385.97	16.77	-10.601	1761.89	5.361	-0.0069024	0.999917	-0.0108335	0.000212833	0.0108353	0.999941	0.02221	-0.00531	0.00651	1	100
wavedash_forward	181	-3.55	1415.33	16.84	-11.091	1761.87	4.031	-0.00699837	0.99992	-0.0105459	0.000117934	0.010547	0.999944	0.01701	-0.00401	0.00501	1	100
wavedash_forward	183	-3.74	1444.69	16.89	-11.481	1761.85	2.991	-0.00699839	0.999922	-0.0103542	0.000119276	0.0103553	0.999946	0.01291	-0.00301	0.00381	1	100
wavedash_forward	185	-3.94	1474.05	16.93	-11.781	1761.83	2.221	-0.00709424	0.999923	-0.0101624	2.37728e-05	0.0101629	0.999948	0.00981	-0.00221	0.00291	1	100
wavedash_forward	187	-4.14	1503.41	16.96	-12.001	1761.82	1.601	-0.00709425	0.999925	-0.00997071	2.51331e-05	0.00997114	0.99995	0.00741	-0.00151	0.00221	1	100
wavedash_forward	189	-4.34	1532.77	16.98	-12.171	1761.82	1.161	-0.0071901	0.999925	-0.00987484	2.48668e-05	0.00987528	0.999951	0.00561	-0.00111	0.00161	1	100
wavedash_forward	191	-4.54	1562.13	17	-12.301	1761.82	0.821	-0.0071901	0.999925	-0.00987484	-7.10045e-05	0.00987459	0.999951	0.00431	-0.00071	0.00121	1	100
wavedash_forward	193	-4.74	1591.49	17.01	-12.411	1761.82	0.531	-0.0071901	0.999926	-0.00977897	-7.03152e-05	0.00977872	0.999952	0.00321	-0.00051	0.00091	1	100
wavedash_forward	195	-4.94	1620.85	17.01	-12.491	1761.82	0.381	-0.0071901	0.999926	-0.00977897	-7.03152e-05	0.00977872	0.999952	0.00251	-0.00031	0.00071	1	100
wavedash_forward	197	-5.14	1650.21	17.01	-12.541	1761.82	0.311	-0.00719011	0.999927	-0.0096831	-6.96258e-05	0.00968285	0.999953	0.00191	-0.00021	0.00051	1	100
wavedash_forward	199	-5.34	1679.57	17.01	-12.581	1761.82	0.281	-0.00719011	0.999927	-0.0096831	-6.96258e-05	0.00968285	0.999953	0.00151	-0.00021	0.00031	1	100
flip_land_early	0	0	-1180.11	17	0	1191.24	0.091	-4.37114e-08	0.999999	-0.00115049	-5.02893e-11	0.00115049	0.999999	-0.08211	0.00011	0	1	100
flip_land_early	2	0	-1160.17	21.96	0	1197.82	299.801	-4.37113e-08	0.999997	-0.00249272	-1.0896e-10	0.00249272	0.999997	-0.08191	0.00011	0	0	100
flip_land_early	4	0	-1140.13	26.95	0	1203.96	295.691	-4.37111e-08	0.999993	-0.00383494	-1.67631e-10	0.00383494	0.999993	-0.08171	0.00011	0	1	100
flip_land_early	6	0	-1119.99	31.68	0	1209.98	279.431	-4.37108e-08	0.999986	-0.00527303	-2.30492e-10	0.00527303	0.999986	-0.08151	0.00011	0	1	100
flip_land_early	8	0	-1099.82	36.16	0	1210.53	265.881	-4.37104e-08	0.999978	-0.00661524	-2.89162e-10	0.00661524	0.999978	-0.07951	0.00011	0	0	100
flip_land_early	10	0	-1079.63	40.46	0	1211.63	255.041	-4.371e-08	0.999969	-0.00786157	-3.4364e-10	0.00786157	0.999969	-0.07571	0.00011	0	0	100
flip_land_early	12	0	-1059.42	44.57	0	1212.73	244.181	-4.37096e-08	0.999959	-0.00901201	-3.93928e-10	0.00901201	0.999959	-0.07201	0.00011	0	0	100
flip_land_early	14	0	-1039.19	48.5	0	1213.83	233.321	-4.37091e-08	0.999948	-0.0101624	-4.44215e-10	0.0101624	0.999948	-0.06851	0.00011	0	0	100
flip_land_early	16	0	-1018.95	52.25	0	1214.93	222.461	-4.37086e-08	0.999936	-0.0113129	-4.94501e-10	0.0113129	0.999936	-0.06521	0.00011	0	0	100
flip_land_early	18	0	-990.35	55.82	0	1716.03	211.591	-4.36362e-08	0.998279	-0.0586411	-2.56328e-09	0.0586411	0.998279	-3.75071	0	0	0	100
flip_land_early	20	0	-961.74	59.21	0	1717.13	200.661	-4.31177e-08	0.986419	-0.164251	-7.17965e-09	0.164251	0.986419	-5.50001	0	0	0	100
flip_land_early	22	0	-933.11	62.42	0	1718.21	189.611	-4.19407e-08	0.959491	-0.281741	-1.23153e-08	0.281741	0.959491	-5.50001	0	0	0	100
flip_land_early	24	0	-904.46	65.44	0	1719.26	178.421	-4.01559e-08	0.91866	-0.395049	-1.72681e-08	0.395049	0.91866	-5.50001	0	0	0	100
flip_land_early	26	0	-875.79	68.27	0	1720.26	167.111	-3.77865e-08	0.864455	-0.50271	-2.19741e-08	0.50271	0.864455	-5.50001	0	0	0	100
flip_land_early	28	0	-847.11	70.92	0	1721.2	155.681	-3.48707e-08	0.797749	-0.60299	-2.63575e-08	0.60299	0.797749	-5.50001	0	0	0	100
flip_land_early	30	0	-818.41	73.37	0	1722.06	144.141	-3.14461e-08	0.719403	-0.694592	-3.03616e-08	0.694592	0.719403	-5.50001	0	0	0	100
flip_land_early	32	0	-789.7	75.62	0	1722.83	132.501	-2.75647e-08	0.630606	-0.776103	-3.39245e-08	0.776103	0.630606	-5.50001	0	0	0	100
flip_land_early	34	0	-760.98	77.69	0	1723.5	120.781	-2.32827e-08	0.532647	-0.846338	9.58368e-05	0.846338	0.532647	-5.50001	0	0	0	100
flip_land_early	36	0	-732.25	78.64	0	1724.05	41.291	-1.86625e-08	0.426948	-0.904276	-3.95272e-08	0.904276	0.426948	-5.50001	0	0	0	100
flip_land_early	38	0	-703.51	78.87	0	1724.48	7.661	-1.37751e-08	0.315138	-0.949046	9.58323e-05	0.949046	0.315138	-5.50001	0	0	0	100
flip_land_early	40	0	-674.77	78.81	0	1724.79	-6.571	-8.6838e-09	0.198662	-0.980068	9.5831e-05	0.980068	0.198662	-5.50001	0	0	0	100
flip_land_early	42	0	-646.03	78.61	0	1724.97	-12.611	-3.46632e-09	0.0793002	-0.996851	9.58302e-05	0.996851	0.0793002	-5.50001	0	0	0	100
flip_land_early	44	0	-617.27	78.36	0	1725.02	-15.171	-1.18522e-05	-0.0412141	-0.99915	-3.51644e-07	0.99915	-0.0412141	-5.50001	0	0	0	100
flip_land_early	46	0	-588.85	79.21	0	1684.93	117.061	0.0245925	-0.153972	-0.987769	0.0263424	0.987825	-0.153324	-4.54301	-2.38951	-1.97511	0	100
flip_land_early	48	-0.08	-561.21	83.13	-5.131	1657.94	196.031	0.0211272	-0.260216	-0.965319	0.0232119	0.965402	-0.25973	-5.49811	0.12651	0.06621	0	100
flip_land_early	50	-0.16	-533.58	86.24	-5.091	1657.61	184.121	0.0186814	-0.374409	-0.927075	0.0227034	0.927157	-0.373985	-5.49881	0.10791	-0.03211	0	100
flip_land_early	52	-0.24	-505.96	89.16	-5.071	1657.16	172.261	0.0161295	-0.483258	-0.875329	0.0232307	0.875388	-0.482862	-5.49861	0.09201	-0.08291	0	100
flip_land_early	54	-0.32	-478.34	91.89	-5.051	1656.59	160.461	0.0133513	-0.585024	-0.810906	0.0240591	0.810932	-0.584646	-5.49831	0.08051	-0.10891	0	100
flip_land_early	56	-0.4	-450.74	94.42	-5.031	1655.9	148.741	0.0104064	-0.678341	-0.734674	0.0252538	0.734658	-0.677968	-5.49811	0.07281	-0.12191	0	100
flip_land_early	58	-0.48	-423.15	96.75	-5.011	1655.12	137.101	0.00737678	-0.761788	-0.647784	0.0260331	0.647729	-0.761426	-5.49801	0.06791	-0.12831	0	100
flip_land_early	60	-0.56	-395.57	98.89	-4.991	1654.24	125.571	0.00423874	-0.834165	-0.551498	0.0265316	0.551403	-0.833817	-5.49801	0.06491	-0.13151	0	100
flip_land_early	62	-0.64	-368.01	100.84	-4.971	1653.29	114.141	0.00102899	-0.894427	-0.447212	0.0269022	0.447075	-0.894092	-5.49801	0.06311	-0.13301	0	100
flip_land_early	64	-0.72	-340.47	102.6	-4.971	1652.27	102.831	-0.00225714	-0.941703	-0.336438	0.0266891	0.336263	-0.94139	-5.49801	0.06211	-0.13371	0	100
flip_land_early	66	-0.8	-312.95	104.17	-4.971	1651.2	91.641	-0.00542355	-0.975329	-0.220691	0.0262469	0.22048	-0.975038	-5.49801	0.06161	-0.13401	0	100
flip_land_early	68	-0.88	-285.44	105.56	-4.971	1650.1	80.591	-0.00858369	-0.994764	-0.101833	0.0254187	0.101587	-0.994502	-5.49801	0.06131	-0.13411	0	100
flip_land_early	70	-0.96	-257.95	106.77	-4.971	1648.98	69.671	-0.0115985	-0.999762	0.0185026	0.0242292	-0.0187794	-0.99953	-5.49801	0.06111	-0.13411	0	100
flip_land_early	72	-1.04	-230.48	107.8	-4.971	1647.86	58.881	-0.0143366	-0.990236	0.138665	0.0227235	-0.138966	-0.990036	-5.49801	0.06101	-0.13411	0	100
flip_land_early	74	-1.12	-203.03	108.65	-4.971	1646.76	48.231	-0.016956	-0.966337	0.256719	0.0208016	-0.257042	-0.966176	-5.49801	0.06091	-0.13411	0	100
flip_land_early	76	-1.2	-175.6	109.32	-4.991	1645.69	37.701	-0.019318	-0.928412	0.37105	0.0187362	-0.37139	-0.928288	-5.49801	0.06091	-0.13411	0	100
flip_land_early	78	-1.28	-148.18	109.82	-5.011	1644.66	27.311	-0.0214452	-0.877007	0.479998	0.0161583	-0.48035	-0.876928	-5.49801	0.06091	-0.13411	0	100
flip_land_early	80	-1.36	-120.78	110.14	-5.031	1643.7	17.031	-0.0232287	-0.812813	0.582062	0.0135634	-0.582422	-0.812774	-5.49801	0.06091	-0.13411	0	100
flip_land_early	82	-1.44	-93.4	110.3	-5.051	1642.8	6.861	-0.0246644	-0.736857	0.675598	0.0107507	-0.67596	-0.73686	-5.49801	0.06081	-0.13411	0	100
flip_land_early	84	-1.52	-66.03	110.29	-5.071	1642	-3.201	-0.0257584	-0.650191	0.759334	0.00769845	-0.759692	-0.650237	-5.49801	0.06081	-0.13411	0	100
flip_land_early	86	-1.6	-38.67	110.15	-5.091	1641.29	-9.561	-0.0264777	-0.554141	0.832002	0.00446302	-0.832351	-0.554231	-5.49801	0.06081	-0.13411	0	100
flip_land_early	88	-1.68	-11.33	109.96	-5.111	1640.7	-12.191	-0.0267811	-0.450014	0.89262	0.00109665	-0.892953	-0.450149	-5.49801	0.06071	-0.13411	0	100
flip_land_early	90	-1.76	16.01	109.74	-5.131	1640.23	-13.251	-0.0267271	-0.339267	0.94031	-0.00213138	-0.940625	-0.339441	-5.49801	0.06071	-0.13411	0	100
flip_land_early	92	-1.84	43.35	109.52	-5.151	1639.88	-13.651	-0.026289	-0.223732	0.974296	-0.00526312	-0.974589	-0.223941	-5.49801	0.06071	-0.13411	0	100
flip_land_early	94	-1.92	70.67	109.29	-5.171	1639.65	-13.801	-0.0254601	-0.104791	0.994168	-0.00824619	-0.994435	-0.10503	-5.49801	0.06071	-0.13421	0	100
flip_land_early	96	-2	97.99	109.01	-5.191	1639.56	-18.691	-0.0244454	-2.13709e-09	0.999701	-0.0110219	-0.999939	-0.000269517	-5.36621	0.05921	-0.13091	0	100
flip_land_early	98	-2.08	125.31	108.57	-5.211	1639.58	-28.411	-0.0234128	0.0862084	0.996002	-0.0128959	-0.996218	0.085924	-5.11191	0.05631	-0.12461	0	100
flip_land_early	100	-2.16	152.63	107.97	-5.231	1639.69	-38.131	-0.0222522	0.167697	0.985587	-0.0149145	-0.985777	0.167393	-4.86971	0.05351	-0.11871	0	100
flip_land_early	102	-2.24	179.96	107.21	-5.251	1639.89	-47.871	-0.0210071	0.244217	0.969493	-0.016407	-0.969661	0.243903	-4.63891	0.05091	-0.11301	0	100
flip_land_early	104	-2.32	207.3	106.29	-5.271	1640.17	-57.621	-0.0197356	0.315795	0.948622	-0.0178633	-0.948767	0.315472	-4.41911	0.04841	-0.10761	0	100
flip_land_early	106	-2.4	234.64	105.21	-5.291	1640.53	-67.401	-0.0183828	0.382419	0.923806	-0.0194694	-0.923924	0.38208	-4.20971	0.04601	-0.10241	0	100
flip_land_early	108	-2.48	261.98	103.97	-5.311	1640.97	-77.211	-0.0170343	0.443967	0.895881	-0.0206671	-0.895976	0.443621	-4.01031	0.04381	-0.09751	0	100
flip_land_early	110	-2.56	289.34	102.56	-5.331	1641.47	-87.041	-0.0156577	0.500807	0.865418	-0.021553	-0.865492	0.500459	-3.82021	0.04161	-0.09281	0	100
flip_land_early	112	-2.64	316.7	100.98	-5.331	1642.03	-96.911	-0.0143179	0.552991	0.833064	-0.0225317	-0.833116	0.552639	-3.63921	0.03961	-0.08831	0	100
flip_land_early	114	-2.72	344.08	99.24	-5.331	1642.65	-106.821	-0.0129618	0.600783	0.799307	-0.0234031	-0.799337	0.600427	-3.46671	0.03761	-0.08401	0	100
flip_land_early	116	-2.8	371.46	97.34	-5.331	1643.32	-116.771	-0.0116776	0.644386	0.764611	-0.0240107	-0.764624	0.644029	-3.30251	0.03571	-0.07991	0	100
flip_land_early	118	-2.88	398.86	95.27	-5.331	1644.04	-126.761	-0.0103625	0.684027	0.729383	-0.0245162	-0.729377	0.683673	-3.14601	0.03391	-0.07601	0	100
flip_land_early	120	-2.96	426.27	93.03	-5.331	1644.81	-136.791	-0.00911245	0.720011	0.693902	-0.0251538	-0.693877	0.719654	-2.99701	0.03221	-0.07231	0	100
flip_land_early	122	-3.04	453.69	90.63	-5.331	1645.62	-146.861	-0.00793774	0.75264	0.658384	-0.0254582	-0.658344	0.752287	-2.85491	0.03061	-0.06881	0	100
flip_land_early	124	-3.12	481.13	88.05	-5.331	1646.45	-156.971	-0.00674798	0.782024	0.623211	-0.025778	-0.623154	0.781674	-2.71961	0.02901	-0.06541	0	100
flip_land_early	126	-3.2	508.58	85.31	-5.331	1647.32	-167.121	-0.0056588	0.808524	0.588437	-0.0261743	-0.588364	0.808172	-2.59071	0.02761	-0.06221	0	100
flip_land_early	128	-3.28	536.05	82.39	-5.331	1648.22	-177.311	-0.00454847	0.832308	0.554294	-0.0264008	-0.554207	0.83196	-2.46801	0.02621	-0.05921	0	100
flip_land_early	130	-3.36	563.53	79.31	-5.331	1649.14	-187.521	-0.00351924	0.853653	0.52083	-0.02642	-0.520731	0.853312	-2.35101	0.02481	-0.05631	0	100
flip_land_early	132	-3.44	591.03	76.05	-5.331	1650.09	-197.771	-0.00259377	0.872717	0.48822	-0.0265409	-0.488109	0.872379	-2.23961	0.02361	-0.05351	0	100
flip_land_early	134	-3.52	618.54	72.63	-5.331	1651.06	-208.061	-0.00162073	0.889748	0.456449	-0.0265853	-0.456327	0.889415	-2.13351	0.02241	-0.05091	0	100
flip_land_early	136	-3.6	646.07	69.03	-5.331	1652.04	-218.391	-0.000694051	0.904848	0.425734	-0.0268025	-0.425598	0.904515	-2.03241	0.02121	-0.04841	0	100
flip_land_early	138	-3.68	673.62	65.26	-5.331	1653.04	-228.751	8.80813e-05	0.918281	0.39593	-0.0266877	-0.395787	0.917955	-1.93601	0.02011	-0.04601	0	100
flip_land_early	140	-3.76	701.18	61.32	-5.331	1654.06	-239.141	0.000891773	0.930134	0.367219	-0.0267142	-0.367066	0.929811	-1.84431	0.01911	-0.04371	0	100
flip_land_early	142	-3.84	728.76	57.2	-5.331	1655.09	-249.571	0.00171346	0.940635	0.339416	-0.0266927	-0.339253	0.940316	-1.75691	0.01811	-0.04151	0	100
flip_land_early	144	-3.92	756.36	52.91	-5.321	1656.13	-260.021	0.00236767	0.949826	0.312771	-0.0265665	-0.312602	0.949513	-1.67361	0.01711	-0.03951	0	100
flip_land_early	146	-4	783.98	48.45	-5.301	1657.18	-270.511	0.00312252	0.957904	0.287072	-0.0265308	-0.286893	0.957595	-1.59421	0.01621	-0.03751	0	100
flip_land_early	148	-4.08	811.61	43.81	-5.281	1658.24	-281.021	0.00370047	0.964936	0.26246	-0.0265057	-0.262275	0.964629	-1.51861	0.01541	-0.03561	0	100
flip_land_early	150	-4.16	839.26	38.99	-5.261	1659.3	-291.561	0.00437569	0.971061	0.238793	-0.0263834	-0.2386	0.970759	-1.44661	0.01461	-0.03381	0	100
flip_land_early	152	-4.21	866.92	34.05	-2.001	1659.79	-297.901	0.00440143	0.976772	0.214234	-0.024931	-0.214063	0.976502	-1.59951	0.12251	0.04161	0	100
flip_land_early	154	-4.19	894.58	29.19	1.851	1659.75	-288.471	0.00330029	0.983519	0.180777	-0.0214095	-0.180667	0.983311	-2.22171	0.21241	0.12121	0	100
flip_land_early	156	-4.12	922.24	24.62	4.231	1659.73	-269.091	0.00142518	0.991017	0.133726	-0.0168735	-0.133683	0.990881	-3.08181	0.25741	0.16571	0	100
flip_land_early	158	-4.03	949.9	20.58	5.781	1659.71	-226.611	-0.000764673	0.996919	0.07844	-0.0123072	-0.0784434	0.996843	-3.13121	0.25961	0.14451	1	100
flip_land_early	160	-3.93	977.56	17.63	5.791	1659.71	-160.511	-0.00229934	0.99932	0.0368072	-0.00825622	-0.036825	0.999288	-2.29331	0.22531	0.09711	1	100
flip_land_early	162	-3.86	1005.22	16	3.841	1659.69	-81.051	-0.00345138	0.999993	0.00124636	-0.00555632	-0.00126552	0.999984	-1.99661	0.14321	0.06381	1	100
flip_land_early	164	-3.81	1032.88	15.53	2.581	1659.68	-12.311	-0.00431406	0.999927	-0.0113129	0.000718176	0.0113161	0.999936	-0.34891	0.23961	0.04701	1	100
flip_land_early	166	-3.8	1060.54	15.65	-0.311	1659.66	10.781	-0.004985	0.999917	-0.0118881	0.00176231	0.011897	0.999928	0.01461	0.02301	0.03621	1	100
flip_land_early	168	-3.83	1088.2	15.88	-2.871	1659.64	13.971	-0.00546445	0.999919	-0.0115046	0.0017587	0.0115144	0.999932	0.02381	-0.00461	0.02761	1	100
flip_land_early	170	-3.9	1115.86	16.11	-4.921	1659.62	13.701	-0.00584794	0.999921	-0.0111211	0.00156479	0.0111305	0.999937	0.02231	-0.01401	0.02111	1	100
flip_land_early	172	-4	1143.52	16.32	-6.521	1659.6	12.031	-0.00613547	0.999924	-0.0107377	0.00127632	0.0107457	0.999941	0.01891	-0.01641	0.01611	1	100
flip_land_early	174	-4.12	1171.18	16.49	-7.761	1659.58	9.911	-0.00632728	0.999925	-0.0104501	0.000988466	0.0104565	0.999945	0.01521	-0.01551	0.01231	1	100
flip_land_early	176	-4.26	1198.84	16.63	-8.721	1659.56	7.871	-0.00651897	0.999926	-0.0102583	0.000795969	0.0102637	0.999947	0.01201	-0.01331	0.00931	1	100
flip_land_early	178	-4.42	1226.5	16.74	-9.441	1659.54	6.031	-0.00661494	0.999927	-0.0101624	0.000603874	0.0101667	0.999948	0.00931	-0.01081	0.00711	1	100
flip_land_early	180	-4.58	1254.16	16.82	-9.981	1659.52	4.531	-0.00671079	0.999928	-0.00997071	0.000412444	0.0099737	0.99995	0.00721	-0.00851	0.00541	1	100
flip_land_early	182	-4.76	1281.82	16.88	-10.391	1659.5	3.351	-0.00680663	0.999928	-0.00987484	0.000316269	0.00987722	0.999951	0.00551	-0.00641	0.00411	1	100
flip_land_early	184	-4.94	1309.48	16.92	-10.701	1659.48	2.451	-0.00690247	0.999928	-0.00977897	0.000220112	0.00978072	0.999952	0.00401	-0.00481	0.00311	1	100
flip_land_early	186	-5.12	1337.14	16.95	-10.941	1659.47	1.771	-0.00690247	0.999928	-0.00977897	0.000124241	0.00978006	0.999952	0.00291	-0.00361	0.00231	1	100
flip_land_early	188	-5.3	1364.8	16.97	-11.111	1659.47	1.311	-0.00690248	0.999929	-0.0096831	0.000124902	0.00968419	0.999953	0.00211	-0.00271	0.00171	1	100
flip_land_early	190	-5.48	1392.46	16.99	-11.241	1659.47	0.961	-0.00699844	0.999929	-0.0096831	2.81017e-05	0.00968354	0.999953	0.00151	-0.00201	0.00131	1	100
flip_land_early	192	-5.66	1420.12	17.01	-11.351	1659.47	0.671	-0.00699844	0.999929	-0.0096831	2.81017e-05	0.00968354	0.999953	0.00101	-0.00151	0.00091	1	100
flip_land_early	194	-5.85	1447.78	17.01	-11.431	1659.47	0.441	-0.00699844	0.999929	-0.0096831	2.81017e-05	0.00968354	0.999953	0.00071	-0.00121	0.00071	1	100
flip_land_early	196	-6.05	1475.44	17.01	-11.481	1659.47	0.341	-0.00699844	0.99993	-0.00958723	2.87727e-05	0.00958767	0.999954	0.00051	-0.00101	0.00051	1	100
flip_land_early	198	-6.25	1503.1	17.01	-11.521	1659.47	0.291	-0.00699844	0.99993	-0.00958723	2.87727e-05	0.00958767	0.999954	0.00031	-0.00081	0.00031	1	100
flip_land_late	0	0	-1180.11	17	0	1191.24	0.091	-4.37114e-08	0.999999	-0.00115049	-5.02893e-11	0.00115049	0.999999	-0.08211	0.00011	0	1	100
flip_land_late	2	0	-1160.17	21.96	0	1197.82	299.801	-4.37113e-08	0.999997	-0.00249272	-1.0896e-10	0.00249272	0.999997	-0.08191	0.00011	0	0	100
flip_land_late	4	0	-1140.13	26.95	0	1203.96	295.691	-4.37111e-08	0.999993	-0.00383494	-1.67631e-10	0.00383494	0.999993	-0.08171	0.00011	0	1	100
flip_land_late	6	0	-1119.99	31.68	0	1209.98	279.431	-4.37108e-08	0.999986	-0.00527303	-2.30492e-10	0.00527303	0.999986	-0.08151	0.00011	0	1	100
flip_land_late	8	0	-1099.82	36.16	0	1210.53	265.881	-4.37104e-08	0.999978	-0.00661524	-2.89162e-10	0.00661524	0.999978	-0.07951	0.00011	0	0	100
flip_land_late	10	0	-1079.63	40.46	0	1211.63	255.041	-4.371e-08	0.999969	-0.00786157	-3.4364e-10	0.00786157	0.999969	-0.07571	0.00011	0	0	100
flip_land_late	12	0	-1059.42	44.57	0	1212.73	244.181	-4.37096e-08	0.999959	-0.00901201	-3.93928e-10	0.00901201	0.999959	-0.07201	0.00011	0	0	100
flip_land_late	14	0	-1039.19	48.5	0	1213.83	233.321	-4.37091e-08	0.999948	-0.0101624	-4.44215e-10	0.0101624	0.999948	-0.06851	0.00011	0	0	100
flip_land_late	16	0	-1018.95	52.25	0	1214.93	222.461	-4.37086e-08	0.999936	-0.0113129	-4.94501e-10	0.0113129	0.999936	-0.06521	0.00011	0	0	100
flip_land_late	18	0	-998.69	55.82	0	1216.03	211.601	-4.3708e-08	0.999924	-0.0123674	-5.40596e-10	0.0123674	0.999924	-0.06201	0.00011	0	0	100
flip_land_late	20	0	-978.41	59.21	0	1217.13	200.741	-4.37075e-08	0.999911	-0.0133261	-5.82501e-10	0.0133261	0.999911	-0.05901	0.00011	0	0	100
flip_land_late	22	0	-958.11	62.42	0	1218.23	189.881	-4.37069e-08	0.999898	-0.0142847	-6.24404e-10	0.0142847	0.999898	-0.05611	0.00011	0	0	100
flip_land_late	24	0	-937.79	65.45	0	1219.33	179.021	-4.37064e-08	0.999885	-0.0151475	-6.62117e-10	0.0151475	0.999885	-0.05331	0.00011	0	0	100
flip_land_late	26	0	-917.45	68.3	0	1220.43	168.161	-4.37058e-08	0.999872	-0.0160102	-6.9983e-10	0.0160102	0.999872	-0.05071	0.00011	0	0	100
flip_land_late	28	0	-897.1	70.97	0	1221.53	157.301	-4.37052e-08	0.999858	-0.016873	-7.37542e-10	0.016873	0.999858	-0.04821	0.00011	0	0	100
flip_land_late	30	0	-876.73	73.46	0	1222.63	146.441	-4.37046e-08	0.999844	-0.0176399	-7.71063e-10	0.0176399	0.999844	-0.04581	0.00011	0	0	100
flip_land_late	32	0	-856.34	75.77	0	1223.73	135.581	-4.3704e-08	0.999831	-0.0184067	-8.04584e-10	0.0184067	0.999831	-0.04361	0.00011	0	0	100
flip_land_late	34	0	-835.93	77.89	0	1224.83	124.721	-4.37034e-08	0.999818	-0.0190777	-8.33914e-10	0.0190777	0.999818	-0.04141	0.00011	0	0	100
flip_land_late	36	0	-815.5	79.83	0	1225.93	113.861	-4.37029e-08	0.999805	-0.0197487	9.58729e-05	0.0197487	0.999805	-0.03941	0.00011	0	0	100
flip_land_late	38	0	-795.05	81.59	0	1227.03	103.001	-4.37024e-08	0.999793	-0.0203238	9.58729e-05	0.0203238	0.999793	-0.03741	0.00011	0	0	100
flip_land_late	40	0	-774.59	83.17	0	1228.13	92.141	-4.37018e-08	0.99978	-0.0209948	9.58729e-05	0.0209948	0.99978	-0.03561	0.00011	0	0	100
flip_land_late	42	0	-754.11	84.57	0	1229.23	81.281	-4.37012e-08	0.999767	-0.0215699	9.58729e-05	0.0215699	0.999767	-0.03381	0.00011	0	0	100
flip_land_late	44	0	-733.61	85.79	0	1230.33	70.421	-4.37008e-08	0.999757	-0.0220492	9.58728e-05	0.0220492	0.999757	-0.03211	0.00011	0	0	100
flip_land_late	46	0	-713.09	86.83	0	1231.43	59.561	-4.37002e-08	0.999744	-0.0226243	9.58728e-05	0.0226243	0.999744	-0.03051	0.00011	0	0	100
flip_land_late	48	0	-692.55	87.69	0	1232.53	48.701	-4.36997e-08	0.999733	-0.0231035	9.58728e-05	0.0231035	0.999733	-0.02891	0.00011	0	0	100
flip_land_late	50	0	-671.99	88.37	0	1233.63	37.841	-4.36992e-08	0.999722	-0.0235828	9.58728e-05	0.0235828	0.999722	-0.02751	0.00011	0	0	100
flip_land_late	52	0	-651.42	88.86	0	1234.73	26.981	-4.36988e-08	0.999713	-0.0239662	9.58728e-05	0.0239662	0.999713	-0.02611	0.00011	0	0	100
flip_land_late	54	0	-630.83	89.17	0	1235.83	16.121	-4.36983e-08	0.999701	-0.0244454	9.58727e-05	0.0244454	0.999701	-0.02481	0.00011	0	0	100
flip_land_late	56	0	-610.22	89.3	0	1236.93	5.261	-4.36979e-08	0.999692	-0.0248288	9.58727e-05	0.0248288	0.999692	-0.02361	0.00011	0	0	100
flip_land_late	58	0	-589.59	89.25	0	1238.03	-5.591	-4.36975e-08	0.999682	-0.0252121	9.58727e-05	0.0252121	0.999682	-0.02241	0.00011	0	0	100
flip_land_late	60	0	-560.61	89.02	0	1739.13	-16.461	-4.35987e-08	0.997423	-0.0717478	9.58707e-05	0.0717478	0.997423	-3.70991	0	0.00021	0	100
flip_land_late	62	0	-531.61	88.61	0	1740.23	-27.391	-4.30227e-08	0.984244	-0.176815	9.58661e-05	0.176815	0.984244	-5.50001	0	0.00031	0	100
flip_land_late	64	0	-502.59	88.02	0	1741.31	-38.441	-4.17802e-08	0.95582	-0.293952	9.5861e-05	0.293952	0.95582	-5.50001	0	0.00031	0	100
flip_land_late	66	0	-473.55	87.24	0	1742.36	-49.631	-3.99308e-08	0.913509	-0.406818	9.5856e-05	0.406818	0.913509	-5.50001	0	0.00031	0	100
flip_land_late	68	0	-444.5	86.27	0	1743.35	-60.941	-3.75011e-08	0.857926	-0.513774	9.58513e-05	0.513774	0.857926	-5.50001	0	0.00031	0	100
flip_land_late	70	0	-415.43	85.11	0	1744.27	-72.371	-3.45292e-08	0.789936	-0.613189	9.5847e-05	0.613189	0.789936	-5.50001	0	0.00031	0	100
flip_land_late	72	0	-386.35	83.76	0	1745.11	-83.901	-6.81208e-05	0.710421	-0.703777	2.839e-05	0.703777	0.710421	-5.50001	0	0.00031	0	100
flip_land_late	74	0	-357.25	82.21	0	1745.87	-95.531	-5.95065e-05	0.620584	-0.78414	2.06842e-05	0.78414	0.620584	-5.50001	0	0.00031	0	100
flip_land_late	76	0	-328.15	80.48	0	1746.52	-107.251	-5.00355e-05	0.521812	-0.853061	1.40755e-05	0.853061	0.521812	-5.50001	0	0.00031	0	100
flip_land_late	78	0	-299.03	79.39	0	1747.07	-55.041	-7.96424e-05	0.415383	-0.909647	-7.85348e-05	0.909647	0.415383	-5.50001	0	0.00031	0	100
flip_land_late	80	0	-269.91	78.76	0	1747.5	-33.031	-5.80795e-05	0.30292	-0.953016	-8.68501e-05	0.953016	0.30292	-5.50001	0	0.00031	0	100
flip_land_late	82	0	-240.79	78.33	0	1747.79	-23.771	-5.35051e-05	0.186055	-0.982539	-0.000186681	0.982539	0.186055	-5.50001	0	0.00031	0	100
flip_land_late	84	0	-211.65	77.98	0	1747.96	-19.881	-5.74532e-05	0.066583	-0.997781	1.89848e-06	0.997781	0.066583	-5.50001	0	0.00031	0	100
flip_land_late	86	0	-182.51	77.67	0	1747.99	-18.251	-6.20721e-05	-0.0539507	-0.998544	9.41807e-05	0.998544	-0.0539507	-5.50001	0	0.00031	0	100
flip_land_late	88	-0.05	-154.33	80.62	-5.911	1676.24	217.031	0.0261462	-0.147657	-0.988693	0.0235035	0.988848	-0.147059	-5.47081	0.06381	0.14301	0	100
flip_land_late	90	-0.15	-126.39	84.09	-5.871	1676.03	205.101	0.0246319	-0.265202	-0.963878	0.0223018	0.964077	-0.264686	-5.49941	0.07811	0.00091	0	100
flip_land_late	92	-0.25	-98.46	87.36	-5.831	1675.7	193.191	0.0225708	-0.379265	-0.925013	0.0232314	0.925198	-0.378774	-5.49891	0.07741	-0.07551	0	100
flip_land_late	94	-0.35	-70.54	90.43	-5.791	1675.24	181.341	0.0200748	-0.487807	-0.872721	0.0245893	0.872874	-0.487327	-5.49821	0.07271	-0.11611	0	100
flip_land_late	96	-0.45	-42.62	93.3	-5.761	1674.66	169.541	0.017236	-0.589269	-0.807753	0.0262253	0.807861	-0.588789	-5.49781	0.06781	-0.13741	0	100
flip_land_late	98	-0.55	-14.72	95.98	-5.741	1673.97	157.821	0.0141283	-0.682139	-0.731086	0.0278042	0.731145	-0.681656	-5.49761	0.06401	-0.14851	0	100
flip_land_late	100	-0.65	13.17	98.47	-5.721	1673.18	146.191	0.0107844	-0.765153	-0.643758	0.0289831	0.643764	-0.764675	-5.49741	0.06131	-0.15421	0	100
flip_land_late	102	-0.75	41.05	100.76	-5.701	1672.3	134.661	0.00722274	-0.837041	-0.547092	0.030076	0.54704	-0.836566	-5.49741	0.05951	-0.15711	0	100
flip_land_late	104	-0.85	68.91	102.86	-5.681	1671.34	123.241	0.00361105	-0.896766	-0.442489	0.0307143	0.442383	-0.8963	-5.49741	0.05841	-0.15861	0	100
flip_land_late	106	-0.95	96.75	104.77	-5.671	1670.32	111.931	-9.04671e-05	-0.943466	-0.331468	0.0308982	0.331307	-0.943017	-5.49731	0.05771	-0.15931	0	100
flip_land_late	108	-1.05	124.57	106.5	-5.671	1669.25	100.761	-0.00383836	-0.976466	-0.215639	0.0306594	0.215424	-0.976039	-5.49731	0.05731	-0.15971	0	100
flip_land_late	110	-1.15	152.38	108.04	-5.671	1668.15	89.711	-0.00753845	-0.995287	-0.0966813	0.0299684	0.0964157	-0.99489	-5.49731	0.05711	-0.15991	0	100
flip_land_late	112	-1.25	180.17	109.4	-5.671	1667.03	78.801	-0.0110222	-0.999659	0.0236786	0.0288788	-0.0239884	-0.999295	-5.49731	0.05701	-0.16001	0	100
flip_land_late	114	-1.35	207.94	110.58	-5.671	1665.91	68.021	-0.014421	-0.989517	0.143695	0.0273327	-0.144046	-0.989193	-5.49731	0.05701	-0.16001	0	100
flip_land_late	116	-1.45	235.69	111.58	-5.671	1664.81	57.371	-0.0176731	-0.965007	0.261627	0.0254021	-0.262017	-0.964729	-5.49731	0.05701	-0.16001	0	100
flip_land_late	118	-1.55	263.42	112.4	-5.691	1663.74	46.851	-0.0205214	-0.926452	0.375853	0.0231146	-0.376271	-0.926221	-5.49731	0.05701	-0.16001	0	100
flip_land_late	120	-1.65	291.14	113.05	-5.711	1662.71	36.461	-0.0231448	-0.874466	0.484534	0.0204376	-0.484976	-0.874288	-5.49731	0.05691	-0.16001	0	100
flip_land_late	122	-1.75	318.84	113.53	-5.731	1661.75	26.191	-0.0254731	-0.809776	0.586186	0.0175086	-0.586648	-0.809653	-5.49731	0.05691	-0.16001	0	100
flip_land_late	124	-1.85	346.52	113.84	-5.751	1660.87	16.021	-0.0273641	-0.733383	0.679265	0.0145381	-0.67974	-0.733309	-5.49731	0.05681	-0.16001	0	100
flip_land_late	126	-1.95	374.19	113.98	-5.771	1660.07	5.961	-0.0288924	-0.646262	0.762569	0.0110729	-0.763047	-0.646248	-5.49731	0.05681	-0.16001	0	100
flip_land_late	128	-2.05	401.85	113.96	-5.791	1659.37	-4.011	-0.0300225	-0.549799	0.834757	0.00765492	-0.835236	-0.549839	-5.49731	0.05681	-0.16001	0	100
flip_land_late	130	-2.15	429.5	113.82	-5.811	1658.78	-9.841	-0.0307016	-0.445297	0.894856	0.00386108	-0.895325	-0.445398	-5.49731	0.05681	-0.16011	0	100
flip_land_late	132	-2.25	457.14	113.63	-5.831	1658.31	-12.251	-0.0309277	-0.334379	0.941931	0.000246563	-0.942384	-0.334532	-5.49731	0.05681	-0.16011	0	100
flip_land_late	134	-2.35	484.78	113.41	-5.851	1657.96	-13.231	-0.0306989	-0.21864	0.975323	-0.00359742	-0.975752	-0.21885	-5.49731	0.05681	-0.16011	0	100
flip_land_late	136	-2.45	512.41	113.19	-5.871	1657.74	-13.621	-0.0300529	-0.0996902	0.994565	-0.0072185	-0.994966	-0.0999486	-5.49731	0.05681	-0.16011	0	100
flip_land_late	138	-2.55	540.03	112.93	-5.891	1657.65	-18.571	-0.0290691	0.00516752	0.999564	-0.0103291	-0.999935	0.00486904	-5.36551	0.05541	-0.15621	0	100
flip_land_late	140	-2.65	567.65	112.49	-5.911	1657.67	-28.291	-0.0280918	0.0913127	0.995426	-0.0128813	-0.995769	0.0909807	-5.11131	0.05271	-0.14871	0	100
flip_land_late	142	-2.75	595.27	111.89	-5.931	1657.79	-38.011	-0.0269294	0.172747	0.984598	-0.0150901	-0.984913	0.17239	-4.86911	0.05011	-0.14161	0	100
flip_land_late	144	-2.85	622.91	111.13	-5.951	1657.99	-47.751	-0.0256626	0.249281	0.968091	-0.0170509	-0.968378	0.248903	-4.63851	0.04771	-0.13491	0	100
flip_land_late	146	-2.95	650.55	110.21	-5.971	1658.27	-57.501	-0.0243102	0.320762	0.946848	-0.0190519	-0.947105	0.320359	-4.41871	0.04531	-0.12841	0	100
flip_land_late	148	-3.05	678.19	109.13	-5.991	1658.63	-67.281	-0.0228903	0.387139	0.921737	-0.0208083	-0.921964	0.386717	-4.20941	0.04311	-0.12231	0	100
flip_land_late	150	-3.15	705.84	107.89	-6.011	1659.07	-77.091	-0.0214382	0.448671	0.89344	-0.0221398	-0.893639	0.44824	-4.01001	0.04091	-0.11641	0	100
flip_land_late	152	-3.25	733.5	106.49	-6.031	1659.58	-86.931	-0.0199696	0.505296	0.862715	-0.0236273	-0.862885	0.504848	-3.82001	0.03891	-0.11081	0	100
flip_land_late	154	-3.35	761.16	104.91	-6.051	1660.15	-96.801	-0.0184922	0.557255	0.830136	-0.024608	-0.83028	0.556803	-3.63901	0.03691	-0.10551	0	100
flip_land_late	156	-3.45	788.84	103.17	-6.071	1660.78	-106.711	-0.0169965	0.604891	0.796127	-0.0257559	-0.796243	0.604429	-3.46651	0.03511	-0.10041	0	100
flip_land_late	158	-3.55	816.53	101.27	-6.091	1661.45	-116.661	-0.0155424	0.648328	0.761202	-0.0266163	-0.761293	0.647862	-3.30231	0.03331	-0.09561	0	100
flip_land_late	160	-3.65	844.23	99.2	-6.091	1662.18	-126.651	-0.0141135	0.687797	0.725766	-0.0273826	-0.725832	0.687327	-3.14581	0.03171	-0.09101	0	100
flip_land_late	162	-3.75	871.94	96.96	-6.091	1662.95	-136.681	-0.0127663	0.723605	0.690096	-0.0281824	-0.690138	0.723128	-2.99681	0.03011	-0.08661	0	100
flip_land_late	164	-3.85	899.66	94.56	-6.091	1663.76	-146.751	-0.0113802	0.755995	0.654479	-0.0286838	-0.654498	0.755519	-2.85481	0.02851	-0.08241	0	100
flip_land_late	166	-3.95	927.4	91.98	-6.091	1664.6	-156.861	-0.0100889	0.785264	0.619079	-0.0291439	-0.619078	0.784788	-2.71951	0.02711	-0.07841	0	100
flip_land_late	168	-4.05	955.16	89.24	-6.091	1665.47	-167.011	-0.00887069	0.811586	0.584165	-0.0295623	-0.584145	0.81111	-2.59061	0.02571	-0.07461	0	100
flip_land_late	170	-4.15	982.93	86.33	-6.091	1666.37	-177.201	-0.00760718	0.835197	0.549898	-0.0298842	-0.549858	0.834724	-2.46791	0.02441	-0.07101	0	100
flip_land_late	172	-4.25	1010.71	83.25	-6.091	1667.3	-187.431	-0.00648628	0.85637	0.516321	-0.0301193	-0.516265	0.855899	-2.35091	0.02321	-0.06761	0	100
flip_land_late	174	-4.35	1038.51	80	-6.091	1668.25	-197.691	-0.0052867	0.875267	0.483611	-0.0303421	-0.483535	0.874799	-2.23951	0.02201	-0.06431	0	100
flip_land_late	176	-4.45	1066.33	76.58	-6.091	1669.22	-207.981	-0.00427644	0.89209	0.451836	-0.0306178	-0.451746	0.891621	-2.13341	0.02081	-0.06111	0	100
flip_land_late	178	-4.55	1094.16	72.98	-6.091	1670.21	-218.311	-0.00321773	0.907075	0.420957	-0.0307153	-0.42085	0.90661	-2.03231	0.01981	-0.05811	0	100
flip_land_late	180	-4.65	1122.01	69.21	-6.091	1671.21	-228.681	-0.00220588	0.920316	0.39117	-0.0308875	-0.391047	0.919852	-1.93591	0.01881	-0.05531	0	100
flip_land_late	182	-4.75	1149.88	65.27	-6.091	1672.23	-239.081	-0.00134036	0.932057	0.362309	-0.0308248	-0.362176	0.9316	-1.84421	0.01781	-0.05261	0	100
flip_land_late	184	-4.85	1177.76	61.15	-6.091	1673.26	-249.511	-0.000451763	0.942381	0.334542	-0.0308978	-0.334395	0.941926	-1.75681	0.01681	-0.05001	0	100
flip_land_late	186	-4.95	1205.66	56.86	-6.091	1674.3	-259.971	0.000456133	0.951435	0.30785	-0.0309181	-0.307689	0.950985	-1.67361	0.01601	-0.04751	0	100
flip_land_late	188	-5.05	1233.58	52.4	-6.091	1675.35	-270.461	0.00119578	0.959382	0.282109	-0.0308346	-0.28194	0.958937	-1.59421	0.01521	-0.04511	0	100
flip_land_late	190	-5.15	1261.52	47.76	-6.091	1676.41	-280.981	0.00203814	0.966287	0.257461	-0.0308342	-0.257278	0.965845	-1.51861	0.01441	-0.04291	0	100
flip_land_late	192	-5.25	1289.47	42.94	-6.071	1677.47	-291.531	0.00270336	0.97229	0.233762	-0.0307494	-0.233572	0.971853	-1.44661	0.01361	-0.04071	0	100
flip_land_late	194	-5.35	1317.44	37.95	-6.051	1678.55	-302.101	0.0033736	0.977449	0.211143	-0.0307322	-0.210943	0.977015	-1.37801	0.01281	-0.03871	0	100
flip_land_late	196	-5.41	1345.42	32.87	-2.481	1679.05	-305.121	0.00348506	0.982426	0.18662	-0.0284614	-0.186448	0.982052	-1.59831	0.16681	0.04521	0	100
flip_land_late	198	-5.4	1373.4	27.93	1.601	1679.01	-292.641	0.00246372	0.988357	0.152134	-0.0243452	-0.15203	0.988076	-2.29131	0.25341	0.12501	0	100
sideflip_land	0	0	-1180.11	17	0	1191.24	0.091	-4.37114e-08	0.999999	-0.00115049	-5.02893e-11	0.00115049	0.999999	-0.08211	0	-0.00011	1	100
sideflip_land	2	0	-1160.17	21.96	0	1197.82	299.801	-4.37113e-08	0.999997	-0.00249272	-1.0896e-10	0.00249272	0.999997	-0.08191	0	0	0	100
sideflip_land	4	0	-1140.13	26.95	0	1203.96	295.691	-4.37111e-08	0.999993	-0.00383494	-1.67631e-10	0.00383494	0.999993	-0.08171	0	0	1	100
sideflip_land	6	0	-1119.99	31.68	0	1209.98	279.431	-4.37108e-08	0.999986	-0.00527303	-2.30492e-10	0.00527303	0.999986	-0.08151	0	0	1	100
sideflip_land	8	0	-1099.82	36.16	0	1210.53	265.881	-4.37104e-08	0.999978	-0.00661524	-2.89162e-10	0.00661524	0.999978	-0.07951	0	0	0	100
sideflip_land	10	0	-1079.63	40.46	0	1211.63	255.041	-4.371e-08	0.999969	-0.00786157	-3.4364e-10	0.00786157	0.999969	-0.07571	0	0	0	100
sideflip_land	12	0	-1059.42	44.57	0	1212.73	244.181	-4.37096e-08	0.999959	-0.00901201	-3.93928e-10	0.00901201	0.999959	-0.07201	0	0	0	100
sideflip_land	14	0	-1039.19	48.5	0	1213.83	233.321	-4.37091e-08	0.999948	-0.0101624	-4.44215e-10	0.0101624	0.999948	-0.06851	0	0	0	100
sideflip_land	16	0	-1018.95	52.25	0	1214.93	222.461	-4.37086e-08	0.999936	-0.0113129	-4.94501e-10	0.0113129	0.999936	-0.06521	0	0	0	100
sideflip_land	18	0	-998.69	55.82	0	1216.03	211.601	-4.3708e-08	0.999924	-0.0123674	-5.40596e-10	0.0123674	0.999924	-0.06201	0	0	0	100
sideflip_land	20	0	-978.41	59.21	0	1217.13	200.741	-4.37075e-08	0.999911	-0.0133261	-5.82501e-10	0.0133261	0.999911	-0.05901	0	0	0	100
sideflip_land	22	0	-958.11	62.42	0	1218.23	189.881	-4.37069e-08	0.999898	-0.0142847	-6.24404e-10	0.0142847	0.999898	-0.05611	0	0	0	100
sideflip_land	24	0	-937.79	65.45	0	1219.33	179.021	-4.37063e-08	0.999884	-0.0152433	-6.66308e-10	0.0152433	0.999884	-0.05331	0	0	0	100
sideflip_land	26	0	-917.45	68.3	0	1220.43	168.161	-4.37058e-08	0.999872	-0.0160102	-6.9983e-10	0.0160102	0.999872	-0.05071	0	0	0	100
sideflip_land	28	0	-897.1	70.97	0	1221.53	157.301	-4.37052e-08	0.999858	-0.016873	-7.37542e-10	0.016873	0.999858	-0.04821	0	0	0	100
sideflip_land	30	0	-876.73	73.46	0	1222.63	146.441	-4.37046e-08	0.999844	-0.0176399	-7.71063e-10	0.0176399	0.999844	-0.04581	0	0	0	100
sideflip_land	32	0	-856.34	75.77	0	1223.73	135.581	-4.3704e-08	0.999831	-0.0184067	-8.04584e-10	0.0184067	0.999831	-0.04361	0	0	0	100
sideflip_land	34	0	-835.93	77.89	0	1224.83	124.721	-4.37034e-08	0.999818	-0.0190777	-8.33914e-10	0.0190777	0.999818	-0.04141	0	0	0	100
sideflip_land	36	12.32	-815.5	79.83	739.131	1225.93	113.861	0.00191706	0.999803	-0.0197487	0.053414	0.0196182	0.99838	-0.03951	4.24301	-0.23341	0	100
sideflip_land	38	24.64	-795.05	81.59	739.131	1227.03	103.001	0.00594289	0.999766	-0.0208031	0.166734	0.0195216	0.985809	-0.02511	5.49111	-0.31151	0	100
sideflip_land	40	36.96	-774.59	83.17	739.131	1228.13	92.141	0.00872233	0.999723	-0.0218575	0.287427	0.0184293	0.957625	0.00481	5.49561	-0.21941	0	100
sideflip_land	42	49.28	-754.11	84.57	739.131	1229.23	81.281	0.010064	0.999696	-0.0225284	0.40385	0.0165469	0.914676	0.02641	5.49721	-0.17301	0	100
sideflip_land	44	61.6	-733.61	85.79	739.131	1230.33	70.421	0.0107348	0.99968	-0.0229118	0.513955	0.0141388	0.857701	0.04071	5.49781	-0.15011	0	100
sideflip_land	46	73.92	-713.09	86.83	739.131	1231.43	59.561	0.0111181	0.999669	-0.0231994	0.616228	0.0114216	0.787485	0.04961	5.49801	-0.13901	0	100
sideflip_land	48	86.24	-692.55	87.69	739.131	1232.53	48.701	0.0112139	0.999664	-0.0233911	0.70894	0.00854868	0.705217	0.05511	5.49801	-0.13381	0	100
sideflip_land	50	98.56	-671.99	88.37	739.131	1233.63	37.841	0.0113098	0.99966	-0.0234869	0.790812	0.00543274	0.612035	0.05821	5.49811	-0.13151	0	100
sideflip_land	52	110.88	-651.42	88.86	739.131	1234.73	26.981	0.0113098	0.999658	-0.0235828	0.86046	0.00228492	0.509513	0.06001	5.49811	-0.13051	0	100
sideflip_land	54	123.2	-630.83	88.98	739.131	1235.83	2.431	0.0113098	0.999658	-0.0235828	0.916918	-0.000959201	0.399074	0.06101	5.49811	-0.13001	0	100
sideflip_land	56	135.52	-610.22	88.88	739.131	1236.93	-7.921	0.0113098	0.999658	-0.0235828	0.959261	-0.00418855	0.28249	0.06151	5.49811	-0.12981	0	100
sideflip_land	58	147.84	-589.59	88.69	739.131	1238.03	-12.301	0.0113098	0.999658	-0.0235828	0.98682	-0.00735102	0.161652	0.06181	5.49811	-0.12981	0	100
sideflip_land	60	160.16	-568.94	88.46	739.131	1239.13	-14.151	0.0113098	0.999658	-0.0235828	0.999215	-0.0104028	0.0382337	0.06201	5.49811	-0.12981	0	100
sideflip_land	62	172.48	-548.27	88.22	739.131	1240.23	-14.931	0.0113098	0.999658	-0.0235828	0.996234	-0.0132922	-0.0856779	0.06211	5.49811	-0.12981	0	100
sideflip_land	64	184.8	-527.59	87.96	739.131	1241.33	-15.261	0.0113098	0.999658	-0.0235828	0.97792	-0.0159794	-0.208366	0.06211	5.49811	-0.12981	0	100
sideflip_land	66	197.12	-506.89	87.7	739.131	1242.43	-15.401	0.0113098	0.999658	-0.0235828	0.944583	-0.0184187	-0.327756	0.06211	5.49811	-0.12981	0	100
sideflip_land	68	209.44	-486.17	87.44	739.131	1243.53	-15.461	0.0113098	0.999658	-0.0235828	0.896683	-0.0205765	-0.442194	0.06211	5.49811	-0.12981	0	100
sideflip_land	70	221.76	-465.43	87.18	739.131	1244.63	-15.481	0.0113098	0.999658	-0.0235828	0.834979	-0.0224175	-0.549825	0.06211	5.49811	-0.12981	0	100
sideflip_land	72	234.08	-444.67	86.92	739.131	1245.73	-15.491	0.0113098	0.999658	-0.0235828	0.760483	-0.0239123	-0.648917	0.06211	5.49811	-0.12981	0	100
sideflip_land	74	246.4	-423.89	86.66	739.131	1246.83	-15.491	0.0113098	0.999658	-0.0235828	0.674226	-0.0250404	-0.7381	0.06211	5.49811	-0.12981	0	100
sideflip_land	76	258.72	-403.1	86.4	739.131	1247.93	-15.491	0.0113097	0.999656	-0.0236786	0.577667	-0.0258607	-0.815863	0.06211	5.49811	-0.12981	0	100
sideflip_land	78	271.04	-382.29	86.14	739.131	1249.03	-15.491	0.0113097	0.999656	-0.0236786	0.472145	-0.0262128	-0.881131	0.06211	5.49811	-0.12981	0	100
sideflip_land	80	283.36	-361.46	85.88	739.131	1250.13	-15.491	0.0113097	0.999656	-0.0236786	0.359443	-0.0261616	-0.9328	0.06211	5.49811	-0.12981	0	100
sideflip_land	82	295.68	-340.61	85.62	739.131	1251.23	-15.491	0.0113097	0.999656	-0.0236786	0.241123	-0.0257078	-0.970154	0.06211	5.49811	-0.12981	0	100
sideflip_land	84	308	-319.74	85.36	739.131	1252.33	-15.491	0.0113097	0.999656	-0.0236786	0.119092	-0.0248582	-0.992572	0.06211	5.49811	-0.12981	0	100
sideflip_land	86	320.32	-298.85	85.1	739.131	1253.43	-15.491	0.0113097	0.999656	-0.0236786	-0.00467775	-0.023627	-0.99971	0.06211	5.49811	-0.12981	0	100
sideflip_land	88	332.64	-277.95	84.84	739.131	1254.53	-15.491	0.0113097	0.999656	-0.0236786	-0.12847	-0.0220312	-0.991469	0.06211	5.49811	-0.12991	0	100
sideflip_land	90	344.96	-257.03	84.58	739.131	1255.63	-15.491	0.0113097	0.999656	-0.0236786	-0.250192	-0.0200979	-0.967988	0.06211	5.49811	-0.12991	0	100
sideflip_land	92	357.28	-236.09	84.32	739.131	1256.73	-15.491	0.0113097	0.999656	-0.0236786	-0.368158	-0.0178538	-0.929592	0.06211	5.49811	-0.12991	0	100
sideflip_land	94	369.6	-215.13	84.06	739.131	1257.83	-15.491	0.0113097	0.999656	-0.0236786	-0.480371	-0.0153369	-0.876931	0.06211	5.49811	-0.12991	0	100
sideflip_land	96	381.92	-194.15	83.8	739.131	1258.93	-15.491	0.0113097	0.999656	-0.0236786	-0.585278	-0.0125821	-0.810735	0.06201	5.49811	-0.12991	0	100
sideflip_land	98	394.24	-173.15	83.54	739.131	1260.03	-15.491	0.0112138	0.999657	-0.0236786	-0.681104	-0.00970121	-0.732123	0.06191	5.49811	-0.12991	0	100
sideflip_land	100	406.56	-152.14	83.28	739.131	1261.13	-15.491	0.0112138	0.999657	-0.0236786	-0.766523	-0.00661263	-0.642183	0.06191	5.49811	-0.12991	0	100
sideflip_land	102	418.88	-131.11	83.02	739.131	1262.23	-15.491	0.0112138	0.999657	-0.0236786	-0.840141	-0.00342225	-0.542357	0.06191	5.49811	-0.12991	0	100
sideflip_land	104	431.2	-110.06	82.76	739.131	1263.33	-15.491	0.0112138	0.999657	-0.0236786	-0.900784	-0.000181704	-0.434268	0.06181	5.49811	-0.12991	0	100
sideflip_land	106	443.52	-88.99	82.5	739.131	1264.43	-15.491	0.0112138	0.999657	-0.0236786	-0.947611	0.00306414	-0.319412	0.06181	5.49811	-0.12991	0	100
sideflip_land	108	455.84	-67.9	82.24	739.131	1265.53	-15.491	0.0112138	0.999657	-0.0236786	-0.97983	0.00626037	-0.199734	0.06181	5.49811	-0.12991	0	100
sideflip_land	110	468.16	-46.79	81.98	739.131	1266.63	-15.491	0.0112138	0.999657	-0.0236786	-0.996996	0.00936271	-0.076889	0.06181	5.49811	-0.12991	0	100
sideflip_land	112	480.48	-25.67	81.72	739.131	1267.73	-15.491	0.0112138	0.999657	-0.0236786	-0.998817	0.0123187	0.0470435	0.06181	5.49811	-0.12991	0	100
sideflip_land	114	492.8	-4.53	81.42	739.131	1268.83	-20.921	0.0112138	0.999657	-0.0236786	-0.988184	0.0146989	0.152565	0.05931	5.27841	-0.12471	0	100
sideflip_land	116	505.12	16.63	80.94	739.131	1269.93	-31.781	0.0112138	0.999657	-0.0236786	-0.972171	0.016441	0.233697	0.05461	4.86501	-0.11491	0	100
sideflip_land	118	517.44	37.81	80.27	739.131	1271.03	-42.641	0.0112138	0.999657	-0.0236786	-0.9515	0.0179484	0.307125	0.05031	4.48401	-0.10581	0	100
sideflip_land	120	529.76	59.01	79.42	739.131	1272.13	-53.501	0.0112138	0.999657	-0.0236786	-0.927528	0.019246	0.373259	0.04621	4.13281	-0.09741	0	100
sideflip_land	122	542.08	80.23	78.39	739.131	1273.23	-64.361	0.0112138	0.999657	-0.0236786	-0.901385	0.0203569	0.43254	0.04251	3.80921	-0.08971	0	100
sideflip_land	124	554.4	101.46	77.18	739.131	1274.33	-75.221	0.0112138	0.999657	-0.0236786	-0.873937	0.0213051	0.485571	0.03911	3.51091	-0.08261	0	100
sideflip_land	126	566.72	122.71	75.79	739.131	1275.43	-86.081	0.0112138	0.999657	-0.0236786	-0.845836	0.022113	0.532984	0.03601	3.23591	-0.07601	0	100
sideflip_land	128	579.04	143.98	74.22	739.131	1276.53	-96.941	0.0112138	0.999657	-0.0236786	-0.817712	0.0227969	0.575177	0.03311	2.98251	-0.06991	0	100
sideflip_land	130	591.36	165.27	72.47	739.131	1277.63	-107.801	0.011118	0.999658	-0.0236786	-0.789902	0.0233001	0.61279	0.03041	2.74891	-0.06441	0	100
sideflip_land	132	603.68	186.58	70.54	739.131	1278.73	-118.661	0.011118	0.999658	-0.0236786	-0.762723	0.0237913	0.646287	0.02791	2.53351	-0.05931	0	100
sideflip_land	134	616	207.91	68.43	739.131	1279.83	-129.521	0.011118	0.999658	-0.0236786	-0.736463	0.0242041	0.676044	0.02561	2.33511	-0.05461	0	100
sideflip_land	136	628.32	229.25	66.14	739.131	1280.93	-140.381	0.011118	0.999658	-0.0236786	-0.711203	0.0245512	0.702558	0.02351	2.15221	-0.05021	0	100
sideflip_land	138	640.64	250.61	63.66	739.131	1282.03	-151.241	0.011118	0.999658	-0.0236786	-0.687012	0.0248426	0.726221	0.02151	1.98361	-0.04611	0	100
sideflip_land	140	652.96	271.99	61	739.131	1283.13	-162.101	0.011118	0.999655	-0.0237745	-0.664114	0.0251567	0.747208	0.01971	1.82821	-0.04241	0	100
sideflip_land	142	665.28	293.39	58.16	739.131	1284.23	-172.961	0.011118	0.999655	-0.0237745	-0.642415	0.0253608	0.765937	0.01811	1.68491	-0.03891	0	100
sideflip_land	144	677.6	314.81	55.14	739.131	1285.33	-183.821	0.011118	0.999655	-0.0237745	-0.621916	0.0255307	0.782668	0.01661	1.55291	-0.03571	0	100
sideflip_land	146	689.92	336.25	51.94	739.131	1286.43	-194.681	0.0110222	0.999657	-0.0237745	-0.602668	0.0256136	0.797581	0.01521	1.43121	-0.03281	0	100
sideflip_land	148	702.24	357.7	48.56	739.131	1287.53	-205.541	0.0110222	0.999657	-0.0237745	-0.584617	0.0257313	0.810901	0.01391	1.31911	-0.03011	0	100
sideflip_land	150	714.56	379.17	45	739.131	1288.63	-216.401	0.0110222	0.999657	-0.0237745	-0.567693	0.0258285	0.822835	0.01271	1.21581	-0.02761	0	100
sideflip_land	152	726.88	400.66	41.26	739.131	1289.73	-227.261	0.0109264	0.999658	-0.0237745	-0.551888	0.0258554	0.833517	0.01161	1.12051	-0.02531	0	100
sideflip_land	154	738.88	422.16	37.14	710.731	1290.59	-255.451	0.0137061	0.999656	-0.0223367	-0.535741	0.0262036	0.843975	0.06781	1.23281	-0.18031	0	100
sideflip_land	156	750.24	443.68	32.72	671.831	1291.13	-266.801	0.0156228	0.999618	-0.022816	-0.511677	0.0275972	0.858735	-0.02321	1.88341	-0.14021	0	100
sideflip_land	158	760.92	465.2	28.37	630.411	1291.75	-258.251	0.0165804	0.999564	-0.0244454	-0.472411	0.0293793	0.880888	-0.05431	3.01661	-0.11551	0	100
sideflip_land	160	770.88	486.74	24.59	586.271	1292.44	-204.431	0.0163884	0.999543	-0.0254038	-0.404017	0.0298607	0.914264	0.07951	5.39131	-0.10181	0	100
sideflip_land	162	780.08	508.29	21.72	540.061	1293.24	-164.031	0.0149516	0.999608	-0.0236786	-0.302092	0.0270906	0.952894	0.19761	5.49611	-0.05561	0	100
sideflip_land	164	788.25	529.89	19.38	470.521	1297.51	-131.361	0.0104481	0.999767	-0.018886	-0.208876	0.0206525	0.977724	0.31821	5.46681	0.16911	1	100
sideflip_land	166	795.1	551.57	17.6	390.801	1302.25	-99.181	0.00517658	0.999869	-0.0153392	-0.128418	0.0158771	0.991593	0.23141	4.65631	0.25021	1	100
sideflip_land	168	800.64	573.33	16.32	312.671	1306.68	-70.091	-0.000479346	0.999921	-0.0125591	-0.0656324	0.0125006	0.997766	0.15691	3.49811	0.29391	1	100
sideflip_land	170	804.95	595.16	15.51	240.621	1310.74	-41.881	-0.00603965	0.999926	-0.0105459	-0.0215374	0.0104136	0.999714	0.09781	2.38351	0.30331	1	100
sideflip_land	172	808.12	617.05	15.44	174.521	1314.44	3.611	-0.0112166	0.999894	-0.00929962	-0.00556875	0.0092376	0.999942	0.05531	0.66171	0.29591	1	100
sideflip_land	174	810.33	639	15.67	120.121	1317.92	15.171	-0.0158178	0.999835	-0.00891615	-0.00109966	0.00889986	0.99996	0.00651	0.18881	0.26811	1	100
sideflip_land	176	811.79	661.01	15.93	78.251	1321.31	15.661	-0.0198438	0.999763	-0.00891615	0.000589902	0.00892961	0.99996	-0.00391	0.08081	0.23271	1	100
sideflip_land	178	812.69	683.08	16.18	46.561	1324.68	14.091	-0.0232943	0.999688	-0.00901201	0.00113193	0.00904083	0.999959	-0.00611	0.02671	0.19641	1	100
sideflip_land	180	813.16	705.2	16.39	22.721	1328.07	11.741	-0.0261694	0.999616	-0.00910788	0.00119926	0.00914239	0.999958	-0.00591	0.00091	0.16231	1	100
sideflip_land	182	813.31	727.38	16.56	4.801	1331.49	9.311	-0.0284694	0.999552	-0.00920375	0.00107965	0.00923823	0.999957	-0.00491	-0.00991	0.13201	1	100
sideflip_land	184	813.22	749.61	16.69	-8.641	1334.93	7.131	-0.0302902	0.999498	-0.00929962	0.000868258	0.0093302	0.999956	-0.00391	-0.01331	0.10591	1	100
sideflip_land	186	812.94	771.9	16.78	-18.761	1338.39	5.341	-0.0318234	0.99945	-0.00929962	0.000566469	0.00932237	0.999956	-0.00301	-0.01311	0.08421	1	100
sideflip_land	188	812.53	794.25	16.85	-26.401	1341.85	3.951	-0.0329732	0.999412	-0.00939549	0.000360939	0.00941251	0.999956	-0.00231	-0.01151	0.06641	1	100
sideflip_land	190	812.01	816.66	16.9	-32.181	1345.3	2.891	-0.0339313	0.99938	-0.00939549	0.000256096	0.0094096	0.999956	-0.00181	-0.00941	0.05201	1	100
sideflip_land	192	811.42	839.13	16.94	-36.581	1348.73	2.111	-0.0346977	0.999353	-0.00949136	5.39205e-05	0.00949895	0.999955	-0.00141	-0.00741	0.04051	1	100
sideflip_land	194	810.77	861.65	16.96	-39.941	1352.13	1.521	-0.0351768	0.999336	-0.00949136	-4.64472e-05	0.00949561	0.999955	-0.00111	-0.00571	0.03141	1	100
sideflip_land	196	810.08	884.23	16.98	-42.511	1355.5	1.131	-0.0356559	0.999319	-0.00949136	-0.000146813	0.00949217	0.999955	-0.00091	-0.00441	0.02431	1	100
sideflip_land	198	809.35	906.86	17	-44.491	1358.83	0.811	-0.0359432	0.999309	-0.00949136	-0.000149542	0.00949212	0.999955	-0.00071	-0.00331	0.01881	1	100
backflip_land	0	0	-1183.44	17	0	991.241	0.091	-4.37114e-08	0.999999	-0.00115049	-5.02893e-11	0.00115049	0.999999	-0.08211	0.00081	0	1	100
backflip_land	2	0	-1166.8	21.96	0.011	1001.23	299.801	-4.37113e-08	0.999997	-0.00249272	-1.0896e-10	0.00249272	0.999997	-0.08191	0.00081	0	0	100
backflip_land	4	0	-1150	26.95	0.011	1010.72	295.691	-4.37111e-08	0.999993	-0.00383494	9.58736e-05	0.00383494	0.999993	-0.08171	0.00081	0	1	100
backflip_land	6	0	-1133.04	31.68	0.011	1020.04	279.431	-4.37108e-08	0.999987	-0.00517716	9.58736e-05	0.00517716	0.999987	-0.08131	0.00081	0	1	100
backflip_land	8	0	-1116.03	36.16	0.011	1020.59	265.881	-4.37105e-08	0.999979	-0.00651937	9.58735e-05	0.00651937	0.999979	-0.07931	0.00071	0	0	100
backflip_land	10	0	-1099.01	40.46	0.011	1021.69	255.041	-4.37101e-08	0.99997	-0.0077657	9.58735e-05	0.0077657	0.99997	-0.07551	0.00051	0	0	100
backflip_land	12	0	-1081.97	44.57	0.011	1022.79	244.191	-4.37096e-08	0.999959	-0.00901201	9.58734e-05	0.00901201	0.999959	-0.07191	0.00031	0	0	100
backflip_land	14	0	-1064.91	48.5	0.011	1023.89	233.331	-4.37091e-08	0.999948	-0.0101624	9.58734e-05	0.0101624	0.999948	-0.06841	0.00021	0	0	100
backflip_land	16	0	-1047.83	52.25	0.011	1024.99	222.471	-4.37086e-08	0.999936	-0.0113129	0.000191747	0.0113129	0.999936	-0.06511	0.00021	0	0	100
backflip_land	18	0	-1030.73	55.82	0.011	1026.09	211.611	-4.3708e-08	0.999924	-0.0123674	0.000191747	0.0123674	0.999924	-0.06191	0.00021	0	0	100
backflip_land	20	0	-1013.61	59.21	0.011	1027.19	200.751	-4.37075e-08	0.999911	-0.0133261	0.000191747	0.0133261	0.999911	-0.05891	0.00021	0	0	100
backflip_land	22	0	-996.48	62.42	0.011	1028.29	189.891	-4.37069e-08	0.999898	-0.0142847	0.000191747	0.0142847	0.999898	-0.05601	0.00021	0	0	100
backflip_land	24	0	-979.33	65.45	0.011	1029.39	179.031	-4.37064e-08	0.999885	-0.0151475	0.000191747	0.0151475	0.999885	-0.05331	0.00021	0	0	100
backflip_land	26	0	-962.16	68.3	0.011	1030.49	168.171	-4.37058e-08	0.999872	-0.0160102	0.000191747	0.0160102	0.999872	-0.05071	0.00021	0	0	100
backflip_land	28	0	-944.97	70.97	0.011	1031.59	157.311	-4.37052e-08	0.999858	-0.016873	0.000191747	0.016873	0.999858	-0.04821	0.00021	0	0	100
backflip_land	30	0	-927.76	73.46	0.011	1032.69	146.451	-4.37046e-08	0.999844	-0.0176399	0.000191747	0.0176399	0.999844	-0.04581	0.00021	0	0	100
backflip_land	32	0	-910.53	75.77	0.011	1033.79	135.591	-4.37041e-08	0.999832	-0.0183109	0.000191747	0.0183109	0.999832	-0.04361	0.00021	0	0	100
backflip_land	34	0	-908.15	77.89	0.011	142.901	124.741	-4.36952e-08	0.999629	0.0272248	0.000191749	-0.0272248	0.999629	3.64701	0.00021	-0.00061	0	100
backflip_land	36	0	-905.75	79.83	0.011	144.001	113.951	-4.33305e-08	0.991286	0.13173	0.000191753	-0.13173	0.991286	5.50001	0.00011	-0.00091	0	100
backflip_land	38	0	-903.34	81.6	0.011	145.091	103.291	-4.23229e-08	0.968235	0.250042	0.000191759	-0.250042	0.968235	5.50001	0.00011	-0.00091	0	100
backflip_land	40	0	-900.91	83.19	0.011	146.141	92.761	-4.07004e-08	0.931117	0.36472	0.000191764	-0.36472	0.931117	5.50001	0.00011	-0.00091	0	100
backflip_land	42	0	-898.46	84.61	0.011	147.151	82.351	-3.84866e-08	0.880471	0.4741	0.000191768	-0.4741	0.880471	5.50001	0.00011	-0.00091	0	100
backflip_land	44	0	-896	85.85	0.011	148.111	72.061	7.83749e-05	0.817088	0.576513	0.000328196	-0.576513	0.817088	5.50001	0.00011	-0.00091	0	100
backflip_land	46	0	-893.52	86.93	0.011	148.991	61.891	7.11521e-05	0.741788	0.670635	0.000319168	-0.670635	0.741787	5.50001	0.00011	-0.00091	0	100
backflip_land	48	0	-891.02	87.83	0.011	149.781	51.821	6.28956e-05	0.65571	0.755013	0.000406948	-0.755013	0.65571	5.50001	0.00011	-0.00091	0	100
backflip_land	50	0	-888.52	88.57	0.011	150.471	41.841	0.000107423	0.560185	0.828367	0.000320518	-0.828367	0.560185	5.50001	0.00011	-0.00091	0	100
backflip_land	52	0	-886	88.84	0.011	151.061	9.511	0.000131279	0.456449	0.88975	0.00022347	-0.88975	0.456449	5.50001	0.00011	-0.00091	0	100
backflip_land	54	0	-883.48	88.82	0.011	151.531	-4.091	0.00016596	0.346171	0.938171	0.00041309	-0.938171	0.346171	5.50001	0.00011	-0.00091	0	100
backflip_land	56	0	-880.95	88.68	0.011	151.881	-9.791	0.000176995	0.230778	0.973006	0.000116618	-0.973006	0.230778	5.50001	0.00011	-0.00091	0	100
backflip_land	58	0	-878.41	88.49	0.011	152.091	-12.171	0.000182602	0.112032	0.993705	0.000393706	-0.993704	0.112032	5.50001	0.00011	-0.00091	0	100
backflip_land	60	0	-875.87	88.27	0.011	152.171	-13.161	0.000189507	-0.00833878	0.999965	0.000190823	-0.999965	-0.00833882	5.50001	0.00011	-0.00091	0	100
backflip_land	62	0	-873.33	88.05	0.011	152.121	-13.571	0.000184793	-0.128498	0.99171	0.000275654	-0.99171	-0.128498	5.50001	0.00011	-0.00091	0	100
backflip_land	64	0	-870.79	87.83	0.011	151.931	-13.761	0.000189348	-0.246884	0.969045	-2.36972e-05	-0.969045	-0.246884	5.50001	0.00011	-0.00091	0	100
backflip_land	66	0	-868.26	87.59	0.011	151.621	-13.871	0.000173397	-0.361683	0.932301	6.3432e-05	-0.932301	-0.361683	5.50001	0.00011	-0.00091	0	100
backflip_land	68	0	-865.74	87.35	0.011	151.181	-13.951	0.000180661	-0.471143	0.882057	-4.53011e-05	-0.882057	-0.471143	5.50001	0.00011	-0.00091	0	100
backflip_land	70	0	-863.22	87.11	0.011	150.621	-14.031	0.000165043	-0.573847	0.818963	0.000235628	-0.818963	-0.573847	5.50001	0.00011	-0.00091	0	100
backflip_land	72	0	-860.72	86.87	0.011	149.951	-14.131	0.000128139	-0.668213	0.74397	4.66714e-05	-0.74397	-0.668213	5.50001	0.00011	-0.00081	0	100
backflip_land	74	0	-858.23	86.63	0.011	149.171	-14.241	0.000144362	-0.752808	0.65824	3.02315e-05	-0.65824	-0.752808	5.50001	0.00011	-0.00081	0	100
backflip_land	76	0	-855.75	86.39	0.011	148.311	-14.371	0.0001585	-0.826537	0.562882	1.19453e-05	-0.562882	-0.826537	5.50001	0.00011	-0.00081	0	100
backflip_land	78	0	-853.29	86.15	0.011	147.371	-14.511	8.52014e-05	-0.888257	0.459347	-5.19348e-05	-0.459347	-0.888257	5.50001	0.00011	-0.00071	0	100
backflip_land	80	0	-850.85	85.91	0.011	146.361	-14.671	8.98837e-05	-0.937072	0.349138	-6.25061e-05	-0.349138	-0.937072	5.50001	0.00011	-0.00071	0	100
backflip_land	82	0	-848.42	85.67	0.011	145.301	-14.841	9.32579e-05	-0.972249	0.233949	-7.3555e-05	-0.233949	-0.972249	5.50001	0.00011	-0.00071	0	100
backflip_land	84	0	-846.01	85.42	0.011	144.211	-15.021	9.52804e-05	-0.993334	0.115271	-8.49385e-05	-0.115271	-0.993334	5.50001	0.00011	-0.00071	0	100
backflip_land	86	0	-843.62	85.16	0.011	143.091	-15.201	9.59185e-05	-0.999987	-0.00508129	-9.64827e-05	0.00508128	-0.999987	5.50001	0.00011	-0.00071	0	100
backflip_land	88	0	-841.25	84.9	0.011	141.971	-15.391	-4.33671e-08	-0.992123	-0.125265	-9.59898e-05	0.125265	-0.992123	5.50001	0.00011	-0.00071	0	100
backflip_land	90	0	-838.9	84.64	0.011	140.861	-15.581	-4.23933e-08	-0.969845	-0.243724	-9.59846e-05	0.243724	-0.969845	5.50001	0.00011	-0.00071	0	100
backflip_land	92	0	-836.56	84.38	0.011	139.791	-15.771	-4.08035e-08	-0.933475	-0.358642	-9.59796e-05	0.358642	-0.933475	5.50001	0.00011	-0.00071	0	100
backflip_land	94	0	-834.24	84.12	0.011	138.761	-15.951	-3.86229e-08	-0.883588	-0.468265	-9.59748e-05	0.468265	-0.883588	5.50001	0.00011	-0.00061	0	100
backflip_land	96	0	-831.94	83.86	0.011	137.791	-16.131	-3.58796e-08	-0.820829	-0.571174	-9.59703e-05	0.571174	-0.820829	5.50001	0.00011	-0.00051	0	100
backflip_land	98	0	-829.66	83.58	0.011	136.891	-16.291	-3.2615e-08	-0.746144	-0.665785	-9.59662e-05	0.665785	-0.746144	5.50001	0.00011	-0.00051	0	100
backflip_land	100	0	-827.39	83.3	0.011	136.071	-16.451	-6.33523e-05	-0.66069	-0.750659	-0.000311549	0.750659	-0.66069	5.50001	0.00011	-0.00051	0	100
backflip_land	102	-0.03	-825.53	84.37	-3.411	102.691	87.641	0.00483125	-0.592827	-0.805316	0.0174044	0.805253	-0.592676	4.96751	0.49711	0.36701	0	100
backflip_land	104	-0.09	-823.83	85.68	-3.391	102.051	75.881	0.0023281	-0.49556	-0.868571	0.0089582	0.868549	-0.495523	5.48851	0.26461	0.23661	0	100
backflip_land	106	-0.15	-822.13	86.79	-3.381	101.521	64.061	0.000780471	-0.387637	-0.921812	0.00427986	0.921805	-0.387631	5.49671	0.13011	0.13711	0	100
backflip_land	108	-0.21	-820.45	87.7	-3.381	101.111	52.191	-0.000183877	-0.274005	-0.961728	0.00179591	0.961727	-0.274005	5.49911	0.06351	0.07641	0	100
backflip_land	110	-0.27	-818.77	88.43	-3.381	100.831	40.281	-0.00076424	-0.1563	-0.987709	0.000610946	0.987709	-0.156301	5.49971	0.03111	0.04031	0	100
backflip_land	112	-0.33	-817.09	88.96	-3.381	100.681	28.341	-0.00113031	-0.051928	-0.99865	6.66091e-05	0.998651	-0.0519281	5.36791	0.02141	0.02701	0	100
backflip_land	114	-0.39	-815.41	89.29	-3.381	100.641	16.381	-0.00148005	0.0342841	-0.999411	-0.000453982	0.999412	0.0342848	5.11361	0.02061	0.02461	0	100
backflip_land	116	-0.45	-813.73	89.42	-3.381	100.701	4.431	-0.00183847	0.116209	-0.993223	-0.000755616	0.993224	0.11621	4.87131	0.01991	0.02241	0	100
backflip_land	118	-0.51	-812.05	89.35	-3.381	100.841	-7.491	-0.00220856	0.193573	-0.981083	-0.00122229	0.981085	0.193576	4.64051	0.01931	0.02041	0	100
backflip_land	120	-0.57	-810.37	89.08	-3.381	101.061	-19.401	-0.00257725	0.266146	-0.963929	-0.00128063	0.963931	0.26615	4.42061	0.01871	0.01861	0	100
backflip_land	122	-0.63	-808.69	88.61	-3.381	101.361	-31.291	-0.0029772	0.333896	-0.942605	-0.00140578	0.942607	0.333901	4.21111	0.01831	0.01701	0	100
backflip_land	124	-0.69	-806.99	87.94	-3.381	101.741	-43.161	-0.00334853	0.396884	-0.917863	-0.00151209	0.917865	0.39689	4.01151	0.01791	0.01561	0	100
backflip_land	126	-0.75	-805.29	87.07	-3.381	102.191	-55.001	-0.00370927	0.455154	-0.890405	-0.00169553	0.890407	0.455162	3.82141	0.01751	0.01431	0	100
backflip_land	128	-0.81	-803.58	86	-3.381	102.701	-66.811	-0.00405029	0.508979	-0.860769	-0.00186416	0.860771	0.508989	3.64041	0.01711	0.01311	0	100
backflip_land	130	-0.87	-801.86	84.74	-3.381	103.271	-78.581	-0.00439019	0.558419	-0.829547	-0.00182382	0.829549	0.558431	3.46791	0.01671	0.01211	0	100
backflip_land	132	-0.93	-800.13	83.29	-3.381	103.901	-90.311	-0.00474646	0.603736	-0.79717	-0.00185691	0.797172	0.603749	3.30351	0.01631	0.01121	0	100
backflip_land	134	-0.99	-798.39	81.64	-3.381	104.571	-102.021	-0.00507248	0.645204	-0.763993	-0.00178783	0.763996	0.645219	3.14701	0.01591	0.01041	0	100
backflip_land	136	-1.05	-796.64	79.79	-3.381	105.291	-113.691	-0.00536989	0.683035	-0.730366	-0.00171522	0.730369	0.68305	2.99781	0.01551	0.00961	0	100
backflip_land	138	-1.11	-794.88	77.75	-3.381	106.061	-125.321	-0.00563992	0.71738	-0.696659	-0.00164197	0.696662	0.717397	2.85571	0.01511	0.00901	0	100
backflip_land	140	-1.17	-793.1	75.52	-3.381	106.851	-136.911	-0.0058854	0.748605	-0.66299	-0.00156903	0.662994	0.748623	2.72041	0.01471	0.00841	0	100
backflip_land	142	-1.23	-791.31	73.09	-3.381	107.681	-148.461	-0.00618203	0.776864	-0.629638	-0.00146305	0.629643	0.776884	2.59151	0.01431	0.00781	0	100
backflip_land	144	-1.29	-789.51	70.47	-3.381	108.541	-159.971	-0.00638555	0.802439	-0.5967	-0.00139269	0.596704	0.80246	2.46861	0.01391	0.00731	0	100
backflip_land	146	-1.35	-787.69	67.66	-3.381	109.431	-171.451	-0.00664761	0.825429	-0.564466	-0.00109443	0.564472	0.825451	2.35161	0.01351	0.00691	0	100
backflip_land	148	-1.41	-785.85	64.66	-3.381	110.341	-182.901	-0.00681495	0.846208	-0.532809	-0.000935356	0.532816	0.846231	2.24011	0.01311	0.00651	0	100
backflip_land	150	-1.47	-784	61.47	-3.381	111.281	-194.311	-0.00704778	0.864812	-0.502047	-0.000927543	0.502053	0.864836	2.13401	0.01271	0.00611	0	100
backflip_land	152	-1.53	-782.13	58.09	-3.381	112.241	-205.681	-0.00726851	0.88153	-0.472073	-0.0008244	0.47208	0.881555	2.03281	0.01231	0.00571	0	100
backflip_land	154	-1.59	-780.25	54.52	-3.381	113.221	-217.021	-0.00739185	0.896489	-0.443005	-0.000680606	0.443013	0.896515	1.93641	0.01191	0.00531	0	100
backflip_land	156	-1.65	-778.35	50.76	-3.381	114.211	-228.331	-0.00758893	0.909814	-0.414947	-0.000584909	0.414955	0.909842	1.84461	0.01151	0.00511	0	100
backflip_land	158	-1.71	-776.43	46.81	-3.381	115.211	-239.611	-0.00768812	0.921705	-0.387815	-0.000454473	0.387823	0.921734	1.75711	0.01111	0.00491	0	100
backflip_land	160	-1.77	-774.46	42.65	-3.171	118.621	-254.181	-0.00778143	0.932891	-0.360074	-0.000702444	0.36008	0.932921	1.85161	-0.03581	0.01671	0	100
backflip_land	162	-1.83	-772.45	38.28	-3.181	121.521	-263.571	-0.00788513	0.945325	-0.326035	-0.00233595	0.326027	0.945358	2.30731	-0.10701	0.04501	0	100
backflip_land	164	-1.89	-770.39	33.85	-3.271	124.421	-265.941	-0.00809497	0.959456	-0.281741	-0.00419851	0.281715	0.959489	2.96061	-0.08421	0.04511	0	100
backflip_land	166	-1.95	-768.28	29.41	-3.121	127.331	-266.101	-0.00840657	0.974238	-0.225364	-0.00482066	0.22533	0.974271	3.67251	-0.01331	0.02481	0	100
backflip_land	168	-1.99	-766.12	24.96	-2.851	130.271	-267.371	-0.00871063	0.987536	-0.157154	-0.00445397	0.15712	0.987569	4.33171	0.03221	0.00951	0	100
backflip_land	170	-2.03	-763.66	21.15	-2.391	154.001	-215.001	-0.008874	0.995229	-0.0971584	-0.00364651	0.0971294	0.995265	3.37581	0.04901	0.00421	1	100
backflip_land	172	-2.07	-760.8	18.34	-2.051	177.641	-151.531	-0.00900013	0.998639	-0.0513657	-0.00285965	0.0513419	0.998677	2.62791	0.05141	0.00281	1	100
backflip_land	174	-2.11	-757.54	16.52	-1.901	201.051	-95.831	-0.00910643	0.999801	-0.0177357	-0.00198306	0.0177184	0.999841	1.80921	0.04651	0.00221	1	100
backflip_land	176	-2.15	-753.9	15.66	-1.921	224.141	-30.821	-0.00910785	0.999957	-0.00191747	-0.00135964	0.00190517	0.999997	0.49221	0.03001	0.00131	1	100
backflip_land	178	-2.19	-749.88	15.64	-2.061	246.861	5.271	-0.00910786	0.999958	-0.00124636	-0.00106592	0.0012367	0.999999	-0.03261	0.01961	0.00061	1	100
backflip_land	180	-2.23	-745.49	15.83	-2.251	269.191	12.531	-0.00910783	0.999955	-0.00268446	-0.000791408	0.00267737	0.999996	-0.08891	0.01261	0.00031	1	100
backflip_land	182	-2.27	-740.72	16.05	-2.451	291.141	13.451	-0.00910779	0.99995	-0.00402669	-0.000611893	0.00402128	0.999992	-0.08201	0.00991	0.00011	1	100
backflip_land	184	-2.31	-735.59	16.26	-2.671	312.711	12.331	-0.00910774	0.999945	-0.00527303	-0.000527375	0.00526845	0.999986	-0.06841	0.00771	0	1	100
backflip_land	186	-2.35	-730.12	16.45	-2.891	333.921	10.411	-0.00910769	0.999939	-0.00623176	-0.000440237	0.006228	0.999981	-0.05451	0.00591	0	1	100
backflip_land	188	-2.4	-724.29	16.6	-3.091	354.771	8.331	-0.00910764	0.999934	-0.00699873	-0.000351353	0.00699582	0.999975	-0.04251	0.00441	0	1	100
backflip_land	190	-2.46	-718.12	16.71	-3.291	375.261	6.441	-0.0091076	0.99993	-0.00757396	-0.000260722	0.0075719	0.999971	-0.03281	0.00331	0	1	100
backflip_land	192	-2.52	-711.61	16.8	-3.491	395.401	4.881	-0.00910757	0.999926	-0.00805331	-0.000169218	0.00805211	0.999968	-0.02511	0.00241	0	1	100
backflip_land	194	-2.58	-704.77	16.87	-3.691	415.191	3.601	-0.00910755	0.999924	-0.00834092	-0.000171838	0.0083397	0.999965	-0.01931	0.00171	0	1	100
backflip_land	196	-2.64	-697.61	16.92	-3.881	434.651	2.591	-0.00910753	0.999921	-0.00862854	-0.000174457	0.0086273	0.999963	-0.01481	0.00131	0	1	100
backflip_land	198	-2.7	-690.13	16.96	-4.061	453.771	1.841	-0.00910751	0.99992	-0.00882027	-0.000176204	0.00881904	0.999961	-0.01131	0.00091	0	1	100
diagflip_land	0	0	-1180.11	17	0	1191.24	0.091	-4.37114e-08	0.999999	-0.00115049	-5.02893e-11	0.00115049	0.999999	-0.08211	0.00011	0	1	100
diagflip_land	2	0	-1160.17	21.96	0	1197.82	299.801	-4.37113e-08	0.999997	-0.00249272	-1.0896e-10	0.00249272	0.999997	-0.08191	0.00011	0	0	100
diagflip_land	4	0	-1140.13	26.95	0	1203.96	295.691	-4.37111e-08	0.999993	-0.00383494	-1.67631e-10	0.00383494	0.999993	-0.08171	0.00011	0	1	100
diagflip_land	6	0	-1119.99	31.68	0	1209.98	279.431	-4.37108e-08	0.999986	-0.00527303	-2.30492e-10	0.00527303	0.999986	-0.08151	0.00011	0	1	100
diagflip_land	8	0	-1099.82	36.16	0	1210.53	265.881	-4.37104e-08	0.999978	-0.00661524	-2.89162e-10	0.00661524	0.999978	-0.07951	0.00011	0	0	100
diagflip_land	10	0	-1079.63	40.46	0	1211.63	255.041	-4.371e-08	0.999969	-0.00786157	-3.4364e-10	0.00786157	0.999969	-0.07571	0.00011	0	0	100
diagflip_land	12	0	-1059.42	44.57	0	1212.73	244.181	-4.37096e-08	0.999959	-0.00901201	-3.93928e-10	0.00901201	0.999959	-0.07201	0.00011	0	0	100
diagflip_land	14	0	-1039.19	48.5	0	1213.83	233.321	-4.37091e-08	0.999948	-0.0101624	-4.44215e-10	0.0101624	0.999948	-0.06851	0.00011	0	0	100
diagflip_land	16	0	-1018.95	52.25	0	1214.93	222.461	-4.37086e-08	0.999936	-0.0113129	-4.94501e-10	0.0113129	0.999936	-0.06521	0.00011	0	0	100
diagflip_land	18	0	-998.69	55.82	0	1216.03	211.601	-4.3708e-08	0.999924	-0.0123674	-5.40596e-10	0.0123674	0.999924	-0.06201	0.00011	0	0	100
diagflip_land	20	0	-978.41	59.21	0	1217.13	200.741	-4.37075e-08	0.999911	-0.0133261	-5.82501e-10	0.0133261	0.999911	-0.05901	0.00011	0	0	100
diagflip_land	22	0	-958.11	62.42	0	1218.23	189.881	-4.37069e-08	0.999898	-0.0142847	-6.24404e-10	0.0142847	0.999898	-0.05611	0.00011	0	0	100
diagflip_land	24	0	-937.79	65.45	0	1219.33	179.021	-4.37064e-08	0.999885	-0.0151475	-6.62117e-10	0.0151475	0.999885	-0.05331	0.00011	0	0	100
diagflip_land	26	8.72	-911.57	68.3	522.711	1573.4	168.151	0.000670309	0.998814	-0.0486846	0.0378937	0.0486243	0.998098	-2.65251	3.00341	-0.15221	0	100
diagflip_land	28	17.44	-885.33	70.97	522.711	1574.5	157.231	-0.00209357	0.992583	-0.121554	0.120157	0.120924	0.985363	-3.64951	4.10921	-0.21201	0	100
diagflip_land	30	26.16	-859.07	73.45	522.691	1575.59	146.231	-0.0134297	0.979497	-0.201011	0.209554	0.199322	0.957266	-3.65111	4.11081	-0.14201	0	100
diagflip_land	32	34.88	-832.8	75.75	522.661	1576.67	135.151	-0.0328744	0.960108	-0.277691	0.295884	0.274736	0.914862	-3.64811	4.11461	-0.10421	0	100
diagflip_land	34	43.6	-806.51	77.86	522.611	1577.72	123.981	-0.0598529	0.934688	-0.350395	0.37775	0.346128	0.858779	-3.64441	4.11831	-0.08421	0	100
diagflip_land	36	52.3	-780.2	79.79	522.521	1578.75	112.731	-0.0935578	0.903698	-0.417824	0.454116	0.412201	0.789854	-3.64131	4.12121	-0.07371	0	100
diagflip_land	38	61	-753.88	81.53	522.391	1579.74	101.411	-0.133359	0.867492	-0.479241	0.523535	0.472248	0.709149	-3.63911	4.12331	-0.06841	0	100
diagflip_land	40	69.7	-727.54	83.08	522.221	1580.69	90.021	-0.178579	0.826708	-0.533539	0.585227	0.525155	0.617837	-3.63771	4.12461	-0.06571	0	100
diagflip_land	42	78.4	-701.18	84.43	522.001	1581.59	78.571	-0.22862	0.781911	-0.579955	0.638131	0.570263	0.51729	-3.63671	4.12541	-0.06441	0	100
diagflip_land	44	87.1	-674.81	85.01	521.721	1582.44	23.711	-0.282555	0.733754	-0.617873	0.681574	0.606817	0.408938	-3.63621	4.12591	-0.06381	0	100
diagflip_land	46	95.79	-648.43	85.09	521.381	1583.23	0.501	-0.339635	0.683035	-0.646615	0.714798	0.634274	0.29455	-3.63581	4.12621	-0.06351	0	100
diagflip_land	48	104.47	-622.03	84.96	520.981	1583.97	-9.321	-0.39903	0.630405	-0.665856	0.737253	0.652344	0.175796	-3.63571	4.12641	-0.06341	0	100
diagflip_land	50	113.15	-595.62	84.75	520.511	1584.65	-13.481	-0.459788	0.57675	-0.675245	0.74885	0.660514	0.0542608	-3.63561	4.12651	-0.06341	0	100
diagflip_land	52	121.82	-569.2	84.5	519.971	1585.27	-15.251	-0.521072	0.522774	-0.674679	0.749036	0.659047	-0.067839	-3.63551	4.12651	-0.06341	0	100
diagflip_land	54	130.43	-543.74	87.44	516.551	1528.05	171.361	-0.57186	0.488908	-0.658745	0.73638	0.659836	-0.149538	-3.06101	4.55131	0.40651	0	100
diagflip_land	56	139.03	-518.32	90.32	515.921	1525.54	169.891	-0.637714	0.438601	-0.633207	0.712052	0.649197	-0.267443	-3.32941	4.37091	0.24391	0	100
diagflip_land	58	147.62	-492.89	93.01	515.181	1526.01	158.361	-0.698052	0.388312	-0.601613	0.678579	0.626968	-0.382678	-3.49991	4.23931	0.16771	0	100
diagflip_land	60	156.2	-467.45	95.5	514.381	1526.42	146.871	-0.753428	0.339605	-0.563041	0.635854	0.59436	-0.492367	-3.59221	4.16231	0.14291	0	100
diagflip_land	62	164.76	-442.01	97.81	513.521	1526.77	135.421	-0.804045	0.293531	-0.51706	0.584137	0.552168	-0.59489	-3.64191	4.11911	0.13851	0	100
diagflip_land	64	173.31	-416.56	99.92	512.611	1527.08	124.021	-0.849658	0.250995	-0.463769	0.523932	0.50153	-0.688449	-3.66831	4.09551	0.14091	0	100
diagflip_land	66	181.84	-391.1	101.85	511.641	1527.34	112.681	-0.889883	0.212686	-0.403575	0.455949	0.443339	-0.771726	-3.68211	4.08291	0.14491	0	100
diagflip_land	68	190.36	-365.64	103.59	510.631	1527.55	101.411	-0.924164	0.179227	-0.337341	0.381271	0.378368	-0.843487	-3.68931	4.07631	0.14831	0	100
diagflip_land	70	198.86	-340.18	105.14	509.581	1527.74	90.211	-0.952081	0.151319	-0.265789	0.300894	0.307698	-0.902654	-3.69291	4.07301	0.15091	0	100
diagflip_land	72	207.34	-314.72	106.51	508.511	1527.89	79.091	-0.973227	0.12933	-0.19001	0.216033	0.232417	-0.948321	-3.69461	4.07131	0.15271	0	100
diagflip_land	74	215.8	-289.26	107.69	507.421	1528.02	68.061	-0.987286	0.11361	-0.111175	0.128013	0.15365	-0.979798	-3.69541	4.07051	0.15381	0	100
diagflip_land	76	224.24	-263.8	108.69	506.321	1528.14	57.121	-0.994078	0.10436	-0.0302915	0.0379985	0.0726713	-0.996632	-3.69581	4.07021	0.15451	0	100
diagflip_land	78	232.66	-238.32	109.51	505.201	1528.24	46.271	-0.993483	0.101794	0.05127	-0.052512	-0.00955732	-0.998575	-3.69601	4.07001	0.15491	0	100
diagflip_land	80	241.07	-212.84	110.15	504.091	1528.34	35.511	-0.985519	0.105946	0.132395	-0.142246	-0.0915395	-0.98559	-3.69601	4.06991	0.15511	0	100
diagflip_land	82	249.46	-187.36	110.61	502.991	1528.45	24.841	-0.970306	0.116655	0.211892	-0.229876	-0.172172	-0.957869	-3.69611	4.06991	0.15521	0	100
diagflip_land	84	257.83	-161.88	110.89	501.911	1528.58	14.261	-0.948079	0.133953	0.288449	-0.313998	-0.250193	-0.915865	-3.69611	4.06991	0.15521	0	100
diagflip_land	86	266.18	-136.4	111	500.861	1528.73	3.761	-0.919114	0.157485	0.361147	-0.393569	-0.324596	-0.860082	-3.69611	4.06991	0.15521	0	100
diagflip_land	88	274.52	-110.92	110.94	499.841	1528.9	-6.141	-0.88392	0.186862	0.428681	-0.467164	-0.394081	-0.791491	-3.69611	4.06991	0.15521	0	100
diagflip_land	90	282.84	-85.44	110.77	498.861	1529.11	-11.121	-0.843031	0.221679	0.490059	-0.533718	-0.457711	-0.711088	-3.69611	4.06991	0.15521	0	100
diagflip_land	92	291.14	-59.96	110.56	497.931	1529.36	-13.161	-0.796967	0.261419	0.544521	-0.592384	-0.514394	-0.620065	-3.69611	4.06991	0.15521	0	100
diagflip_land	94	299.43	-34.46	110.33	497.051	1529.65	-13.981	-0.746464	0.305513	0.591146	-0.642205	-0.563399	-0.519765	-3.69611	4.06991	0.15521	0	100
diagflip_land	96	307.71	-8.96	110.09	496.231	1530	-14.281	-0.692285	0.353222	0.629266	-0.682357	-0.604152	-0.411569	-3.69611	4.06991	0.15521	0	100
diagflip_land	98	315.97	16.54	109.85	495.471	1530.4	-14.381	-0.635239	0.403969	0.65824	-0.712423	-0.635586	-0.297463	-3.69611	4.06991	0.15521	0	100
diagflip_land	100	324.22	42.06	109.61	494.771	1530.86	-14.391	-0.576203	0.456827	0.677716	-0.731749	-0.657702	-0.178806	-3.69611	4.06991	0.15521	0	100
diagflip_land	102	332.46	67.58	109.37	494.141	1531.37	-14.391	-0.516023	0.511099	0.687385	-0.740097	-0.670047	-0.0573869	-3.69611	4.06991	0.15521	0	100
diagflip_land	104	340.69	93.11	109.09	493.581	1531.95	-19.411	-0.46366	0.558608	0.687733	-0.738705	-0.672314	0.0480591	-3.57571	3.93711	0.10641	0	100
diagflip_land	106	348.91	118.65	108.64	493.071	1532.58	-29.471	-0.421253	0.597282	0.682495	-0.732623	-0.667686	0.132128	-3.35121	3.68141	0.01781	0	100
diagflip_land	108	357.13	144.2	108.02	492.601	1533.25	-39.541	-0.38129	0.633662	0.67312	-0.723139	-0.658051	0.209853	-3.14641	3.43891	-0.05921	0	100
diagflip_land	110	365.33	169.76	107.24	492.171	1533.96	-49.621	-0.343771	0.667743	0.660258	-0.710902	-0.644447	0.281613	-2.95891	3.20961	-0.12561	0	100
diagflip_land	112	373.53	195.34	106.28	491.791	1534.71	-59.721	-0.308755	0.699433	0.644565	-0.696834	-0.627585	0.347216	-2.78681	2.99321	-0.18211	0	100
diagflip_land	114	381.73	220.93	105.16	491.441	1535.48	-69.831	-0.276069	0.72876	0.626654	-0.681185	-0.608321	0.407347	-2.62841	2.78931	-0.22961	0	100
diagflip_land	116	389.91	246.53	103.87	491.131	1536.29	-79.961	-0.245582	0.755776	0.607036	-0.664623	-0.587133	0.462116	-2.48211	2.59771	-0.26891	0	100
diagflip_land	118	398.09	272.15	102.41	490.861	1537.13	-90.121	-0.217387	0.780584	0.586031	-0.647456	-0.564608	0.511877	-2.34671	2.41781	-0.30101	0	100
diagflip_land	120	406.27	297.78	100.78	490.621	1538	-100.301	-0.191163	0.803238	0.56415	-0.630006	-0.541145	0.557005	-2.22101	2.24921	-0.32651	0	100
diagflip_land	122	414.45	323.42	98.98	490.411	1538.89	-110.511	-0.166931	0.823933	0.541542	-0.612481	-0.517077	0.597912	-2.10401	2.09141	-0.34631	0	100
diagflip_land	124	422.63	349.08	97.01	490.221	1539.8	-120.741	-0.144396	0.842725	0.518618	-0.595123	-0.492688	0.634892	-1.99491	1.94391	-0.36111	0	100
diagflip_land	126	430.79	374.76	94.87	490.061	1540.73	-130.991	-0.123662	0.85977	0.495482	-0.57813	-0.468244	0.668217	-1.89281	1.80611	-0.37151	0	100
diagflip_land	128	438.95	400.45	92.56	489.921	1541.68	-141.271	-0.104451	0.875167	0.472411	-0.561421	-0.443972	0.698352	-1.79721	1.67771	-0.37811	0	100
diagflip_land	130	447.11	426.16	90.08	489.801	1542.65	-151.581	-0.0866179	0.889058	0.449526	-0.545474	-0.419899	0.725357	-1.70741	1.55801	-0.38141	0	100
diagflip_land	132	455.27	451.88	87.42	489.701	1543.63	-161.911	-0.0701535	0.901551	0.426948	-0.529925	-0.396297	0.749752	-1.62301	1.44661	-0.38201	0	100
diagflip_land	134	463.43	477.62	84.59	489.621	1544.63	-172.271	-0.0549367	0.912791	0.404715	-0.514967	-0.373163	0.771725	-1.54351	1.34291	-0.38021	0	100
diagflip_land	136	471.59	503.38	81.59	489.561	1545.64	-182.651	-0.0408153	0.922867	0.382949	-0.500747	-0.350555	0.791431	-1.46851	1.24651	-0.37641	0	100
diagflip_land	138	479.75	529.15	78.41	489.511	1546.66	-193.061	-0.0277036	0.931855	0.361773	-0.487097	-0.328621	0.809163	-1.39771	1.15691	-0.37101	0	100
diagflip_land	140	487.91	554.94	75.06	489.471	1547.69	-203.491	-0.0155905	0.939887	0.341129	-0.47421	-0.30731	0.825037	-1.33071	1.07361	-0.36411	0	100
diagflip_land	142	496.07	580.75	71.54	489.451	1548.73	-213.941	-0.00435812	0.947023	0.321137	-0.46186	-0.286741	0.839324	-1.26721	0.99631	-0.35621	0	100
diagflip_land	144	504.23	606.57	67.84	489.441	1549.77	-224.411	0.00603257	0.953345	0.301823	-0.450196	-0.266921	0.852101	-1.20701	0.92451	-0.34741	0	100
diagflip_land	146	512.39	632.41	63.97	489.441	1550.83	-234.901	0.015723	0.958955	0.28312	-0.439115	-0.247766	0.863592	-1.15001	0.85791	-0.33791	0	100
diagflip_land	148	520.55	658.27	59.92	489.451	1551.89	-245.421	0.0247725	0.963917	0.265049	-0.428727	-0.229268	0.873859	-1.09591	0.79611	-0.32801	0	100
diagflip_land	150	528.71	684.15	55.7	489.471	1552.95	-255.961	0.0331545	0.968288	0.247627	-0.41885	-0.211496	0.883082	-1.04451	0.73881	-0.31771	0	100
diagflip_land	152	536.87	710.05	51.3	489.501	1554.01	-266.521	0.0409394	0.972123	0.230872	-0.409574	-0.194432	0.891317	-0.99561	0.68561	-0.30711	0	100
diagflip_land	154	545.03	735.96	46.72	489.541	1555.09	-277.091	0.048203	0.975469	0.214796	-0.400889	-0.178072	0.898654	-0.94911	0.63631	-0.29631	0	100
diagflip_land	156	553.16	761.89	41.99	485.661	1556.72	-285.521	0.0556856	0.978408	0.199038	-0.391986	-0.161919	0.90561	-0.93841	0.68721	-0.35411	0	100
diagflip_land	158	561.15	787.85	37.16	477.631	1557.83	-290.041	0.0664431	0.98152	0.179457	-0.376591	-0.141884	0.91545	-1.21131	1.24701	-0.48291	0	100
diagflip_land	160	569.01	813.83	32.36	469.601	1558.93	-286.201	0.0810205	0.985019	0.152229	-0.349475	-0.11496	0.929866	-1.64141	2.06751	-0.60781	0	100
diagflip_land	162	576.73	839.83	27.67	461.261	1560.06	-279.121	0.0988845	0.988444	0.11489	-0.306874	-0.0795382	0.948421	-2.13681	3.03701	-0.74251	0	100
diagflip_land	164	584.26	865.85	23.6	449.121	1561.7	-235.581	0.11757	0.990739	0.0679222	-0.233721	-0.0388696	0.971526	-2.28861	4.95381	-0.68691	0	100
diagflip_land	166	591.51	891.91	20.21	428.211	1564.51	-189.641	0.132359	0.990921	0.0235828	-0.153317	-0.00303856	0.988172	-1.79561	4.59551	-0.62891	1	100
diagflip_land	168	598.26	918.03	17.73	397.151	1568.8	-136.011	0.141605	0.989908	-0.00546478	-0.0889835	0.0182267	0.995866	-1.03851	3.63811	-0.49281	1	100
diagflip_land	170	604.5	944.23	16.25	366.611	1573.19	-75.931	0.146998	0.989019	-0.0152433	-0.0357789	0.0207172	0.999145	0.06091	2.98251	-0.32341	1	100
diagflip_land	172	610.26	970.5	15.54	338.541	1577.36	-29.871	0.150224	0.988557	-0.0137095	-0.00116302	0.0140436	0.999901	0.57801	1.65501	-0.19321	1	100
diagflip_land	174	615.57	996.84	15.55	312.021	1581.39	7.021	0.152125	0.9883	-0.0110253	0.00840503	0.0098611	0.999916	0.17351	0.34321	-0.10621	1	100
diagflip_land	176	620.51	1023.23	15.78	291.791	1584.5	14.901	0.153168	0.988147	-0.0102583	0.00962429	0.00888866	0.999914	0.03591	0.02951	-0.05581	1	100
diagflip_land	178	625.19	1049.66	16.03	277.731	1586.68	14.861	0.153737	0.988061	-0.00997071	0.00911154	0.00867268	0.999921	0.00811	-0.04321	-0.02641	1	100
diagflip_land	180	629.69	1076.12	16.26	268.091	1588.18	13.121	0.154021	0.988019	-0.00977897	0.00804251	0.00864312	0.99993	-0.00311	-0.06941	-0.00971	1	100
diagflip_land	182	634.07	1102.6	16.45	261.501	1589.2	10.801	0.154022	0.98802	-0.0096831	0.00689102	0.00872567	0.999938	-0.00691	-0.07261	-0.00071	1	100
diagflip_land	184	638.37	1129.1	16.6	257.011	1589.89	8.521	0.154022	0.98802	-0.0096831	0.00575429	0.00890293	0.999944	-0.00761	-0.06561	0.00351	1	100
diagflip_land	186	642.62	1155.6	16.71	253.941	1590.36	6.541	0.153927	0.988035	-0.0096831	0.00480613	0.0090511	0.999947	-0.00701	-0.05511	0.00521	1	100
diagflip_land	188	646.83	1182.11	16.8	251.831	1590.68	4.931	0.153832	0.98805	-0.00958723	0.00393793	0.0090896	0.999951	-0.00581	-0.04431	0.00551	1	100
diagflip_land	190	651.01	1208.63	16.87	250.391	1590.9	3.631	0.153832	0.98805	-0.00958723	0.00336954	0.0091781	0.999952	-0.00461	-0.03461	0.00511	1	100
diagflip_land	192	655.17	1235.15	16.92	249.401	1591.05	2.611	0.153738	0.988065	-0.00958723	0.00289499	0.00925214	0.999953	-0.00361	-0.02651	0.00441	1	100
diagflip_land	194	659.32	1261.67	16.96	248.711	1591.14	1.841	0.153643	0.98808	-0.00958723	0.00251516	0.00931134	0.999954	-0.00271	-0.02011	0.00361	1	100
diagflip_land	196	663.46	1288.19	16.98	248.231	1591.21	1.271	0.153643	0.98808	-0.00958723	0.00223096	0.00935554	0.999954	-0.00211	-0.01501	0.00291	1	100
diagflip_land	198	667.6	1314.71	17	247.901	1591.25	0.881	0.153548	0.988095	-0.00958723	0.00204059	0.0093852	0.999954	-0.00161	-0.01111	0.00231	1	100
land_during_flip_rotation	0	0	-1181.78	17	-0.021	1091.24	0.091	-4.37114e-08	0.999999	-0.00115049	-9.58739e-05	0.00115049	0.999999	-0.08271	-0.00391	0	1	100
land_during_flip_rotation	2	0	-1163.49	21.96	-0.061	1099.53	299.801	-4.37113e-08	0.999997	-0.00249272	-9.58739e-05	0.00249272	0.999997	-0.08251	-0.00391	0	0	100
land_during_flip_rotation	4	0	-1145.06	26.95	-0.081	1107.35	295.691	-4.37111e-08	0.999993	-0.00383494	-0.000191748	0.00383494	0.999993	-0.08231	-0.00391	0	1	100
land_during_flip_rotation	6	0	-1126.51	31.68	-0.101	1115.02	279.431	-4.37108e-08	0.999986	-0.00527303	-0.000287622	0.00527303	0.999986	-0.08201	-0.00391	0	1	100
land_during_flip_rotation	8	0	-1107.92	36.16	-0.101	1115.57	265.881	-4.37104e-08	0.999978	-0.00661524	-0.000287622	0.00661524	0.999978	-0.08001	-0.00371	0	0	100
land_during_flip_rotation	10	0	-1089.31	40.46	-0.101	1116.67	255.041	-4.371e-08	0.999969	-0.00786157	-0.000383496	0.00786157	0.999969	-0.07611	-0.00331	0	0	100
land_during_flip_rotation	12	0	-1070.69	44.57	-0.101	1117.77	244.181	-4.37096e-08	0.999959	-0.00910788	-0.000383496	0.00910788	0.999958	-0.07241	-0.00291	0	0	100
land_during_flip_rotation	14	0	-1052.05	48.5	-0.101	1118.87	233.321	-4.37091e-08	0.999947	-0.0102583	-0.000479369	0.0102583	0.999947	-0.06891	-0.00261	0	0	100
land_during_flip_rotation	16	0	-1033.39	52.25	-0.101	1119.97	222.461	-4.37085e-08	0.999935	-0.0114087	-0.000479369	0.0114087	0.999935	-0.06551	-0.00241	0	0	100
land_during_flip_rotation	18	0	-1014.71	55.82	-0.101	1121.07	211.601	-4.3708e-08	0.999922	-0.0124633	-0.000575243	0.0124633	0.999922	-0.06231	-0.00221	0	0	100
land_during_flip_rotation	20	0	-996.01	59.21	-0.101	1122.17	200.741	-4.37075e-08	0.99991	-0.0134219	-0.000575243	0.0134219	0.99991	-0.05931	-0.00201	0	0	100
land_during_flip_rotation	22	0	-967.92	63.96	-0.101	1123.82	184.451	-4.37066e-08	0.99989	-0.0148599	-0.000575243	0.0148599	0.999889	-0.05501	-0.00171	0	0	100
land_during_flip_rotation	25	0	-949.18	66.9	-0.101	1124.92	173.591	-4.3706e-08	0.999876	-0.0157227	-0.000671117	0.0157227	0.999876	-0.05231	-0.00151	0	0	100
land_during_flip_rotation	27	0	-922.08	69.66	-0.101	1626.02	162.721	-4.3625e-08	0.998023	-0.0628518	-0.000671119	0.0628517	0.998023	-3.73841	-0.00131	-0.00231	0	100
land_during_flip_rotation	29	0	-894.97	72.23	-0.101	1627.12	151.781	9.45513e-05	0.985733	-0.168316	-0.000750845	0.168316	0.985733	-5.49991	-0.00081	-0.00341	0	100
land_during_flip_rotation	31	0	-867.84	74.62	-0.101	1628.2	140.721	0.0005513	0.958348	-0.285602	-0.00798489	0.285597	0.958316	-5.48401	-0.41151	0.07731	0	100
land_during_flip_rotation	33	0	-840.69	76.83	-0.101	1629.25	129.531	0.00228628	0.917174	-0.398481	-0.0208643	0.398439	0.916957	-5.46281	-0.62151	0.14591	0	100
land_during_flip_rotation	35	0	-813.52	78.85	-0.081	1630.25	118.221	0.00570873	0.862938	-0.505277	-0.036628	0.505126	0.862268	-5.44821	-0.72711	0.19541	0	100
land_during_flip_rotation	37	0	-786.34	80.68	-0.061	1631.19	106.791	0.0110728	0.796456	-0.604595	-0.0534047	0.60424	0.795011	-5.43971	-0.77931	0.22811	0	100
land_during_flip_rotation	39	0	-759.14	82.31	-0.041	1632.05	95.251	0.0184033	0.718768	-0.695006	-0.0700539	0.694342	0.716227	-5.43511	-0.80451	0.24861	0	100
land_during_flip_rotation	41	0	-731.93	83.76	-0.011	1632.82	83.611	0.0277808	0.630887	-0.775377	-0.0863381	0.774292	0.626911	-5.43271	-0.81651	0.26111	0	100
land_during_flip_rotation	43	0	-704.71	85.01	0.011	1633.49	71.891	0.0389436	0.534228	-0.844443	-0.101541	0.842825	0.528522	-5.43151	-0.82201	0.26851	0	100
land_during_flip_rotation	45	0	-677.48	85.52	0.051	1634.04	20.641	0.0519128	0.430058	-0.901307	-0.115557	0.899049	0.422325	-5.43101	-0.82451	0.27271	0	100
land_during_flip_rotation	47	0	-650.24	85.57	0.101	1634.47	-1.061	0.0664494	0.319933	-0.945107	-0.127479	0.94216	0.309972	-5.43071	-0.82551	0.27511	0	100
land_during_flip_rotation	49	0	-623	85.42	0.171	1634.78	-10.261	0.082303	0.205576	-0.975174	-0.137878	0.971433	0.193151	-5.43061	-0.82581	0.27651	0	100
land_during_flip_rotation	51	0	-595.76	85.19	0.261	1634.97	-14.161	0.0993162	0.0885516	-0.991108	-0.146599	0.986466	0.0734465	-5.43051	-0.82591	0.27721	0	100
land_during_flip_rotation	53	0	-568.5	84.93	0.371	1635.03	-15.821	0.117148	-0.0294514	-0.992678	-0.152857	0.987115	-0.0473252	-5.43051	-0.82591	0.27761	0	100
land_during_flip_rotation	55	0	-541.25	84.65	0.501	1634.96	-16.521	0.135654	-0.146676	-0.979839	-0.156658	0.973364	-0.167395	-5.43051	-0.82591	0.27781	0	100
land_during_flip_rotation	57	-0.04	-514.67	86.57	-2.701	1594.43	112.221	0.117856	-0.256918	-0.95922	-0.204798	0.938898	-0.276638	-5.18401	0.82741	1.64031	0	100
land_during_flip_rotation	59	-0.08	-488.1	88.3	-2.561	1594.1	100.331	0.122703	-0.363226	-0.923586	-0.231021	0.8946	-0.382519	-5.37681	-0.01111	1.15731	0	100
land_during_flip_rotation	61	-0.12	-461.54	89.83	-2.411	1593.66	88.481	0.139484	-0.466735	-0.873329	-0.245747	0.838043	-0.487127	-5.39481	-0.50651	0.94271	0	100
land_during_flip_rotation	63	-0.16	-434.98	91.16	-2.241	1593.11	76.681	0.162886	-0.563505	-0.809895	-0.2528	0.76962	-0.586326	-5.37471	-0.78781	0.86131	0	100
land_during_flip_rotation	65	-0.2	-408.44	92.29	-2.051	1592.45	64.961	0.189621	-0.651308	-0.734739	-0.253612	0.690432	-0.677484	-5.35311	-0.94381	0.83831	0	100
land_during_flip_rotation	67	-0.24	-381.91	93.22	-1.821	1591.69	53.321	0.217696	-0.728955	-0.649025	-0.24956	0.601296	-0.759054	-5.33751	-1.02871	0.83791	0	100
land_during_flip_rotation	69	-0.26	-355.39	93.97	-1.571	1590.85	41.781	0.24599	-0.795251	-0.554134	-0.240976	0.503574	-0.829665	-5.32761	-1.07401	0.84431	0	100
land_during_flip_rotation	71	-0.28	-328.89	94.52	-1.281	1589.94	30.351	0.273478	-0.849376	-0.451409	-0.228744	0.398407	-0.888228	-5.32161	-1.09771	0.85131	0	100
land_during_flip_rotation	73	-0.3	-302.4	94.89	-0.961	1588.97	19.041	0.299487	-0.890479	-0.342571	-0.21301	0.287584	-0.933768	-5.31821	-1.10981	0.85691	0	100
land_during_flip_rotation	75	-0.32	-275.93	95.07	-0.611	1587.96	7.851	0.323716	-0.918022	-0.229005	-0.193958	0.17251	-0.965723	-5.31631	-1.11591	0.86091	0	100
land_during_flip_rotation	77	-0.32	-249.48	95.06	-0.241	1586.93	-3.211	0.345492	-0.931653	-0.112509	-0.172205	0.0549136	-0.983529	-5.31521	-1.11881	0.86361	0	100
land_during_flip_rotation	79	-0.32	-223.04	94.91	0.151	1585.89	-10.361	0.364537	-0.931174	0.00527303	-0.147792	-0.0634468	-0.986981	-5.31471	-1.12021	0.86531	0	100
land_during_flip_rotation	81	-0.32	-196.62	94.7	0.551	1584.85	-13.271	0.380583	-0.916571	0.122696	-0.121208	-0.180979	-0.975989	-5.31441	-1.12071	0.86641	0	100
land_during_flip_rotation	83	-0.3	-170.22	94.46	0.971	1583.83	-14.391	0.393355	-0.888084	0.237862	-0.0928474	-0.295767	-0.950737	-5.31421	-1.12101	0.86701	0	100
land_during_flip_rotation	85	-0.28	-143.84	94.22	1.401	1582.84	-14.761	0.402679	-0.84614	0.349138	-0.0631902	-0.406216	-0.91159	-5.31421	-1.12101	0.86731	0	100
land_during_flip_rotation	87	-0.25	-117.47	93.98	1.841	1581.91	-14.821	0.408362	-0.791339	0.454998	-0.0325093	-0.510745	-0.859117	-5.31411	-1.12101	0.86751	0	100
land_during_flip_rotation	89	-0.21	-91.11	93.74	2.281	1581.04	-14.751	0.410407	-0.724469	0.553815	-0.001494	-0.607852	-0.794049	-5.31411	-1.12101	0.86771	0	100
land_during_flip_rotation	91	-0.17	-64.77	93.5	2.721	1580.24	-14.631	0.408702	-0.646507	0.644198	0.0296385	-0.696067	-0.717365	-5.31411	-1.12101	0.86771	0	100
land_during_flip_rotation	93	-0.12	-38.44	93.26	3.161	1579.54	-14.501	0.403325	-0.558681	0.72471	0.0604619	-0.773982	-0.630314	-5.31411	-1.12101	0.86771	0	100
land_during_flip_rotation	95	-0.06	-12.12	93.02	3.601	1578.94	-14.371	0.394323	-0.462123	0.794325	0.09016	-0.840738	-0.533883	-5.31411	-1.12101	0.86771	0	100
land_during_flip_rotation	97	0	14.19	92.78	4.031	1578.45	-14.261	0.381869	-0.35837	0.851908	0.11886	-0.895065	-0.429804	-5.31411	-1.12101	0.86771	0	100
land_during_flip_rotation	99	0.08	40.49	92.54	4.441	1578.08	-14.161	0.366067	-0.248886	0.896689	0.145396	-0.936441	-0.319276	-5.31411	-1.12101	0.86771	0	100
land_during_flip_rotation	101	0.16	66.79	92.3	4.831	1577.83	-14.081	0.34723	-0.135282	0.927971	0.170058	-0.96405	-0.204174	-5.31411	-1.12101	0.86771	0	100
land_during_flip_rotation	103	0.24	93.09	92.06	5.201	1577.7	-14.021	0.325559	-0.019218	0.945326	0.192237	-0.977566	-0.0860776	-5.31411	-1.12101	0.86771	0	100
land_during_flip_rotation	105	0.33	119.39	91.78	5.551	1577.71	-18.891	0.304736	0.0824161	0.948864	0.206999	-0.978167	0.0184818	-5.28251	-1.10611	0.55711	0	100
land_during_flip_rotation	107	0.43	145.69	91.34	5.881	1577.82	-28.671	0.287004	0.165469	0.94353	0.20774	-0.972279	0.107321	-5.20941	-1.11471	-0.02871	0	100
land_during_flip_rotation	109	0.53	171.99	90.74	6.191	1578.02	-38.451	0.270565	0.243906	0.931292	0.197516	-0.960858	0.194266	-5.12481	-1.16821	-0.56701	0	100
land_during_flip_rotation	111	0.63	198.29	89.98	6.481	1578.3	-48.251	0.255989	0.317533	0.91304	0.177999	-0.943845	0.27834	-5.03101	-1.25941	-1.05771	0	100
land_during_flip_rotation	113	0.75	224.6	89.06	6.751	1578.66	-58.071	0.2439	0.386225	0.889574	0.149047	-0.921306	0.359137	-4.93021	-1.38211	-1.50151	0	100
land_during_flip_rotation	115	0.87	250.92	87.97	7.011	1579.1	-67.921	0.234725	0.449873	0.861695	0.11177	-0.893073	0.435808	-4.82491	-1.53051	-1.89941	0	100
land_during_flip_rotation	117	0.99	277.24	86.71	7.261	1579.61	-77.791	0.228778	0.508464	0.830136	0.0671927	-0.858966	0.507605	-4.71741	-1.69941	-2.25291	0	100
land_during_flip_rotation	119	1.11	303.58	85.29	7.501	1580.18	-87.701	0.226101	0.561631	0.795895	0.0158564	-0.819067	0.573478	-4.52531	-1.85101	-2.51881	0	100
land_during_flip_rotation	121	1.23	329.92	83.71	7.741	1580.81	-97.651	0.22677	0.60882	0.760207	-0.0401497	-0.774034	0.63187	-4.32851	-2.00791	-2.73521	0	100
land_during_flip_rotation	123	1.37	356.28	81.95	7.981	1581.49	-107.641	0.230609	0.650203	0.723916	-0.0999614	-0.724203	0.682304	-4.13471	-2.16771	-2.90761	0	100
land_during_flip_rotation	125	1.51	382.65	80.03	8.231	1582.22	-117.671	0.23737	0.685921	0.687872	-0.162637	-0.670054	0.724276	-3.94781	-2.32761	-3.04071	0	100
land_during_flip_rotation	127	1.65	409.03	77.95	8.491	1582.99	-127.741	0.246608	0.716389	0.652665	-0.227006	-0.612026	0.757557	-3.77091	-2.48541	-3.13891	0	100
land_during_flip_rotation	129	1.79	435.42	75.69	8.761	1583.78	-137.851	0.258044	0.741975	0.618778	-0.292386	-0.55046	0.781987	-3.60591	-2.63921	-3.20651	0	100
land_during_flip_rotation	131	1.94	461.83	73.27	9.041	1584.6	-148.001	0.271218	0.763073	0.586652	-0.357498	-0.486035	0.797474	-3.45411	-2.78741	-3.24781	0	100
land_during_flip_rotation	133	2.1	488.25	70.67	9.341	1585.44	-158.191	0.28589	0.780093	0.556526	-0.421924	-0.418968	0.804019	-3.31651	-2.92901	-3.26671	0	100
land_during_flip_rotation	135	2.26	514.69	67.91	9.651	1586.3	-168.401	0.301632	0.793485	0.528583	-0.484287	-0.350048	0.801831	-3.19311	-3.06301	-3.26661	0	100
land_during_flip_rotation	137	2.42	541.14	64.97	9.981	1587.18	-178.651	0.318144	0.803576	0.503041	-0.544439	-0.279529	0.790854	-3.08421	-3.18881	-3.25091	0	100
land_during_flip_rotation	139	2.59	567.6	61.87	10.331	1588.06	-188.921	0.335017	0.810781	0.479998	-0.601164	-0.208336	0.771491	-2.98921	-3.30601	-3.22251	0	100
land_during_flip_rotation	141	2.77	594.08	58.59	10.701	1588.96	-199.221	0.352078	0.815501	0.459347	-0.654045	-0.136701	0.744001	-2.90771	-3.41421	-3.18391	0	100
land_during_flip_rotation	143	2.95	620.58	55.14	11.091	1589.86	-209.541	0.369087	0.817997	0.441199	-0.702383	-0.0653764	0.708791	-2.83881	-3.51361	-3.13761	0	100
land_during_flip_rotation	145	3.14	647.09	51.52	11.501	1590.76	-219.881	0.385783	0.818713	0.4253	-0.745744	0.00531913	0.666212	-2.78181	-3.60411	-3.08561	0	100
land_during_flip_rotation	147	3.58	673.34	48.09	31.581	1570.12	-200.841	0.399057	0.822818	0.404628	-0.781467	0.074357	0.619501	-3.29241	-3.30171	-2.59321	0	100
land_during_flip_rotation	149	4.28	698.68	46.92	46.781	1515.33	-68.451	0.425896	0.845102	0.323134	-0.756065	0.136255	0.640157	-4.83751	2.40811	-0.82211	0	100
land_during_flip_rotation	151	5.27	723.72	45.86	63.941	1498.54	-62.701	0.445333	0.864813	0.231898	-0.724783	0.19612	0.660475	-4.75871	2.73781	-0.33031	0	100
land_during_flip_rotation	153	6.54	748.53	44.85	79.821	1485.53	-59.511	0.455	0.879644	0.13857	-0.690431	0.250205	0.678751	-4.59581	3.02011	0.08051	0	100
land_during_flip_rotation	155	8.05	773.17	43.86	94.081	1476.07	-59.601	0.455129	0.889275	0.045237	-0.653792	0.299256	0.694983	-4.39551	3.28161	0.40031	0	100
land_during_flip_rotation	157	9.73	797.71	42.77	100.491	1472.52	-69.961	0.447175	0.893283	-0.0456201	-0.615068	0.344131	0.709412	-4.16381	3.55551	0.51991	0	100
land_during_flip_rotation	159	11.48	822.24	41.61	109.161	1470.41	-63.961	0.436086	0.890888	-0.127072	-0.583802	0.38753	0.713439	-3.86481	2.57161	0.38471	0	100
land_during_flip_rotation	161	13.5	846.51	41.34	124.301	1444.64	22.851	0.425395	0.889254	-0.168127	-0.548193	0.401005	0.733948	0.74941	3.62381	0.19191	0	100
land_during_flip_rotation	163	15.76	870.53	41.66	138.901	1440.42	17.791	0.41684	0.891486	-0.177476	-0.501041	0.388253	0.773446	1.22461	3.69771	-0.25601	0	100
land_during_flip_rotation	165	18.26	894.49	41.88	154.011	1435.95	11.541	0.414656	0.891936	-0.180306	-0.447899	0.37253	0.812778	1.64841	3.73441	-0.71271	0	100
land_during_flip_rotation	167	21.03	918.36	41.99	169.861	1430.96	4.261	0.41931	0.890308	-0.17757	-0.389704	0.353176	0.850528	2.02361	3.73141	-1.18681	0	100
land_during_flip_rotation	169	24.07	942.14	41.96	186.621	1425.16	-3.971	0.431629	0.885866	-0.170112	-0.32726	0.329518	0.885618	2.35091	3.68941	-1.68691	0	100
land_during_flip_rotation	171	27.4	965.81	41.78	204.391	1418.28	-13.171	0.452315	0.877545	-0.159142	-0.261701	0.301178	0.916954	2.62891	3.61301	-2.22011	0	100
land_during_flip_rotation	173	31.04	989.35	41.43	223.151	1410.04	-23.461	0.481748	0.864067	-0.145972	-0.194295	0.26775	0.943695	2.85501	3.50991	-2.79101	0	100
land_during_flip_rotation	175	35	1012.73	40.9	242.761	1400.18	-34.991	0.520079	0.843854	-0.132015	-0.126396	0.2289	0.965209	2.93201	3.28491	-3.29571	0	100
land_during_flip_rotation	177	39.3	1035.92	40.16	262.841	1388.5	-47.961	0.564914	0.816498	-0.119175	-0.0626673	0.186464	0.980461	2.83761	2.94161	-3.68021	0	100
land_during_flip_rotation	179	43.68	1059.06	39.17	263.161	1388.94	-62.391	0.608116	0.786199	-0.109936	-0.00747275	0.144148	0.989528	2.55051	2.55341	-3.56591	0	100
land_during_flip_rotation	181	48.08	1082.22	37.99	263.841	1389.79	-73.331	0.648335	0.754228	-0.103931	0.0330102	0.108533	0.993545	1.96651	1.84301	-3.36531	0	100
land_during_flip_rotation	183	52.48	1105.4	36.63	264.571	1390.61	-84.271	0.685661	0.721003	-0.100116	0.0607206	0.0804057	0.994911	1.39791	1.21401	-3.17971	0	100
land_during_flip_rotation	185	56.9	1128.59	35.09	265.341	1391.4	-95.211	0.720181	0.686855	-0.0978263	0.0774057	0.0605754	0.995158	0.84731	0.65921	-3.00651	0	100
land_during_flip_rotation	187	61.81	1151.29	33.33	303.551	1352.12	-110.291	0.764592	0.637237	-0.0965859	0.0866412	0.0468757	0.995136	0.46141	0.31071	-4.44551	0	100
land_during_flip_rotation	189	67.29	1173.32	31.25	336.971	1311.65	-129.321	0.819745	0.564607	-0.0961087	0.0943479	0.0323909	0.995012	0.31271	0.21431	-5.48691	0	100
land_during_flip_rotation	191	73.29	1194.63	28.86	367.161	1267.13	-147.641	0.873695	0.476846	-0.0962996	0.0991851	0.0191872	0.994884	0.11711	0.06921	-5.49831	0	100
land_during_flip_rotation	193	79.85	1214.99	26.24	406.141	1200.12	-159.481	0.917721	0.386125	-0.0932454	0.0976189	0.00831301	0.995189	0.04541	-0.26541	-5.49341	1	100
land_during_flip_rotation	195	87.43	1233.37	23.51	470.081	1070.55	-164.011	0.949974	0.301351	-0.0820714	0.0867492	-0.00214913	0.996228	0.12771	-0.80771	-5.43021	1	100
land_during_flip_rotation	197	95.93	1249.58	20.95	522.161	939.711	-148.931	0.974138	0.216299	-0.0653393	0.0692306	-0.0104541	0.997546	0.06001	-1.06471	-5.25491	1	100
land_during_flip_rotation	199	105.15	1263.62	18.82	562.791	809.461	-120.531	0.989875	0.133571	-0.0480143	0.0504946	-0.015242	0.998608	-0.03521	-1.03651	-4.96831	1	100
land_during_flip_rotation	201	114.91	1275.52	17.31	592.611	683.261	-81.341	0.998003	0.055745	-0.0297165	0.030554	-0.0142325	0.999432	-0.29851	-1.10541	-4.58981	1	100
land_during_flip_rotation	203	125.05	1285.4	16.37	613.061	563.171	-48.381	0.999776	-0.0155293	-0.0143806	0.0142158	-0.0106721	0.999842	-0.28121	-0.87601	-4.15971	1	100
land_during_flip_rotation	205	135.44	1293.38	16.04	625.881	451.041	-10.281	0.996843	-0.079011	-0.00786157	0.00748087	-0.00511313	0.999959	-0.27141	-0.20531	-3.70041	1	100
land_during_flip_rotation	207	145.96	1299.59	16.08	632.851	347.161	5.371	0.990851	-0.134767	-0.00719047	0.00678891	-0.00343904	0.999971	-0.09131	0.00151	-3.25171	1	100
land_during_flip_rotation	209	156.55	1304.19	16.21	635.811	253.291	8.711	0.983079	-0.183035	-0.00738222	0.00695916	-0.00295356	0.999971	-0.04231	0.02391	-2.82541	1	100
land_during_flip_rotation	211	167.15	1307.35	16.37	636.361	169.581	9.141	0.974525	-0.224143	-0.0077657	0.00731021	-0.00286189	0.999969	-0.02231	0.02581	-2.42511	1	100
land_during_flip_rotation	213	177.75	1309.25	16.51	635.761	95.601	8.301	0.965886	-0.258842	-0.00805331	0.0075803	-0.00282545	0.999967	-0.01111	0.02291	-2.05361	1	100
land_during_flip_rotation	215	188.33	1310.03	16.63	635.001	30.771	7.021	0.95771	-0.287613	-0.00834092	0.00782301	-0.00294998	0.999965	-0.00491	0.01881	-1.71371	1	100
land_during_flip_rotation	217	198.91	1309.83	16.73	634.811	-25.491	5.671	0.950302	-0.311211	-0.00862854	0.00805082	-0.00314096	0.999963	-0.00171	0.01491	-1.40851	1	100
land_during_flip_rotation	219	209.5	1308.79	16.81	635.691	-73.871	4.421	0.943842	-0.330279	-0.00882027	0.0081986	-0.00327524	0.999961	-0.00021	0.01171	-1.14031	1	100
tilt_nose_down	0	0	-1185	284.82	0	900.001	-913.531	-2.71693e-08	0.62156	-0.783366	-3.4242e-08	0.783366	0.62156	0	0	0	0	100
tilt_nose_down	2	0	-1170	269.46	0	900.001	-924.351	-2.71693e-08	0.62156	-0.783366	-3.4242e-08	0.783366	0.62156	0	0	0	0	100
tilt_nose_down	4	0	-1155	253.92	0	900.001	-935.171	-2.71693e-08	0.62156	-0.783366	-3.4242e-08	0.783366	0.62156	0	0	0	0	100
tilt_nose_down	6	0	-1140	238.2	0	900.001	-945.991	-2.71693e-08	0.62156	-0.783366	-3.4242e-08	0.783366	0.62156	0	0	0	0	100
tilt_nose_down	8	0	-1125	222.3	0	900.001	-956.811	-2.71693e-08	0.62156	-0.783366	-3.4242e-08	0.783366	0.62156	0	0	0	0	100
tilt_nose_down	10	0	-1110	206.22	0	900.001	-967.631	-2.71693e-08	0.62156	-0.783366	-3.4242e-08	0.783366	0.62156	0	0	0	0	100
tilt_nose_down	12	0	-1095	189.96	0	900.001	-978.451	-2.71693e-08	0.62156	-0.783366	-3.4242e-08	0.783366	0.62156	0	0	0	0	100
tilt_nose_down	14	0	-1080	173.52	0	900.001	-989.271	-2.71693e-08	0.62156	-0.783366	-3.4242e-08	0.783366	0.62156	0	0	0	0	100
tilt_nose_down	16	0	-1065	156.9	0	900.001	-1000.09	-2.71693e-08	0.62156	-0.783366	-3.4242e-08	0.783366	0.62156	0	0	0	0	100
tilt_nose_down	18	0	-1050	140.1	0	900.001	-1010.91	-2.71693e-08	0.62156	-0.783366	-3.4242e-08	0.783366	0.62156	0	0	0	0	100
tilt_nose_down	20	0	-1035	123.12	0	900.001	-1021.73	-2.71693e-08	0.62156	-0.783366	-3.4242e-08	0.783366	0.62156	0	0	0	0	100
tilt_nose_down	22	0	-1020	105.96	0	900.001	-1032.55	-2.71693e-08	0.62156	-0.783366	-3.4242e-08	0.783366	0.62156	0	0	0	0	100
tilt_nose_down	24	0	-1005	88.62	0	900.001	-1043.37	-2.71693e-08	0.62156	-0.783366	-3.4242e-08	0.783366	0.62156	0	0	0	0	100
tilt_nose_down	26	0	-990	71.1	0	900.001	-1054.19	-2.71693e-08	0.62156	-0.783366	-3.4242e-08	0.783366	0.62156	0	0	0	0	100
tilt_nose_down	28	0	-975	53.39	0	900.001	-1065.01	-2.71693e-08	0.62156	-0.783366	-3.4242e-08	0.783366	0.62156	0	0	0	0	100
tilt_nose_down	30	0.08	-961.9	47.26	9.111	773.191	-387.021	-0.0589021	0.732439	-0.67828	0.0529608	0.680795	0.730557	5.47011	-0.40371	0.40571	0	100
tilt_nose_down	32	0.12	-949.07	43.37	0.281	768.691	-300.211	-0.056453	0.804188	-0.591688	0.024982	0.593585	0.804384	5.36321	-0.95821	0.75311	0	100
tilt_nose_down	34	0.02	-936.31	39.12	-8.101	764.001	-262.171	-0.0593777	0.858817	-0.50883	-0.000362673	0.509711	0.860346	5.33781	-0.98031	0.89231	0	100
tilt_nose_down	36	-0.2	-923.63	35.05	-14.411	759.261	-236.961	-0.067255	0.903488	-0.423304	-0.0199485	0.422962	0.905928	5.40361	-0.56941	0.85191	0	100
tilt_nose_down	38	-0.49	-911.03	31.23	-18.551	754.561	-228.401	-0.0787617	0.938826	-0.335265	-0.0287925	0.334027	0.942124	5.44081	-0.12051	0.79551	0	100
tilt_nose_down	40	-0.84	-898.51	27.38	-21.821	749.881	-232.591	-0.0923171	0.964804	-0.246234	-0.0314697	0.244339	0.969179	5.43871	0.14141	0.80641	0	100
tilt_nose_down	42	-1.24	-886.07	23.38	-24.751	745.181	-242.461	-0.107081	0.981903	-0.156207	-0.0298948	0.15386	0.98764	5.42531	0.29311	0.85431	0	100
tilt_nose_down	44	-1.82	-873.78	20.01	-38.461	734.801	-188.131	-0.119773	0.989037	-0.0863704	-0.0259909	0.0838432	0.99614	3.83761	0.33341	0.69531	1	100
tilt_nose_down	46	-2.61	-861.66	17.58	-50.911	724.421	-132.171	-0.129734	0.990807	-0.0383401	-0.0205666	0.0359697	0.999141	2.56481	0.36441	0.54261	1	100
tilt_nose_down	48	-3.59	-849.72	16.02	-61.751	714.141	-81.971	-0.137141	0.990519	-0.00805331	-0.0147793	0.00608311	0.999872	1.54141	0.35081	0.40981	1	100
tilt_nose_down	50	-4.73	-837.94	15.63	-70.951	704.011	-10.671	-0.142461	0.989798	-0.00191747	-0.011186	0.000327126	0.999937	0.13911	0.19181	0.29821	1	100
tilt_nose_down	52	-6	-826.33	15.74	-78.341	694.081	9.621	-0.146351	0.989229	-0.00258859	-0.00881962	0.00131186	0.99996	-0.09001	0.12281	0.21741	1	100
tilt_nose_down	54	-7.38	-814.89	15.95	-84.021	684.381	12.811	-0.149195	0.9888	-0.00393082	-0.00712765	0.00289977	0.99997	-0.09351	0.09741	0.15891	1	100
tilt_nose_down	56	-8.84	-803.61	16.17	-88.201	674.891	12.721	-0.151279	0.988478	-0.00508129	-0.0057915	0.00425404	0.999974	-0.08171	0.07761	0.11651	1	100
tilt_nose_down	58	-10.35	-792.47	16.36	-91.171	665.571	11.201	-0.152889	0.988225	-0.00604001	-0.00471332	0.00538262	0.999974	-0.06681	0.06041	0.08561	1	100
tilt_nose_down	60	-11.9	-781.49	16.53	-93.161	656.401	9.251	-0.15393	0.988058	-0.00690286	-0.00390451	0.00637781	0.999972	-0.05301	0.04621	0.06311	1	100
tilt_nose_down	62	-13.47	-770.67	16.66	-94.391	647.341	7.291	-0.154782	0.98792	-0.00747809	-0.00324131	0.00706146	0.99997	-0.04131	0.03491	0.04661	1	100
tilt_nose_down	64	-15.05	-759.99	16.76	-95.021	638.381	5.601	-0.155445	0.987812	-0.00805331	-0.00286192	0.00770204	0.999966	-0.03191	0.02611	0.03461	1	100
tilt_nose_down	66	-16.63	-749.46	16.84	-95.201	629.481	4.201	-0.155918	0.987735	-0.00834092	-0.00243696	0.00805951	0.999965	-0.02441	0.01931	0.02571	1	100
tilt_nose_down	68	-18.21	-739.08	16.9	-95.011	620.651	3.061	-0.156201	0.987687	-0.0087244	-0.00221509	0.00848252	0.999962	-0.01871	0.01421	0.01911	1	100
tilt_nose_down	70	-19.79	-728.84	16.94	-94.531	611.861	2.181	-0.156485	0.98764	-0.00891615	-0.00205815	0.00870127	0.99996	-0.01431	0.01041	0.01411	1	100
tilt_nose_down	72	-21.36	-718.75	16.97	-93.841	603.101	1.511	-0.156674	0.987608	-0.00910788	-0.00190048	0.00892029	0.999958	-0.01091	0.00761	0.01041	1	100
tilt_nose_down	74	-22.91	-708.81	16.99	-92.981	594.371	1.051	-0.156769	0.987592	-0.00920375	-0.00182167	0.00902982	0.999958	-0.00831	0.00551	0.00771	1	100
tilt_nose_down	76	-24.45	-699.01	17.01	-92.001	585.661	0.711	-0.156863	0.987577	-0.00929962	-0.00174289	0.00913937	0.999957	-0.00631	0.00401	0.00571	1	100
tilt_nose_down	78	-25.97	-689.36	17.01	-90.921	576.961	0.461	-0.156958	0.987561	-0.00939549	-0.00166413	0.00924893	0.999956	-0.00481	0.00291	0.00421	1	100
tilt_nose_down	80	-27.47	-679.85	17.01	-89.771	568.281	0.351	-0.157052	0.987545	-0.00949136	-0.00158539	0.00935851	0.999955	-0.00351	0.00201	0.00311	1	100
tilt_nose_down	82	-28.95	-670.49	17.01	-88.561	559.601	0.301	-0.157052	0.987545	-0.00949136	-0.00158539	0.00935851	0.999955	-0.00261	0.00151	0.00231	1	100
tilt_nose_down	84	-30.41	-661.27	17.01	-87.311	550.931	0.281	-0.157147	0.98753	-0.00949136	-0.00158629	0.00935836	0.999955	-0.00201	0.00111	0.00171	1	100
tilt_nose_down	86	-31.85	-652.19	17.01	-86.031	542.271	0.271	-0.157147	0.987529	-0.00958723	-0.00160135	0.00945304	0.999954	-0.00151	0.00071	0.00121	1	100
tilt_nose_down	88	-33.27	-643.26	17.01	-84.721	533.611	0.271	-0.157147	0.987529	-0.00958723	-0.00150667	0.0094681	0.999954	-0.00121	0.00041	0.00081	1	100
tilt_nose_down	90	-34.67	-634.48	17.01	-83.401	524.951	0.271	-0.157147	0.987529	-0.00958723	-0.00150667	0.0094681	0.999954	-0.00101	0.00021	0.00061	1	100
tilt_nose_down	92	-36.04	-625.84	17.01	-82.061	516.291	0.271	-0.157147	0.987529	-0.00958723	-0.00150667	0.0094681	0.999954	-0.00081	0	0.00041	1	100
tilt_nose_down	94	-37.39	-617.34	17.01	-80.711	507.631	0.271	-0.157147	0.987529	-0.00958723	-0.00150667	0.0094681	0.999954	-0.00061	0	0.00021	1	100
tilt_nose_down	96	-38.72	-608.99	17.01	-79.351	498.971	0.271	-0.157147	0.987529	-0.00958723	-0.00150667	0.0094681	0.999954	-0.00061	0	0.00011	1	100
tilt_nose_down	98	-40.03	-600.78	17.01	-77.991	490.311	0.271	-0.157147	0.987529	-0.00958723	-0.00150667	0.0094681	0.999954	-0.00061	0	0.00011	1	100
tilt_nose_down	100	-41.31	-592.72	17.01	-76.621	481.651	0.271	-0.157147	0.987529	-0.00958723	-0.00150667	0.0094681	0.999954	-0.00061	0	0	1	100
tilt_nose_down	102	-42.57	-584.8	17.01	-75.241	472.991	0.271	-0.157147	0.987529	-0.00958723	-0.00150667	0.0094681	0.999954	-0.00061	0	0	1	100
tilt_nose_down	104	-43.81	-577.02	17.01	-73.861	464.331	0.271	-0.157147	0.987529	-0.00958723	-0.00150667	0.0094681	0.999954	-0.00061	0	0	1	100
tilt_nose_down	106	-45.02	-569.39	17.01	-72.481	455.671	0.271	-0.157147	0.987529	-0.00958723	-0.00150667	0.0094681	0.999954	-0.00061	0	0	1	100
tilt_nose_down	108	-46.21	-561.9	17.01	-71.111	447.011	0.271	-0.157147	0.987529	-0.00958723	-0.00150667	0.0094681	0.999954	-0.00061	0	0	1	100
tilt_nose_down	110	-47.38	-554.56	17.01	-69.731	438.351	0.271	-0.157147	0.987529	-0.00958723	-0.00150667	0.0094681	0.999954	-0.00061	0	0	1	100
tilt_nose_down	112	-48.53	-547.36	17.01	-68.351	429.691	0.271	-0.157147	0.987529	-0.00958723	-0.00150667	0.0094681	0.999954	-0.00061	0	0	1	100
tilt_nose_down	114	-49.65	-540.31	17.01	-66.971	421.031	0.271	-0.157147	0.987529	-0.00958723	-0.00150667	0.0094681	0.999954	-0.00061	0	0	1	100
tilt_nose_down	116	-50.75	-533.4	17.01	-65.591	412.371	0.271	-0.157147	0.987529	-0.00958723	-0.00150667	0.0094681	0.999954	-0.00061	0	0	1	100
tilt_nose_down	118	-51.83	-526.64	17.01	-64.211	403.711	0.271	-0.157147	0.987529	-0.00958723	-0.00150667	0.0094681	0.999954	-0.00061	0	0	1	100
tilt_nose_down	120	-52.88	-520.02	17.01	-62.841	395.051	0.271	-0.157147	0.987529	-0.00958723	-0.00150667	0.0094681	0.999954	-0.00061	0	0	1	100
tilt_nose_down	122	-53.91	-513.54	17.01	-61.461	386.391	0.271	-0.157147	0.987529	-0.00958723	-0.00150667	0.0094681	0.999954	-0.00061	0	0	1	100
tilt_nose_down	124	-54.92	-507.21	17.01	-60.081	377.731	0.271	-0.157147	0.987529	-0.00958723	-0.00150667	0.0094681	0.999954	-0.00061	0	0	1	100
tilt_nose_down	126	-55.9	-501.02	17.01	-58.701	369.071	0.271	-0.157147	0.987529	-0.00958723	-0.00150667	0.0094681	0.999954	-0.00061	0	0	1	100
tilt_nose_down	128	-56.86	-494.98	17.01	-57.321	360.411	0.271	-0.157147	0.987529	-0.00958723	-0.00150667	0.0094681	0.999954	-0.00061	0	0	1	100
tilt_nose_down	130	-57.8	-489.08	17.01	-55.941	351.751	0.271	-0.157147	0.987529	-0.00958723	-0.00150667	0.0094681	0.999954	-0.00061	0	0	1	100
tilt_nose_down	132	-58.71	-483.32	17.01	-54.571	343.091	0.271	-0.157147	0.987529	-0.00958723	-0.00150667	0.0094681	0.999954	-0.00061	0	0	1	100
tilt_nose_down	134	-59.6	-477.71	17.01	-53.191	334.431	0.271	-0.157147	0.987529	-0.00958723	-0.00150667	0.0094681	0.999954	-0.00061	0	0	1	100
tilt_nose_down	136	-60.47	-472.25	17.01	-51.811	325.771	0.271	-0.157147	0.987529	-0.00958723	-0.00150667	0.0094681	0.999954	-0.00061	0	0	1	100
tilt_nose_down	138	-61.32	-466.93	17.01	-50.431	317.111	0.271	-0.157147	0.987529	-0.00958723	-0.00150667	0.0094681	0.999954	-0.00061	0	0	1	100
tilt_nose_down	140	-62.14	-461.75	17.01	-49.051	308.451	0.271	-0.157147	0.987529	-0.00958723	-0.00150667	0.0094681	0.999954	-0.00061	0	0	1	100
tilt_nose_down	142	-62.94	-456.72	17.01	-47.671	299.791	0.271	-0.157147	0.987529	-0.00958723	-0.00150667	0.0094681	0.999954	-0.00061	0	0	1	100
tilt_nose_down	144	-63.72	-451.83	17.01	-46.301	291.131	0.271	-0.157147	0.987529	-0.00958723	-0.00150667	0.0094681	0.999954	-0.00061	0	0	1	100
tilt_nose_down	146	-64.47	-447.09	17.01	-44.921	282.471	0.271	-0.157147	0.987529	-0.00958723	-0.00150667	0.0094681	0.999954	-0.00061	0	0	1	100
tilt_nose_down	148	-65.2	-442.49	17.01	-43.541	273.811	0.271	-0.157147	0.987529	-0.00958723	-0.00150667	0.0094681	0.999954	-0.00061	0	0	1	100
tilt_nose_down	150	-65.91	-438.03	17.01	-42.161	265.151	0.271	-0.157147	0.987529	-0.00958723	-0.00150667	0.0094681	0.999954	-0.00061	0	0	1	100
tilt_nose_down	152	-66.6	-433.72	17.01	-40.781	256.491	0.271	-0.157147	0.987529	-0.00958723	-0.00150667	0.0094681	0.999954	-0.00061	0	0	1	100
tilt_nose_down	154	-67.26	-429.55	17.01	-39.411	247.831	0.271	-0.157147	0.987529	-0.00958723	-0.00150667	0.0094681	0.999954	-0.00061	0	0	1	100
tilt_nose_down	156	-67.9	-425.53	17.01	-38.031	239.171	0.271	-0.157147	0.987529	-0.00958723	-0.00150667	0.0094681	0.999954	-0.00061	0	0	1	100
tilt_nose_down	158	-68.52	-421.65	17.01	-36.651	230.511	0.271	-0.157147	0.987529	-0.00958723	-0.00150667	0.0094681	0.999954	-0.00061	0	0	1	100
tilt_nose_down	160	-69.11	-417.92	17.01	-35.271	221.851	0.271	-0.157147	0.987529	-0.00958723	-0.00150667	0.0094681	0.999954	-0.00061	0	0	1	100
tilt_nose_down	162	-69.68	-414.33	17.01	-33.891	213.191	0.271	-0.157147	0.987529	-0.00958723	-0.00150667	0.0094681	0.999954	-0.00061	0	0	1	100
tilt_nose_down	164	-70.23	-410.89	17.01	-32.511	204.531	0.271	-0.157147	0.987529	-0.00958723	-0.00150667	0.0094681	0.999954	-0.00061	0	0	1	100
tilt_nose_down	166	-70.76	-407.59	17.01	-31.141	195.871	0.271	-0.157147	0.987529	-0.00958723	-0.00150667	0.0094681	0.999954	-0.00061	0	0	1	100
tilt_nose_down	168	-71.26	-404.43	17.01	-29.761	187.211	0.271	-0.157147	0.987529	-0.00958723	-0.00150667	0.0094681	0.999954	-0.00061	0	0	1	100
tilt_nose_down	170	-71.74	-401.42	17.01	-28.381	178.551	0.271	-0.157147	0.987529	-0.00958723	-0.00150667	0.0094681	0.999954	-0.00061	0	0	1	100
tilt_nose_down	172	-72.2	-398.55	17.01	-27.001	169.891	0.271	-0.157147	0.987529	-0.00958723	-0.00150667	0.0094681	0.999954	-0.00061	0	0	1	100
tilt_nose_down	174	-72.63	-395.83	17.01	-25.621	161.231	0.271	-0.157147	0.987529	-0.00958723	-0.00150667	0.0094681	0.999954	-0.00061	0	0	1	100
tilt_nose_down	176	-73.04	-393.25	17.01	-24.241	152.571	0.271	-0.157147	0.987529	-0.00958723	-0.00150667	0.0094681	0.999954	-0.00061	0	0	1	100
tilt_nose_down	178	-73.43	-390.81	17.01	-22.871	143.911	0.271	-0.157147	0.987529	-0.00958723	-0.00150667	0.0094681	0.999954	-0.00061	0	0	1	100
tilt_nose_up	0	0	-1185	284.82	0	900.001	-913.531	-2.71824e-08	0.621861	0.783128	3.42316e-08	-0.783128	0.621861	0	0	0	0	100
tilt_nose_up	2	0	-1170	269.46	0	900.001	-924.351	-2.71824e-08	0.621861	0.783128	3.42316e-08	-0.783128	0.621861	0	0	0	0	100
tilt_nose_up	4	0	-1155	253.92	0	900.001	-935.171	-2.71824e-08	0.621861	0.783128	3.42316e-08	-0.783128	0.621861	0	0	0	0	100
tilt_nose_up	6	0	-1140	238.2	0	900.001	-945.991	-2.71824e-08	0.621861	0.783128	3.42316e-08	-0.783128	0.621861	0	0	0	0	100
tilt_nose_up	8	0	-1125	222.3	0	900.001	-956.811	-2.71824e-08	0.621861	0.783128	3.42316e-08	-0.783128	0.621861	0	0	0	0	100
tilt_nose_up	10	0	-1110	206.22	0	900.001	-967.631	-2.71824e-08	0.621861	0.783128	3.42316e-08	-0.783128	0.621861	0	0	0	0	100
tilt_nose_up	12	0	-1095	189.96	0	900.001	-978.451	-2.71824e-08	0.621861	0.783128	3.42316e-08	-0.783128	0.621861	0	0	0	0	100
tilt_nose_up	14	0	-1080	173.52	0	900.001	-989.271	-2.71824e-08	0.621861	0.783128	3.42316e-08	-0.783128	0.621861	0	0	0	0	100
tilt_nose_up	16	0	-1065	156.9	0	900.001	-1000.09	-2.71824e-08	0.621861	0.783128	3.42316e-08	-0.783128	0.621861	0	0	0	0	100
tilt_nose_up	18	0	-1050	140.1	0	900.001	-1010.91	-2.71824e-08	0.621861	0.783128	3.42316e-08	-0.783128	0.621861	0	0	0	0	100
tilt_nose_up	20	0	-1035	123.12	0	900.001	-1021.73	-2.71824e-08	0.621861	0.783128	3.42316e-08	-0.783128	0.621861	0	0	0	0	100
tilt_nose_up	22	0	-1020	105.96	0	900.001	-1032.55	-2.71824e-08	0.621861	0.783128	3.42316e-08	-0.783128	0.621861	0	0	0	0	100
tilt_nose_up	24	0	-1005	88.62	0	900.001	-1043.37	-2.71824e-08	0.621861	0.783128	3.42316e-08	-0.783128	0.621861	0	0	0	0	100
tilt_nose_up	26	0	-990	71.1	0	900.001	-1054.19	-2.71824e-08	0.621861	0.783128	3.42316e-08	-0.783128	0.621861	0	0	0	0	100
tilt_nose_up	28	0	-975	53.39	0	900.001	-1065.01	-2.71824e-08	0.621861	0.783128	3.42316e-08	-0.783128	0.621861	0	0	0	0	100
tilt_nose_up	30	0	-960.02	36.98	0	897.811	-898.841	-2.71299e-08	0.620659	0.784081	3.42733e-08	-0.784081	0.620659	0.18601	0	0	0	100
tilt_nose_up	32	0.01	-946.45	32.35	0.681	804.511	-194.511	-0.0180771	0.719509	0.694247	-0.0945746	-0.692478	0.715213	-5.48151	0.37751	-0.24431	0	100
tilt_nose_up	34	0.15	-933.11	31.31	11.121	799.591	-84.201	-0.00976213	0.789288	0.613946	-0.0826216	-0.612512	0.786131	-5.45541	0.69011	0.10891	0	100
tilt_nose_up	36	0.42	-919.85	30.12	17.541	794.941	-70.651	-0.00534007	0.843912	0.536455	-0.069604	-0.535475	0.841678	-5.44151	0.76011	0.24891	0	100
tilt_nose_up	38	0.75	-906.65	28.85	20.501	790.471	-78.881	-0.00324137	0.8897	0.456534	-0.056406	-0.455973	0.888205	-5.44271	0.73601	0.29141	0	100
tilt_nose_up	40	1.11	-893.53	27.36	21.091	786.081	-93.341	-0.00284593	0.927645	0.373453	-0.0436133	-0.373214	0.92672	-5.44781	0.69761	0.28961	0	100
tilt_nose_up	42	1.45	-880.49	25.61	20.221	781.701	-109.151	-0.00330573	0.957793	0.287439	-0.0313121	-0.287399	0.957299	-5.45111	0.68081	0.26801	0	100
tilt_nose_up	44	1.76	-867.51	23.59	18.501	777.321	-125.051	-0.0045097	0.979962	0.199132	-0.0194074	-0.199182	0.97977	-5.45401	0.67001	0.23321	0	100
tilt_nose_up	46	2.05	-854.62	21.37	17.311	771.841	-133.141	-0.00619276	0.993717	0.111747	-0.00591875	-0.111783	0.993715	-5.15571	0.90671	0.22461	1	100
tilt_nose_up	48	2.32	-841.86	19.48	15.581	763.071	-106.581	-0.00794938	0.998958	0.0449497	0.00630163	-0.0449001	0.998972	-3.66141	0.65841	0.15081	1	100
tilt_nose_up	50	2.53	-829.25	18.03	11.581	754.281	-80.401	-0.00977898	0.999952	0.000862864	0.0137173	-0.000728677	0.999906	-2.32301	0.37121	0.10991	1	100
tilt_nose_up	52	2.67	-816.79	16.99	6.641	745.481	-55.801	-0.0113096	0.999646	-0.024062	0.0165039	0.0242469	0.99957	-1.25231	0.11281	0.08691	1	100
tilt_nose_up	54	2.71	-804.47	16.54	0.721	736.661	-17.461	-0.0124585	0.999539	-0.027704	0.0122129	0.0278562	0.999537	0.07461	-0.24981	0.06901	1	100
tilt_nose_up	56	2.67	-792.3	16.44	-3.341	727.851	-4.021	-0.0133225	0.999644	-0.0231035	0.00851162	0.0232181	0.999694	0.29381	-0.20141	0.05111	1	100
tilt_nose_up	58	2.58	-780.28	16.44	-6.071	719.051	0.981	-0.0138987	0.999723	-0.0189819	0.0056797	0.0190623	0.999802	0.22991	-0.16471	0.03781	1	100
tilt_nose_up	60	2.45	-768.4	16.49	-7.861	710.271	3.841	-0.0143787	0.999767	-0.0161061	0.00331534	0.0161553	0.999864	0.15861	-0.12581	0.02771	1	100
tilt_nose_up	62	2.31	-756.67	16.57	-8.951	701.491	5.071	-0.0147626	0.99979	-0.0141888	0.00180364	0.014217	0.999897	0.10471	-0.08291	0.02011	1	100
tilt_nose_up	64	2.15	-745.09	16.65	-9.531	692.731	5.271	-0.0149545	0.999806	-0.0128467	0.000862362	0.0128611	0.999917	0.06801	-0.04711	0.01441	1	100
tilt_nose_up	66	1.99	-733.65	16.73	-9.821	683.971	4.821	-0.0151464	0.999812	-0.0120798	0.000392198	0.0120871	0.999927	0.04641	-0.02571	0.01031	1	100
tilt_nose_up	68	1.83	-722.36	16.8	-9.941	675.211	4.071	-0.0152423	0.999819	-0.0114087	0.000113681	0.0114118	0.999935	0.03311	-0.01371	0.00731	1	100
tilt_nose_up	70	1.67	-711.22	16.86	-9.961	666.451	3.291	-0.0153382	0.999822	-0.0110253	-7.32559e-05	0.0110254	0.999939	0.02431	-0.00701	0.00511	1	100
tilt_nose_up	72	1.51	-700.22	16.9	-9.931	657.691	2.561	-0.0154341	0.999824	-0.0106418	-0.000164256	0.0106405	0.999943	0.01821	-0.00341	0.00361	1	100
tilt_nose_up	74	1.35	-689.37	16.94	-9.871	648.931	1.961	-0.0155301	0.999825	-0.0104501	-0.000162299	0.0104488	0.999945	0.01371	-0.00151	0.00251	1	100
tilt_nose_up	76	1.19	-678.67	16.96	-9.791	640.171	1.461	-0.0155301	0.999827	-0.0102583	-0.000159321	0.0102571	0.999947	0.01031	-0.00051	0.00171	1	100
tilt_nose_up	78	1.03	-668.11	16.98	-9.691	631.411	1.101	-0.0155302	0.999829	-0.0100666	-0.000156344	0.0100654	0.999949	0.00781	0	0.00121	1	100
tilt_nose_up	80	0.87	-657.69	17	-9.591	622.651	0.801	-0.0155302	0.99983	-0.00997071	-0.000154855	0.00996951	0.99995	0.00591	0	0.00081	1	100
tilt_nose_up	82	0.71	-647.42	17.01	-9.481	613.891	0.531	-0.0155302	0.999831	-0.00987484	-0.000153366	0.00987365	0.999951	0.00461	0	0.00051	1	100
tilt_nose_up	84	0.55	-637.3	17.01	-9.361	605.131	0.381	-0.0155302	0.999831	-0.00987484	-0.000153366	0.00987365	0.999951	0.00351	0	0.00031	1	100
tilt_nose_up	86	0.39	-627.32	17.01	-9.241	596.371	0.311	-0.0155302	0.999832	-0.00977897	-0.000151877	0.00977779	0.999952	0.00271	0	0.00011	1	100
tilt_nose_up	88	0.23	-617.49	17.01	-9.111	587.611	0.281	-0.0155302	0.999832	-0.00977897	-0.000151877	0.00977779	0.999952	0.00211	0	0	1	100
tilt_nose_up	90	0.08	-607.81	17.01	-8.971	578.851	0.271	-0.0155302	0.999832	-0.00977897	-0.000151877	0.00977779	0.999952	0.00171	0	0	1	100
tilt_nose_up	92	-0.06	-598.27	17.01	-8.841	570.091	0.271	-0.0155302	0.999832	-0.0096831	-0.000150388	0.00968193	0.999953	0.00131	0	0	1	100
tilt_nose_up	94	-0.2	-588.88	17.01	-8.701	561.331	0.271	-0.0155302	0.999832	-0.0096831	-0.000150388	0.00968193	0.999953	0.00091	0	0	1	100
tilt_nose_up	96	-0.34	-579.64	17.01	-8.571	552.571	0.271	-0.0155302	0.999832	-0.0096831	-0.000150388	0.00968193	0.999953	0.00061	0	0	1	100
tilt_nose_up	98	-0.48	-570.54	17.01	-8.431	543.811	0.271	-0.0155302	0.999832	-0.0096831	-0.000150388	0.00968193	0.999953	0.00061	0	0	1	100
tilt_nose_up	100	-0.62	-561.58	17.01	-8.291	535.051	0.271	-0.0155302	0.999832	-0.0096831	-0.000150388	0.00968193	0.999953	0.00061	0	0	1	100
tilt_nose_up	102	-0.76	-552.77	17.01	-8.161	526.291	0.271	-0.0155302	0.999832	-0.0096831	-0.000150388	0.00968193	0.999953	0.00061	0	0	1	100
tilt_nose_up	104	-0.9	-544.11	17.01	-8.021	517.531	0.271	-0.0155302	0.999832	-0.0096831	-0.000150388	0.00968193	0.999953	0.00061	0	0	1	100
tilt_nose_up	106	-1.04	-535.59	17.01	-7.881	508.771	0.271	-0.0155302	0.999832	-0.0096831	-0.000150388	0.00968193	0.999953	0.00061	0	0	1	100
tilt_nose_up	108	-1.17	-527.22	17.01	-7.751	500.011	0.271	-0.0155302	0.999832	-0.0096831	-0.000150388	0.00968193	0.999953	0.00061	0	0	1	100
tilt_nose_up	110	-1.29	-519	17.01	-7.611	491.251	0.271	-0.0155302	0.999832	-0.0096831	-0.000150388	0.00968193	0.999953	0.00061	0	0	1	100
tilt_nose_up	112	-1.41	-510.92	17.01	-7.471	482.491	0.271	-0.0155302	0.999832	-0.0096831	-0.000150388	0.00968193	0.999953	0.00061	0	0	1	100
tilt_nose_up	114	-1.53	-502.99	17.01	-7.341	473.731	0.271	-0.0155302	0.999832	-0.0096831	-0.000150388	0.00968193	0.999953	0.00061	0	0	1	100
tilt_nose_up	116	-1.65	-495.21	17.01	-7.201	464.971	0.271	-0.0155302	0.999832	-0.0096831	-0.000150388	0.00968193	0.999953	0.00061	0	0	1	100
tilt_nose_up	118	-1.77	-487.57	17.01	-7.071	456.211	0.271	-0.0155302	0.999832	-0.0096831	-0.000150388	0.00968193	0.999953	0.00061	0	0	1	100
tilt_nose_up	120	-1.89	-480.07	17.01	-6.931	447.451	0.271	-0.0155302	0.999832	-0.0096831	-0.000150388	0.00968193	0.999953	0.00061	0	0	1	100
tilt_nose_up	122	-2.01	-472.72	17.01	-6.791	438.691	0.271	-0.0155302	0.999832	-0.0096831	-0.000150388	0.00968193	0.999953	0.00061	0	0	1	100
tilt_nose_up	124	-2.13	-465.52	17.01	-6.661	429.931	0.271	-0.0155302	0.999832	-0.0096831	-0.000150388	0.00968193	0.999953	0.00061	0	0	1	100
tilt_nose_up	126	-2.23	-458.46	17.01	-6.521	421.171	0.271	-0.0155302	0.999832	-0.0096831	-0.000150388	0.00968193	0.999953	0.00061	0	0	1	100
tilt_nose_up	128	-2.33	-451.55	17.01	-6.381	412.411	0.271	-0.0155302	0.999832	-0.0096831	-0.000150388	0.00968193	0.999953	0.00061	0	0	1	100
tilt_nose_up	130	-2.43	-444.79	17.01	-6.251	403.651	0.271	-0.0155302	0.999832	-0.0096831	-0.000150388	0.00968193	0.999953	0.00061	0	0	1	100
tilt_nose_up	132	-2.53	-438.17	17.01	-6.111	394.891	0.271	-0.0155302	0.999832	-0.0096831	-0.000150388	0.00968193	0.999953	0.00061	0	0	1	100
tilt_nose_up	134	-2.63	-431.7	17.01	-5.971	386.131	0.271	-0.0155302	0.999832	-0.0096831	-0.000150388	0.00968193	0.999953	0.00061	0	0	1	100
tilt_nose_up	136	-2.73	-425.38	17.01	-5.841	377.371	0.271	-0.0155302	0.999832	-0.0096831	-0.000150388	0.00968193	0.999953	0.00061	0	0	1	100
tilt_nose_up	138	-2.83	-419.2	17.01	-5.701	368.611	0.271	-0.0155302	0.999832	-0.0096831	-0.000150388	0.00968193	0.999953	0.00061	0	0	1	100
tilt_nose_up	140	-2.93	-413.16	17.01	-5.561	359.851	0.271	-0.0155302	0.999832	-0.0096831	-0.000150388	0.00968193	0.999953	0.00061	0	0	1	100
tilt_nose_up	142	-3.03	-407.27	17.01	-5.431	351.091	0.271	-0.0155302	0.999832	-0.0096831	-0.000150388	0.00968193	0.999953	0.00061	0	0	1	100
tilt_nose_up	144	-3.11	-401.53	17.01	-5.291	342.331	0.271	-0.0155302	0.999832	-0.0096831	-0.000150388	0.00968193	0.999953	0.00061	0	0	1	100
tilt_nose_up	146	-3.19	-395.93	17.01	-5.161	333.571	0.271	-0.0155302	0.999832	-0.0096831	-0.000150388	0.00968193	0.999953	0.00061	0	0	1	100
tilt_nose_up	148	-3.27	-390.48	17.01	-5.021	324.811	0.271	-0.0155302	0.999832	-0.0096831	-0.000150388	0.00968193	0.999953	0.00061	0	0	1	100
tilt_nose_up	150	-3.35	-385.18	17.01	-4.881	316.051	0.271	-0.0155302	0.999832	-0.0096831	-0.000150388	0.00968193	0.999953	0.00061	0	0	1	100
tilt_nose_up	152	-3.39	-382.58	17.01	-4.811	311.671	0.271	-0.0155302	0.999832	-0.0096831	-0.000150388	0.00968193	0.999953	0.00061	0	0	1	100
tilt_nose_up	153	-3.47	-377.5	17.01	-4.681	302.911	0.271	-0.0155302	0.999832	-0.0096831	-0.000150388	0.00968193	0.999953	0.00061	0	0	1	100
tilt_nose_up	155	-3.55	-372.56	17.01	-4.541	294.151	0.271	-0.0155302	0.999832	-0.0096831	-0.000150388	0.00968193	0.999953	0.00061	0	0	1	100
tilt_nose_up	157	-3.63	-367.77	17.01	-4.401	285.391	0.271	-0.0155302	0.999832	-0.0096831	-0.000150388	0.00968193	0.999953	0.00061	0	0	1	100
tilt_nose_up	159	-3.71	-363.12	17.01	-4.271	276.631	0.271	-0.0155302	0.999832	-0.0096831	-0.000150388	0.00968193	0.999953	0.00061	0	0	1	100
tilt_nose_up	161	-3.78	-358.62	17.01	-4.131	267.871	0.271	-0.0155302	0.999832	-0.0096831	-0.000150388	0.00968193	0.999953	0.00061	0	0	1	100
tilt_nose_up	163	-3.84	-354.26	17.01	-4.001	259.111	0.271	-0.0155302	0.999832	-0.0096831	-0.000150388	0.00968193	0.999953	0.00061	0	0	1	100
tilt_nose_up	165	-3.9	-350.05	17.01	-3.861	250.351	0.271	-0.0155302	0.999832	-0.0096831	-0.000150388	0.00968193	0.999953	0.00061	0	0	1	100
tilt_nose_up	167	-3.96	-345.99	17.01	-3.721	241.591	0.271	-0.0155302	0.999832	-0.0096831	-0.000150388	0.00968193	0.999953	0.00061	0	0	1	100
tilt_nose_up	169	-4.02	-342.07	17.01	-3.591	232.831	0.271	-0.0155302	0.999832	-0.0096831	-0.000150388	0.00968193	0.999953	0.00061	0	0	1	100
tilt_nose_up	171	-4.08	-338.3	17.01	-3.451	224.071	0.271	-0.0155302	0.999832	-0.0096831	-0.000150388	0.00968193	0.999953	0.00061	0	0	1	100
tilt_nose_up	173	-4.14	-334.68	17.01	-3.311	215.311	0.271	-0.0155302	0.999832	-0.0096831	-0.000150388	0.00968193	0.999953	0.00061	0	0	1	100
tilt_nose_up	175	-4.2	-331.2	17.01	-3.181	206.551	0.271	-0.0155302	0.999832	-0.0096831	-0.000150388	0.00968193	0.999953	0.00061	0	0	1	100
tilt_nose_up	177	-4.26	-327.87	17.01	-3.041	197.791	0.271	-0.0155302	0.999832	-0.0096831	-0.000150388	0.00968193	0.999953	0.00061	0	0	1	100
tilt_nose_up	179	-4.3	-324.68	17.01	-2.901	189.031	0.271	-0.0155302	0.999832	-0.0096831	-0.000150388	0.00968193	0.999953	0.00061	0	0	1	100
tilt_roll_left	0	0	-1185	284.82	0	900.001	-913.531	-4.37114e-08	1	0	0.841555	3.67855e-08	0.540172	0	0	0	0	100
tilt_roll_left	2	0	-1170	269.46	0	900.001	-924.351	-4.37114e-08	1	0	0.841555	3.67855e-08	0.540172	0	0	0	0	100
tilt_roll_left	4	0	-1155	253.92	0	900.001	-935.171	-4.37114e-08	1	0	0.841555	3.67855e-08	0.540172	0	0	0	0	100
tilt_roll_left	6	0	-1140	238.2	0	900.001	-945.991	-4.37114e-08	1	0	0.841555	3.67855e-08	0.540172	0	0	0	0	100
tilt_roll_left	8	0	-1125	222.3	0	900.001	-956.811	-4.37114e-08	1	0	0.841555	3.67855e-08	0.540172	0	0	0	0	100
tilt_roll_left	10	0	-1110	206.22	0	900.001	-967.631	-4.37114e-08	1	0	0.841555	3.67855e-08	0.540172	0	0	0	0	100
tilt_roll_left	12	0	-1095	189.96	0	900.001	-978.451	-4.37114e-08	1	0	0.841555	3.67855e-08	0.540172	0	0	0	0	100
tilt_roll_left	14	0	-1080	173.52	0	900.001	-989.271	-4.37114e-08	1	0	0.841555	3.67855e-08	0.540172	0	0	0	0	100
tilt_roll_left	16	0	-1065	156.9	0	900.001	-1000.09	-4.37114e-08	1	0	0.841555	3.67855e-08	0.540172	0	0	0	0	100
tilt_roll_left	18	0	-1050	140.1	0	900.001	-1010.91	-4.37114e-08	1	0	0.841555	3.67855e-08	0.540172	0	0	0	0	100
tilt_roll_left	20	0	-1035	123.12	0	900.001	-1021.73	-4.37114e-08	1	0	0.841555	3.67855e-08	0.540172	0	0	0	0	100
tilt_roll_left	22	0	-1020	105.96	0	900.001	-1032.55	-4.37114e-08	1	0	0.841555	3.67855e-08	0.540172	0	0	0	0	100
tilt_roll_left	24	0	-1005	88.62	0	900.001	-1043.37	-4.37114e-08	1	0	0.841555	3.67855e-08	0.540172	0	0	0	0	100
tilt_roll_left	26	0	-990	71.1	0	900.001	-1054.19	-4.37114e-08	1	0	0.841555	3.67855e-08	0.540172	0	0	0	0	100
tilt_roll_left	28	0	-975	53.39	0	900.001	-1065.01	-4.37114e-08	1	0	0.841555	3.67855e-08	0.540172	0	0	0	0	100
tilt_roll_left	30	0	-960	35.5	0	900.001	-1075.83	-4.37114e-08	1	0	0.841555	3.67855e-08	0.540172	0	0	0	0	100
tilt_roll_left	32	-0.34	-946.52	29.94	-30.171	794.931	-279.781	0.0249792	0.998039	0.0573968	0.751564	-0.0566072	0.657227	-1.26831	-5.31361	-0.63751	0	100
tilt_roll_left	34	-1.11	-933.34	28.85	-50.541	789.961	-128.211	0.0261643	0.999419	0.0218575	0.673601	-0.0337818	0.738323	-1.71051	-5.22261	-0.21981	0	100
tilt_roll_left	36	-2.1	-920.22	27.53	-61.081	785.701	-69.881	0.0275124	0.999621	-9.58738e-05	0.599241	-0.016416	0.8004	-1.07321	-5.39241	-0.13941	0	100
tilt_roll_left	38	-3.18	-907.18	26.58	-65.891	781.451	-55.341	0.0307695	0.999491	-0.00843679	0.520887	-0.00883046	0.85358	-0.54731	-5.47001	-0.16881	0	100
tilt_roll_left	40	-4.32	-894.21	25.6	-69.001	777.181	-60.801	0.0348883	0.999314	-0.0124633	0.439515	-0.00414194	0.898226	-0.38761	-5.48311	-0.18591	0	100
tilt_roll_left	42	-5.5	-881.31	24.44	-71.381	772.891	-72.921	0.0394857	0.999115	-0.0144764	0.355138	-0.000490536	0.934814	-0.30231	-5.48771	-0.20891	0	100
tilt_roll_left	44	-6.71	-868.49	23.04	-73.061	768.581	-87.201	0.0446573	0.998889	-0.0150516	0.267925	0.00253929	0.963436	-0.25761	-5.48891	-0.23391	0	100
tilt_roll_left	46	-7.99	-855.77	21.5	-78.321	761.171	-92.721	0.0486801	0.998722	-0.0136137	0.182439	0.00450966	0.983207	-0.15481	-5.09611	-0.15421	1	100
tilt_roll_left	48	-9.27	-843.19	20.03	-76.111	752.291	-86.791	0.0518406	0.998581	-0.0121757	0.10994	0.00641135	0.993917	-0.12691	-4.14681	-0.12841	1	100
tilt_roll_left	50	-10.42	-830.77	18.73	-65.641	742.961	-74.681	0.0545219	0.998454	-0.0108335	0.0541736	0.00787581	0.9985	-0.08761	-3.10161	-0.11871	1	100
tilt_roll_left	52	-11.33	-818.51	17.69	-50.141	733.331	-57.781	0.0568198	0.998337	-0.00977897	0.0145301	0.00896686	0.999854	-0.06301	-2.15071	-0.11291	1	100
tilt_roll_left	54	-11.95	-806.41	16.95	-32.731	723.551	-39.561	0.0588301	0.998226	-0.00910788	-0.0110446	0.00977398	0.999891	-0.04541	-1.34651	-0.10641	1	100
tilt_roll_left	56	-12.27	-794.47	16.58	-14.811	713.711	-13.611	0.0606485	0.998121	-0.0087244	-0.0224363	0.0101015	0.999697	-0.00241	-0.35941	-0.10051	1	100
tilt_roll_left	58	-12.3	-782.69	16.55	2.181	703.901	0.601	0.0621796	0.998028	-0.00862854	-0.0213744	0.00997486	0.999722	0.00851	0.14411	-0.09141	1	100
tilt_roll_left	60	-12.09	-771.07	16.6	15.251	694.301	3.611	0.0635191	0.997942	-0.00882027	-0.0178094	0.0099702	0.999792	0.00491	0.22491	-0.07861	1	100
tilt_roll_left	62	-11.71	-759.61	16.67	24.631	684.931	4.371	0.0646671	0.997867	-0.00891615	-0.0139653	0.00983892	0.999854	0.00441	0.22391	-0.06511	1	100
tilt_roll_left	64	-11.22	-748.31	16.74	31.131	675.731	4.191	0.065528	0.997809	-0.00910788	-0.0105961	0.00982279	0.999896	0.00391	0.19511	-0.05251	1	100
tilt_roll_left	66	-10.64	-737.16	16.8	35.481	666.661	3.691	0.0662932	0.997758	-0.00920375	-0.00780808	0.0097425	0.999922	0.00331	0.15841	-0.04151	1	100
tilt_roll_left	68	-10.01	-726.16	16.86	38.271	657.701	3.081	0.0668671	0.997719	-0.00929962	-0.00559595	0.00969535	0.999937	0.00271	0.12281	-0.03231	1	100
tilt_roll_left	70	-9.35	-715.31	16.9	39.981	648.811	2.451	0.0672496	0.997692	-0.00939549	-0.00395964	0.00968361	0.999945	0.00201	0.09241	-0.02451	1	100
tilt_roll_left	72	-8.67	-704.61	16.94	40.921	639.961	1.911	0.0675365	0.997672	-0.00949136	-0.00270688	0.00969627	0.999949	0.00141	0.06831	-0.01841	1	100
tilt_roll_left	74	-7.99	-694.05	16.96	41.351	631.151	1.441	0.0678235	0.997652	-0.00949136	-0.00174756	0.00963205	0.999952	0.00091	0.04991	-0.01371	1	100
tilt_roll_left	76	-7.29	-683.64	16.98	41.431	622.371	1.091	0.0680147	0.997639	-0.00949136	-0.0011718	0.00959327	0.999953	0.00061	0.03641	-0.01011	1	100
tilt_roll_left	78	-6.61	-673.38	17	41.281	613.601	0.801	0.0681104	0.997632	-0.00958723	-0.000686096	0.00965638	0.999953	0.00031	0.02651	-0.00731	1	100
tilt_roll_left	80	-5.93	-663.26	17.01	40.971	604.841	0.531	0.068206	0.997625	-0.00958723	-0.000302568	0.0096303	0.999954	0.00011	0.01931	-0.00531	1	100
tilt_roll_left	82	-5.25	-653.29	17.01	40.571	596.091	0.381	0.0683017	0.997619	-0.00958723	-1.46953e-05	0.00961068	0.999954	0	0.01411	-0.00381	1	100
tilt_roll_left	84	-4.58	-643.47	17.01	40.091	587.351	0.311	0.0683017	0.997619	-0.00958723	0.000176604	0.00959758	0.999954	0	0.01021	-0.00271	1	100
tilt_roll_left	86	-3.92	-633.79	17.01	39.571	578.611	0.281	0.0683973	0.997612	-0.00958723	0.000273174	0.00959101	0.999954	0	0.00741	-0.00191	1	100
tilt_roll_left	88	-3.26	-624.25	17.01	39.021	569.871	0.271	0.0683973	0.997612	-0.00958723	0.000368823	0.00958445	0.999954	0	0.00541	-0.00131	1	100
tilt_roll_left	90	-2.62	-614.86	17.01	38.451	561.131	0.271	0.0683972	0.997611	-0.0096831	0.00047103	0.00967354	0.999953	0	0.00391	-0.00091	1	100
tilt_roll_left	92	-1.98	-605.62	17.01	37.871	552.391	0.271	0.0683972	0.997611	-0.0096831	0.000566679	0.00966698	0.999953	0	0.00281	-0.00061	1	100
tilt_roll_left	94	-1.36	-596.52	17.01	37.281	543.651	0.271	0.0683972	0.997611	-0.0096831	0.000566679	0.00966698	0.999953	0	0.00201	-0.00041	1	100
tilt_roll_left	96	-0.74	-587.57	17.01	36.681	534.911	0.271	0.0683972	0.997611	-0.0096831	0.000566679	0.00966698	0.999953	0	0.00151	-0.00021	1	100
tilt_roll_left	98	-0.14	-578.77	17.01	36.081	526.171	0.271	0.0683972	0.997611	-0.0096831	0.000566679	0.00966698	0.999953	0	0.00111	0	1	100
tilt_roll_left	100	0.46	-570.11	17.01	35.481	517.431	0.271	0.0683972	0.997611	-0.0096831	0.000662328	0.00966042	0.999953	0	0.00071	0	1	100
tilt_roll_left	102	1.04	-561.59	17.01	34.881	508.691	0.271	0.0683972	0.997611	-0.0096831	0.000662328	0.00966042	0.999953	0	0.00041	0	1	100
tilt_roll_left	104	1.62	-553.22	17.01	34.281	499.951	0.271	0.0683972	0.997611	-0.0096831	0.000662328	0.00966042	0.999953	0	0.00041	0	1	100
tilt_roll_left	106	2.18	-545	17.01	33.681	491.211	0.271	0.0683972	0.997611	-0.0096831	0.000662328	0.00966042	0.999953	0	0.00041	0	1	100
tilt_roll_left	108	2.74	-536.92	17.01	33.081	482.471	0.271	0.0683972	0.997611	-0.0096831	0.000662328	0.00966042	0.999953	0	0.00041	0	1	100
tilt_roll_left	110	3.28	-528.99	17.01	32.481	473.731	0.271	0.0683972	0.997611	-0.0096831	0.000662328	0.00966042	0.999953	0	0.00041	0	1	100
tilt_roll_left	112	3.82	-521.2	17.01	31.881	464.991	0.271	0.0683972	0.997611	-0.0096831	0.000662328	0.00966042	0.999953	0	0.00041	0	1	100
tilt_roll_left	114	4.34	-513.56	17.01	31.281	456.251	0.271	0.0683972	0.997611	-0.0096831	0.000662328	0.00966042	0.999953	0	0.00041	0	1	100
tilt_roll_left	116	4.86	-506.06	17.01	30.681	447.511	0.271	0.0683972	0.997611	-0.0096831	0.000662328	0.00966042	0.999953	0	0.00041	0	1	100
tilt_roll_left	118	5.36	-498.71	17.01	30.081	438.771	0.271	0.0683972	0.997611	-0.0096831	0.000662328	0.00966042	0.999953	0	0.00041	0	1	100
tilt_roll_left	120	5.86	-491.51	17.01	29.481	430.031	0.271	0.0683972	0.997611	-0.0096831	0.000662328	0.00966042	0.999953	0	0.00041	0	1	100
tilt_roll_left	122	6.34	-484.45	17.01	28.881	421.291	0.271	0.0683972	0.997611	-0.0096831	0.000662328	0.00966042	0.999953	0	0.00041	0	1	100
tilt_roll_left	124	6.82	-477.54	17.01	28.281	412.551	0.271	0.0683972	0.997611	-0.0096831	0.000662328	0.00966042	0.999953	0	0.00041	0	1	100
tilt_roll_left	126	7.28	-470.77	17.01	27.681	403.811	0.271	0.0683972	0.997611	-0.0096831	0.000662328	0.00966042	0.999953	0	0.00041	0	1	100
tilt_roll_left	128	7.74	-464.15	17.01	27.081	395.071	0.271	0.0683972	0.997611	-0.0096831	0.000662328	0.00966042	0.999953	0	0.00041	0	1	100
tilt_roll_left	130	8.18	-457.67	17.01	26.481	386.331	0.271	0.0683972	0.997611	-0.0096831	0.000662328	0.00966042	0.999953	0	0.00041	0	1	100
tilt_roll_left	132	8.62	-451.34	17.01	25.881	377.591	0.271	0.0683972	0.997611	-0.0096831	0.000662328	0.00966042	0.999953	0	0.00041	0	1	100
tilt_roll_left	134	9.04	-445.16	17.01	25.281	368.851	0.271	0.0683972	0.997611	-0.0096831	0.000662328	0.00966042	0.999953	0	0.00041	0	1	100
tilt_roll_left	136	9.46	-439.12	17.01	24.681	360.111	0.271	0.0683972	0.997611	-0.0096831	0.000662328	0.00966042	0.999953	0	0.00041	0	1	100
tilt_roll_left	138	9.86	-433.23	17.01	24.081	351.371	0.271	0.0683972	0.997611	-0.0096831	0.000662328	0.00966042	0.999953	0	0.00041	0	1	100
tilt_roll_left	140	10.26	-427.48	17.01	23.481	342.631	0.271	0.0683972	0.997611	-0.0096831	0.000662328	0.00966042	0.999953	0	0.00041	0	1	100
tilt_roll_left	142	10.64	-421.88	17.01	22.881	333.891	0.271	0.0683972	0.997611	-0.0096831	0.000662328	0.00966042	0.999953	0	0.00041	0	1	100
tilt_roll_left	144	11.02	-416.42	17.01	22.281	325.151	0.271	0.0683972	0.997611	-0.0096831	0.000662328	0.00966042	0.999953	0	0.00041	0	1	100
tilt_roll_left	146	11.38	-411.11	17.01	21.681	316.411	0.271	0.0683972	0.997611	-0.0096831	0.000662328	0.00966042	0.999953	0	0.00041	0	1	100
tilt_roll_left	148	11.74	-405.95	17.01	21.081	307.671	0.271	0.0683972	0.997611	-0.0096831	0.000662328	0.00966042	0.999953	0	0.00041	0	1	100
tilt_roll_left	150	12.08	-400.93	17.01	20.481	298.931	0.271	0.0683972	0.997611	-0.0096831	0.000662328	0.00966042	0.999953	0	0.00041	0	1	100
tilt_roll_left	152	12.42	-396.06	17.01	19.881	290.191	0.271	0.0683972	0.997611	-0.0096831	0.000662328	0.00966042	0.999953	0	0.00041	0	1	100
tilt_roll_left	154	12.74	-391.33	17.01	19.281	281.451	0.271	0.0683972	0.997611	-0.0096831	0.000662328	0.00966042	0.999953	0	0.00041	0	1	100
tilt_roll_left	156	13.06	-386.75	17.01	18.681	272.711	0.271	0.0683972	0.997611	-0.0096831	0.000662328	0.00966042	0.999953	0	0.00041	0	1	100
tilt_roll_left	158	13.36	-382.31	17.01	18.081	263.971	0.271	0.0683972	0.997611	-0.0096831	0.000662328	0.00966042	0.999953	0	0.00041	0	1	100
tilt_roll_left	160	13.66	-378.02	17.01	17.481	255.231	0.271	0.0683972	0.997611	-0.0096831	0.000662328	0.00966042	0.999953	0	0.00041	0	1	100
tilt_roll_left	162	13.94	-373.88	17.01	16.881	246.491	0.271	0.0683972	0.997611	-0.0096831	0.000662328	0.00966042	0.999953	0	0.00041	0	1	100
tilt_roll_left	164	14.22	-369.88	17.01	16.281	237.751	0.271	0.0683972	0.997611	-0.0096831	0.000662328	0.00966042	0.999953	0	0.00041	0	1	100
tilt_roll_left	166	14.48	-366.03	17.01	15.681	229.011	0.271	0.0683972	0.997611	-0.0096831	0.000662328	0.00966042	0.999953	0	0.00041	0	1	100
tilt_roll_left	168	14.74	-362.32	17.01	15.081	220.271	0.271	0.0683972	0.997611	-0.0096831	0.000662328	0.00966042	0.999953	0	0.00041	0	1	100
tilt_roll_left	170	14.98	-358.76	17.01	14.481	211.531	0.271	0.0683972	0.997611	-0.0096831	0.000662328	0.00966042	0.999953	0	0.00041	0	1	100
tilt_roll_left	172	15.22	-355.34	17.01	13.881	202.791	0.271	0.0683972	0.997611	-0.0096831	0.000662328	0.00966042	0.999953	0	0.00041	0	1	100
tilt_roll_left	174	15.44	-352.07	17.01	13.281	194.051	0.271	0.0683972	0.997611	-0.0096831	0.000662328	0.00966042	0.999953	0	0.00041	0	1	100
tilt_roll_left	176	15.66	-348.95	17.01	12.681	185.311	0.271	0.0683972	0.997611	-0.0096831	0.000662328	0.00966042	0.999953	0	0.00041	0	1	100
tilt_roll_left	178	15.86	-345.97	17.01	12.081	176.571	0.271	0.0683972	0.997611	-0.0096831	0.000662328	0.00966042	0.999953	0	0.00041	0	1	100
tilt_roll_right	0	0	-1185	284.82	0	900.001	-913.531	-4.37114e-08	1	0	-0.841348	-3.67765e-08	0.540494	0	0	0	0	100
tilt_roll_right	2	0	-1170	269.46	0	900.001	-924.351	-4.37114e-08	1	0	-0.841348	-3.67765e-08	0.540494	0	0	0	0	100
tilt_roll_right	4	0	-1155	253.92	0	900.001	-935.171	-4.37114e-08	1	0	-0.841348	-3.67765e-08	0.540494	0	0	0	0	100
tilt_roll_right	6	0	-1140	238.2	0	900.001	-945.991	-4.37114e-08	1	0	-0.841348	-3.67765e-08	0.540494	0	0	0	0	100
tilt_roll_right	8	0	-1125	222.3	0	900.001	-956.811	-4.37114e-08	1	0	-0.841348	-3.67765e-08	0.540494	0	0	0	0	100
tilt_roll_right	10	0	-1110	206.22	0	900.001	-967.631	-4.37114e-08	1	0	-0.841348	-3.67765e-08	0.540494	0	0	0	0	100
tilt_roll_right	12	0	-1095	189.96	0	900.001	-978.451	-4.37114e-08	1	0	-0.841348	-3.67765e-08	0.540494	0	0	0	0	100
tilt_roll_right	14	0	-1080	173.52	0	900.001	-989.271	-4.37114e-08	1	0	-0.841348	-3.67765e-08	0.540494	0	0	0	0	100
tilt_roll_right	16	0	-1065	156.9	0	900.001	-1000.09	-4.37114e-08	1	0	-0.841348	-3.67765e-08	0.540494	0	0	0	0	100
tilt_roll_right	18	0	-1050	140.1	0	900.001	-1010.91	-4.37114e-08	1	0	-0.841348	-3.67765e-08	0.540494	0	0	0	0	100
tilt_roll_right	20	0	-1035	123.12	0	900.001	-1021.73	-4.37114e-08	1	0	-0.841348	-3.67765e-08	0.540494	0	0	0	0	100
tilt_roll_right	22	0	-1020	105.96	0	900.001	-1032.55	-4.37114e-08	1	0	-0.841348	-3.67765e-08	0.540494	0	0	0	0	100
tilt_roll_right	24	0	-1005	88.62	0	900.001	-1043.37	-4.37114e-08	1	0	-0.841348	-3.67765e-08	0.540494	0	0	0	0	100
tilt_roll_right	26	0	-990	71.1	0	900.001	-1054.19	-4.37114e-08	1	0	-0.841348	-3.67765e-08	0.540494	0	0	0	0	100
tilt_roll_right	28	0	-975	53.39	0	900.001	-1065.01	-4.37114e-08	1	0	-0.841348	-3.67765e-08	0.540494	0	0	0	0	100
tilt_roll_right	30	0	-960	35.5	0	900.001	-1075.83	-4.37114e-08	1	0	-0.841348	-3.67765e-08	0.540494	0	0	0	0	100
tilt_roll_right	32	0.31	-946.89	30.3	27.461	775.701	-273.191	-0.0150106	0.997163	-0.0737558	-0.747053	0.0378443	0.663686	1.27251	5.32541	0.51931	0	100
tilt_roll_right	34	0.95	-934	29.61	40.991	772.551	-104.821	-0.0294834	0.99816	-0.0529934	-0.668231	0.0197454	0.743692	0.44181	5.47321	0.31421	0	100
tilt_roll_right	36	1.71	-921.17	28.75	47.331	768.641	-65.571	-0.0393561	0.998265	-0.0438003	-0.591307	0.0120681	0.806356	0.17851	5.49011	0.27531	0	100
tilt_roll_right	38	2.55	-908.41	27.7	51.651	764.561	-64.141	-0.0478831	0.998113	-0.0384359	-0.513286	0.008423	0.858176	0.05871	5.49251	0.28051	0	100
tilt_roll_right	40	3.46	-895.72	26.54	55.111	760.411	-72.421	-0.0562169	0.997861	-0.0333579	-0.431771	0.0058273	0.901965	0.00461	5.49181	0.29921	0	100
tilt_roll_right	42	4.41	-883.1	25.18	57.851	756.221	-85.011	-0.0642613	0.997532	-0.028279	-0.347071	0.00422811	0.937829	-0.03811	5.49051	0.32001	0	100
tilt_roll_right	44	5.4	-870.55	23.58	59.671	751.961	-99.701	-0.0723023	0.997115	-0.0231035	-0.259694	0.00354451	0.965685	-0.07411	5.48891	0.34081	0	100
tilt_roll_right	46	6.46	-858.1	21.83	64.401	744.641	-104.041	-0.0785244	0.996769	-0.016873	-0.174187	0.00294657	0.984708	-0.03641	5.07691	0.25471	1	100
tilt_roll_right	48	7.5	-845.8	20.2	60.921	735.571	-95.241	-0.0832118	0.996457	-0.0121757	-0.102298	0.00361214	0.994747	-0.07871	4.09811	0.21441	1	100
tilt_roll_right	50	8.38	-833.66	18.79	49.011	725.761	-80.211	-0.0870353	0.996163	-0.00920375	-0.0473921	0.00508803	0.998863	-0.11271	3.04681	0.18691	1	100
tilt_roll_right	52	8.99	-821.69	17.69	32.121	715.471	-60.991	-0.0901877	0.995894	-0.0077657	-0.00872086	0.00700747	0.999937	-0.11301	2.09111	0.16561	1	100
tilt_roll_right	54	9.29	-809.9	16.92	13.461	704.971	-41.331	-0.0928612	0.995653	-0.00719047	0.0157507	0.00868971	0.999838	-0.09601	1.27291	0.14651	1	100
tilt_roll_right	56	9.27	-798.28	16.62	-6.361	694.311	-11.331	-0.0952457	0.99541	-0.00929962	0.0223992	0.0114828	0.999683	-0.10201	0.15641	0.13291	1	100
tilt_roll_right	58	8.94	-786.84	16.59	-23.901	683.831	0.201	-0.0971536	0.99522	-0.00987484	0.0199363	0.0118658	0.999731	-0.00201	-0.20531	0.11571	1	100
tilt_roll_right	60	8.37	-775.57	16.63	-37.051	673.751	2.831	-0.0987755	0.99506	-0.00997071	0.0159011	0.0115967	0.999806	0.01921	-0.24311	0.09661	1	100
tilt_roll_right	62	7.63	-764.47	16.69	-46.361	664.031	3.691	-0.100111	0.994926	-0.00997071	0.0120702	0.0112347	0.999864	0.02411	-0.22481	0.07841	1	100
tilt_roll_right	64	6.77	-753.52	16.75	-52.701	654.591	3.721	-0.101256	0.994811	-0.00987484	0.00872882	0.0108138	0.999903	0.02311	-0.18671	0.06221	1	100
tilt_roll_right	66	5.84	-742.72	16.81	-56.851	645.361	3.391	-0.102019	0.994734	-0.00977897	0.00615529	0.0104613	0.999926	0.01941	-0.14541	0.04841	1	100
tilt_roll_right	68	4.85	-732.08	16.86	-59.421	636.291	2.881	-0.102686	0.994666	-0.00977897	0.00414559	0.0102588	0.999939	0.01501	-0.10851	0.03721	1	100
tilt_roll_right	70	3.84	-721.58	16.9	-60.891	627.331	2.371	-0.103163	0.994617	-0.0096831	0.00272014	0.0100171	0.999946	0.01071	-0.07921	0.02821	1	100
tilt_roll_right	72	2.82	-711.24	16.94	-61.591	618.451	1.881	-0.103545	0.994578	-0.0096831	0.00166736	0.00990899	0.99995	0.00721	-0.05701	0.02111	1	100
tilt_roll_right	74	1.8	-701.04	16.96	-61.771	609.621	1.421	-0.103831	0.994548	-0.0096831	0.000901662	0.00982984	0.999951	0.00501	-0.04101	0.01571	1	100
tilt_roll_right	76	0.78	-690.99	16.98	-61.601	600.831	1.081	-0.104021	0.994528	-0.0096831	0.000423008	0.00978016	0.999952	0.00351	-0.02951	0.01161	1	100
tilt_roll_right	78	-0.24	-681.09	17	-61.191	592.071	0.791	-0.104212	0.994508	-0.0096831	3.9726e-05	0.00974028	0.999953	0.00251	-0.02131	0.00851	1	100
tilt_roll_right	80	-1.26	-671.33	17.01	-60.621	583.321	0.521	-0.104307	0.994498	-0.0096831	-0.000247261	0.00971028	0.999953	0.00181	-0.01541	0.00621	1	100
tilt_roll_right	82	-2.26	-661.72	17.01	-59.941	574.581	0.371	-0.104403	0.994488	-0.0096831	-0.000438891	0.00969024	0.999953	0.00121	-0.01111	0.00451	1	100
tilt_roll_right	84	-3.25	-652.25	17.01	-59.181	565.861	0.311	-0.104498	0.994478	-0.0096831	-0.000630518	0.00967016	0.999953	0.00081	-0.00801	0.00321	1	100
tilt_roll_right	86	-4.23	-642.93	17.01	-58.371	557.141	0.281	-0.104498	0.994478	-0.0096831	-0.000725867	0.00966014	0.999953	0.00061	-0.00571	0.00231	1	100
tilt_roll_right	88	-5.19	-633.75	17.01	-57.521	548.421	0.271	-0.104498	0.994478	-0.0096831	-0.000821216	0.00965012	0.999953	0.00041	-0.00411	0.00161	1	100
tilt_roll_right	90	-6.14	-624.72	17.01	-56.651	539.701	0.271	-0.104593	0.994468	-0.0096831	-0.000822141	0.00965004	0.999953	0.00041	-0.00301	0.00111	1	100
tilt_roll_right	92	-7.07	-615.84	17.01	-55.771	530.981	0.271	-0.104593	0.994468	-0.0096831	-0.000917488	0.00964001	0.999953	0.00031	-0.00211	0.00071	1	100
tilt_roll_right	94	-7.99	-607.1	17.01	-54.871	522.261	0.271	-0.104593	0.994468	-0.0096831	-0.000917488	0.00964001	0.999953	0.00021	-0.00151	0.00051	1	100
tilt_roll_right	96	-8.89	-598.5	17.01	-53.971	513.541	0.271	-0.104593	0.994468	-0.0096831	-0.00101284	0.00962999	0.999953	0.00021	-0.00111	0.00031	1	100
tilt_roll_right	98	-9.78	-590.05	17.01	-53.051	504.821	0.271	-0.104593	0.994468	-0.0096831	-0.00101284	0.00962999	0.999953	0.00011	-0.00071	0.00011	1	100
tilt_roll_right	100	-10.65	-581.75	17.01	-52.131	496.101	0.271	-0.104593	0.994468	-0.0096831	-0.00101284	0.00962999	0.999953	0.00011	-0.00051	0	1	100
tilt_roll_right	102	-11.51	-573.59	17.01	-51.211	487.381	0.271	-0.104593	0.994468	-0.0096831	-0.00101284	0.00962999	0.999953	0.00011	-0.00041	0	1	100
tilt_roll_right	104	-12.35	-565.57	17.01	-50.301	478.661	0.271	-0.104593	0.994468	-0.0096831	-0.00101284	0.00962999	0.999953	0.00011	-0.00041	0	1	100
tilt_roll_right	106	-13.18	-557.7	17.01	-49.381	469.941	0.271	-0.104593	0.994468	-0.0096831	-0.00101284	0.00962999	0.999953	0.00011	-0.00041	0	1	100
tilt_roll_right	108	-13.99	-549.98	17.01	-48.461	461.221	0.271	-0.104593	0.994468	-0.0096831	-0.00101284	0.00962999	0.999953	0.00011	-0.00041	0	1	100
tilt_roll_right	110	-14.79	-542.4	17.01	-47.551	452.501	0.271	-0.104593	0.994468	-0.0096831	-0.00101284	0.00962999	0.999953	0.00011	-0.00041	0	1	100
tilt_roll_right	112	-15.57	-534.97	17.01	-46.631	443.781	0.271	-0.104593	0.994468	-0.0096831	-0.00101284	0.00962999	0.999953	0.00011	-0.00041	0	1	100
tilt_roll_right	114	-16.33	-527.68	17.01	-45.711	435.061	0.271	-0.104593	0.994468	-0.0096831	-0.00101284	0.00962999	0.999953	0.00011	-0.00041	0	1	100
tilt_roll_right	116	-17.08	-520.54	17.01	-44.801	426.341	0.271	-0.104593	0.994468	-0.0096831	-0.00101284	0.00962999	0.999953	0.00011	-0.00041	0	1	100
tilt_roll_right	118	-17.82	-513.54	17.01	-43.881	417.621	0.271	-0.104593	0.994468	-0.0096831	-0.00101284	0.00962999	0.999953	0.00011	-0.00041	0	1	100
tilt_roll_right	120	-18.54	-506.69	17.01	-42.961	408.901	0.271	-0.104593	0.994468	-0.0096831	-0.00101284	0.00962999	0.999953	0.00011	-0.00041	0	1	100
tilt_roll_right	122	-19.24	-499.99	17.01	-42.041	400.181	0.271	-0.104593	0.994468	-0.0096831	-0.00101284	0.00962999	0.999953	0.00011	-0.00041	0	1	100
tilt_roll_right	124	-19.93	-493.43	17.01	-41.131	391.461	0.271	-0.104593	0.994468	-0.0096831	-0.00101284	0.00962999	0.999953	0.00011	-0.00041	0	1	100
tilt_roll_right	126	-20.61	-487.01	17.01	-40.211	382.741	0.271	-0.104593	0.994468	-0.0096831	-0.00101284	0.00962999	0.999953	0.00011	-0.00041	0	1	100
tilt_roll_right	128	-21.27	-480.74	17.01	-39.291	374.021	0.271	-0.104593	0.994468	-0.0096831	-0.00101284	0.00962999	0.999953	0.00011	-0.00041	0	1	100
tilt_roll_right	130	-21.91	-474.62	17.01	-38.381	365.301	0.271	-0.104593	0.994468	-0.0096831	-0.00101284	0.00962999	0.999953	0.00011	-0.00041	0	1	100
tilt_roll_right	132	-22.54	-468.64	17.01	-37.461	356.581	0.271	-0.104593	0.994468	-0.0096831	-0.00101284	0.00962999	0.999953	0.00011	-0.00041	0	1	100
tilt_roll_right	134	-23.15	-462.8	17.01	-36.541	347.861	0.271	-0.104593	0.994468	-0.0096831	-0.00101284	0.00962999	0.999953	0.00011	-0.00041	0	1	100
tilt_roll_right	136	-23.75	-457.11	17.01	-35.631	339.141	0.271	-0.104593	0.994468	-0.0096831	-0.00101284	0.00962999	0.999953	0.00011	-0.00041	0	1	100
tilt_roll_right	138	-24.33	-451.57	17.01	-34.711	330.421	0.271	-0.104593	0.994468	-0.0096831	-0.00101284	0.00962999	0.999953	0.00011	-0.00041	0	1	100
tilt_roll_right	140	-24.9	-446.17	17.01	-33.791	321.701	0.271	-0.104593	0.994468	-0.0096831	-0.00101284	0.00962999	0.999953	0.00011	-0.00041	0	1	100
tilt_roll_right	142	-25.45	-440.92	17.01	-32.881	312.981	0.271	-0.104593	0.994468	-0.0096831	-0.00101284	0.00962999	0.999953	0.00011	-0.00041	0	1	100
tilt_roll_right	144	-25.99	-435.81	17.01	-31.961	304.261	0.271	-0.104593	0.994468	-0.0096831	-0.00101284	0.00962999	0.999953	0.00011	-0.00041	0	1	100
tilt_roll_right	146	-26.51	-430.85	17.01	-31.041	295.541	0.271	-0.104593	0.994468	-0.0096831	-0.00101284	0.00962999	0.999953	0.00011	-0.00041	0	1	100
tilt_roll_right	148	-27.01	-426.03	17.01	-30.131	286.821	0.271	-0.104593	0.994468	-0.0096831	-0.00101284	0.00962999	0.999953	0.00011	-0.00041	0	1	100
tilt_roll_right	150	-27.5	-421.36	17.01	-29.211	278.101	0.271	-0.104593	0.994468	-0.0096831	-0.00101284	0.00962999	0.999953	0.00011	-0.00041	0	1	100
tilt_roll_right	152	-27.98	-416.84	17.01	-28.291	269.381	0.271	-0.104593	0.994468	-0.0096831	-0.00101284	0.00962999	0.999953	0.00011	-0.00041	0	1	100
tilt_roll_right	154	-28.44	-412.46	17.01	-27.381	260.661	0.271	-0.104593	0.994468	-0.0096831	-0.00101284	0.00962999	0.999953	0.00011	-0.00041	0	1	100
tilt_roll_right	156	-28.88	-408.22	17.01	-26.461	251.941	0.271	-0.104593	0.994468	-0.0096831	-0.00101284	0.00962999	0.999953	0.00011	-0.00041	0	1	100
tilt_roll_right	158	-29.31	-404.13	17.01	-25.541	243.221	0.271	-0.104593	0.994468	-0.0096831	-0.00101284	0.00962999	0.999953	0.00011	-0.00041	0	1	100
tilt_roll_right	160	-29.73	-400.19	17.01	-24.631	234.501	0.271	-0.104593	0.994468	-0.0096831	-0.00101284	0.00962999	0.999953	0.00011	-0.00041	0	1	100
tilt_roll_right	162	-30.13	-396.39	17.01	-23.711	225.781	0.271	-0.104593	0.994468	-0.0096831	-0.00101284	0.00962999	0.999953	0.00011	-0.00041	0	1	100
tilt_roll_right	164	-30.51	-392.73	17.01	-22.791	217.061	0.271	-0.104593	0.994468	-0.0096831	-0.00101284	0.00962999	0.999953	0.00011	-0.00041	0	1	100
tilt_roll_right	166	-30.88	-389.22	17.01	-21.881	208.341	0.271	-0.104593	0.994468	-0.0096831	-0.00101284	0.00962999	0.999953	0.00011	-0.00041	0	1	100
tilt_roll_right	168	-31.23	-385.86	17.01	-20.961	199.621	0.271	-0.104593	0.994468	-0.0096831	-0.00101284	0.00962999	0.999953	0.00011	-0.00041	0	1	100
tilt_roll_right	170	-31.57	-382.64	17.01	-20.041	190.901	0.271	-0.104593	0.994468	-0.0096831	-0.00101284	0.00962999	0.999953	0.00011	-0.00041	0	1	100
tilt_roll_right	172	-31.89	-379.57	17.01	-19.131	182.181	0.271	-0.104593	0.994468	-0.0096831	-0.00101284	0.00962999	0.999953	0.00011	-0.00041	0	1	100
tilt_roll_right	174	-32.2	-376.64	17.01	-18.211	173.461	0.271	-0.104593	0.994468	-0.0096831	-0.00101284	0.00962999	0.999953	0.00011	-0.00041	0	1	100
tilt_roll_right	176	-32.49	-373.86	17.01	-17.291	164.741	0.271	-0.104593	0.994468	-0.0096831	-0.00101284	0.00962999	0.999953	0.00011	-0.00041	0	1	100
tilt_roll_right	178	-32.77	-371.22	17.01	-16.371	156.021	0.271	-0.104593	0.994468	-0.0096831	-0.00101284	0.00962999	0.999953	0.00011	-0.00041	0	1	100
tilt_on_side	0	0	-1185	284.82	0	900.001	-913.531	-4.37114e-08	1	0	-1	-4.37114e-08	-4.37114e-08	0	0	0	0	100
tilt_on_side	2	0	-1170	269.46	0	900.001	-924.351	-4.37114e-08	1	0	-1	-4.37114e-08	-4.37114e-08	0	0	0	0	100
tilt_on_side	4	0	-1155	253.92	0	900.001	-935.171	-4.37114e-08	1	0	-1	-4.37114e-08	-4.37114e-08	0	0	0	0	100
tilt_on_side	6	0	-1140	238.2	0	900.001	-945.991	-4.37114e-08	1	0	-1	-4.37114e-08	-4.37114e-08	0	0	0	0	100
tilt_on_side	8	0	-1125	222.3	0	900.001	-956.811	-4.37114e-08	1	0	-1	-4.37114e-08	-4.37114e-08	0	0	0	0	100
tilt_on_side	10	0	-1110	206.22	0	900.001	-967.631	-4.37114e-08	1	0	-1	-4.37114e-08	-4.37114e-08	0	0	0	0	100
tilt_on_side	12	0	-1095	189.96	0	900.001	-978.451	-4.37114e-08	1	0	-1	-4.37114e-08	-4.37114e-08	0	0	0	0	100
tilt_on_side	14	0	-1080	173.52	0	900.001	-989.271	-4.37114e-08	1	0	-1	-4.37114e-08	-4.37114e-08	0	0	0	0	100
tilt_on_side	16	0	-1065	156.9	0	900.001	-1000.09	-4.37114e-08	1	0	-1	-4.37114e-08	-4.37114e-08	0	0	0	0	100
tilt_on_side	18	0	-1050	140.1	0	900.001	-1010.91	-4.37114e-08	1	0	-1	-4.37114e-08	-4.37114e-08	0	0	0	0	100
tilt_on_side	20	0	-1035	123.12	0	900.001	-1021.73	-4.37114e-08	1	0	-1	-4.37114e-08	-4.37114e-08	0	0	0	0	100
tilt_on_side	22	0	-1020	105.96	0	900.001	-1032.55	-4.37114e-08	1	0	-1	-4.37114e-08	-4.37114e-08	0	0	0	0	100
tilt_on_side	24	0	-1005	88.62	0	900.001	-1043.37	-4.37114e-08	1	0	-1	-4.37114e-08	-4.37114e-08	0	0	0	0	100
tilt_on_side	26	0	-990	71.1	0	900.001	-1054.19	-4.37114e-08	1	0	-1	-4.37114e-08	-4.37114e-08	0	0	0	0	100
tilt_on_side	28	0	-975	53.39	0	900.001	-1065.01	-4.37114e-08	1	0	-1	-4.37114e-08	-4.37114e-08	0	0	0	0	100
tilt_on_side	30	0	-961.01	38.86	0	779.221	-673.231	-0.000762257	0.993769	0.111461	-0.999979	-0.00147231	0.00628823	5.49081	0.31311	0.05281	0	100
tilt_on_side	32	0.04	-950.61	41.04	1.851	623.501	-164.951	-0.00402481	0.999527	-0.0304831	-0.999682	-0.00326273	0.0250088	-5.36251	0.69321	0.16471	0	100
tilt_on_side	34	0.18	-941.29	43.04	8.571	559.501	38.721	-0.00412252	0.99999	0.0018216	-0.999106	-0.00419552	0.0420761	1.60861	0.98371	-0.00971	0	100
tilt_on_side	36	0.32	-932.05	44	8.861	553.881	46.611	-0.00402605	0.999835	0.0177357	-0.998272	-0.00505811	0.0585362	0.96231	0.96731	0.00271	0	100
tilt_on_side	38	0.46	-922.82	44.66	8.871	553.541	36.881	-0.00364119	0.999443	0.0331663	-0.997268	-0.00607631	0.0736197	0.89641	0.89701	0.00171	0	100
tilt_on_side	40	0.6	-913.61	45.19	8.911	552.461	29.641	-0.00316045	0.998919	0.0463863	-0.996112	-0.00722887	0.087804	0.75461	0.84641	0.00201	0	100
tilt_on_side	42	0.74	-904.42	45.6	8.951	551.311	22.611	-0.00239294	0.99836	0.0572054	-0.994824	-0.00818805	0.101285	0.61141	0.80421	0.00221	0	100
tilt_on_side	44	0.88	-895.25	45.89	8.991	550.101	15.771	-0.00172201	0.997849	0.0655307	-0.99343	-0.00920577	0.114073	0.46731	0.76971	0.00241	0	100
tilt_on_side	46	1.04	-886.1	46.07	9.031	548.841	9.101	-0.000860668	0.997436	0.0715565	-0.991934	-0.00992152	0.126367	0.32311	0.74241	0.00281	0	100
tilt_on_side	48	1.2	-876.97	46.14	9.071	547.531	2.571	-4.35877e-08	0.997169	0.0751899	-0.990326	-0.0104334	0.138367	0.17941	0.72161	0.00351	0	100
tilt_on_side	50	1.36	-867.86	46.1	9.111	546.201	-3.831	0.000764711	0.997082	0.0763371	-0.988615	-0.0107323	0.150084	0.03721	0.70651	0.00461	0	100
tilt_on_side	52	1.52	-858.77	45.96	9.151	544.841	-10.151	0.00162529	0.997168	0.0751899	-0.986797	-0.0105781	0.161617	-0.10281	0.69651	0.00611	0	100
tilt_on_side	54	1.68	-849.71	45.71	9.191	543.461	-16.411	0.002295	0.99742	0.0717478	-0.984874	-0.0101762	0.17297	-0.24041	0.69101	0.00801	0	100
tilt_on_side	56	1.84	-840.67	45.36	9.231	542.081	-22.641	0.0029656	0.997815	0.066009	-0.98282	-0.00927328	0.184333	-0.37511	0.68931	0.01011	0	100
tilt_on_side	58	2	-831.65	44.91	9.271	540.681	-28.851	0.00344557	0.998301	0.0581626	-0.980631	-0.00801712	0.195699	-0.50651	0.69091	0.01261	0	100
tilt_on_side	60	2.16	-822.66	44.35	9.311	539.301	-35.071	0.00383047	0.998835	0.0481101	-0.978289	-0.00622608	0.207153	-0.63401	0.69511	0.01541	0	100
tilt_on_side	62	2.32	-813.69	43.69	9.351	537.921	-41.311	0.00402411	0.999346	0.0359449	-0.97581	-0.00393285	0.218586	-0.75781	0.70161	0.01841	0	100
tilt_on_side	64	2.48	-804.74	42.92	9.391	536.551	-47.581	0.00402576	0.999755	0.0217616	-0.973151	-0.00109134	0.230164	-0.87731	0.71001	0.02161	0	100
tilt_on_side	66	2.64	-795.81	42.05	9.431	535.191	-53.901	0.00383485	0.999977	0.00565652	-0.970331	0.00235357	0.241767	-0.99281	0.71981	0.02501	0	100
tilt_on_side	68	2.8	-787.02	41.48	10.051	520.971	-17.301	0.00153394	0.999998	0.00143811	-0.965917	0.00110941	0.25885	0.52341	1.38361	0.24891	0	100
tilt_on_side	70	2.98	-778.4	41.31	10.301	516.881	-14.491	-0.0024927	0.999994	0.00258859	-0.95908	-0.0031236	0.28312	0.06871	1.48151	0.24191	0	100
tilt_on_side	72	3.16	-769.8	40.98	10.371	515.851	-21.911	-0.00632761	0.999977	0.00249272	-0.952029	-0.00678683	0.305933	-0.04491	1.42351	0.23171	0	100
tilt_on_side	74	3.34	-761.22	40.53	10.451	514.611	-28.641	-0.0100666	0.999949	0.000287621	-0.944619	-0.00960395	0.328029	-0.17741	1.38651	0.22251	0	100
tilt_on_side	76	3.52	-752.68	40.06	10.851	510.901	-27.041	-0.0141888	0.999899	-0.000287621	-0.936341	-0.013186	0.350844	0.12551	1.52451	0.27411	0	100
tilt_on_side	78	3.7	-744.18	39.6	11.011	508.321	-29.251	-0.0185985	0.999827	-0.000287621	-0.927025	-0.0171365	0.374609	-0.16561	1.58921	0.26211	0	100
tilt_on_side	80	3.88	-735.75	39.12	11.291	505.781	-31.561	-0.0233911	0.999726	-0.000287621	-0.916278	-0.0213235	0.399976	-0.08621	1.64991	0.28341	0	100
tilt_on_side	82	4.09	-727.37	38.58	13.241	502.081	-36.031	-0.0290457	0.999578	-0.000479369	-0.904513	-0.0260792	0.425647	-0.11511	1.70491	0.34721	0	100
tilt_on_side	84	4.34	-719.06	37.95	15.501	497.881	-41.271	-0.0359449	0.999354	-0.000479369	-0.890708	-0.0318196	0.453461	-0.12621	1.87831	0.43131	0	100
tilt_on_side	86	4.63	-710.81	37.22	18.001	493.891	-47.041	-0.044375	0.999015	-0.000479369	-0.874616	-0.0386174	0.483275	-0.14391	2.04501	0.51861	0	100
tilt_on_side	88	4.99	-702.65	36.4	23.171	488.971	-52.101	-0.0533764	0.998574	0.000383495	-0.856643	-0.0459871	0.513856	-0.05441	2.12081	0.54231	0	100
tilt_on_side	90	5.43	-694.56	35.54	28.171	484.371	-53.681	-0.0621819	0.998065	-0.00076699	-0.837202	-0.0517414	0.544441	-0.21781	2.14541	0.52581	0	100
tilt_on_side	92	5.96	-686.56	34.73	32.821	479.101	-49.271	-0.0710782	0.997469	-0.00201335	-0.815599	-0.0569562	0.575807	-0.27071	2.26811	0.52081	0	100
tilt_on_side	94	6.56	-678.64	33.96	36.631	474.311	-45.961	-0.0794901	0.996821	-0.00546478	-0.791959	-0.0598225	0.607636	-0.42741	2.37361	0.48721	0	100
tilt_on_side	96	7.21	-670.8	33.23	39.651	469.721	-43.711	-0.0873202	0.996119	-0.0110253	-0.765865	-0.0600502	0.640191	-0.58171	2.48821	0.44411	0	100
tilt_on_side	98	7.9	-663.02	32.52	41.731	465.531	-41.701	-0.0948526	0.995328	-0.0180233	-0.737477	-0.0580957	0.672869	-0.66741	2.58551	0.40501	0	100
tilt_on_side	100	8.61	-655.32	31.85	42.941	461.261	-39.191	-0.102183	0.994456	-0.0248288	-0.706139	-0.0549322	0.705939	-0.68421	2.73511	0.38251	0	100
tilt_on_side	102	9.33	-647.68	31.21	43.431	456.901	-38.791	-0.10979	0.993484	-0.030579	-0.67125	-0.0514199	0.739445	-0.63911	2.91351	0.37921	0	100
tilt_on_side	104	10.05	-640.12	30.54	43.451	452.481	-40.391	-0.117867	0.992426	-0.0346035	-0.632387	-0.0481481	0.773155	-0.57301	3.11111	0.38921	0	100
tilt_on_side	106	10.77	-632.64	29.87	43.101	447.991	-41.391	-0.126707	0.991306	-0.0354659	-0.588549	-0.0463505	0.807132	-0.43991	3.36161	0.42121	0	100
tilt_on_side	108	11.49	-625.23	29.12	42.681	443.491	-46.931	-0.135924	0.990111	-0.0346994	-0.53992	-0.0446638	0.84053	-0.41291	3.56021	0.44191	0	100
tilt_on_side	110	12.19	-617.89	28.25	42.301	438.991	-54.501	-0.145514	0.98881	-0.0328788	-0.486865	-0.042638	0.872436	-0.42121	3.74001	0.45821	0	100
tilt_on_side	112	12.89	-610.63	27.23	41.941	434.491	-63.321	-0.155283	0.987402	-0.0303873	-0.429278	-0.0397419	0.902298	-0.44501	3.91081	0.47191	0	100
tilt_on_side	114	13.59	-603.45	26.05	41.541	429.971	-73.111	-0.165135	0.98589	-0.0274165	-0.367352	-0.0356852	0.929397	-0.48091	4.07451	0.48331	0	100
tilt_on_side	116	14.27	-596.34	24.7	40.991	425.421	-83.691	-0.174972	0.984282	-0.0239662	-0.301343	-0.0303633	0.953032	-0.52611	4.23191	0.49291	0	100
tilt_on_side	118	14.94	-589.3	23.17	40.161	420.801	-94.891	-0.184793	0.982571	-0.0201321	-0.231247	-0.0235628	0.97261	-0.57901	4.38461	0.50131	0	100
tilt_on_side	120	15.62	-582.38	21.51	41.341	413.221	-99.201	-0.193185	0.981035	-0.0158185	-0.160275	-0.0156474	0.986948	-0.56561	4.23351	0.41311	1	100
tilt_on_side	122	16.26	-575.62	19.96	37.011	403.411	-90.471	-0.199962	0.979727	-0.0122715	-0.0986664	-0.00767385	0.995091	-0.51851	3.53991	0.34591	1	100
tilt_on_side	124	16.76	-569.03	18.63	27.051	392.411	-75.101	-0.205507	0.978606	-0.00987484	-0.0500473	-0.00043181	0.998747	-0.43581	2.71631	0.29531	1	100
tilt_on_side	126	17.04	-562.64	17.61	13.491	380.581	-56.641	-0.210104	0.977643	-0.00843679	-0.0148948	0.00542761	0.999874	-0.33431	1.91221	0.25411	1	100
tilt_on_side	128	17.08	-556.45	16.9	-1.551	368.371	-38.201	-0.21404	0.976794	-0.0077657	0.00798383	0.00969903	0.999921	-0.23291	1.20221	0.21831	1	100
tilt_on_side	130	16.86	-550.46	16.54	-17.071	355.991	-13.061	-0.217317	0.976071	-0.00766983	0.0179845	0.0118602	0.999768	-0.06541	0.31501	0.18831	1	100
tilt_on_side	132	16.38	-544.69	16.52	-32.021	343.671	0.771	-0.22003	0.975462	-0.00786157	0.0169742	0.0118864	0.999785	0.01251	-0.13241	0.15981	1	100
tilt_on_side	134	15.7	-539.11	16.57	-43.511	332.091	3.911	-0.222179	0.974971	-0.00824505	0.0137783	0.0115952	0.999838	0.02191	-0.19701	0.13121	1	100
tilt_on_side	136	14.87	-533.71	16.65	-51.541	321.271	4.771	-0.224048	0.974541	-0.00853266	0.0105151	0.011172	0.999882	0.02291	-0.19191	0.10521	1	100
tilt_on_side	138	13.95	-528.49	16.73	-56.771	311.071	4.631	-0.225449	0.974215	-0.00882027	0.00763209	0.0108191	0.999912	0.02091	-0.16461	0.08251	1	100
tilt_on_side	140	12.96	-523.43	16.8	-59.851	301.361	4.011	-0.226475	0.973974	-0.00910788	0.00531441	0.0105863	0.99993	0.01841	-0.13291	0.06361	1	100
tilt_on_side	142	11.94	-518.53	16.86	-61.381	292.011	3.281	-0.227316	0.973778	-0.00920375	0.00341622	0.0102485	0.999942	0.01551	-0.10381	0.04861	1	100
tilt_on_side	144	10.91	-513.77	16.9	-61.801	282.921	2.571	-0.227969	0.973624	-0.00929962	0.00198725	0.0100164	0.999948	0.01251	-0.07951	0.03641	1	100
tilt_on_side	146	9.89	-509.17	16.94	-61.421	274.011	1.971	-0.228435	0.973514	-0.00939549	0.000933821	0.00986976	0.999951	0.00981	-0.06021	0.02691	1	100
tilt_on_side	148	8.88	-504.71	16.96	-60.501	265.231	1.461	-0.228715	0.973447	-0.00949136	6.90615e-05	0.00976602	0.999952	0.00741	-0.04511	0.01981	1	100
tilt_on_side	150	7.89	-500.4	16.98	-59.211	256.531	1.101	-0.228995	0.973381	-0.00949136	-0.000493705	0.00963432	0.999953	0.00551	-0.03361	0.01441	1	100
tilt_on_side	152	6.92	-496.23	17	-57.661	247.901	0.801	-0.229182	0.973337	-0.00958723	-0.000984134	0.00961768	0.999953	0.00411	-0.02481	0.01051	1	100
tilt_on_side	154	5.98	-492.21	17.01	-55.951	239.311	0.531	-0.229275	0.973315	-0.00958723	-0.00126502	0.00955164	0.999954	0.00301	-0.01831	0.00751	1	100
tilt_on_side	156	5.07	-488.33	17.01	-54.131	230.741	0.381	-0.229368	0.973293	-0.00958723	-0.00154588	0.00948555	0.999954	0.00211	-0.01351	0.00531	1	100
tilt_on_side	158	4.19	-484.59	17.01	-52.241	222.181	0.311	-0.229462	0.973271	-0.00958723	-0.00173342	0.0094414	0.999954	0.00151	-0.00991	0.00381	1	100
tilt_on_side	160	3.34	-480.99	17.01	-50.311	213.641	0.281	-0.229555	0.973249	-0.00958723	-0.00182764	0.00941923	0.999954	0.00101	-0.00731	0.00271	1	100
tilt_on_side	162	2.53	-477.54	17.01	-48.341	205.101	0.271	-0.229555	0.973249	-0.00958723	-0.00192096	0.00939722	0.999954	0.00061	-0.00531	0.00181	1	100
tilt_on_side	164	1.75	-474.23	17.01	-46.351	196.561	0.271	-0.229555	0.973249	-0.00958723	-0.00201427	0.00937521	0.999954	0.00041	-0.00381	0.00121	1	100
tilt_on_side	166	1	-471.06	17.01	-44.351	188.041	0.271	-0.229555	0.973248	-0.0096831	-0.00212959	0.00944651	0.999953	0.00021	-0.00271	0.00081	1	100
tilt_on_side	168	0.29	-468.03	17.01	-42.351	179.521	0.271	-0.229555	0.973248	-0.0096831	-0.00212959	0.00944651	0.999953	0.00021	-0.00201	0.00051	1	100
tilt_on_side	170	-0.39	-465.14	17.01	-40.341	171.001	0.271	-0.229555	0.973248	-0.0096831	-0.00212959	0.00944651	0.999953	0.00021	-0.00141	0.00031	1	100
tilt_on_side	172	-1.04	-462.4	17.01	-38.331	162.481	0.271	-0.229555	0.973248	-0.0096831	-0.0022229	0.0094245	0.999953	0.00021	-0.00101	0.00011	1	100
tilt_on_side	174	-1.65	-459.8	17.01	-36.311	153.961	0.271	-0.229555	0.973248	-0.0096831	-0.0022229	0.0094245	0.999953	0	-0.00061	0	1	100
tilt_on_side	176	-2.23	-457.34	17.01	-34.301	145.441	0.271	-0.229555	0.973248	-0.0096831	-0.0022229	0.0094245	0.999953	0	-0.00041	0	1	100
tilt_on_side	178	-2.78	-455.02	17.01	-32.291	136.921	0.271	-0.229555	0.973248	-0.0096831	-0.0022229	0.0094245	0.999953	0	-0.00041	0	1	100
tilt_inverted	0	0	-1186.66	306.49	0	800.001	-813.531	-4.37114e-08	1	0	-8.74228e-08	-3.82137e-15	-1	0	0	0	0	100
tilt_inverted	2	0	-1173.32	292.8	0	800.001	-824.351	-4.37114e-08	1	0	-8.74228e-08	-3.82137e-15	-1	0	0	0	0	100
tilt_inverted	4	0	-1159.98	278.93	0	800.001	-835.171	-4.37114e-08	1	0	-8.74228e-08	-3.82137e-15	-1	0	0	0	0	100
tilt_inverted	6	0	-1146.64	264.88	0	800.001	-845.991	-4.37114e-08	1	0	-8.74228e-08	-3.82137e-15	-1	0	0	0	0	100
tilt_inverted	8	0	-1133.3	250.64	0	800.001	-856.811	-4.37114e-08	1	0	-8.74228e-08	-3.82137e-15	-1	0	0	0	0	100
tilt_inverted	10	0	-1119.96	236.22	0	800.001	-867.631	-4.37114e-08	1	0	-8.74228e-08	-3.82137e-15	-1	0	0	0	0	100
tilt_inverted	12	0	-1106.62	221.62	0	800.001	-878.451	-4.37114e-08	1	0	-8.74228e-08	-3.82137e-15	-1	0	0	0	0	100
tilt_inverted	14	0	-1093.28	206.84	0	800.001	-889.271	-4.37114e-08	1	0	-8.74228e-08	-3.82137e-15	-1	0	0	0	0	100
tilt_inverted	16	0	-1079.94	191.88	0	800.001	-900.091	-4.37114e-08	1	0	-8.74228e-08	-3.82137e-15	-1	0	0	0	0	100
tilt_inverted	18	0	-1066.6	176.74	0	800.001	-910.911	-4.37114e-08	1	0	-8.74228e-08	-3.82137e-15	-1	0	0	0	0	100
tilt_inverted	20	0	-1053.26	161.42	0	800.001	-921.731	-4.37114e-08	1	0	-8.74228e-08	-3.82137e-15	-1	0	0	0	0	100
tilt_inverted	22	0	-1039.92	145.92	0	800.001	-932.551	-4.37114e-08	1	0	-8.74228e-08	-3.82137e-15	-1	0	0	0	0	100
tilt_inverted	24	0	-1026.58	130.24	0	800.001	-943.371	-4.37114e-08	1	0	-8.74228e-08	-3.82137e-15	-1	0	0	0	0	100
tilt_inverted	26	0	-1013.24	114.38	0	800.001	-954.191	-4.37114e-08	1	0	-8.74228e-08	-3.82137e-15	-1	0	0	0	0	100
tilt_inverted	28	0	-999.9	98.34	0	800.001	-965.011	-4.37114e-08	1	0	-8.74228e-08	-3.82137e-15	-1	0	0	0	0	100
tilt_inverted	30	0	-986.56	82.12	0	800.001	-975.831	-4.37114e-08	1	0	-8.74228e-08	-3.82137e-15	-1	0	0	0	0	100
tilt_inverted	32	0	-973.22	65.72	0	800.001	-986.651	-4.37114e-08	1	0	-8.74228e-08	-3.82137e-15	-1	0	0	0	0	100
tilt_inverted	34	0	-959.88	49.14	0	800.001	-997.471	-4.37114e-08	1	0	-8.74228e-08	-3.82137e-15	-1	0	0	0	0	100
tilt_inverted	36	0	-947.01	33.95	0	743.501	-819.971	-0.0077448	0.997274	0.0733733	-0.0907551	0.0723717	-0.99324	3.43591	4.26271	0.52281	0	100
tilt_inverted	38	0.09	-936.45	29.88	-4.371	609.431	-365.341	-0.0105377	0.999164	0.0394897	-0.0362634	0.0390841	-0.998578	3.27431	4.31991	0.93081	0	100
tilt_inverted	40	0.06	-927.37	30.74	-8.981	529.481	-97.501	-0.0196467	0.999496	0.0249246	-0.00585763	0.0248139	-0.999675	2.24781	2.78511	1.17771	0	100
tilt_inverted	42	-0.06	-918.95	33.53	-7.571	502.891	-19.011	-0.0306739	0.999499	-0.00786157	0.0187349	-0.00728896	-0.999798	-1.58181	-0.91821	0.67711	0	100
tilt_inverted	44	-0.18	-910.73	35.12	-7.091	492.821	3.731	-0.0455243	0.998963	9.58738e-05	-0.00728321	-0.000235936	-0.999973	-0.05541	1.01581	0.87821	0	100
tilt_inverted	46	-0.3	-902.59	36.62	-6.631	487.291	11.411	-0.0579706	0.99831	-0.00402669	-0.00187222	-0.00414218	-0.99999	-0.04071	-0.11071	0.71031	0	100
tilt_inverted	48	-0.41	-894.47	37.43	-6.591	486.951	1.681	-0.0695481	0.997579	-0.000287621	-0.00055382	-0.00032693	-1	0.00841	-0.03561	0.69481	0	100
tilt_inverted	50	-0.52	-886.36	38.02	-6.621	486.141	-6.441	-0.0809248	0.99672	-0.000671117	-0.00157032	-0.00080082	-0.999998	-0.09641	0.09101	0.68541	0	100
tilt_inverted	52	-0.62	-878.29	38.43	-6.571	483.421	-8.191	-0.0918134	0.995776	-0.00076699	-0.00241187	-0.000992622	-0.999997	-0.14421	0.16531	0.66441	0	100
tilt_inverted	54	-0.72	-870.26	38.71	-6.401	480.941	-10.711	-0.101738	0.994811	0.000479369	0.0037662	0.000867028	-0.999993	0.02801	-0.29801	0.57991	0	100
tilt_inverted	56	-0.82	-862.29	38.95	-6.341	477.361	-9.571	-0.112032	0.993703	-0.0018216	-0.00255877	-0.00212162	-0.999994	-0.05201	0.41301	0.63531	0	100
tilt_inverted	58	-0.92	-854.38	39.15	-6.131	473.591	-7.811	-0.121078	0.992643	0.000287621	0.00129751	0.000448018	-0.999999	0.00841	-0.31711	0.51811	0	100
tilt_inverted	60	-1.02	-846.53	39.29	-6.071	470.261	-7.521	-0.130304	0.991472	-0.00191747	-0.00317221	-0.00235086	-0.999992	-0.04591	0.35411	0.57251	0	100
tilt_inverted	62	-1.12	-838.73	39.42	-5.911	466.961	-7.341	-0.13857	0.990353	-9.58738e-05	-8.1784e-05	-0.000108251	-1	0.00251	-0.28071	0.47071	0	100
tilt_inverted	64	-1.22	-830.97	39.43	-6.021	464.831	-11.091	-0.146351	0.989229	-0.00268446	0.00153101	-0.00248718	-0.999996	-0.30781	0.06751	0.48711	0	100
tilt_inverted	66	-1.32	-823.27	39.46	-5.591	461.111	-9.471	-0.154597	0.987977	0.00076699	-0.0032445	0.000268626	-0.999995	0.27881	0.11011	0.47211	0	100
tilt_inverted	68	-1.42	-815.64	39.55	-5.721	457.281	-7.531	-0.161413	0.986884	-0.00249272	-7.07288e-05	-0.00253741	-0.999997	-0.27211	-0.01631	0.42831	0	100
tilt_inverted	70	-1.52	-808.06	39.58	-5.501	454.161	-7.951	-0.168033	0.985781	0.000383495	0.00258189	0.000829126	-0.999996	0.22301	-0.01811	0.41411	0	100
tilt_inverted	72	-1.61	-800.53	39.59	-5.391	451.001	-8.241	-0.174833	0.984596	0.00172573	-0.000301801	0.00169913	-0.999999	0.19751	0.02981	0.39911	0	100
tilt_inverted	74	-1.71	-793.05	39.65	-5.421	447.731	-8.191	-0.181249	0.983436	-0.00143811	-0.00181361	-0.00179657	-0.999997	-0.26661	-0.08431	0.36411	0	100
tilt_inverted	76	-1.79	-785.63	39.64	-5.241	444.471	-8.171	-0.186903	0.982378	0.00115049	0.00110353	0.00138107	-0.999998	0.23811	-0.00541	0.36361	0	100
tilt_inverted	78	-1.87	-778.26	39.68	-5.281	441.021	-7.521	-0.192833	0.98123	-0.0018216	-0.000683617	-0.00199079	-0.999998	-0.26181	-0.07321	0.33401	0	100
tilt_inverted	80	-1.95	-770.95	39.68	-5.121	437.871	-7.891	-0.198004	0.980201	0.00076699	0.00200952	0.00118841	-0.999997	0.22611	-0.00221	0.33451	0	100
tilt_inverted	82	-2.03	-763.69	39.7	-5.141	434.531	-7.591	-0.203358	0.979102	-0.0022051	0.000354435	-0.00217854	-0.999998	-0.25691	-0.07691	0.30491	0	100
tilt_inverted	84	-2.11	-756.48	39.7	-5.001	431.411	-8.031	-0.208143	0.978098	0.000383495	0.00292087	0.00101365	-0.999995	0.22631	0.00191	0.30831	0	100
tilt_inverted	86	-2.19	-749.32	39.65	-5.031	429.621	-12.931	-0.213485	0.976946	9.58738e-05	-0.00264308	-0.000479438	-0.999996	-0.07031	0.29971	0.32941	0	100
tilt_inverted	88	-2.27	-742.21	39.63	-4.901	425.481	-9.971	-0.21751	0.976055	-0.00249272	0.00325597	-0.00182827	-0.999993	0.09191	-0.44291	0.22731	0	100
tilt_inverted	90	-2.35	-735.17	39.66	-4.931	421.661	-8.071	-0.222281	0.974983	-0.000191748	-0.000518204	-0.00031481	-1	-0.08751	0.33521	0.30981	0	100
tilt_inverted	92	-2.43	-728.18	39.67	-4.771	418.301	-7.671	-0.226298	0.974057	0.00143811	0.0018224	0.00189979	-0.999997	0.03081	-0.28531	0.21951	0	100
tilt_inverted	94	-2.51	-721.25	39.68	-4.751	415.181	-8.111	-0.230592	0.97305	-0.000671117	-0.00171108	-0.00109519	-0.999998	-0.08261	0.35161	0.28491	0	100
tilt_inverted	96	-2.59	-714.37	39.7	-4.581	411.731	-7.431	-0.234228	0.972181	0.00105461	0.000498551	0.0012049	-0.999999	0.02951	-0.28551	0.19361	0	100
tilt_inverted	98	-2.67	-707.54	39.69	-4.571	408.651	-7.981	-0.238048	0.971253	-0.00105461	-0.00282196	-0.00177746	-0.999994	-0.08391	0.34701	0.25961	0	100
tilt_inverted	100	-2.75	-700.77	39.72	-4.411	405.221	-7.381	-0.241306	0.970449	0.000671117	-0.000627151	0.000535609	-1	0.02991	-0.28251	0.17041	0	100
tilt_inverted	102	-2.83	-694.03	39.66	-4.471	403.401	-12.151	-0.244188	0.969724	-0.00268446	0.00139921	-0.00241593	-0.999996	-0.31951	0.04011	0.19301	0	100
tilt_inverted	104	-2.9	-687.35	39.63	-4.161	399.501	-9.941	-0.247813	0.968808	0.00076699	-0.00390532	-0.00020727	-0.999992	0.28531	0.15561	0.20611	0	100
tilt_inverted	106	-2.96	-680.73	39.63	-4.141	397.171	-13.021	-0.250042	0.968235	-0.000383495	0.00269512	0.000299926	-0.999996	0.05261	-0.32231	0.13361	0	100
tilt_inverted	108	-3.02	-674.16	39.6	-4.141	393.601	-11.971	-0.253289	0.967389	0.00162985	-0.00263868	0.000993911	-0.999996	-0.11311	0.40191	0.21691	0	100
tilt_inverted	110	-3.08	-667.66	39.64	-3.991	388.981	-7.431	-0.255329	0.966853	-0.00143811	0.00287004	-0.000729475	-0.999996	0.09861	-0.41631	0.11151	0	100
tilt_inverted	112	-3.14	-661.22	39.69	-4.031	385.561	-6.871	-0.258202	0.966091	0.000575243	-0.000426457	0.000481456	-1	-0.08851	0.28301	0.19041	0	100
tilt_inverted	114	-3.2	-654.83	39.7	-3.951	382.241	-6.661	-0.260886	0.965369	-0.00134223	-0.00224137	-0.0019961	-0.999996	-0.07601	0.31291	0.18971	0	100
tilt_inverted	116	-3.26	-648.5	39.73	-3.811	379.101	-7.051	-0.263107	0.964767	9.58738e-05	-0.000210305	4.20215e-05	-1	0.02551	-0.25991	0.11071	0	100
tilt_inverted	118	-3.32	-642.19	39.63	-3.801	377.451	-12.391	-0.265234	0.964183	0.00162985	0.000492198	0.00182579	-0.999998	0.18021	0.15451	0.16201	0	100
tilt_inverted	120	-3.38	-635.95	39.63	-3.701	373.471	-9.981	-0.267636	0.963518	-0.00210922	-0.00128306	-0.00254547	-0.999996	-0.33881	-0.14391	0.11021	0	100
tilt_inverted	122	-3.44	-629.78	39.65	-3.681	369.521	-7.681	-0.269391	0.963031	0.00076699	0.00210174	0.00138436	-0.999997	0.26691	0.00171	0.13741	0	100
tilt_inverted	124	-3.5	-623.67	39.69	-3.641	365.971	-6.701	-0.271606	0.962406	-0.00210922	0.00038825	-0.00208204	-0.999998	-0.24721	-0.08351	0.11061	0	100
tilt_inverted	126	-3.56	-617.6	39.69	-3.601	363.011	-7.681	-0.273267	0.961938	0.000383495	0.00247753	0.00110248	-0.999996	0.20781	0.01921	0.12891	0	100
tilt_inverted	128	-3.62	-611.59	39.68	-3.501	359.971	-8.371	-0.275479	0.961305	0.0018216	-0.000501898	0.00175109	-0.999998	0.19651	0.06221	0.12641	0	100
tilt_inverted	130	-3.68	-605.63	39.71	-3.441	356.611	-8.031	-0.277414	0.96075	-0.00124636	-0.00177274	-0.00180915	-0.999997	-0.26271	-0.11071	0.09111	0	100
tilt_inverted	132	-3.74	-599.73	39.69	-3.421	353.381	-8.111	-0.278888	0.960323	0.00134223	0.00073054	0.00160984	-0.999998	0.22991	0.01971	0.11501	0	100
tilt_inverted	134	-3.8	-593.88	39.72	-3.381	349.951	-7.531	-0.280728	0.959786	-0.00172573	-0.000619793	-0.00197931	-0.999998	-0.25661	-0.09661	0.08581	0	100
tilt_inverted	136	-3.86	-588.09	39.71	-3.361	346.841	-7.991	-0.282017	0.959409	0.000862864	0.00159634	0.00136861	-0.999998	0.22071	0.02031	0.10811	0	100
tilt_inverted	138	-3.92	-582.35	39.72	-3.311	343.481	-7.641	-0.283763	0.958892	-0.00210922	0.000230759	-0.00213135	-0.999998	-0.25461	-0.09831	0.07891	0	100
tilt_inverted	140	-3.98	-576.66	39.72	-3.291	340.361	-8.101	-0.285051	0.958512	0.000479369	0.00243649	0.0012247	-0.999996	0.22191	0.02181	0.10221	0	100
tilt_inverted	142	-4.04	-571.03	39.7	-3.181	337.191	-8.401	-0.286796	0.95799	0.00201335	-0.000669384	0.00190124	-0.999998	0.20061	0.07411	0.10171	0	100
tilt_inverted	144	-4.1	-565.45	39.73	-3.201	333.951	-8.461	-0.287806	0.957688	-0.00105461	0.00195633	-0.000513284	-0.999998	-0.26131	-0.02431	0.07161	0	100
tilt_inverted	146	-4.16	-559.92	39.69	-3.021	330.711	-8.491	-0.28955	0.957161	0.00162985	-0.0023073	0.00100482	-0.999997	0.22461	0.13541	0.09761	0	100
tilt_inverted	148	-4.21	-554.45	39.73	-3.031	327.241	-7.761	-0.290376	0.956912	-0.00134223	0.000665041	-0.00120086	-0.999999	-0.25111	-0.03961	0.05811	0	100
tilt_inverted	150	-4.26	-549.04	39.7	-2.871	324.111	-8.161	-0.291935	0.956437	0.00134223	-0.00341798	0.000360083	-0.999994	0.21311	0.13011	0.08581	0	100
tilt_inverted	152	-4.3	-543.66	39.69	-2.841	322.201	-12.631	-0.292302	0.956326	9.58738e-05	0.00217238	0.000764242	-0.999997	0.04071	-0.26621	0.02751	0	100
tilt_inverted	154	-4.34	-538.33	39.64	-2.851	318.621	-11.541	-0.293677	0.955902	-0.00230097	-0.00271518	-0.00324127	-0.999991	-0.15061	0.45891	0.11121	0	100
tilt_inverted	156	-4.38	-533.07	39.68	-2.601	314.161	-7.511	-0.294319	0.955707	0.000191748	-0.000514575	4.21663e-05	-1	0.06941	-0.33111	0.00761	0	100
tilt_inverted	158	-4.42	-527.85	39.6	-2.651	312.381	-12.401	-0.29496	0.955507	0.00210922	0.00111849	0.0025527	-0.999996	0.21981	0.13261	0.07021	0	100
tilt_inverted	160	-4.46	-522.69	39.63	-2.501	308.201	-9.301	-0.295876	0.955225	-0.00172573	-0.000863065	-0.00207394	-0.999997	-0.33401	-0.14071	0.02311	0	100
tilt_inverted	162	-4.5	-517.6	39.65	-2.561	304.371	-7.401	-0.296334	0.955084	0.00105461	0.00225141	0.00180275	-0.999996	0.25371	0.00871	0.05751	0	100
tilt_inverted	164	-4.54	-512.57	39.7	-2.501	300.931	-6.781	-0.297249	0.954798	-0.0018216	0.000724638	-0.00168224	-0.999998	-0.24101	-0.09091	0.03151	0	100
tilt_inverted	166	-4.58	-507.6	39.7	-2.381	297.891	-7.501	-0.298531	0.9544	0.00076699	-0.00315695	-0.000183844	-0.999995	0.19251	0.12851	0.06681	0	100
tilt_inverted	168	-4.62	-502.66	39.69	-2.341	296.081	-12.321	-0.298714	0.954343	-0.000479369	0.00206463	0.000143936	-0.999998	0.03241	-0.24721	0.01211	0	100
tilt_inverted	170	-4.66	-497.77	39.62	-2.341	292.971	-12.771	-0.299994	0.95394	0.00124636	-0.00330047	0.000268601	-0.999995	-0.13031	0.38691	0.09111	0	100
tilt_inverted	172	-4.7	-492.95	39.65	-2.231	288.261	-7.931	-0.300085	0.953911	-0.0018216	0.00237577	-0.00116223	-0.999996	0.12451	-0.41991	-0.00451	0	100
tilt_inverted	174	-4.74	-488.19	39.68	-2.311	284.771	-7.171	-0.301183	0.953566	0.000287621	-0.00100094	-1.45182e-05	-0.999999	-0.10371	0.29241	0.08151	0	100
tilt_inverted	176	-4.78	-483.49	39.7	-2.231	281.311	-6.501	-0.301548	0.953449	-0.00172573	0.00289717	-0.000893685	-0.999995	0.10261	-0.29581	0.01081	0	100
tilt_inverted	178	-4.82	-478.84	39.71	-2.251	278.491	-7.961	-0.302554	0.953132	-0.000191748	-0.000307539	-0.000298799	-1	-0.11081	0.26691	0.07721	0	100
tilt_inverted	180	-4.86	-474.24	39.69	-2.121	275.351	-8.331	-0.303102	0.952957	0.00124636	0.00208911	0.00197235	-0.999996	0.05311	-0.28011	0.00551	0	100
tilt_inverted	182	-4.9	-469.69	39.69	-2.151	272.201	-8.701	-0.303925	0.952696	-0.000862864	-0.00156456	-0.00140482	-0.999998	-0.11891	0.36281	0.08081	0	100
tilt_inverted	184	-4.94	-465.2	39.71	-1.961	268.531	-7.311	-0.304381	0.95255	0.000958738	0.000530217	0.00117592	-0.999999	0.05221	-0.28771	-0.00431	0	100
tilt_inverted	186	-4.98	-460.76	39.7	-2.001	265.481	-7.961	-0.30502	0.952345	-0.00115049	-0.00266226	-0.00206073	-0.999994	-0.11101	0.34141	0.06991	0	100
tilt_inverted	188	-5.02	-456.38	39.73	-1.831	261.991	-7.191	-0.305294	0.952258	0.000575243	-0.000632105	0.00040143	-1	0.04661	-0.27601	-0.01041	0	100
tilt_inverted	190	-5.06	-452.03	39.67	-1.881	260.211	-12.081	-0.305385	0.952225	-0.00268446	0.0014588	-0.00235129	-0.999996	-0.31661	0.02261	0.01431	0	100
tilt_inverted	192	-5.09	-447.74	39.64	-1.631	256.331	-9.951	-0.306298	0.951935	0.000671117	-0.00394757	-0.000565189	-0.999992	0.27681	0.17691	0.04281	0	100
tilt_inverted	194	-5.11	-443.5	39.64	-1.561	253.971	-12.911	-0.305842	0.952082	-0.000383495	0.00249065	0.00039729	-0.999997	0.06991	-0.31691	-0.02711	0	100
tilt_inverted	196	-5.14	-437.24	39.69	-1.451	248.021	-9.311	-0.306572	0.951845	-0.00201335	-0.00120794	-0.00250425	-0.999996	-0.33281	-0.14491	-0.00891	0	100
tilt_inverted	199	-5.16	-433.15	39.74	-1.591	244.201	-7.441	-0.306572	0.951847	0.000479369	0.00213459	0.00119113	-0.999997	0.25261	0.01231	0.03011	0	100
tilt_corner_first	0	0	-1185	284.86	0	900.001	-910.821	-3.34249e-08	0.764673	-0.644418	-0.717336	0.448984	0.532769	0	0	0	0	100
tilt_corner_first	2	0	-1170	269.54	0	900.001	-921.641	-3.34249e-08	0.764673	-0.644418	-0.717336	0.448984	0.532769	0	0	0	0	100
tilt_corner_first	4	0	-1155	254.04	0	900.001	-932.461	-3.34249e-08	0.764673	-0.644418	-0.717336	0.448984	0.532769	0	0	0	0	100
tilt_corner_first	6	0	-1140	238.36	0	900.001	-943.281	-3.34249e-08	0.764673	-0.644418	-0.717336	0.448984	0.532769	0	0	0	0	100
tilt_corner_first	8	0	-1125	222.5	0	900.001	-954.101	-3.34249e-08	0.764673	-0.644418	-0.717336	0.448984	0.532769	0	0	0	0	100
tilt_corner_first	10	0	-1110	206.46	0	900.001	-964.921	-3.34249e-08	0.764673	-0.644418	-0.717336	0.448984	0.532769	0	0	0	0	100
tilt_corner_first	12	0	-1095	190.24	0	900.001	-975.741	-3.34249e-08	0.764673	-0.644418	-0.717336	0.448984	0.532769	0	0	0	0	100
tilt_corner_first	14	0	-1080	173.84	0	900.001	-986.561	-3.34249e-08	0.764673	-0.644418	-0.717336	0.448984	0.532769	0	0	0	0	100
tilt_corner_first	16	0	-1065	157.26	0	900.001	-997.381	-3.34249e-08	0.764673	-0.644418	-0.717336	0.448984	0.532769	0	0	0	0	100
tilt_corner_first	18	0	-1050	140.5	0	900.001	-1008.2	-3.34249e-08	0.764673	-0.644418	-0.717336	0.448984	0.532769	0	0	0	0	100
tilt_corner_first	20	0	-1035	123.56	0	900.001	-1019.02	-3.34249e-08	0.764673	-0.644418	-0.717336	0.448984	0.532769	0	0	0	0	100
tilt_corner_first	22	0	-1020	106.44	0	900.001	-1029.84	-3.34249e-08	0.764673	-0.644418	-0.717336	0.448984	0.532769	0	0	0	0	100
tilt_corner_first	24	0	-1005	89.14	0	900.001	-1040.66	-3.34249e-08	0.764673	-0.644418	-0.717336	0.448984	0.532769	0	0	0	0	100
tilt_corner_first	26	0	-990	71.66	0	900.001	-1051.48	-3.34249e-08	0.764673	-0.644418	-0.717336	0.448984	0.532769	0	0	0	0	100
tilt_corner_first	28	0	-977.8	63.35	0	731.711	-501.361	-0.110182	0.813013	-0.571725	-0.603534	0.402304	0.688403	2.11491	4.88611	-0.03921	0	100
tilt_corner_first	30	0.06	-965.76	55.51	7.191	712.621	-433.991	-0.164469	0.838176	-0.520011	-0.529838	0.369606	0.763324	2.32081	4.98561	-0.08461	0	100
tilt_corner_first	32	0.22	-954.03	48.72	9.991	701.831	-403.001	-0.21047	0.861233	-0.46258	-0.451731	0.333955	0.827293	2.36461	4.96461	-0.10401	0	100
tilt_corner_first	34	0.37	-942.38	42.03	8.351	698.491	-400.391	-0.247209	0.879829	-0.405942	-0.376939	0.298625	0.876778	2.39351	4.95141	-0.06631	0	100
tilt_corner_first	36	0.47	-930.79	35.61	4.421	693.341	-372.351	-0.281106	0.897787	-0.339055	-0.295189	0.255283	0.920703	2.73131	4.77371	0.02471	0	100
tilt_corner_first	38	0.43	-919.33	29.88	-4.211	685.281	-336.391	-0.310438	0.91433	-0.260054	-0.214191	0.199254	0.956253	3.17431	4.48481	0.24471	0	100
tilt_corner_first	40	0.22	-908.02	24.56	-15.361	676.361	-314.771	-0.335451	0.925477	-0.175966	-0.138708	0.136231	0.980919	3.50291	4.20771	0.52401	0	100
tilt_corner_first	42	-0.29	-896.94	20.04	-37.151	659.861	-249.281	-0.355105	0.929053	-0.10374	-0.0692498	0.0845249	0.994012	2.74871	3.78811	0.63301	1	100
tilt_corner_first	44	-1.32	-886.22	17.06	-70.211	637.591	-158.541	-0.369115	0.928157	-0.047727	-0.0258321	0.0410876	0.998822	2.42951	2.31511	0.68821	1	100
tilt_corner_first	46	-2.92	-875.88	15.28	-104.601	614.361	-91.661	-0.379651	0.925076	-0.00997071	-0.00085863	0.0104253	0.999945	1.62521	1.28151	0.61271	1	100
tilt_corner_first	48	-5.06	-865.93	14.94	-135.701	592.041	-4.821	-0.387814	0.921736	-0.00191747	0.00464695	0.00403542	0.999981	0.18081	0.14901	0.50151	1	100
tilt_corner_first	50	-7.64	-856.31	15.18	-160.371	572.101	17.641	-0.394343	0.91896	-0.00249272	0.00386275	0.00437007	0.999983	-0.04671	-0.07421	0.39731	1	100
tilt_corner_first	52	-10.55	-847	15.51	-178.441	554.781	20.131	-0.399358	0.916787	-0.00383494	0.00242382	0.00523878	0.999983	-0.05091	-0.08261	0.31001	1	100
tilt_corner_first	54	-13.68	-837.94	15.84	-191.141	539.671	18.861	-0.403307	0.915051	-0.00498542	0.00114763	0.00595395	0.999982	-0.04401	-0.07601	0.23941	1	100
tilt_corner_first	56	-16.97	-829.11	16.12	-199.681	526.321	16.061	-0.406285	0.913726	-0.00604001	-1.09613e-06	0.00660968	0.999978	-0.03521	-0.06431	0.18341	1	100
tilt_corner_first	58	-20.37	-820.49	16.35	-205.061	514.341	12.991	-0.40856	0.912706	-0.00690286	-0.000982652	0.00712301	0.999974	-0.02731	-0.05191	0.13951	1	100
tilt_corner_first	60	-23.82	-812.05	16.53	-208.071	503.391	10.091	-0.410307	0.911917	-0.00747809	-0.00166949	0.007449	0.999971	-0.02101	-0.04091	0.10551	1	100
tilt_corner_first	62	-27.3	-803.79	16.66	-209.311	493.221	7.681	-0.411617	0.911322	-0.00795744	-0.00222702	0.00772559	0.999968	-0.01621	-0.03161	0.07941	1	100
tilt_corner_first	64	-30.79	-795.69	16.77	-209.241	483.641	5.741	-0.412576	0.910885	-0.00834092	-0.00265539	0.00795389	0.999965	-0.01261	-0.02411	0.05961	1	100
tilt_corner_first	66	-34.27	-787.75	16.84	-208.211	474.491	4.191	-0.413274	0.910566	-0.00862854	-0.00295496	0.00813451	0.999963	-0.00981	-0.01831	0.04471	1	100
tilt_corner_first	68	-37.72	-779.95	16.9	-206.481	465.661	3.061	-0.413796	0.910326	-0.00891615	-0.00325322	0.00831529	0.99996	-0.00761	-0.01381	0.03341	1	100
tilt_corner_first	70	-41.13	-772.3	16.94	-204.231	457.051	2.181	-0.414232	0.910127	-0.00901201	-0.00338418	0.00836127	0.999959	-0.00591	-0.01041	0.02481	1	100
tilt_corner_first	72	-44.5	-764.79	16.97	-201.611	448.621	1.511	-0.414581	0.909966	-0.00920375	-0.00355412	0.0084947	0.999958	-0.00471	-0.00781	0.01831	1	100
tilt_corner_first	74	-47.83	-757.42	16.99	-198.711	440.311	1.051	-0.414755	0.909886	-0.00929962	-0.00368276	0.00854149	0.999957	-0.00371	-0.00581	0.01351	1	100
tilt_corner_first	76	-51.1	-750.18	17.01	-195.611	432.091	0.711	-0.414929	0.909805	-0.00939549	-0.0038114	0.00858823	0.999956	-0.00291	-0.00431	0.00991	1	100
tilt_corner_first	78	-54.32	-743.08	17.01	-192.361	423.941	0.461	-0.415016	0.909766	-0.00939549	-0.00381223	0.00858787	0.999956	-0.00231	-0.00321	0.00731	1	100
tilt_corner_first	80	-57.49	-736.11	17.01	-189.001	415.851	0.351	-0.415103	0.909725	-0.00949136	-0.00385285	0.00867472	0.999955	-0.00181	-0.00241	0.00531	1	100
tilt_corner_first	82	-60.6	-729.28	17.01	-185.561	407.791	0.301	-0.41519	0.909685	-0.00949136	-0.0039409	0.00863454	0.999955	-0.00141	-0.00181	0.00381	1	100
tilt_corner_first	84	-63.65	-722.59	17.01	-182.071	399.751	0.281	-0.415277	0.909645	-0.00958723	-0.00398154	0.00872137	0.999954	-0.00121	-0.00131	0.00271	1	100
tilt_corner_first	86	-66.64	-716.03	17.01	-178.541	391.731	0.271	-0.415277	0.909645	-0.00958723	-0.00398154	0.00872137	0.999954	-0.00101	-0.00091	0.00191	1	100
tilt_corner_first	88	-69.57	-709.6	17.01	-174.971	383.731	0.271	-0.415277	0.909645	-0.00958723	-0.00398154	0.00872137	0.999954	-0.00081	-0.00071	0.00131	1	100
tilt_corner_first	90	-72.44	-703.31	17.01	-171.391	375.731	0.271	-0.415277	0.909645	-0.00958723	-0.00398154	0.00872137	0.999954	-0.00061	-0.00051	0.00091	1	100
tilt_corner_first	92	-75.25	-697.15	17.01	-167.791	367.751	0.271	-0.415277	0.909645	-0.00958723	-0.00398154	0.00872137	0.999954	-0.00051	-0.00021	0.00061	1	100
tilt_corner_first	94	-78	-691.12	17.01	-164.181	359.771	0.271	-0.415277	0.909645	-0.00958723	-0.00398154	0.00872137	0.999954	-0.00051	-0.00011	0.00041	1	100
tilt_corner_first	96	-80.69	-685.23	17.01	-160.561	351.791	0.271	-0.415277	0.909645	-0.00958723	-0.00398154	0.00872137	0.999954	-0.00051	-0.00011	0.00021	1	100
tilt_corner_first	98	-83.32	-679.46	17.01	-156.941	343.811	0.271	-0.415277	0.909645	-0.00958723	-0.00398154	0.00872137	0.999954	-0.00051	-0.00011	0	1	100
tilt_corner_first	100	-85.89	-673.83	17.01	-153.301	335.831	0.271	-0.415277	0.909645	-0.00958723	-0.00398154	0.00872137	0.999954	-0.00051	-0.00011	0	1	100
tilt_corner_first	102	-88.4	-668.33	17.01	-149.661	327.851	0.271	-0.415277	0.909645	-0.00958723	-0.00398154	0.00872137	0.999954	-0.00051	-0.00011	0	1	100
tilt_corner_first	104	-90.85	-662.96	17.01	-146.021	319.871	0.271	-0.415277	0.909645	-0.00958723	-0.00398154	0.00872137	0.999954	-0.00051	-0.00011	0	1	100
tilt_corner_first	106	-93.24	-657.73	17.01	-142.381	311.891	0.271	-0.415277	0.909645	-0.00958723	-0.00398154	0.00872137	0.999954	-0.00051	-0.00011	0	1	100
tilt_corner_first	108	-95.57	-652.63	17.01	-138.741	303.921	0.271	-0.415277	0.909645	-0.00958723	-0.00398154	0.00872137	0.999954	-0.00051	-0.00011	0	1	100
tilt_corner_first	110	-97.84	-647.66	17.01	-135.101	295.941	0.271	-0.415277	0.909645	-0.00958723	-0.00398154	0.00872137	0.999954	-0.00051	-0.00011	0	1	100
tilt_corner_first	112	-100.05	-642.83	17.01	-131.461	287.971	0.271	-0.415277	0.909645	-0.00958723	-0.00398154	0.00872137	0.999954	-0.00051	-0.00011	0	1	100
tilt_corner_first	114	-102.2	-638.13	17.01	-127.821	280.001	0.271	-0.415277	0.909645	-0.00958723	-0.00398154	0.00872137	0.999954	-0.00051	-0.00011	0	1	100
tilt_corner_first	116	-104.28	-633.56	17.01	-124.181	272.031	0.271	-0.415277	0.909645	-0.00958723	-0.00398154	0.00872137	0.999954	-0.00051	-0.00011	0	1	100
tilt_corner_first	118	-106.3	-629.13	17.01	-120.541	264.061	0.271	-0.415277	0.909645	-0.00958723	-0.00398154	0.00872137	0.999954	-0.00051	-0.00011	0	1	100
tilt_corner_first	120	-108.26	-624.83	17.01	-116.901	256.081	0.271	-0.415277	0.909645	-0.00958723	-0.00398154	0.00872137	0.999954	-0.00051	-0.00011	0	1	100
tilt_corner_first	122	-110.16	-620.66	17.01	-113.261	248.111	0.271	-0.415277	0.909645	-0.00958723	-0.00398154	0.00872137	0.999954	-0.00051	-0.00011	0	1	100
tilt_corner_first	124	-112	-616.63	17.01	-109.621	240.141	0.271	-0.415277	0.909645	-0.00958723	-0.00398154	0.00872137	0.999954	-0.00051	-0.00011	0	1	100
tilt_corner_first	126	-113.78	-612.73	17.01	-105.981	232.161	0.271	-0.415277	0.909645	-0.00958723	-0.00398154	0.00872137	0.999954	-0.00051	-0.00011	0	1	100
tilt_corner_first	128	-115.5	-608.96	17.01	-102.341	224.191	0.271	-0.415277	0.909645	-0.00958723	-0.00398154	0.00872137	0.999954	-0.00051	-0.00011	0	1	100
tilt_corner_first	130	-117.16	-605.32	17.01	-98.701	216.221	0.271	-0.415277	0.909645	-0.00958723	-0.00398154	0.00872137	0.999954	-0.00051	-0.00011	0	1	100
tilt_corner_first	132	-118.76	-601.81	17.01	-95.061	208.251	0.271	-0.415277	0.909645	-0.00958723	-0.00398154	0.00872137	0.999954	-0.00051	-0.00011	0	1	100
tilt_corner_first	134	-120.3	-598.44	17.01	-91.421	200.271	0.271	-0.415277	0.909645	-0.00958723	-0.00398154	0.00872137	0.999954	-0.00051	-0.00011	0	1	100
tilt_corner_first	136	-121.78	-595.2	17.01	-87.781	192.301	0.271	-0.415277	0.909645	-0.00958723	-0.00398154	0.00872137	0.999954	-0.00051	-0.00011	0	1	100
tilt_corner_first	138	-123.2	-592.09	17.01	-84.141	184.331	0.271	-0.415277	0.909645	-0.00958723	-0.00398154	0.00872137	0.999954	-0.00051	-0.00011	0	1	100
tilt_corner_first	140	-124.56	-589.12	17.01	-80.501	176.361	0.271	-0.415277	0.909645	-0.00958723	-0.00398154	0.00872137	0.999954	-0.00051	-0.00011	0	1	100
tilt_corner_first	142	-125.86	-586.28	17.01	-76.861	168.391	0.271	-0.415277	0.909645	-0.00958723	-0.00398154	0.00872137	0.999954	-0.00051	-0.00011	0	1	100
tilt_corner_first	144	-127.1	-583.57	17.01	-73.221	160.411	0.271	-0.415277	0.909645	-0.00958723	-0.00398154	0.00872137	0.999954	-0.00051	-0.00011	0	1	100
tilt_corner_first	146	-128.28	-581	17.01	-69.581	152.441	0.271	-0.415277	0.909645	-0.00958723	-0.00398154	0.00872137	0.999954	-0.00051	-0.00011	0	1	100
tilt_corner_first	148	-129.39	-578.56	17.01	-65.941	144.471	0.271	-0.415277	0.909645	-0.00958723	-0.00398154	0.00872137	0.999954	-0.00051	-0.00011	0	1	100
tilt_corner_first	150	-130.44	-576.25	17.01	-62.301	136.501	0.271	-0.415277	0.909645	-0.00958723	-0.00398154	0.00872137	0.999954	-0.00051	-0.00011	0	1	100
tilt_corner_first	152	-131.43	-574.08	17.01	-58.661	128.521	0.271	-0.415277	0.909645	-0.00958723	-0.00398154	0.00872137	0.999954	-0.00051	-0.00011	0	1	100
tilt_corner_first	154	-132.36	-572.04	17.01	-55.021	120.551	0.271	-0.415277	0.909645	-0.00958723	-0.00398154	0.00872137	0.999954	-0.00051	-0.00011	0	1	100
tilt_corner_first	156	-133.23	-570.13	17.01	-51.381	112.581	0.271	-0.415277	0.909645	-0.00958723	-0.00398154	0.00872137	0.999954	-0.00051	-0.00011	0	1	100
tilt_corner_first	158	-134.04	-568.36	17.01	-47.741	104.611	0.271	-0.415277	0.909645	-0.00958723	-0.00398154	0.00872137	0.999954	-0.00051	-0.00011	0	1	100
tilt_corner_first	160	-134.79	-566.71	17.01	-44.101	96.641	0.271	-0.415277	0.909645	-0.00958723	-0.00398154	0.00872137	0.999954	-0.00051	-0.00011	0	1	100
tilt_corner_first	162	-135.48	-565.2	17.01	-40.461	88.661	0.271	-0.415277	0.909645	-0.00958723	-0.00398154	0.00872137	0.999954	-0.00051	-0.00011	0	1	100
tilt_corner_first	164	-136.11	-563.82	17.01	-36.821	80.691	0.271	-0.415277	0.909645	-0.00958723	-0.00398154	0.00872137	0.999954	-0.00051	-0.00011	0	1	100
tilt_corner_first	166	-136.68	-562.57	17.01	-33.181	72.721	0.271	-0.415277	0.909645	-0.00958723	-0.00398154	0.00872137	0.999954	-0.00051	-0.00011	0	1	100
tilt_corner_first	168	-137.19	-561.46	17.01	-29.541	64.751	0.271	-0.415277	0.909645	-0.00958723	-0.00398154	0.00872137	0.999954	-0.00051	-0.00011	0	1	100
tilt_corner_first	170	-137.64	-560.48	17.01	-25.901	56.771	0.271	-0.415277	0.909645	-0.00958723	-0.00398154	0.00872137	0.999954	-0.00051	-0.00011	0	1	100
tilt_corner_first	172	-138.03	-559.63	17.01	-22.261	48.801	0.271	-0.415277	0.909645	-0.00958723	-0.00398154	0.00872137	0.999954	-0.00051	-0.00011	0	1	100
tilt_corner_first	174	-138.36	-558.92	17.01	-18.621	40.831	0.271	-0.415277	0.909645	-0.00958723	-0.00398154	0.00872137	0.999954	-0.00051	-0.00011	0	1	100
tilt_corner_first	176	-138.62	-558.34	17.01	-14.981	32.861	0.271	-0.415277	0.909645	-0.00958723	-0.00398154	0.00872137	0.999954	-0.00051	-0.00011	0	1	100
tilt_corner_first	178	-138.82	-557.89	17.01	-11.341	24.881	0.271	-0.415277	0.909645	-0.00958723	-0.00398154	0.00872137	0.999954	-0.00051	-0.00011	0	1	100
tilt_spinning	0	0	-1185	388.15	0	900.001	-713.531	-0.0330704	0.999452	0.00105461	0.0652428	0.00110585	0.997869	0.00151	3.84021	1.96801	0	100
tilt_spinning	2	0	-1170	376.12	0	900.001	-724.351	-0.0648604	0.997886	0.00412256	0.125171	0.0040371	0.992127	0.00871	3.53961	1.90521	0	100
tilt_spinning	4	0	-1155	363.91	0	900.001	-735.171	-0.0953414	0.995405	0.00891615	0.179851	0.00841551	0.983658	0.02031	3.26281	1.84391	0	100
tilt_spinning	6	0	-1140	351.52	0	900.001	-745.991	-0.124585	0.992095	0.0150516	0.229602	0.0140681	0.973183	0.03521	3.00811	1.78381	0	100
tilt_spinning	8	0	-1125	338.95	0	900.001	-756.811	-0.15238	0.98807	0.0223367	0.274715	0.0206348	0.961304	0.05251	2.77381	1.72481	0	100
tilt_spinning	10	0	-1110	326.2	0	900.001	-767.631	-0.178901	0.983389	0.0306748	0.315617	0.0278322	0.948478	0.07131	2.55831	1.66691	0	100
tilt_spinning	12	0	-1095	313.27	0	900.001	-778.451	-0.204041	0.978154	0.0397771	0.352546	0.0355134	0.93512	0.09101	2.36031	1.61001	0	100
tilt_spinning	14	0	-1080	300.16	0	900.001	-789.271	-0.227886	0.972431	0.0494507	0.385929	0.0435807	0.921498	0.11111	2.17831	1.55431	0	100
tilt_spinning	16	0	-1065	286.87	0	900.001	-800.091	-0.250522	0.966269	0.0596939	0.416052	0.051783	0.907865	0.13111	2.01101	1.49971	0	100
tilt_spinning	18	0	-1050	273.4	0	900.001	-810.911	-0.271855	0.959766	0.0703133	0.44317	0.0600018	0.894427	0.15071	1.85731	1.44621	0	100
tilt_spinning	20	0	-1035	259.75	0	900.001	-821.731	-0.29207	0.952951	0.0811159	0.467513	0.0682672	0.881347	0.16971	1.71611	1.39401	0	100
tilt_spinning	22	0	-1020	245.92	0	900.001	-832.551	-0.311167	0.945873	0.0921954	0.489538	0.0763785	0.868631	0.18771	1.58631	1.34311	0	100
tilt_spinning	24	0	-1005	231.91	0	900.001	-843.371	-0.329246	0.938581	0.103263	0.509266	0.0844179	0.856459	0.20471	1.46701	1.29351	0	100
tilt_spinning	26	0	-990	217.72	0	900.001	-854.191	-0.346395	0.931074	0.114509	0.527073	0.0921919	0.844804	0.22061	1.35751	1.24531	0	100
tilt_spinning	28	0	-975	203.35	0	900.001	-865.011	-0.362539	0.92346	0.125645	0.54305	0.0997547	0.833754	0.23531	1.25681	1.19851	0	100
tilt_spinning	30	0	-960	188.8	0	900.001	-875.831	-0.377776	0.915755	0.13667	0.557418	0.107079	0.823298	0.24871	1.16421	1.15311	0	100
tilt_spinning	32	0	-945	174.07	0	900.001	-886.651	-0.392198	0.907949	0.147679	0.570342	0.114057	0.81345	0.26081	1.07911	1.10911	0	100
tilt_spinning	34	0	-930	159.16	0	900.001	-897.471	-0.405824	0.900106	0.15848	0.58197	0.120797	0.804188	0.27171	1.00091	1.06651	0	100
tilt_spinning	36	0	-915	144.07	0	900.001	-908.291	-0.418657	0.892249	0.169167	0.592462	0.127169	0.795498	0.28131	0.92901	1.02541	0	100
tilt_spinning	38	0	-900	128.8	0	900.001	-919.111	-0.430887	0.884344	0.179646	0.601882	0.133313	0.787379	0.28961	0.86281	0.98571	0	100
tilt_spinning	40	0	-885	113.35	0	900.001	-929.931	-0.442437	0.87646	0.189916	0.610357	0.139135	0.779811	0.29691	0.80191	0.94741	0	100
tilt_spinning	42	0	-870	97.72	0	900.001	-940.751	-0.453319	0.868626	0.199978	0.618055	0.144656	0.772711	0.30301	0.74581	0.91051	0	100
tilt_spinning	44	0	-855	81.91	0	900.001	-951.571	-0.463628	0.860825	0.209831	0.624941	0.149829	0.76616	0.30801	0.69411	0.87501	0	100
tilt_spinning	46	0	-840	65.92	0	900.001	-962.391	-0.473385	0.853099	0.219382	0.631135	0.154756	0.760078	0.31201	0.64651	0.84091	0	100
tilt_spinning	48	0	-825	49.74	0	900.001	-973.211	-0.482671	0.845407	0.228725	0.636804	0.159483	0.754351	0.31511	0.60261	0.80811	0	100
tilt_spinning	50	-0.1	-810.1	34.17	-12.491	887.731	-889.351	-0.49293	0.840576	0.224617	0.631582	0.168125	0.75686	-0.59131	-1.12131	0.52901	0	100
tilt_spinning	52	-0.87	-796.21	26.38	-57.451	823.561	-425.011	-0.512343	0.851087	0.1147	0.49517	0.183645	0.849165	-0.41611	-5.47481	-0.32091	0	100
tilt_spinning	54	-2.43	-782.97	21.68	-105.591	785.301	-244.481	-0.518427	0.853213	0.0571097	0.386141	0.173991	0.905882	0.58081	-5.46531	-0.20611	0	100
tilt_spinning	56	-4.76	-770.31	19.29	-151.281	750.951	-119.481	-0.518729	0.854265	0.0339328	0.28639	0.136231	0.948378	2.07551	-5.08711	-0.25061	0	100
tilt_spinning	58	-8.1	-758.41	18.13	-218.611	700.331	-56.161	-0.515052	0.85689	0.0214741	0.205052	0.0988486	0.973747	2.20351	-4.76771	-0.37071	1	100
tilt_spinning	60	-12.48	-747.32	17.53	-276.591	654.971	-31.131	-0.512656	0.858485	0.0137095	0.137239	0.0661711	0.988325	1.85331	-3.95991	-0.21791	1	100
tilt_spinning	62	-17.58	-736.83	17.18	-314.671	621.951	-18.211	-0.511375	0.859332	0.00661524	0.0816125	0.0409004	0.995825	1.40271	-3.18131	-0.10131	1	100
tilt_spinning	64	-23.09	-726.75	16.97	-335.091	599.591	-10.471	-0.51081	0.859694	-9.58738e-05	0.0380176	0.0227006	0.999019	0.98821	-2.43971	-0.03681	1	100
tilt_spinning	66	-28.8	-716.95	16.86	-344.041	584.081	-5.441	-0.51047	0.859874	-0.00613588	0.00610114	0.0107572	0.999924	0.62911	-1.74371	-0.00991	1	100
tilt_spinning	68	-34.56	-707.36	16.81	-345.801	572.851	-1.941	-0.510284	0.859936	-0.0109294	-0.0149762	0.00382115	0.999881	0.35841	-1.11531	-0.00231	1	100
tilt_spinning	70	-40.28	-697.91	16.87	-342.451	564.651	4.881	-0.510113	0.860023	-0.0120798	-0.0236415	1.9305e-05	0.999721	0.15361	-0.34461	-0.00401	1	100
tilt_spinning	72	-45.91	-688.58	16.94	-336.591	557.941	3.751	-0.510032	0.860074	-0.0118881	-0.024368	-0.000632431	0.999703	0.00731	0.01871	-0.00611	1	100
tilt_spinning	74	-51.44	-679.36	16.98	-330.311	551.471	2.211	-0.509951	0.860126	-0.0115046	-0.0223589	0.000116001	0.99975	-0.05641	0.14201	-0.00681	1	100
tilt_spinning	76	-56.87	-670.25	17	-324.261	544.881	1.021	-0.509871	0.860179	-0.0111211	-0.0194425	0.00140186	0.99981	-0.08041	0.18771	-0.00661	1	100
tilt_spinning	78	-62.21	-661.26	17	-318.601	538.061	0.171	-0.509791	0.860231	-0.0107377	-0.0161958	0.00288266	0.999865	-0.08581	0.19201	-0.00591	1	100
tilt_spinning	80	-67.45	-652.39	17	-313.341	530.991	-0.271	-0.509793	0.860235	-0.0103542	-0.0131964	0.00421487	0.999904	-0.08011	0.17331	-0.00481	1	100
tilt_spinning	82	-72.61	-643.64	17	-308.441	523.701	-0.451	-0.509712	0.860286	-0.0100666	-0.0106575	0.0053861	0.999929	-0.06841	0.14411	-0.00361	1	100
tilt_spinning	84	-77.69	-635.01	17	-303.821	516.251	-0.451	-0.509713	0.860288	-0.00987484	-0.00866278	0.00634525	0.999942	-0.05461	0.11231	-0.00241	1	100
tilt_spinning	86	-82.69	-626.5	17	-299.381	508.691	-0.351	-0.509713	0.860289	-0.00977897	-0.00721173	0.00709361	0.999949	-0.04101	0.08241	-0.00141	1	100
tilt_spinning	88	-87.63	-618.11	17	-295.061	501.061	-0.201	-0.509714	0.86029	-0.0096831	-0.0060906	0.00764647	0.999952	-0.02891	0.05691	-0.00061	1	100
tilt_spinning	90	-92.49	-609.86	17	-290.811	493.401	-0.041	-0.509714	0.86029	-0.0096831	-0.00543074	0.00803744	0.999953	-0.01901	0.03651	0	1	100
tilt_spinning	92	-97.29	-601.73	17	-286.571	485.731	0.091	-0.509714	0.86029	-0.00958723	-0.00496946	0.00819931	0.999954	-0.01131	0.02121	0.00021	1	100
tilt_spinning	94	-102.01	-593.73	17	-282.321	478.071	0.211	-0.509714	0.86029	-0.00958723	-0.00480449	0.00829705	0.999954	-0.00581	0.01041	0.00041	1	100
tilt_spinning	96	-106.66	-585.86	17	-278.041	470.421	0.301	-0.509714	0.86029	-0.00958723	-0.00472201	0.00834592	0.999954	-0.00211	0.00331	0.00041	1	100
tilt_spinning	98	-111.24	-578.11	17	-273.731	462.791	0.351	-0.509714	0.86029	-0.00958723	-0.00472201	0.00834592	0.999954	-0.00021	-0.00011	0.00041	1	100
tilt_spinning	100	-115.74	-570.5	17	-269.381	455.191	0.371	-0.509714	0.86029	-0.00958723	-0.00472201	0.00834592	0.999954	0.00051	-0.00141	0.00041	1	100
tilt_spinning	102	-120.18	-563.01	17	-264.991	447.611	0.371	-0.509714	0.86029	-0.0096831	-0.00477088	0.0084284	0.999953	0.00081	-0.00171	0.00031	1	100
tilt_spinning	104	-124.54	-555.64	17	-260.581	440.041	0.371	-0.509714	0.86029	-0.0096831	-0.00485336	0.00837953	0.999953	0.00081	-0.00161	0.00021	1	100
tilt_spinning	106	-128.82	-548.4	17	-256.151	432.481	0.371	-0.509714	0.86029	-0.0096831	-0.00485336	0.00837953	0.999953	0.00081	-0.00141	0.00011	1	100
tilt_spinning	108	-133.04	-541.29	17	-251.711	424.931	0.371	-0.509714	0.86029	-0.0096831	-0.00485336	0.00837953	0.999953	0.00081	-0.00111	0.00011	1	100
tilt_spinning	110	-137.18	-534.3	17	-247.261	417.391	0.371	-0.509714	0.86029	-0.0096831	-0.00485336	0.00837953	0.999953	0.00061	-0.00091	0.00011	1	100
tilt_spinning	112	-141.24	-527.43	17	-242.801	409.851	0.371	-0.509714	0.86029	-0.0096831	-0.00485336	0.00837953	0.999953	0.00041	-0.00071	0	1	100
tilt_spinning	114	-145.23	-520.7	17	-238.341	402.311	0.371	-0.509714	0.86029	-0.0096831	-0.00485336	0.00837953	0.999953	0.00021	-0.00061	0	1	100
tilt_spinning	116	-149.15	-514.09	17	-233.881	394.771	0.371	-0.509714	0.86029	-0.0096831	-0.00485336	0.00837953	0.999953	0.00021	-0.00061	0	1	100
tilt_spinning	118	-152.99	-507.6	17	-229.421	387.231	0.371	-0.509714	0.86029	-0.0096831	-0.00485336	0.00837953	0.999953	0.00021	-0.00061	0	1	100
tilt_spinning	120	-156.75	-501.24	17	-224.961	379.691	0.371	-0.509714	0.86029	-0.0096831	-0.00485336	0.00837953	0.999953	0.00021	-0.00061	0	1	100
tilt_spinning	122	-160.45	-495.01	17	-220.501	372.151	0.371	-0.509714	0.86029	-0.0096831	-0.00485336	0.00837953	0.999953	0.00021	-0.00061	0	1	100
tilt_spinning	124	-164.07	-488.9	17	-216.041	364.611	0.371	-0.509714	0.86029	-0.0096831	-0.00485336	0.00837953	0.999953	0.00021	-0.00061	0	1	100
tilt_spinning	126	-167.61	-482.91	17	-211.571	357.071	0.371	-0.509714	0.86029	-0.0096831	-0.00485336	0.00837953	0.999953	0.00021	-0.00061	0	1	100
tilt_spinning	128	-171.08	-477.06	17	-207.111	349.531	0.371	-0.509714	0.86029	-0.0096831	-0.00485336	0.00837953	0.999953	0.00021	-0.00061	0	1	100
tilt_spinning	130	-174.48	-471.33	17	-202.641	341.991	0.371	-0.509714	0.86029	-0.0096831	-0.00485336	0.00837953	0.999953	0.00021	-0.00061	0	1	100
tilt_spinning	132	-177.8	-465.72	17	-198.171	334.451	0.371	-0.509714	0.86029	-0.0096831	-0.00485336	0.00837953	0.999953	0.00021	-0.00061	0	1	100
tilt_spinning	134	-181.04	-460.24	17	-193.701	326.911	0.371	-0.509714	0.86029	-0.0096831	-0.00485336	0.00837953	0.999953	0.00021	-0.00061	0	1	100
tilt_spinning	136	-184.22	-454.89	17	-189.241	319.371	0.371	-0.509714	0.86029	-0.0096831	-0.00485336	0.00837953	0.999953	0.00021	-0.00061	0	1	100
tilt_spinning	138	-187.32	-449.66	17	-184.771	311.831	0.371	-0.509714	0.86029	-0.0096831	-0.00485336	0.00837953	0.999953	0.00021	-0.00061	0	1	100
tilt_spinning	140	-190.34	-444.55	17	-180.301	304.291	0.371	-0.509714	0.86029	-0.0096831	-0.00485336	0.00837953	0.999953	0.00021	-0.00061	0	1	100
tilt_spinning	142	-193.29	-439.58	17	-175.831	296.751	0.371	-0.509714	0.86029	-0.0096831	-0.00485336	0.00837953	0.999953	0.00021	-0.00061	0	1	100
tilt_spinning	144	-196.17	-434.73	17	-171.371	289.211	0.371	-0.509714	0.86029	-0.0096831	-0.00485336	0.00837953	0.999953	0.00021	-0.00061	0	1	100
tilt_spinning	146	-198.97	-430	17	-166.901	281.671	0.371	-0.509714	0.86029	-0.0096831	-0.00485336	0.00837953	0.999953	0.00021	-0.00061	0	1	100
tilt_spinning	148	-201.69	-425.4	17	-162.431	274.131	0.371	-0.509714	0.86029	-0.0096831	-0.00485336	0.00837953	0.999953	0.00021	-0.00061	0	1	100
tilt_spinning	150	-204.34	-420.93	17	-157.971	266.591	0.371	-0.509714	0.86029	-0.0096831	-0.00485336	0.00837953	0.999953	0.00021	-0.00061	0	1	100
tilt_spinning	152	-206.92	-416.58	17	-153.501	259.051	0.371	-0.509714	0.86029	-0.0096831	-0.00485336	0.00837953	0.999953	0.00021	-0.00061	0	1	100
tilt_spinning	154	-209.42	-412.35	17	-149.031	251.511	0.371	-0.509714	0.86029	-0.0096831	-0.00485336	0.00837953	0.999953	0.00021	-0.00061	0	1	100
tilt_spinning	156	-211.84	-408.26	17	-144.561	243.971	0.371	-0.509714	0.86029	-0.0096831	-0.00485336	0.00837953	0.999953	0.00021	-0.00061	0	1	100
tilt_spinning	158	-214.2	-404.29	17	-140.101	236.431	0.371	-0.509714	0.86029	-0.0096831	-0.00485336	0.00837953	0.999953	0.00021	-0.00061	0	1	100
tilt_spinning	160	-216.48	-400.44	17	-135.631	228.891	0.371	-0.509714	0.86029	-0.0096831	-0.00485336	0.00837953	0.999953	0.00021	-0.00061	0	1	100
tilt_spinning	162	-218.68	-396.72	17	-131.161	221.351	0.371	-0.509714	0.86029	-0.0096831	-0.00485336	0.00837953	0.999953	0.00021	-0.00061	0	1	100
tilt_spinning	164	-220.81	-393.13	17	-126.691	213.811	0.371	-0.509714	0.86029	-0.0096831	-0.00485336	0.00837953	0.999953	0.00021	-0.00061	0	1	100
tilt_spinning	166	-222.87	-389.66	17	-122.231	206.271	0.371	-0.509714	0.86029	-0.0096831	-0.00485336	0.00837953	0.999953	0.00021	-0.00061	0	1	100
tilt_spinning	168	-224.85	-386.31	17	-117.761	198.731	0.371	-0.509714	0.86029	-0.0096831	-0.00485336	0.00837953	0.999953	0.00021	-0.00061	0	1	100
tilt_spinning	170	-226.75	-383.1	17	-113.291	191.191	0.371	-0.509714	0.86029	-0.0096831	-0.00485336	0.00837953	0.999953	0.00021	-0.00061	0	1	100
tilt_spinning	172	-228.59	-380.01	17	-108.831	183.651	0.371	-0.509714	0.86029	-0.0096831	-0.00485336	0.00837953	0.999953	0.00021	-0.00061	0	1	100
tilt_spinning	174	-230.35	-377.04	17	-104.361	176.111	0.371	-0.509714	0.86029	-0.0096831	-0.00485336	0.00837953	0.999953	0.00021	-0.00061	0	1	100
tilt_spinning	176	-232.03	-374.2	17	-99.891	168.571	0.371	-0.509714	0.86029	-0.0096831	-0.00485336	0.00837953	0.999953	0.00021	-0.00061	0	1	100
tilt_spinning	178	-233.64	-371.49	17	-95.421	161.031	0.371	-0.509714	0.86029	-0.0096831	-0.00485336	0.00837953	0.999953	0.00021	-0.00061	0	1	100
tilt_spinning	180	-235.18	-368.9	17	-90.961	153.491	0.371	-0.509714	0.86029	-0.0096831	-0.00485336	0.00837953	0.999953	0.00021	-0.00061	0	1	100
tilt_spinning	182	-236.64	-366.43	17	-86.491	145.951	0.371	-0.509714	0.86029	-0.0096831	-0.00485336	0.00837953	0.999953	0.00021	-0.00061	0	1	100
tilt_spinning	184	-238.02	-364.1	17	-82.021	138.411	0.371	-0.509714	0.86029	-0.0096831	-0.00485336	0.00837953	0.999953	0.00021	-0.00061	0	1	100
tilt_spinning	186	-239.33	-361.89	17	-77.551	130.871	0.371	-0.509714	0.86029	-0.0096831	-0.00485336	0.00837953	0.999953	0.00021	-0.00061	0	1	100
tilt_spinning	188	-240.57	-359.8	17	-73.091	123.331	0.371	-0.509714	0.86029	-0.0096831	-0.00485336	0.00837953	0.999953	0.00021	-0.00061	0	1	100
tilt_spinning	190	-241.73	-357.84	17	-68.621	115.791	0.371	-0.509714	0.86029	-0.0096831	-0.00485336	0.00837953	0.999953	0.00021	-0.00061	0	1	100
tilt_spinning	192	-242.81	-356.01	17	-64.151	108.251	0.371	-0.509714	0.86029	-0.0096831	-0.00485336	0.00837953	0.999953	0.00021	-0.00061	0	1	100
tilt_spinning	194	-243.83	-354.3	17	-59.691	100.711	0.371	-0.509714	0.86029	-0.0096831	-0.00485336	0.00837953	0.999953	0.00021	-0.00061	0	1	100
tilt_spinning	196	-244.77	-352.71	17	-55.221	93.171	0.371	-0.509714	0.86029	-0.0096831	-0.00485336	0.00837953	0.999953	0.00021	-0.00061	0	1	100
tilt_spinning	198	-245.63	-351.25	17	-50.751	85.631	0.371	-0.509714	0.86029	-0.0096831	-0.00485336	0.00837953	0.999953	0.00021	-0.00061	0	1	100
tilt_spinning	200	-246.42	-349.92	17	-46.281	78.091	0.371	-0.509714	0.86029	-0.0096831	-0.00485336	0.00837953	0.999953	0.00021	-0.00061	0	1	100
tilt_spinning	202	-247.14	-348.71	17	-41.821	70.551	0.371	-0.509714	0.86029	-0.0096831	-0.00485336	0.00837953	0.999953	0.00021	-0.00061	0	1	100
tilt_spinning	204	-247.78	-347.62	17	-37.351	63.011	0.371	-0.509714	0.86029	-0.0096831	-0.00485336	0.00837953	0.999953	0.00021	-0.00061	0	1	100
tilt_spinning	206	-248.34	-346.67	17	-32.881	55.471	0.371	-0.509714	0.86029	-0.0096831	-0.00485336	0.00837953	0.999953	0.00021	-0.00061	0	1	100
tilt_spinning	208	-248.84	-345.84	17	-28.421	47.931	0.371	-0.509714	0.86029	-0.0096831	-0.00485336	0.00837953	0.999953	0.00021	-0.00061	0	1	100
tilt_spinning	210	-249.26	-345.13	17	-23.951	40.391	0.371	-0.509714	0.86029	-0.0096831	-0.00485336	0.00837953	0.999953	0.00021	-0.00061	0	1	100
tilt_spinning	212	-249.6	-344.55	17	-19.481	32.851	0.371	-0.509714	0.86029	-0.0096831	-0.00485336	0.00837953	0.999953	0.00021	-0.00061	0	1	100
tilt_spinning	214	-249.87	-344.1	17	-15.011	25.311	0.371	-0.509714	0.86029	-0.0096831	-0.00485336	0.00837953	0.999953	0.00021	-0.00061	0	1	100
tilt_spinning	216	-250.07	-343.77	17	-10.551	17.771	0.371	-0.509714	0.86029	-0.0096831	-0.00485336	0.00837953	0.999953	0.00021	-0.00061	0	1	100
tilt_spinning	218	-250.06	-343.8	17	-0.761	1.251	0.371	-0.509714	0.86029	-0.0096831	-0.00493584	0.00833066	0.999953	0.00021	-0.00061	0	1	100
tilt_with_airroll	0	0	-1185	336.49	0	900.001	-813.531	-3.60724e-08	0.82524	-0.564783	-0.564466	0.466203	0.681199	0	0	0	0	100
tilt_with_airroll	2	0	-1170	322.8	0	900.001	-824.351	-3.60724e-08	0.82524	-0.564783	-0.570938	0.463683	0.677516	0	-0.51691	0.35361	0	100
tilt_with_airroll	4	0	-1155	308.93	0	900.001	-835.171	-3.60724e-08	0.82524	-0.564783	-0.585409	0.457891	0.669053	0	-0.99321	0.67961	0	100
tilt_with_airroll	6	0	-1140	294.88	0	900.001	-845.991	-3.60724e-08	0.82524	-0.564783	-0.606884	0.448884	0.655893	0	-1.43231	0.98011	0	100
tilt_with_airroll	8	0	-1125	280.64	0	900.001	-856.811	-3.60724e-08	0.82524	-0.564783	-0.634393	0.436583	0.637919	0	-1.83701	1.25711	0	100
tilt_with_airroll	10	0	-1110	266.22	0	900.001	-867.631	-3.60724e-08	0.82524	-0.564783	-0.666857	0.420868	0.614957	0	-2.21001	1.51231	0	100
tilt_with_airroll	12	0	-1095	251.62	0	900.001	-878.451	-3.60724e-08	0.82524	-0.564783	-0.703232	0.401538	0.586713	0	-2.55381	1.74751	0	100
tilt_with_airroll	14	0	-1080	236.84	0	900.001	-889.271	-3.60724e-08	0.82524	-0.564783	-0.742173	0.378522	0.553082	0	-2.87071	1.96431	0	100
tilt_with_airroll	16	0	-1065	221.88	0	900.001	-900.091	-3.60724e-08	0.82524	-0.564783	-0.782531	0.35164	0.513804	0	-3.16281	2.16421	0	100
tilt_with_airroll	18	0	-1050	206.74	0	900.001	-910.911	-3.60724e-08	0.82524	-0.564783	-0.823013	0.320809	0.468755	0	-3.43201	2.34841	0	100
tilt_with_airroll	20	0	-1035	191.42	0	900.001	-921.731	-3.60724e-08	0.82524	-0.564783	-0.862327	0.285979	0.417862	0	-3.68011	2.51821	0	100
tilt_with_airroll	22	0	-1020	175.92	0	900.001	-932.551	-3.60724e-08	0.82524	-0.564783	-0.899053	0.247285	0.361323	0	-3.90881	2.67481	0	100
tilt_with_airroll	24	0	-1005	160.24	0	900.001	-943.371	-3.60724e-08	0.82524	-0.564783	-0.931954	0.204777	0.299213	0	-4.11961	2.81911	0	100
tilt_with_airroll	26	0	-990	144.38	0	900.001	-954.191	7.91568e-05	0.82524	-0.564783	-0.959745	0.158695	0.231745	0	-4.31391	2.95201	0	100
tilt_with_airroll	28	0	-975	128.34	0	900.001	-965.011	7.91568e-05	0.82524	-0.564783	-0.981091	0.109375	0.159677	0	-4.49301	3.07451	0	100
tilt_with_airroll	30	0	-960	112.12	0	900.001	-975.831	7.91568e-05	0.82524	-0.564783	-0.994806	0.057555	0.0839579	0	-4.53901	3.10601	0	100
tilt_with_airroll	32	0	-945	95.72	0	900.001	-986.651	7.91568e-05	0.82524	-0.564783	-0.999963	0.00491506	0.00704155	0	-4.53901	3.10601	0	100
tilt_with_airroll	34	0	-930	79.14	0	900.001	-997.471	7.91568e-05	0.82524	-0.564783	-0.996415	-0.0477139	-0.0698574	0	-4.53901	3.10601	0	100
tilt_with_airroll	36	-0.37	-918.28	74.62	4.891	656.021	-119.431	-0.139677	0.857603	-0.494982	-0.987753	-0.0855768	0.13046	3.82171	3.92851	0.45881	0	100
tilt_with_airroll	38	-0.29	-907.34	72.49	4.891	656.021	-130.251	-0.175545	0.885187	-0.430846	-0.978039	-0.106865	0.178939	3.80851	3.13661	0.76661	0	100
tilt_with_airroll	40	-0.21	-896.4	70.18	4.891	656.021	-141.071	-0.206797	0.907467	-0.365702	-0.967729	-0.134704	0.212969	3.81311	2.38781	1.00111	0	100
tilt_with_airroll	42	-0.13	-885.46	67.69	4.891	656.021	-151.891	-0.234502	0.92452	-0.300452	-0.957952	-0.167206	0.233173	3.83061	1.68321	1.17041	0	100
tilt_with_airroll	44	-0.05	-874.52	65.02	4.891	656.021	-162.711	-0.259275	0.93655	-0.235906	-0.949406	-0.202334	0.240187	3.85731	1.02351	1.28211	0	100
tilt_with_airroll	46	0.03	-863.58	62.17	4.891	656.021	-173.531	-0.282137	0.943744	-0.172473	-0.942267	-0.238793	0.234756	3.89071	0.40871	1.34331	0	100
tilt_with_airroll	48	0.11	-852.64	59.14	4.891	656.021	-184.351	-0.303502	0.946356	-0.110889	-0.936528	-0.274846	0.217657	3.92891	-0.16141	1.36081	0	100
tilt_with_airroll	50	0.19	-841.7	55.93	4.891	656.021	-195.171	-0.324066	0.944639	-0.0513657	-0.931838	-0.309361	0.189665	3.97071	-0.68781	1.34081	0	100
tilt_with_airroll	52	0.27	-830.76	52.54	4.891	656.021	-205.991	-0.344096	0.938918	0.00556065	-0.927781	-0.340913	0.151658	4.01541	-1.17151	1.28891	0	100
tilt_with_airroll	54	0.35	-819.82	48.97	4.891	656.021	-216.811	-0.364157	0.929416	0.0597896	-0.923693	-0.368631	0.104411	4.06261	-1.61391	1.21021	0	100
tilt_with_airroll	56	0.34	-809.39	46.95	-5.411	594.881	-20.971	-0.376597	0.92444	0.0598853	-0.921603	-0.380427	0.0769635	-2.84431	-1.27381	0.20721	0	100
tilt_with_airroll	58	0.24	-799.47	46.47	-5.411	594.881	-31.791	-0.380274	0.924828	0.00920375	-0.922513	-0.379995	0.0676323	-2.51911	-1.80851	0.17171	0	100
tilt_with_airroll	60	0.1	-789.79	46.6	-10.311	566.631	52.931	-0.390344	0.920581	-0.0127509	-0.919282	-0.388959	0.0602632	0.26101	0.23831	1.14511	0	100
tilt_with_airroll	62	-0.08	-780.35	47.35	-10.311	566.631	42.091	-0.407245	0.913289	-0.00738222	-0.912137	-0.406294	0.0541407	0.50081	-0.34961	1.09771	0	100
tilt_with_airroll	64	-0.26	-770.91	47.92	-10.311	566.631	31.251	-0.423302	0.905985	-0.00239684	-0.90537	-0.422914	0.0380526	0.73151	-0.88731	1.04911	0	100
tilt_with_airroll	66	-0.44	-761.47	48.31	-10.311	566.631	20.411	-0.438529	0.898715	0.00201335	-0.898633	-0.438518	0.012655	0.95311	-1.37861	1.00001	0	100
tilt_with_airroll	68	-0.62	-752.03	48.51	-10.311	566.631	9.571	-0.453026	0.891478	0.00584827	-0.891349	-0.452821	-0.0211861	1.16561	-1.82741	0.95081	0	100
tilt_with_airroll	70	-0.8	-742.59	48.53	-10.311	566.631	-1.261	-0.466806	0.884314	0.00901201	-0.882866	-0.465401	-0.0628492	1.36911	-2.23721	0.90201	0	100
tilt_with_airroll	72	-1	-733.23	48.66	-12.941	556.341	23.301	-0.479829	0.877359	0.00239684	-0.873607	-0.477521	-0.0937224	-0.41451	-1.22641	0.86361	0	100
tilt_with_airroll	74	-1.22	-724.01	49.12	-13.371	549.001	36.961	-0.494472	0.86917	-0.0064235	-0.864186	-0.492402	-0.103547	-0.08511	-0.07641	1.16861	0	100
tilt_with_airroll	76	-1.44	-714.86	49.61	-13.351	548.731	27.011	-0.510794	0.859667	-0.00795744	-0.853893	-0.508394	-0.111362	0.23131	-0.55761	1.12891	0	100
tilt_with_airroll	78	-1.66	-705.73	49.99	-13.261	546.961	22.071	-0.527104	0.849771	-0.0070946	-0.842715	-0.523767	-0.124501	0.53371	-0.67751	1.15681	0	100
tilt_with_airroll	80	-1.88	-696.64	50.29	-13.191	545.201	17.061	-0.543553	0.839369	-0.0032597	-0.830652	-0.538459	-0.141702	0.82441	-0.78281	1.18211	0	100
tilt_with_airroll	82	-2.1	-687.57	50.51	-13.141	543.471	11.961	-0.560182	0.828363	0.0032597	-0.817609	-0.552269	-0.162832	1.10521	-0.87691	1.20291	0	100
tilt_with_airroll	84	-2.34	-678.61	50.89	-14.121	537.921	19.891	-0.576122	0.817364	0.000479369	-0.804919	-0.567247	-0.174173	0.33841	-0.78421	1.14451	0	100
tilt_with_airroll	86	-2.58	-669.69	51.23	-14.261	533.701	23.121	-0.591996	0.80594	-0.00105461	-0.791593	-0.581703	-0.187091	0.44681	-0.46471	1.23141	0	100
tilt_with_airroll	88	-2.82	-660.8	51.52	-14.201	532.521	16.171	-0.608253	0.793741	0.00153398	-0.777469	-0.595392	-0.202607	0.77331	-0.68761	1.22301	0	100
tilt_with_airroll	90	-3.06	-651.98	51.85	-14.811	528.811	17.821	-0.623661	0.781694	-0.00134223	-0.76314	-0.609227	-0.215545	0.39521	-0.82611	1.15821	0	100
tilt_with_airroll	92	-3.3	-643.22	52.17	-14.741	525.711	17.291	-0.63964	0.768674	0.000479369	-0.748334	-0.622572	-0.228912	0.69441	-0.63501	1.23141	0	100
tilt_with_airroll	94	-3.56	-634.51	52.51	-15.091	521.431	20.781	-0.655058	0.755578	-0.000191748	-0.733272	-0.635781	-0.241027	0.52411	-0.52981	1.23831	0	100
tilt_with_airroll	96	-3.82	-625.85	52.83	-15.431	518.451	19.961	-0.670208	0.742173	-0.000383495	-0.717599	-0.648148	-0.254866	0.42091	-0.67901	1.19621	0	100
tilt_with_airroll	98	-4.08	-617.25	53.16	-15.581	515.311	19.601	-0.685223	0.728333	-0.000671117	-0.701621	-0.66034	-0.267729	0.49641	-0.66271	1.20541	0	100
tilt_with_airroll	100	-4.34	-608.7	53.48	-15.801	512.041	19.711	-0.699884	0.714256	-0.000862864	-0.685268	-0.671819	-0.281189	0.50691	-0.67151	1.20211	0	100
tilt_with_airroll	102	-4.6	-600.2	53.78	-15.731	509.791	16.341	-0.714457	0.699679	0.000862864	-0.668435	-0.682188	-0.296334	0.83501	-0.63341	1.23381	0	100
tilt_with_airroll	104	-4.86	-591.76	54.12	-16.101	505.281	20.611	-0.728464	0.685084	9.58738e-05	-0.651388	-0.692592	-0.309856	0.65051	-0.54171	1.23281	0	100
tilt_with_airroll	106	-5.14	-583.37	54.44	-16.251	502.451	19.211	-0.742109	0.670279	9.58738e-05	-0.634011	-0.701908	-0.324585	0.75871	-0.57811	1.22701	0	100
tilt_with_airroll	108	-5.42	-575.04	54.76	-16.481	499.051	19.731	-0.75539	0.655276	-0.000191748	-0.616306	-0.710565	-0.339506	0.77321	-0.57761	1.22071	0	100
tilt_with_airroll	110	-5.7	-566.76	55.07	-16.841	495.771	19.891	-0.768245	0.640156	-0.000383495	-0.598057	-0.717936	-0.356225	0.65601	-0.75611	1.16621	0	100
tilt_with_airroll	112	-5.98	-558.54	55.41	-17.011	492.551	19.801	-0.780797	0.624784	-0.000575243	-0.579793	-0.724914	-0.37194	0.76191	-0.72341	1.17121	0	100
tilt_with_airroll	114	-6.26	-550.37	55.74	-17.241	489.291	19.871	-0.792925	0.609319	-0.00076699	-0.561123	-0.730696	-0.388875	0.80091	-0.76071	1.15591	0	100
tilt_with_airroll	116	-6.54	-542.25	56.04	-17.231	487.131	16.181	-0.804746	0.593618	0.000958738	-0.542358	-0.734597	-0.407694	1.14531	-0.69551	1.17821	0	100
tilt_with_airroll	118	-6.84	-534.19	56.37	-17.611	482.481	20.881	-0.815981	0.578079	9.58738e-05	-0.523084	-0.738282	-0.425821	1.00421	-0.63801	1.16891	0	100
tilt_with_airroll	120	-7.14	-526.18	56.7	-17.791	479.731	19.201	-0.826807	0.562486	9.58738e-05	-0.503668	-0.740273	-0.445324	1.14861	-0.69331	1.15161	0	100
tilt_with_airroll	122	-7.44	-518.23	57.03	-18.031	476.381	19.541	-0.837178	0.546931	-9.58738e-05	-0.483935	-0.740831	-0.465807	1.21711	-0.71231	1.13651	0	100
tilt_with_airroll	124	-7.74	-510.32	57.35	-18.351	473.371	18.771	-0.847103	0.531429	-0.000671117	-0.463362	-0.739221	-0.488721	1.20131	-0.95471	1.07521	0	100
tilt_with_airroll	126	-8.04	-502.47	57.7	-18.561	470.091	18.861	-0.856642	0.515911	-0.000671117	-0.443004	-0.736249	-0.511551	1.34751	-0.91091	1.07381	0	100
tilt_with_airroll	128	-8.35	-494.67	58.03	-18.771	467.271	17.431	-0.865657	0.500636	-0.000862864	-0.422127	-0.73083	-0.536374	1.49011	-0.99181	1.04811	0	100
tilt_with_airroll	130	-8.67	-486.91	58.31	-18.821	465.491	12.491	-0.874354	0.485288	0.000575243	-0.401104	-0.722009	-0.563754	1.85811	-0.93481	1.05211	0	100
tilt_with_airroll	132	-8.99	-479.2	58.62	-19.151	461.571	14.721	-0.882463	0.470382	-9.58738e-05	-0.378943	-0.711039	-0.592306	1.90491	-0.95151	1.03131	0	100
tilt_with_airroll	134	-9.31	-471.52	58.83	-19.331	459.791	9.811	-0.890143	0.455681	-0.000575243	-0.35583	-0.695877	-0.623811	2.09011	-1.21631	0.97491	0	100
tilt_with_airroll	136	-9.63	-463.88	58.96	-19.401	458.271	4.001	-0.897451	0.441113	0.000383495	-0.332689	-0.67629	-0.657229	2.45841	-1.16791	0.97031	0	100
tilt_with_airroll	138	-9.95	-456.27	59.01	-19.571	456.251	-0.101	-0.904235	0.427035	-9.58738e-05	-0.307804	-0.651922	-0.693004	2.70081	-1.25891	0.94041	0	100
tilt_with_airroll	140	-10.27	-448.67	58.88	-19.571	456.101	-10.441	-0.910639	0.413202	0	-0.281835	-0.621124	-0.731283	3.06021	-1.39661	0.90611	0	100
tilt_with_airroll	142	-10.59	-441.07	58.57	-19.571	456.021	-21.031	-0.916602	0.3998	-0.000383495	-0.254218	-0.583572	-0.771244	3.39261	-1.53381	0.87131	0	100
tilt_with_airroll	144	-10.91	-433.47	58.08	-19.571	456.021	-31.851	-0.922107	0.386931	-0.00162985	-0.224782	-0.539104	-0.81169	3.70361	-1.65801	0.83811	0	100
tilt_with_airroll	146	-11.23	-425.87	57.41	-19.571	456.021	-42.671	-0.927213	0.374517	-0.00354732	-0.1937	-0.487616	-0.8513	3.99271	-1.76651	0.80731	0	100
tilt_with_airroll	148	-11.55	-418.27	56.56	-19.571	456.021	-53.491	-0.931901	0.362659	-0.00623176	-0.161026	-0.429051	-0.888812	4.26141	-1.86081	0.77911	0	100
tilt_with_airroll	150	-11.87	-410.67	55.53	-19.571	456.021	-64.311	-0.936188	0.351366	-0.0096831	-0.126942	-0.363658	-0.922843	4.51101	-1.94241	0.75361	0	100
tilt_with_airroll	152	-12.19	-403.07	54.32	-19.571	456.021	-75.131	-0.940024	0.340826	-0.0139013	-0.0916805	-0.291695	-0.952107	4.74291	-2.01271	0.73111	0	100
tilt_with_airroll	154	-12.51	-395.47	52.93	-19.571	456.021	-85.951	-0.94349	0.330867	-0.0187902	-0.0555501	-0.213793	-0.975298	4.95831	-2.07291	0.71161	0	100
tilt_with_airroll	156	-12.83	-387.87	51.36	-19.571	456.021	-96.771	-0.946508	0.321768	-0.0242537	-0.0189877	-0.130571	-0.991257	5.04661	-2.07811	0.67991	0	100
tilt_with_airroll	158	-13.15	-380.27	49.61	-19.571	456.021	-107.591	-0.949098	0.31354	-0.0300998	0.0167743	-0.0451124	-0.998841	5.06201	-2.05201	0.64381	0	100
tilt_with_airroll	160	-13.47	-372.67	47.68	-19.571	456.021	-118.411	-0.951226	0.306372	-0.0361366	0.0511779	0.0412023	-0.997839	5.07671	-2.02511	0.61281	0	100
tilt_with_airroll	162	-13.81	-365.23	46.16	-22.061	437.011	-65.321	-0.956176	0.292457	-0.0139971	0.0454865	0.101151	-0.993831	1.95151	2.52971	1.40511	0	100
tilt_with_airroll	164	-14.16	-358.11	45.48	-20.191	417.511	-10.861	-0.961724	0.273705	0.0131343	0.0145993	0.099044	-0.994976	-2.51491	1.08351	0.99521	0	100
tilt_with_airroll	166	-14.5	-351.15	45.16	-20.191	417.511	-21.681	-0.965767	0.25871	0.0190777	-0.00165566	0.0673933	-0.997725	-1.71151	0.83901	0.95201	0	100
tilt_with_airroll	168	-14.84	-344.19	44.66	-20.191	417.301	-31.821	-0.969356	0.244392	0.0249246	-0.013649	0.0477231	-0.998767	-1.02141	0.61181	0.90321	0	100
tilt_with_airroll	170	-15.18	-337.26	44.08	-20.211	415.141	-35.471	-0.972532	0.231158	0.0273206	-0.0204303	0.0321498	-0.999274	-0.88391	0.29561	0.82151	0	100
tilt_with_airroll	172	-15.52	-330.37	43.44	-20.281	412.981	-39.131	-0.97534	0.219216	0.0255955	-0.0220059	0.0188011	-0.999581	-0.75881	0.00151	0.74181	0	100
tilt_with_airroll	174	-15.86	-323.52	42.74	-20.391	410.841	-42.841	-0.977866	0.20829	0.0198446	-0.0187299	0.00732249	-0.999798	-0.64231	-0.27301	0.66531	0	100
tilt_with_airroll	176	-16.2	-316.72	42.04	-20.291	406.681	-39.781	-0.979959	0.199031	0.00814918	-0.00768082	0.0031252	-0.999966	0.09781	-0.91961	0.51611	0	100
tilt_with_airroll	178	-16.55	-310.03	41.52	-21.101	398.391	-22.881	-0.981946	0.189163	0.000575243	-0.00183434	-0.00648113	-0.999977	-1.09261	0.36811	0.73811	0	100
tilt_with_airroll	180	-16.89	-303.51	41.41	-20.091	389.861	-5.101	-0.98368	0.179831	-0.00594414	0.0058645	-0.00097453	-0.999982	0.69591	-0.29131	0.61141	0	100
tilt_with_airroll	182	-17.23	-297.07	41.37	-20.171	386.691	-5.391	-0.985813	0.167844	0.000575243	0.000639822	0.0071851	-0.999974	0.62191	0.29691	0.72711	0	100
tilt_with_airroll	184	-17.57	-290.7	41.39	-20.221	381.901	-0.261	-0.987529	0.157438	-0.000287621	0.00125004	0.00601401	-0.999981	0.01751	0.00991	0.64551	0	100
tilt_with_airroll	186	-17.91	-284.36	41.35	-20.261	379.101	-1.771	-0.989148	0.14692	0	0.00105644	0.00711253	-0.999974	-0.05141	-0.10831	0.60891	0	100
tilt_with_airroll	188	-18.25	-278.07	41.29	-20.301	376.441	-3.771	-0.99063	0.136575	-9.58738e-05	0.00105085	0.0069202	-0.999976	-0.05531	-0.08851	0.60261	0	100
tilt_with_airroll	190	-18.59	-271.83	41.2	-20.341	373.601	-5.171	-0.991979	0.126406	0	0.000787749	0.00618191	-0.999981	-0.10501	-0.08121	0.59281	0	100
tilt_with_airroll	192	-18.93	-265.63	41.08	-20.401	370.981	-7.281	-0.99319	0.116509	-0.000383495	0.00103992	0.0055734	-0.999984	-0.07561	0.14741	0.63101	0	100
tilt_with_airroll	194	-19.27	-259.48	40.93	-20.411	367.771	-7.441	-0.994312	0.106505	0.000479369	1.34833e-05	0.00462673	-0.999989	-0.24661	-0.08521	0.56841	0	100
tilt_with_airroll	196	-19.61	-253.37	40.75	-20.451	365.441	-10.501	-0.995297	0.0968722	0.000191748	8.77779e-05	0.00288124	-0.999996	-0.14231	0.15331	0.60891	0	100
tilt_with_airroll	198	-19.95	-247.32	40.55	-20.461	362.831	-12.671	-0.99618	0.0873255	0.000479369	-0.00050266	-0.000244724	-1	-0.12851	0.12001	0.59031	0	100
dodge_forward	0	0	14.89	17.04	0	891.241	1.851	-4.37113e-08	0.999999	-0.00162985	-7.12432e-11	0.00162985	0.999999	-0.10131	0.00191	0	1	100
dodge_forward	2	0	29.9	22.03	0.011	903.081	301.561	-4.37112e-08	0.999995	-0.0032597	9.58737e-05	0.0032597	0.999995	-0.10111	0.00191	0	0	100
dodge_forward	4	0	45.09	27.16	0.021	914.321	309.601	-4.37108e-08	0.999988	-0.00498542	9.58736e-05	0.00498542	0.999988	-0.10071	0.00191	0	0	100
dodge_forward	6	0	60.47	32.42	0.031	925.421	317.641	-4.37104e-08	0.999978	-0.00661524	9.58735e-05	0.00661524	0.999978	-0.10031	0.00191	0	0	100
dodge_forward	8	0	75.9	37.53	0.031	925.971	304.091	-4.37099e-08	0.999966	-0.00824505	0.000191747	0.00824505	0.999966	-0.09791	0.00181	0	0	100
dodge_forward	10	0	91.35	42.46	0.031	927.071	293.231	-4.37093e-08	0.999951	-0.00987484	0.000191747	0.00987484	0.999951	-0.09321	0.00161	0	0	100
dodge_forward	12	0	106.81	47.21	0.031	928.171	282.371	-4.37086e-08	0.999936	-0.0113129	0.000191747	0.0113129	0.999936	-0.08871	0.00141	0	0	100
dodge_forward	14	0	130.63	51.78	0.031	1429.27	271.501	-4.36352e-08	0.998257	-0.0590239	0.000287619	0.0590239	0.998257	-3.77301	0.00121	0.00081	0	100
dodge_forward	16	0	154.47	56.17	0.031	1430.37	260.571	-9.45766e-05	0.986324	-0.164819	0.000271817	0.164819	0.986324	-5.50001	0.00081	0.00121	0	100
dodge_forward	18	0	178.32	60.38	0.031	1431.45	249.511	-9.19881e-05	0.959328	-0.282293	0.000260553	0.282293	0.959328	-5.49991	0.00031	0.00121	0	100
dodge_forward	20	0	202.19	64.4	0.031	1432.5	238.321	-8.8063e-05	0.918395	-0.395666	0.000249682	0.395666	0.918395	-5.49991	0.00011	0.00131	0	100
dodge_forward	22	0	226.08	68.23	0.031	1433.5	227.011	-0.000165688	0.864166	-0.503207	0.00019114	0.503207	0.864166	-5.49991	0	0.00131	0	100
dodge_forward	24	0	249.98	71.87	0.031	1434.44	215.581	-0.000152877	0.797344	-0.603525	7.60323e-05	0.603525	0.797344	-5.49991	0	0.00131	0	100
dodge_forward	26	0	273.9	75.32	0.031	1435.3	204.041	-0.000206749	0.718937	-0.695075	-8.13968e-06	0.695075	0.718937	-5.49991	0	0.00131	0	100
dodge_forward	28	0	297.83	78.57	0.031	1436.07	192.401	-0.000241691	0.630159	-0.776466	0.000181563	0.776466	0.630159	-5.49991	0	0.00131	0	100
dodge_forward	30	0	321.77	81.63	0.031	1436.74	180.681	-0.000255109	0.53216	-0.846644	7.35011e-05	0.846644	0.53216	-5.50001	0	0.00131	0	100
dodge_forward	32	0	345.73	83.12	0.031	1437.29	66.601	-0.000245294	0.426428	-0.904521	-4.09376e-05	0.904521	0.426428	-5.49991	0	0.00131	0	100
dodge_forward	34	0	369.69	83.58	0.031	1437.72	18.351	-0.000271455	0.314592	-0.949227	4.37946e-05	0.949227	0.314592	-5.49991	0	0.00131	0	100
dodge_forward	36	0	393.65	83.61	0.031	1438.03	-2.061	-0.000265892	0.198098	-0.980182	-6.92617e-05	0.980182	0.198098	-5.49991	0	0.00131	0	100
dodge_forward	38	0	417.62	83.46	0.031	1438.21	-10.711	-0.000279271	0.0787262	-0.996896	-8.48876e-05	0.996896	0.0787262	-5.50001	0	0.00131	0	100
dodge_forward	40	0	441.6	83.23	0.031	1438.26	-14.371	-0.000275811	-0.0416921	-0.99913	-0.000293273	0.99913	-0.041692	-5.49991	0	0.00131	0	100
dodge_forward	42	0	465.57	82.97	0.031	1438.17	-15.921	-0.000263392	-0.161602	-0.986856	-0.000309063	0.986856	-0.161602	-5.49991	0	0.00131	0	100
dodge_forward	44	0	489.28	83.55	0.031	1407.19	85.961	0.0172739	-0.280289	-0.95976	0.0256657	0.959711	-0.279813	-4.90091	-1.87471	-1.64801	0	100
dodge_forward	46	-0.06	512.4	85.92	-3.711	1387.58	139.481	0.0145398	-0.391695	-0.91998	0.0232874	0.919961	-0.391318	-5.49791	0.14571	0.02921	0	100
dodge_forward	48	-0.12	535.52	88.09	-3.691	1387.11	127.631	0.0118308	-0.4995	-0.866233	0.0226256	0.866206	-0.499175	-5.49861	0.11661	-0.04151	0	100
dodge_forward	50	-0.18	558.63	90.07	-3.671	1386.52	115.851	0.00914841	-0.600087	-0.799883	0.0227016	0.799835	-0.599791	-5.49861	0.09671	-0.07711	0	100
dodge_forward	52	-0.24	581.73	91.86	-3.651	1385.82	104.141	0.00636868	-0.691938	-0.721929	0.0231696	0.721852	-0.691659	-5.49851	0.08401	-0.09471	0	100
dodge_forward	54	-0.3	604.82	93.45	-3.631	1385.02	92.521	0.00356067	-0.773732	-0.633503	0.0234478	0.633398	-0.773471	-5.49851	0.07621	-0.10321	0	100
dodge_forward	56	-0.36	627.89	94.85	-3.611	1384.14	81.001	0.000809467	-0.844288	-0.535888	0.0234524	0.535757	-0.844046	-5.49841	0.07141	-0.10731	0	100
dodge_forward	58	-0.42	650.95	96.06	-3.611	1383.18	69.591	-0.00207677	-0.902588	-0.4305	0.0233269	0.43034	-0.902366	-5.49841	0.06861	-0.10911	0	100
dodge_forward	60	-0.48	673.99	97.08	-3.611	1382.15	58.301	-0.00481623	-0.947818	-0.318775	0.0228057	0.318592	-0.947618	-5.49841	0.06701	-0.10991	0	100
dodge_forward	62	-0.54	697.01	97.91	-3.611	1381.08	47.131	-0.00751085	-0.979251	-0.202513	0.0220679	0.202307	-0.979073	-5.49841	0.06611	-0.11021	0	100
dodge_forward	64	-0.6	720.01	98.56	-3.611	1379.98	36.101	-0.0101272	-0.99648	-0.083218	0.0209765	0.0829922	-0.996329	-5.49851	0.06561	-0.11041	0	100
dodge_forward	66	-0.66	743	99.03	-3.611	1378.86	25.201	-0.0125504	-0.999229	0.0371905	0.0196635	-0.0374328	-0.999106	-5.49851	0.06541	-0.11041	0	100
dodge_forward	68	-0.72	765.97	99.32	-3.611	1377.74	14.431	-0.0148645	-0.987462	0.157154	0.0180525	-0.157411	-0.987368	-5.49851	0.06521	-0.11041	0	100
dodge_forward	70	-0.78	788.92	99.43	-3.611	1376.64	3.801	-0.016961	-0.961368	0.274742	0.0160503	-0.275008	-0.961308	-5.49851	0.06511	-0.11041	0	100
dodge_forward	72	-0.84	811.85	99.37	-3.631	1375.57	-6.181	-0.0187287	-0.921324	0.388345	0.0139623	-0.388616	-0.921294	-5.49851	0.06511	-0.11041	0	100
dodge_forward	74	-0.9	834.76	99.2	-3.651	1374.55	-11.151	-0.0202225	-0.86786	0.496398	0.0116324	-0.49667	-0.867862	-5.49851	0.06511	-0.11041	0	100
dodge_forward	76	-0.96	857.66	98.99	-3.671	1373.59	-13.161	-0.0215301	-0.801832	0.597161	0.00908367	-0.597432	-0.801868	-5.49851	0.06501	-0.11041	0	100
dodge_forward	78	-1.02	880.54	98.76	-3.691	1372.71	-13.911	-0.0224326	-0.724164	0.689263	0.00645349	-0.689527	-0.724231	-5.49851	0.06491	-0.11041	0	100
dodge_forward	80	-1.08	903.41	98.52	-3.711	1371.92	-14.151	-0.023058	-0.635974	0.771366	0.00386973	-0.771622	-0.63607	-5.49851	0.06491	-0.11041	0	100
dodge_forward	82	-1.14	926.27	98.28	-3.731	1371.23	-14.181	-0.0233004	-0.538538	0.842279	0.000964656	-0.84252	-0.538665	-5.49851	0.06491	-0.11041	0	100
dodge_forward	84	-1.2	949.11	98.04	-3.751	1370.66	-14.131	-0.0232415	-0.433248	0.900975	-0.00179563	-0.901199	-0.433402	-5.49851	0.06491	-0.11041	0	100
dodge_forward	86	-1.26	971.95	97.8	-3.771	1370.21	-14.061	-0.0228302	-0.321689	0.94657	-0.0046618	-0.946772	-0.321871	-5.49851	0.06491	-0.11041	0	100
dodge_forward	88	-1.32	994.79	97.56	-3.791	1369.88	-14.001	-0.022107	-0.205456	0.978417	-0.00728899	-0.978597	-0.205659	-5.49851	0.06491	-0.11041	0	100
dodge_forward	90	-1.38	1017.61	97.32	-3.811	1369.67	-13.941	-0.0210604	-0.0863215	0.996045	-0.0100163	-0.996197	-0.0865466	-5.49851	0.06491	-0.11041	0	100
dodge_forward	92	-1.44	1040.43	97.04	-3.831	1369.6	-18.781	-0.0198805	0.0185999	0.999629	-0.0118789	-0.999761	0.0183661	-5.36671	0.06331	-0.10771	0	100
dodge_forward	94	-1.5	1063.25	96.6	-3.851	1369.64	-28.501	-0.0187579	0.104647	0.994333	-0.0136369	-0.994442	0.104401	-5.11241	0.06021	-0.10251	0	100
dodge_forward	96	-1.56	1086.07	96	-3.871	1369.77	-38.221	-0.0175617	0.185981	0.982396	-0.0151631	-0.982484	0.185727	-4.87021	0.05721	-0.09761	0	100
dodge_forward	98	-1.62	1108.91	95.24	-3.891	1369.99	-47.961	-0.0163124	0.26223	0.964867	-0.0166513	-0.964933	0.261967	-4.63941	0.05441	-0.09291	0	100
dodge_forward	100	-1.68	1131.75	94.32	-3.901	1370.29	-57.721	-0.0150329	0.33339	0.942669	-0.0176295	-0.942718	0.333126	-4.41961	0.05181	-0.08841	0	100
dodge_forward	102	-1.74	1154.59	93.24	-3.901	1370.67	-67.511	-0.0137548	0.399475	0.916641	-0.0185877	-0.916671	0.39921	-4.21021	0.04921	-0.08411	0	100
dodge_forward	104	-1.8	1177.44	92	-3.901	1371.13	-77.321	-0.0124544	0.460541	0.887551	-0.0195266	-0.887563	0.460273	-4.01071	0.04681	-0.08001	0	100
dodge_forward	106	-1.86	1200.3	90.58	-3.901	1371.65	-87.171	-0.0111494	0.516776	0.856048	-0.0203592	-0.856041	0.516506	-3.82061	0.04451	-0.07611	0	100
dodge_forward	108	-1.92	1223.17	89	-3.901	1372.23	-97.061	-0.0098633	0.568331	0.822741	-0.0210014	-0.822717	0.568063	-3.63961	0.04231	-0.07241	0	100
dodge_forward	110	-1.98	1246.05	87.26	-3.901	1372.87	-106.991	-0.00861571	0.615474	0.78811	-0.0214668	-0.788072	0.615209	-3.46711	0.04021	-0.06891	0	100
dodge_forward	112	-2.04	1268.94	85.36	-3.901	1373.56	-116.941	-0.00744986	0.658486	0.752556	-0.0219716	-0.752503	0.658222	-3.30291	0.03821	-0.06551	0	100
dodge_forward	114	-2.1	1291.84	83.28	-3.901	1374.29	-126.931	-0.00628574	0.697455	0.716601	-0.0223017	-0.716534	0.697195	-3.14641	0.03631	-0.06231	0	100
dodge_forward	116	-2.16	1314.76	81.04	-3.901	1375.06	-136.961	-0.00512904	0.732832	0.68039	-0.0226557	-0.68031	0.732575	-2.99731	0.03451	-0.05931	0	100
dodge_forward	118	-2.22	1337.69	78.63	-3.901	1375.87	-147.031	-0.00410574	0.764724	0.644345	-0.0229037	-0.644253	0.764469	-2.85521	0.03271	-0.05641	0	100
dodge_forward	120	-2.28	1360.63	76.05	-3.901	1376.72	-157.141	-0.00304301	0.793503	0.608559	-0.0230706	-0.608455	0.793253	-2.71991	0.03111	-0.05361	0	100
dodge_forward	122	-2.34	1383.59	73.31	-3.901	1377.6	-167.291	-0.00204239	0.819345	0.573297	-0.0231125	-0.573184	0.819101	-2.59101	0.02951	-0.05101	0	100
dodge_forward	124	-2.4	1406.56	70.39	-3.901	1378.51	-177.481	-0.0011308	0.842485	0.538718	-0.0231474	-0.538596	0.842246	-2.46821	0.02801	-0.04851	0	100
dodge_forward	126	-2.46	1429.55	67.31	-3.901	1379.44	-187.711	-0.000165503	0.863199	0.504863	-0.0231985	-0.504731	0.862965	-2.35121	0.02661	-0.04611	0	100
dodge_forward	128	-2.49	1441.05	65.7	-3.901	1379.92	-192.841	0.000250988	0.872674	0.488303	-0.0232439	-0.488166	0.872441	-2.29481	0.02591	-0.04491	0	100
dodge_forward	129	-2.55	1464.06	62.36	-3.901	1380.89	-203.131	0.00119713	0.891883	0.452264	-0.0231353	-0.452119	0.891658	-2.50241	0.02831	-0.04911	0	100
dodge_forward	131	-2.61	1487.09	58.84	-3.901	1381.88	-213.461	0.00218366	0.911033	0.412329	-0.0230372	-0.412174	0.910814	-2.71001	0.03071	-0.05331	0	100
dodge_forward	133	-2.67	1510.13	55.15	-3.881	1382.89	-223.841	0.0032087	0.929671	0.368378	-0.0230326	-0.368213	0.929456	-2.91761	0.03311	-0.05751	0	100
dodge_forward	135	-2.73	1533.19	51.29	-3.861	1383.92	-234.271	0.00435956	0.94733	0.320229	-0.0228513	-0.320054	0.947124	-3.12521	0.03551	-0.06171	0	100
dodge_forward	137	-2.79	1556.27	47.25	-3.841	1384.97	-244.751	0.00563438	0.963401	0.268006	-0.0225615	-0.26782	0.963205	-3.33281	0.03791	-0.06591	0	100
dodge_forward	139	-2.85	1579.37	43.04	-3.821	1386.04	-255.291	0.00693412	0.97735	0.211518	-0.0222071	-0.21132	0.977165	-3.54041	0.04021	-0.07011	0	100
dodge_backward	0	0	14.89	17.04	0	891.241	1.941	-4.37114e-08	0.999999	-0.00105461	-4.60985e-11	0.00105461	0.999999	-0.07741	-0.00011	-0.00011	1	100
dodge_backward	2	0	29.89	22.03	0	902.911	301.651	-4.37113e-08	0.999997	-0.00239684	-1.04769e-10	0.00239684	0.999997	-0.07721	-0.00011	0	0	100
dodge_backward	4	0	45.08	27.16	0	914.121	309.691	-4.37111e-08	0.999993	-0.0036432	-1.59249e-10	0.0036432	0.999993	-0.07701	-0.00011	0	0	100
dodge_backward	6	0	60.45	32.42	0	925.181	317.731	-4.37109e-08	0.999988	-0.00488954	-2.13729e-10	0.00488954	0.999988	-0.07661	-0.00011	0	0	100
dodge_backward	8	0	75.87	37.53	0	925.731	304.181	-4.37106e-08	0.999981	-0.00613588	-2.68208e-10	0.00613588	0.999981	-0.07471	-0.00011	0	0	100
dodge_backward	10	0	91.31	42.46	0	926.831	293.341	-4.37102e-08	0.999973	-0.00738222	-3.22687e-10	0.00738222	0.999973	-0.07111	-0.00011	0	0	100
dodge_backward	12	0	106.77	47.21	0	927.931	282.491	-4.37098e-08	0.999964	-0.00853266	-3.72975e-10	0.00853266	0.999964	-0.06771	-0.00011	0	0	100
dodge_backward	14	0	107.99	51.78	0	73.791	271.641	-4.36821e-08	0.999329	0.0366156	1.60052e-09	-0.0366156	0.999329	3.62401	-0.00011	0	0	100
dodge_backward	16	0	109.23	56.17	0	74.891	260.861	-4.32762e-08	0.990045	0.140753	6.15252e-09	-0.140753	0.990045	5.49991	0	0	0	100
dodge_backward	18	0	110.49	60.39	0	75.981	250.211	-4.22216e-08	0.965918	0.25885	1.13147e-08	-0.25885	0.965918	5.50001	0	0	0	100
dodge_backward	20	0	111.77	64.43	0	77.031	239.691	-4.05551e-08	0.927792	0.373097	1.63086e-08	-0.373097	0.927792	5.50001	0	0	0	100
dodge_backward	22	0	113.07	68.29	0	78.041	229.301	-3.82983e-08	0.876163	0.482016	2.10696e-08	-0.482016	0.876163	5.50001	0	0	0	100
dodge_backward	24	0	114.38	71.99	0	78.991	219.031	-3.5485e-08	0.811803	0.583931	2.55245e-08	-0.583931	0.811803	5.50001	0	0	0	100
dodge_backward	26	0	115.71	75.51	0	79.871	208.861	-3.21591e-08	0.735714	0.677293	2.96054e-08	-0.677293	0.735714	5.50001	0	0	0	100
dodge_backward	28	0	117.05	78.87	0	80.651	198.801	-2.83634e-08	0.648879	0.760891	3.32596e-08	-0.760891	0.648879	5.50001	0	0	0	100
dodge_backward	30	0	118.41	82.06	0	81.341	188.821	-2.41557e-08	0.552617	0.833435	3.64306e-08	-0.833435	0.552617	5.50001	0	0	0	100
dodge_backward	32	0	119.77	83.64	0	81.911	71.611	-1.96007e-08	0.448412	0.893827	3.90704e-08	-0.893827	0.448412	5.50001	0	0	0	100
dodge_backward	34	0	121.14	84.17	0	82.371	22.141	-1.47575e-08	0.337612	0.941285	4.11449e-08	-0.941285	0.337612	5.50001	0	0	0	100
dodge_backward	36	0	122.52	84.26	0	82.701	1.281	-9.69985e-09	0.221907	0.975068	4.26216e-08	-0.975068	0.221907	5.50001	0	0	0	100
dodge_backward	38	0	123.9	84.17	0	82.911	-7.491	9.87756e-06	0.102977	0.994684	0.000288085	-0.994684	0.102977	5.50001	0	0	0	100
dodge_backward	40	0	125.28	84	0	82.981	-11.181	1.67363e-06	-0.0174482	0.999848	9.58177e-05	-0.999848	-0.0174482	5.50001	0	0	0	100
dodge_backward	42	0	126.66	83.79	0	82.921	-12.741	-6.01142e-09	-0.137525	0.990498	4.41267e-08	-0.990498	-0.137525	5.50001	0	0	0	100
dodge_backward	44	0	128.04	83.57	0	82.731	-13.411	-1.1177e-08	-0.2557	0.966756	4.51645e-08	-0.966756	-0.2557	5.50001	0	0	0	100
dodge_backward	46	0	129.42	83.35	0	82.401	-13.721	-1.61763e-08	-0.370071	0.929004	4.68147e-08	-0.929004	-0.370071	5.50001	0	0	0	100
dodge_backward	48	0	130.78	83.11	0	81.951	-13.891	-2.09446e-08	-0.479157	0.877729	4.9056e-08	-0.877729	-0.479157	5.50001	0	0	0	100
dodge_backward	50	0	132.14	82.87	0	81.381	-14.011	-2.54086e-08	-0.581282	0.813702	5.18547e-08	-0.813702	-0.581282	5.50001	0	0	0	100
dodge_backward	52	0	133.49	82.63	0	80.701	-14.131	-2.95035e-08	-0.674962	0.737853	5.51702e-08	-0.737853	-0.674962	5.50001	0	0	0	100
dodge_backward	54	0	134.83	82.39	0	79.921	-14.251	-3.3167e-08	-0.758772	0.651356	5.89511e-08	-0.651356	-0.758772	5.50001	0	0	0	100
dodge_backward	56	0	136.15	82.15	0	79.041	-14.381	-3.63517e-08	-0.831629	0.555331	6.31485e-08	-0.555331	-0.831629	5.50001	0	0	0	100
dodge_backward	58	0	137.45	81.91	0	78.091	-14.521	-3.90082e-08	-0.892404	0.451238	6.76986e-08	-0.451238	-0.892404	5.50001	0	0	0	100
dodge_backward	60	0	138.74	81.67	0	77.081	-14.681	-4.10966e-08	-0.94018	0.340678	7.25313e-08	-0.340678	-0.94018	5.50001	0	0	0	100
dodge_backward	62	0	140.01	81.43	0	76.011	-14.861	-4.25897e-08	-0.974339	0.225084	7.7584e-08	-0.225084	-0.974339	5.50001	0	0	0	100
dodge_backward	64	0	141.26	81.18	0	74.911	-15.041	-4.34641e-08	-0.994343	0.106219	8.27798e-08	-0.106219	-0.994343	5.50001	0	0	0	100
dodge_backward	66	0	142.49	80.92	0	73.791	-15.221	-4.3707e-08	-0.999901	-0.014093	8.80388e-08	0.014093	-0.999901	5.50001	0	0	0	100
dodge_backward	68	0	143.71	80.66	0	72.671	-15.411	-4.33154e-08	-0.990941	-0.134296	9.3293e-08	0.134296	-0.990941	5.50001	0	0	0	100
dodge_backward	70	0	144.91	80.4	0	71.571	-15.591	-4.22945e-08	-0.967585	-0.252547	9.8462e-08	0.252547	-0.967585	5.50001	0	0	0	100
dodge_backward	72	0	146.09	80.14	0	70.501	-15.781	-4.0659e-08	-0.93017	-0.36713	1.03471e-07	0.36713	-0.93017	5.50001	0	0	0	100
dodge_backward	74	0	147.25	79.88	0	69.471	-15.961	-3.84348e-08	-0.879286	-0.476294	1.08242e-07	0.476294	-0.879286	5.50001	0	0	0	100
dodge_backward	76	0	148.39	79.62	0	68.501	-16.141	-3.56507e-08	-0.815593	-0.578627	1.12715e-07	0.578627	-0.815593	5.50001	0	0	0	100
dodge_backward	78	0	149.35	79.92	0	47.001	52.371	0.00587155	-0.756058	-0.654479	0.0318228	0.6543	-0.755566	4.10341	-3.19121	-1.79651	0	100
dodge_backward	80	-0.12	149.78	81.87	-6.991	25.681	112.971	0.00177341	-0.71143	-0.702755	0.0197226	0.702644	-0.711268	4.83941	0.66651	0.31311	0	100
dodge_backward	82	-0.24	150.16	83.73	-6.771	22.661	108.821	-0.00319182	-0.628139	-0.778094	0.00424142	0.778083	-0.628147	5.45731	0.58891	0.34631	0	100
dodge_backward	84	-0.36	150.53	85.4	-6.771	21.981	97.101	-0.0070191	-0.530489	-0.847663	-0.00422021	0.847692	-0.530472	5.48841	0.31031	0.17411	0	100
dodge_backward	86	-0.48	150.89	86.87	-6.771	21.411	85.301	-0.00985862	-0.424839	-0.905215	-0.00804637	0.905264	-0.424774	5.49691	0.17071	0.06631	0	100
dodge_backward	88	-0.6	151.24	88.14	-6.771	20.961	73.441	-0.0120956	-0.312902	-0.949708	-0.00922706	0.949772	-0.312805	5.49901	0.10211	0.00101	0	100
dodge_backward	90	-0.72	151.58	89.21	-6.771	20.631	61.531	-0.0138619	-0.196388	-0.980428	-0.00904354	0.980507	-0.196276	5.49941	0.06901	-0.03751	0	100
dodge_backward	92	-0.84	151.92	90.08	-6.771	20.441	49.591	-0.0151015	-0.0924981	-0.995598	-0.00817713	0.99569	-0.0923825	5.36751	0.05831	-0.04961	0	100
dodge_backward	94	-0.96	152.26	90.75	-6.771	20.351	37.641	-0.0160435	-0.00635535	-0.999851	-0.00752813	0.999952	-0.00623519	5.11321	0.05571	-0.04841	0	100
dodge_backward	96	-1.08	152.6	91.22	-6.781	20.361	25.681	-0.016947	0.0757061	-0.996986	-0.00664289	0.997099	0.0758276	4.87091	0.05331	-0.04701	0	100
dodge_backward	98	-1.2	152.94	91.49	-6.801	20.461	13.741	-0.0177214	0.153483	-0.987992	-0.00601295	0.988113	0.153609	4.64011	0.05111	-0.04561	0	100
dodge_backward	100	-1.32	153.28	91.57	-6.821	20.641	1.801	-0.0183821	0.226674	-0.973797	-0.00479073	0.97393	0.226796	4.42021	0.04901	-0.04421	0	100
dodge_backward	102	-1.44	153.62	91.46	-6.841	20.901	-10.101	-0.0189644	0.295268	-0.955226	-0.00403772	0.955368	0.295392	4.21071	0.04701	-0.04281	0	100
dodge_backward	104	-1.56	153.98	91.15	-6.861	21.241	-21.981	-0.0194758	0.359188	-0.933062	-0.00309095	0.933213	0.359311	4.01111	0.04521	-0.04141	0	100
dodge_backward	106	-1.68	154.34	90.64	-6.881	21.651	-33.831	-0.0198793	0.418571	-0.907966	-0.00234866	0.908124	0.418695	3.82101	0.04341	-0.04001	0	100
dodge_backward	108	-1.8	154.7	89.93	-6.901	22.121	-45.661	-0.0202136	0.4735	-0.880562	-0.00133271	0.880728	0.47362	3.64001	0.04181	-0.03861	0	100
dodge_backward	110	-1.92	155.08	89.02	-6.921	22.651	-57.451	-0.0205149	0.524188	-0.851355	-0.00032609	0.851531	0.524304	3.46751	0.04021	-0.03721	0	100
dodge_backward	112	-2.04	155.46	87.91	-6.941	23.241	-69.221	-0.020695	0.570799	-0.820829	0.000352998	0.821009	0.570915	3.30311	0.03871	-0.03581	0	100
dodge_backward	114	-2.16	155.86	86.61	-6.961	23.881	-80.951	-0.0208917	0.61359	-0.789348	0.00112543	0.789534	0.613705	3.14661	0.03731	-0.03441	0	100
dodge_backward	116	-2.28	156.26	85.12	-6.981	24.571	-92.641	-0.0209702	0.652691	-0.757334	0.00194154	0.757526	0.652802	2.99741	0.03591	-0.03301	0	100
dodge_backward	118	-2.4	156.68	83.43	-7.001	25.301	-104.291	-0.0210621	0.688454	-0.724974	0.00275085	0.725172	0.688562	2.85531	0.03451	-0.03161	0	100
dodge_backward	120	-2.52	157.11	81.54	-7.021	26.071	-115.921	-0.0210879	0.720957	-0.692659	0.00361439	0.692863	0.72106	2.72001	0.03321	-0.03021	0	100
dodge_backward	122	-2.64	157.55	79.47	-7.041	26.871	-127.511	-0.0210893	0.750552	-0.660474	0.00435672	0.660684	0.750651	2.59111	0.03201	-0.02881	0	100
dodge_backward	124	-2.76	158.01	77.2	-7.061	27.701	-139.061	-0.0210991	0.777447	-0.628595	0.00499207	0.628809	0.777544	2.46831	0.03081	-0.02741	0	100
dodge_backward	126	-2.88	158.48	74.74	-7.081	28.561	-150.571	-0.0210658	0.80173	-0.597315	0.00568516	0.597534	0.801823	2.35131	0.02961	-0.02611	0	100
dodge_backward	128	-3	158.97	72.09	-7.101	29.451	-162.051	-0.0209518	0.824486	-0.565495	0.0064338	0.565718	0.824573	2.39871	0.03061	-0.02761	0	100
dodge_backward	130	-3.12	159.47	69.24	-7.121	30.361	-173.501	-0.0208127	0.847814	-0.529885	0.00722054	0.530113	0.847896	2.60631	0.03381	-0.03181	0	100
dodge_backward	132	-3.24	159.99	66.21	-7.141	31.301	-184.911	-0.0206382	0.871351	-0.490227	0.00785	0.490457	0.87143	2.81391	0.03701	-0.03591	0	100
dodge_backward	134	-3.36	160.52	62.98	-7.161	32.271	-196.271	-0.020415	0.894538	-0.446526	0.00879087	0.446762	0.89461	3.02151	0.04021	-0.03991	0	100
dodge_backward	136	-3.48	161.07	59.57	-7.181	33.261	-207.581	-0.0200463	0.916919	-0.398569	0.00988379	0.398812	0.91698	3.22911	0.04361	-0.04391	0	100
dodge_backward	138	-3.6	161.64	55.97	-7.201	34.281	-218.831	-0.0196069	0.937967	-0.346171	0.0107859	0.346416	0.938019	3.43671	0.04701	-0.04791	0	100
dodge_side	0	0	14.89	17.04	0	891.241	1.941	-4.37114e-08	0.999999	-0.00105461	-4.60985e-11	0.00105461	0.999999	-0.07741	0.00031	0	1	100
dodge_side	2	0	29.89	22.03	0	902.911	301.651	-4.37113e-08	0.999997	-0.00239684	-1.04769e-10	0.00239684	0.999997	-0.07721	0.00031	0	0	100
dodge_side	4	0	45.08	27.16	0	914.121	309.691	-4.37111e-08	0.999993	-0.0036432	-1.59249e-10	0.0036432	0.999993	-0.07701	0.00031	0	0	100
dodge_side	6	0	60.45	32.42	0	925.181	317.731	-4.37109e-08	0.999988	-0.00488954	-2.13729e-10	0.00488954	0.999988	-0.07661	0.00031	0	0	100
dodge_side	8	0	75.87	37.53	0	925.731	304.181	-4.37106e-08	0.999981	-0.00613588	-2.68208e-10	0.00613588	0.999981	-0.07471	0.00021	0	0	100
dodge_side	10	0	91.31	42.46	0	926.831	293.341	-4.37102e-08	0.999973	-0.00738222	-3.22687e-10	0.00738222	0.999973	-0.07111	0.00021	0	0	100
dodge_side	12	0	106.77	47.21	0	927.931	282.491	-4.37098e-08	0.999964	-0.00853266	-3.72975e-10	0.00853266	0.999964	-0.06771	0.00021	0	0	100
dodge_side	14	11.36	122.25	51.78	681.071	929.031	271.631	0.00191735	0.999951	-0.0096831	0.0534905	0.0095667	0.998523	-0.06451	4.24541	-0.18911	0	100
dodge_side	16	22.72	137.75	56.17	681.071	930.131	260.771	0.00594381	0.99992	-0.0111211	0.166772	0.00997436	0.985945	-0.04071	5.49391	-0.25541	0	100
dodge_side	18	34.08	153.27	60.38	681.071	931.231	249.911	0.0103533	0.999865	-0.0127509	0.287459	0.00923722	0.957749	-0.02271	5.49361	-0.26361	0	100
dodge_side	20	45.44	168.8	64.41	681.071	932.331	239.051	0.0147625	0.999783	-0.0146682	0.403817	0.00745884	0.914809	-0.01411	5.49331	-0.26911	0	100
dodge_side	22	56.8	184.35	68.26	681.081	933.431	228.191	0.0188833	0.999678	-0.0169688	0.513875	0.00485467	0.857851	-0.01001	5.49321	-0.27251	0	100
dodge_side	24	68.16	199.92	71.93	681.101	934.531	217.331	0.0228115	0.999545	-0.0197487	0.616031	0.00150458	0.787721	-0.00821	5.49311	-0.27461	0	100
dodge_side	26	79.52	215.51	75.42	681.121	935.631	206.471	0.0263554	0.99939	-0.0229118	0.708709	-0.00251561	0.705496	-0.00741	5.49301	-0.27581	0	100
dodge_side	28	90.88	231.12	78.73	681.141	936.731	195.611	0.0295145	0.999212	-0.0265539	0.790483	-0.00707353	0.612442	-0.00711	5.49301	-0.27651	0	100
dodge_side	30	102.24	246.75	81.85	681.161	937.831	184.731	0.032193	0.999014	-0.030579	0.860093	-0.0121058	0.509994	-0.00701	5.49301	-0.27681	0	100
dodge_side	32	113.6	262.39	83.39	681.181	938.931	69.081	0.0343909	0.998799	-0.034891	0.916501	-0.0175965	0.399644	-0.00701	5.49301	-0.27691	0	100
dodge_side	34	124.96	278.05	83.89	681.221	940.031	20.211	0.0360128	0.998575	-0.0393939	0.958755	-0.0234018	0.283268	-0.00701	5.49301	-0.27691	0	100
dodge_side	36	136.32	293.73	83.95	681.261	941.131	-0.441	0.0371544	0.998336	-0.0440877	0.986254	-0.029525	0.16258	-0.00701	5.49301	-0.27691	0	100
dodge_side	38	147.68	309.43	83.82	681.301	942.231	-9.161	0.0376245	0.998096	-0.0488762	0.998583	-0.0357114	0.0394426	-0.00701	5.49301	-0.27691	0	100
dodge_side	40	159.04	325.15	83.62	681.341	943.331	-12.841	0.0375194	0.997849	-0.0537593	0.995544	-0.0419816	-0.0844332	-0.00701	5.49301	-0.27691	0	100
dodge_side	42	170.4	340.89	83.39	681.381	944.431	-14.411	0.0367444	0.997614	-0.0584497	0.977189	-0.0481113	-0.206851	-0.00701	5.49301	-0.27691	0	100
dodge_side	44	181.76	356.64	83.14	681.421	945.531	-15.071	0.0354907	0.997373	-0.0631388	0.943807	-0.0542232	-0.326018	-0.00701	5.49301	-0.27691	0	100
dodge_side	46	193.12	372.41	82.88	681.461	946.631	-15.351	0.0335685	0.997152	-0.0675396	0.895856	-0.0599795	-0.440278	-0.00701	5.49301	-0.27691	0	100
dodge_side	48	204.48	388.2	82.62	681.481	947.731	-15.481	0.0311692	0.996936	-0.0717478	0.834172	-0.0654904	-0.547601	-0.00701	5.49301	-0.27691	0	100
dodge_side	50	215.84	404.01	82.36	681.501	948.831	-15.531	0.0282937	0.996739	-0.0755723	0.75963	-0.0705815	-0.646514	-0.00701	5.49301	-0.27691	0	100
dodge_side	52	227.2	419.84	82.1	681.521	949.931	-15.561	0.024942	0.996554	-0.079109	0.673361	-0.075237	-0.735476	-0.00711	5.49301	-0.27691	0	100
dodge_side	54	238.56	435.69	81.84	681.541	951.031	-15.581	0.021115	0.996403	-0.0820714	0.576765	-0.0791925	-0.813062	-0.00711	5.49301	-0.27691	0	100
dodge_side	56	249.92	451.55	81.58	681.561	952.131	-15.591	0.0170035	0.996266	-0.084651	0.471323	-0.0826531	-0.878079	-0.00711	5.49301	-0.27691	0	100
dodge_side	58	261.28	467.43	81.32	681.571	953.231	-15.591	0.0126074	0.996158	-0.086657	0.358575	-0.0854039	-0.929586	-0.00721	5.49301	-0.27691	0	100
dodge_side	60	272.64	483.33	81.06	681.571	954.331	-15.591	0.00802199	0.99608	-0.0880896	0.24033	-0.0874308	-0.966746	-0.00721	5.49301	-0.27691	0	100
dodge_side	62	284	499.25	80.8	681.571	955.431	-15.601	0.00324681	0.996031	-0.088949	0.11841	-0.0887067	-0.988994	-0.00721	5.49301	-0.27691	0	100
dodge_side	64	295.36	515.19	80.54	681.571	956.531	-15.601	-0.00152779	0.996009	-0.0892355	-0.00542388	-0.0892426	-0.995995	-0.00721	5.49301	-0.27681	0	100
dodge_side	66	306.72	531.15	80.28	681.561	957.631	-15.601	-0.00639807	0.996024	-0.0888536	-0.12907	-0.0889347	-0.987639	-0.00721	5.49301	-0.27681	0	100
dodge_side	68	318.08	547.12	80.02	681.541	958.731	-15.601	-0.0111736	0.996067	-0.0878986	-0.250835	-0.0878854	-0.964032	-0.00721	5.49301	-0.27671	0	100
dodge_side	70	329.44	563.11	79.76	681.521	959.831	-15.601	-0.0157592	0.99613	-0.0864659	-0.368665	-0.0861727	-0.92556	-0.00721	5.49301	-0.27671	0	100
dodge_side	72	340.8	579.12	79.5	681.501	960.931	-15.601	-0.0201559	0.996231	-0.0843644	-0.480758	-0.0836432	-0.872855	-0.00721	5.49301	-0.27671	0	100
dodge_side	74	352.16	595.15	79.24	681.461	962.031	-15.601	-0.0241724	0.996357	-0.0817848	-0.585573	-0.080417	-0.806621	-0.00731	5.49301	-0.27671	0	100
dodge_side	76	363.52	611.2	78.98	681.421	963.131	-15.601	-0.0279046	0.996506	-0.0787267	-0.681319	-0.0765902	-0.727969	-0.00731	5.49301	-0.27661	0	100
dodge_side	78	374.88	627.27	78.72	681.381	964.231	-15.601	-0.0312569	0.996679	-0.0751899	-0.766543	-0.0721799	-0.638124	-0.00731	5.49301	-0.27661	0	100
dodge_side	80	386.24	643.35	78.46	681.341	965.331	-15.591	-0.0341332	0.996873	-0.0712696	-0.840004	-0.0672536	-0.538395	-0.00731	5.49301	-0.27661	0	100
dodge_side	82	397.6	659.45	78.2	681.301	966.431	-15.581	-0.0364376	0.997083	-0.0670613	-0.900561	-0.0618516	-0.430307	-0.00731	5.49301	-0.27661	0	100
dodge_side	84	408.96	675.57	77.94	681.261	967.531	-15.581	-0.0382648	0.997301	-0.0626604	-0.947225	-0.0561731	-0.315608	-0.00731	5.49301	-0.27651	0	100
dodge_side	86	420.32	691.71	77.68	681.201	968.631	-15.571	-0.039519	0.997536	-0.0579711	-0.979322	-0.0501868	-0.195982	-0.00731	5.49301	-0.27651	0	100
dodge_side	88	431.68	707.87	77.42	681.141	969.731	-15.561	-0.0401992	0.997775	-0.0531849	-0.996332	-0.0440516	-0.073365	-0.00731	5.49301	-0.27651	0	100
dodge_side	90	443.04	724.05	77.16	681.081	970.831	-15.551	-0.0403048	0.998019	-0.0483016	-0.998009	-0.037863	0.0504451	-0.00731	5.49301	-0.27651	0	100
dodge_side	92	454.4	740.24	76.86	681.021	971.931	-20.991	-0.0397394	0.998262	-0.043513	-0.987272	-0.032516	0.155681	0.07681	5.27651	-0.27491	0	100
dodge_side	94	465.74	756.45	76.37	680.961	973.031	-31.871	-0.0384097	0.99858	-0.036903	-0.971145	-0.0286045	0.236769	0.24241	4.86871	-0.28421	0	100
dodge_side	96	477.08	772.68	75.7	680.911	974.131	-42.731	-0.0359307	0.998959	-0.0280873	-0.950393	-0.0254675	0.310007	0.40341	4.49251	-0.30971	0	100
dodge_side	98	488.42	788.93	74.85	680.871	975.231	-53.591	-0.0318202	0.99935	-0.0169688	-0.926341	-0.0231115	0.375976	0.55901	4.14551	-0.35031	0	100
dodge_side	100	499.76	805.2	73.82	680.831	976.331	-64.431	-0.0260745	0.999652	-0.00393082	-0.900088	-0.0217664	0.435163	0.70841	3.82561	-0.40511	0	100
dodge_side	102	511.1	821.49	72.61	680.791	977.431	-75.251	-0.0182139	0.999773	0.0110253	-0.872478	-0.0212785	0.48819	0.85111	3.53081	-0.47311	0	100
dodge_side	104	522.44	837.79	71.22	680.771	978.531	-86.061	-0.0083377	0.999581	0.027704	-0.84429	-0.0218824	0.53544	0.98671	3.25921	-0.55311	0	100
dodge_side	106	533.78	854.11	69.65	680.751	979.631	-96.851	0.00392675	0.998942	0.0458116	-0.816078	-0.023275	0.577472	1.11511	3.00941	-0.64411	0	100
dodge_side	108	545.12	870.45	67.9	680.751	980.731	-107.621	0.0184629	0.997686	0.065435	-0.788131	-0.0257488	0.614968	1.23611	2.77991	-0.74501	0	100
dodge_side	110	556.46	886.81	65.97	680.771	981.831	-118.371	0.0355249	0.995646	0.0861794	-0.760975	-0.0289484	0.648135	1.34981	2.56931	-0.85471	0	100
dodge_side	112	567.8	903.19	63.86	680.811	982.931	-129.091	0.0550626	0.992622	0.10803	-0.73463	-0.0330011	0.677665	1.45621	2.37641	-0.97231	0	100
dodge_side	114	579.14	919.59	61.58	680.871	984.031	-139.791	0.0771021	0.988396	0.130875	-0.709481	-0.0378342	0.703708	1.55571	2.20031	-1.09691	0	100
dodge_side	116	590.48	936	59.12	680.961	985.121	-150.461	0.101647	0.98275	0.154502	-0.685462	-0.0433679	0.726815	1.64841	2.03991	-1.22751	0	100
dodge_side	118	601.84	952.43	56.48	681.071	986.201	-161.111	0.128672	0.975436	0.178797	-0.662797	-0.0495225	0.747159	1.73471	1.89431	-1.36351	0	100
dodge_side	120	613.2	968.88	53.66	681.221	987.281	-171.731	0.158127	0.966212	0.203546	-0.641459	-0.0561991	0.765096	1.81501	1.76271	-1.50401	0	100
dodge_side	122	624.56	985.35	50.66	681.391	988.341	-182.321	0.190014	0.954789	0.228632	-0.621471	-0.0633069	0.780875	1.88971	1.64431	-1.64831	0	100
dodge_side	124	635.93	1001.83	47.5	682.431	989.361	-192.351	0.224025	0.940919	0.253938	-0.602967	-0.0708906	0.79461	1.95211	1.53391	-1.78511	0	100
dodge_side	126	647.34	1018.31	44.18	685.531	988.571	-200.691	0.259049	0.925718	0.275572	-0.580835	-0.0786489	0.810213	1.82081	1.92491	-1.71751	0	100
dodge_side	128	658.82	1034.76	40.86	690.561	986.711	-197.741	0.295273	0.91048	0.289551	-0.550627	-0.0855001	0.830361	1.56061	2.54261	-1.60571	0	100
dodge_side	130	670.41	1051.17	37.66	696.701	984.081	-189.761	0.332999	0.896118	0.293402	-0.508866	-0.0911734	0.856004	1.26831	3.33501	-1.45411	0	100
dodge_side	132	682.1	1067.54	34.7	703.031	981.171	-169.401	0.372604	0.883452	0.28404	-0.450312	-0.0954985	0.88775	0.91891	4.57751	-1.25421	0	100
dodge_side	134	693.89	1083.85	32	708.791	978.461	-162.011	0.413179	0.872728	0.260054	-0.371963	-0.0989219	0.922962	0.68241	5.35401	-1.05761	0	100
dodge_side	136	705.76	1100.13	29.2	713.381	976.351	-170.641	0.449665	0.86344	0.228632	-0.286522	-0.103004	0.95252	0.54721	5.39981	-0.88971	0	100
dodge_side	138	717.74	1116.36	26.38	720.451	973.261	-168.881	0.48008	0.856628	0.188975	-0.203553	-0.10076	0.973865	-0.09161	5.18571	-0.83601	0	100
dodge_diagonal	0	0	14.89	17	-0.071	891.241	0.071	9.59197e-05	0.999999	-0.00124636	-0.000191628	0.00124638	0.999999	-0.08821	-0.01101	-0.00301	1	100
dodge_diagonal	2	0	29.89	21.96	-0.161	902.981	299.781	9.59194e-05	0.999996	-0.00268446	-0.000383238	0.0026845	0.999996	-0.08801	-0.01101	-0.00211	0	100
dodge_diagonal	4	0	45.08	27.06	-0.201	914.201	307.821	9.59189e-05	0.999991	-0.00412256	-0.000574847	0.00412262	0.999991	-0.08771	-0.01101	-0.00141	0	100
dodge_diagonal	6	0	60.45	32.29	-0.261	925.271	315.861	0.000191761	0.999984	-0.00565652	-0.000765906	0.00565667	0.999984	-0.08731	-0.01101	-0.00091	0	100
dodge_diagonal	8	0	75.88	37.37	-0.261	925.821	302.311	0.000191759	0.999975	-0.0070946	-0.000957377	0.00709478	0.999974	-0.08521	-0.01051	-0.00081	0	100
dodge_diagonal	10	0	91.32	42.27	-0.261	926.921	291.471	0.000191757	0.999964	-0.00843679	-0.00114887	0.00843701	0.999964	-0.08111	-0.00961	-0.00061	0	100
dodge_diagonal	12	0	106.78	46.99	-0.261	928.021	280.611	0.000191755	0.999952	-0.00977897	-0.00124448	0.0097792	0.999951	-0.07721	-0.00881	-0.00061	0	100
dodge_diagonal	14	8.04	128.14	51.53	482.231	1281.9	269.751	0.000957844	0.999048	-0.0436087	0.0364657	0.0435449	0.998386	-2.67451	2.99651	-0.14031	0	100
dodge_diagonal	16	16.08	149.52	55.89	482.231	1283	258.851	-0.00171391	0.993155	-0.116795	0.118499	0.116174	0.986135	-3.65951	4.10111	-0.19631	0	100
dodge_diagonal	18	24.12	170.92	60.07	482.221	1284.09	247.851	-0.0116558	0.980397	-0.196689	0.207998	0.194777	0.95854	-3.66481	4.09631	-0.19771	0	100
dodge_diagonal	20	32.16	192.34	64.06	482.201	1285.17	236.771	-0.0288541	0.961243	-0.274189	0.294485	0.270304	0.916632	-3.66761	4.09371	-0.19801	0	100
dodge_diagonal	22	40.2	213.77	67.87	482.151	1286.22	225.611	-0.0530023	0.936006	-0.347969	0.376788	0.341448	0.861072	-3.66921	4.09231	-0.19801	0	100
dodge_diagonal	24	48.24	235.22	71.49	482.081	1287.25	214.371	-0.0838857	0.905049	-0.416952	0.453829	0.407212	0.792602	-3.67001	4.09161	-0.19781	0	100
dodge_diagonal	26	56.28	256.69	74.92	481.971	1288.24	203.051	-0.1208	0.868819	-0.480167	0.524363	0.466566	0.712292	-3.67051	4.09121	-0.19771	0	100
dodge_diagonal	28	64.32	278.17	78.16	481.821	1289.19	191.661	-0.163442	0.827899	-0.536536	0.587256	0.518645	0.6214	-3.67071	4.09101	-0.19761	0	100
dodge_diagonal	30	72.34	299.67	81.21	481.621	1290.09	180.211	-0.210925	0.782878	-0.585332	0.641704	0.562604	0.521241	-3.67081	4.09091	-0.19761	0	100
dodge_diagonal	32	80.36	321.18	82.7	481.361	1290.94	66.651	-0.26278	0.734421	-0.625757	0.686854	0.597872	0.413256	-3.67081	4.09091	-0.19761	0	100
dodge_diagonal	34	88.38	342.7	83.17	481.041	1291.73	18.631	-0.318097	0.683206	-0.657301	0.721979	0.623922	0.299114	-3.67081	4.09091	-0.19761	0	100
dodge_diagonal	36	96.4	364.24	83.21	480.661	1292.47	-1.671	-0.376116	0.630111	-0.679336	0.746596	0.640308	0.180557	-3.67081	4.09091	-0.19761	0	100
dodge_diagonal	38	104.39	385.49	84.04	478.651	1258.14	106.561	-0.44021	0.575024	-0.68961	0.760404	0.647181	0.0542434	-3.47041	4.26441	-0.14221	0	100
dodge_diagonal	40	112.36	406.47	85.67	478.131	1258.76	94.961	-0.502811	0.522272	-0.688776	0.762003	0.643999	-0.0679465	-3.56201	4.18771	-0.15651	0	100
dodge_diagonal	42	120.32	426.85	89.11	477.001	1221.6	209.081	-0.557989	0.478904	-0.677716	0.752319	0.636605	-0.16956	-3.42811	4.30091	-0.00501	0	100
dodge_diagonal	44	128.26	447.21	92.45	476.361	1222.11	197.491	-0.620333	0.427173	-0.657807	0.731447	0.617831	-0.288566	-3.54661	4.20331	-0.05711	0	100
dodge_diagonal	46	136.19	467.59	95.6	475.641	1222.56	185.921	-0.679351	0.376631	-0.629787	0.70037	0.588929	-0.403292	-3.61301	4.14611	-0.07321	0	100
dodge_diagonal	48	144.11	487.97	98.55	474.861	1222.96	174.391	-0.73485	0.328184	-0.593541	0.65935	0.550731	-0.511814	-3.64971	4.11381	-0.07501	0	100
dodge_diagonal	50	152.01	508.35	101.32	474.021	1223.31	162.901	-0.786521	0.282783	-0.549016	0.608877	0.503668	-0.612852	-3.66971	4.09601	-0.07211	0	100
dodge_diagonal	52	159.9	528.75	103.89	473.131	1223.6	151.461	-0.83377	0.241182	-0.496647	0.549556	0.448984	-0.704558	-3.68041	4.08641	-0.06841	0	100
dodge_diagonal	54	167.77	549.15	106.27	472.181	1223.85	140.081	-0.875879	0.204108	-0.437237	0.482452	0.386897	-0.785844	-3.68611	4.08141	-0.06521	0	100
dodge_diagonal	56	175.63	569.55	108.46	471.191	1224.06	128.771	-0.912358	0.172222	-0.371406	0.408376	0.318925	-0.855287	-3.68901	4.07881	-0.06291	0	100
dodge_diagonal	58	183.47	589.95	110.47	470.161	1224.23	117.531	-0.94264	0.145837	-0.300269	0.328521	0.245789	-0.911955	-3.69051	4.07751	-0.06131	0	100
dodge_diagonal	60	191.29	610.35	112.29	469.101	1224.38	106.371	-0.966299	0.125582	-0.22471	0.243998	0.168622	-0.955003	-3.69121	4.07681	-0.06041	0	100
dodge_diagonal	62	199.09	630.75	113.92	468.011	1224.51	95.301	-0.982975	0.111586	-0.145972	0.156145	0.0886002	-0.983752	-3.69161	4.07651	-0.05971	0	100
dodge_diagonal	64	206.88	651.16	115.37	466.911	1224.63	84.321	-0.992412	0.104281	-0.065148	0.0662377	0.00701755	-0.997779	-3.69171	4.07641	-0.05931	0	100
dodge_diagonal	66	214.65	671.58	116.64	465.791	1224.73	73.431	-0.994489	0.103535	0.0164895	-0.0243359	-0.0749849	-0.996888	-3.69171	4.07641	-0.05911	0	100
dodge_diagonal	68	222.4	692	117.73	464.671	1224.83	62.631	-0.98917	0.109505	0.0977309	-0.114228	-0.156224	-0.981094	-3.69171	4.07641	-0.05891	0	100
dodge_diagonal	70	230.13	712.42	118.64	463.571	1224.95	51.921	-0.976515	0.122153	0.177476	-0.202224	-0.235478	-0.950608	-3.69171	4.07641	-0.05891	0	100
dodge_diagonal	72	237.84	732.84	119.37	462.481	1225.08	41.301	-0.95674	0.141169	0.254402	-0.28685	-0.3115	-0.905916	-3.69171	4.07641	-0.05891	0	100
dodge_diagonal	74	245.54	753.26	119.93	461.411	1225.23	30.761	-0.930128	0.166357	0.327395	-0.366906	-0.383189	-0.847671	-3.69171	4.07641	-0.05891	0	100
dodge_diagonal	76	253.22	773.68	120.31	460.381	1225.42	20.301	-0.897088	0.197206	0.395401	-0.441169	-0.449463	-0.776758	-3.69171	4.07641	-0.05891	0	100
dodge_diagonal	78	260.88	794.1	120.52	459.391	1225.65	9.921	-0.85807	0.233479	0.457387	-0.508623	-0.50926	-0.694231	-3.69171	4.07641	-0.05891	0	100
dodge_diagonal	80	268.52	814.53	120.56	458.441	1225.92	-0.391	-0.813724	0.274454	0.512375	-0.568115	-0.561891	-0.601269	-3.69171	4.07641	-0.05881	0	100
dodge_diagonal	82	276.15	834.97	120.45	457.541	1226.23	-8.611	-0.764652	0.319567	0.559629	-0.618849	-0.60642	-0.49928	-3.69171	4.07641	-0.05881	0	100
dodge_diagonal	84	283.77	855.41	120.26	456.701	1226.59	-12.051	-0.71164	0.368099	0.598391	-0.660053	-0.642038	-0.390023	-3.69171	4.07641	-0.05881	0	100
dodge_diagonal	86	291.37	875.86	120.04	455.921	1227	-13.461	-0.655423	0.419458	0.628073	-0.69108	-0.668547	-0.274687	-3.69171	4.07641	-0.05881	0	100
dodge_diagonal	88	298.96	896.32	119.8	455.201	1227.47	-14.031	-0.596949	0.472716	0.648222	-0.711464	-0.68532	-0.155419	-3.69171	4.07641	-0.05881	0	100
dodge_diagonal	90	306.54	916.78	119.56	454.541	1228	-14.261	-0.536917	0.527224	0.658601	-0.720968	-0.69215	-0.0336801	-3.69171	4.07641	-0.05881	0	100
dodge_diagonal	92	314.11	937.26	119.28	453.951	1228.59	-19.371	-0.484297	0.574448	0.659898	-0.720512	-0.689732	0.0716381	-3.52931	3.98141	-0.10211	0	100
dodge_diagonal	94	321.67	957.74	118.83	453.421	1229.24	-29.471	-0.440427	0.611927	0.65694	-0.715076	-0.681545	0.155443	-3.22221	3.80051	-0.18801	0	100
dodge_diagonal	96	329.22	978.24	118.21	452.931	1229.93	-39.571	-0.397741	0.646464	0.651065	-0.706102	-0.668785	0.232695	-2.93701	3.63121	-0.27321	0	100
dodge_diagonal	98	336.76	998.75	117.43	452.501	1230.65	-49.671	-0.356144	0.678137	0.642877	-0.694157	-0.652569	0.303809	-2.67181	3.47291	-0.35791	0	100
dodge_diagonal	100	344.3	1019.27	116.47	452.111	1231.4	-59.791	-0.315555	0.706935	0.632984	-0.679659	-0.633888	0.369121	-2.42511	3.32481	-0.44231	0	100
dodge_diagonal	102	351.83	1039.8	115.35	451.761	1232.19	-69.911	-0.27574	0.732978	0.621861	-0.663612	-0.61319	0.428506	-2.19541	3.18641	-0.52651	0	100
dodge_diagonal	104	359.35	1060.35	114.06	451.451	1233	-80.051	-0.236753	0.756388	0.609775	-0.646084	-0.591307	0.482629	-1.98161	3.05701	-0.61071	0	100
dodge_diagonal	106	366.87	1080.91	112.6	451.191	1233.84	-90.201	-0.198255	0.777234	0.597161	-0.627474	-0.568687	0.531856	-1.78251	2.93601	-0.69511	0	100
dodge_diagonal	108	374.39	1101.49	110.97	450.981	1234.7	-100.361	-0.16025	0.795658	0.584165	-0.608208	-0.545712	0.576438	-1.59701	2.82271	-0.77971	0	100
dodge_diagonal	110	381.91	1122.08	109.17	450.811	1235.58	-110.541	-0.122567	0.811792	0.570938	-0.588307	-0.522736	0.616961	-1.42421	2.71661	-0.86461	0	100
dodge_diagonal	112	389.43	1142.68	107.2	450.681	1236.48	-120.741	-0.0850784	0.825657	0.557721	-0.568259	-0.499998	0.653517	-1.26331	2.61721	-0.94991	0	100
dodge_diagonal	114	396.94	1163.3	105.06	450.591	1237.39	-130.951	-0.0475765	0.837344	0.544602	-0.548183	-0.477664	0.686537	-1.11341	2.52391	-1.03561	0	100
dodge_diagonal	116	404.44	1183.94	102.75	450.541	1238.31	-141.171	-0.0100686	0.84689	0.531673	-0.527993	-0.456039	0.716416	-0.97391	2.43631	-1.12161	0	100
dodge_diagonal	118	411.94	1204.59	100.27	450.531	1239.25	-151.411	0.0275333	0.854413	0.518864	-0.507926	-0.435103	0.743436	-0.84421	2.35401	-1.20791	0	100
dodge_diagonal	120	419.44	1225.25	97.62	450.561	1240.19	-161.661	0.0653329	0.859848	0.506352	-0.488019	-0.415077	0.76782	-0.72371	2.27651	-1.29461	0	100
dodge_diagonal	122	426.95	1245.93	94.8	450.631	1241.13	-171.921	0.103365	0.863258	0.494066	-0.468395	-0.395954	0.789827	-0.61181	2.20351	-1.38161	0	100
dodge_diagonal	124	434.47	1266.63	91.8	450.741	1242.09	-182.201	0.141673	0.864633	0.482016	-0.448979	-0.377839	0.809726	-0.50801	2.13471	-1.46881	0	100
dodge_diagonal	126	441.99	1287.34	88.64	450.901	1243.05	-192.491	0.180395	0.863966	0.470128	-0.429945	-0.360625	0.827706	-0.41181	2.06981	-1.55621	0	100
dodge_diagonal	128	449.51	1308.07	85.3	451.111	1244.01	-202.791	0.219668	0.861528	0.457728	-0.41117	-0.343722	0.844272	-0.41021	2.04431	-1.67271	0	100
dodge_diagonal	130	457.03	1328.81	81.79	451.361	1244.95	-213.111	0.260624	0.857978	0.442661	-0.391842	-0.325039	0.860703	-0.49931	2.05971	-1.81301	0	100
dodge_diagonal	132	464.55	1349.57	78.11	451.651	1245.89	-223.451	0.302928	0.853067	0.424866	-0.371855	-0.304673	0.876868	-0.59001	2.08061	-1.94661	0	100
dodge_diagonal	134	472.09	1370.35	74.25	451.991	1246.83	-233.811	0.346382	0.846552	0.404189	-0.350877	-0.282673	0.892738	-0.68181	2.10651	-2.07411	0	100
dodge_diagonal	136	479.63	1391.14	70.23	452.381	1247.76	-244.191	0.39065	0.838194	0.380557	-0.328654	-0.259166	0.908196	-0.77411	2.13721	-2.19561	0	100
dodge_diagonal	138	487.17	1411.95	66.03	452.821	1248.68	-254.601	0.435662	0.827621	0.353895	-0.30503	-0.234156	0.923108	-0.86671	2.17241	-2.31151	0	100
dodge_then_cancel	0	0	14.89	17.04	-0.051	891.241	1.931	9.59197e-05	0.999999	-0.00115049	-0.000191637	0.0011505	0.999999	-0.08191	-0.00911	-0.00661	1	100
dodge_then_cancel	2	0	29.89	22.03	-0.101	902.961	301.641	0.000191763	0.999997	-0.00258859	-0.000382999	0.00258866	0.999997	-0.08171	-0.00911	-0.00461	0	100
dodge_then_cancel	4	0	45.08	27.16	-0.111	914.181	309.681	0.000287606	0.999992	-0.00393082	-0.000478238	0.00393095	0.999992	-0.08141	-0.00911	-0.00331	0	100
dodge_then_cancel	6	0	60.45	32.42	-0.131	925.241	317.721	0.000287604	0.999986	-0.00527303	-0.0006696	0.00527323	0.999986	-0.08101	-0.00911	-0.00241	0	100
dodge_then_cancel	8	0	75.87	37.53	-0.131	925.791	304.171	0.000383444	0.999978	-0.00661524	-0.000764454	0.00661554	0.999978	-0.07901	-0.00871	-0.00231	0	100
dodge_then_cancel	10	0	91.31	42.46	-0.131	926.891	293.331	0.000383441	0.999969	-0.00786157	-0.000955723	0.00786193	0.999969	-0.07521	-0.00791	-0.00211	0	100
dodge_then_cancel	12	0	106.77	47.21	-0.131	927.991	282.471	0.000383437	0.999958	-0.00910788	-0.00105112	0.00910828	0.999958	-0.07161	-0.00721	-0.00191	0	100
dodge_then_cancel	14	0	130.58	51.78	0.061	1429.09	271.611	0.000478652	0.998406	-0.0564397	-0.00112343	0.0564402	0.998405	-3.75671	-0.00511	-0.00571	0	100
dodge_then_cancel	16	0	154.41	56.17	0.061	1430.19	260.681	0.000662221	0.986763	-0.16217	-0.0012334	0.162171	0.986762	-5.49991	-0.00221	-0.00741	0	100
dodge_then_cancel	18	0	178.26	60.38	0.061	1431.27	249.631	0.000828467	0.960082	-0.279717	-0.00119674	0.279717	0.960082	-5.49991	0	-0.00721	0	100
dodge_then_cancel	20	0	202.13	64.4	0.061	1432.32	238.451	0.000893216	0.93164	-0.363381	-0.00118559	0.363382	0.931639	-5.23931	0	-0.00681	0	100
dodge_then_cancel	22	0	226.01	68.23	0.061	1433.33	227.191	0.00103286	0.897789	-0.440425	-0.0010273	0.440426	0.897788	-4.99111	0	-0.00641	0	100
dodge_then_cancel	24	0	249.91	71.88	0.061	1434.3	215.831	0.00107141	0.859595	-0.510974	-0.00118472	0.510975	0.859594	-4.75461	0	-0.00601	0	100
dodge_then_cancel	26	0	273.83	75.33	0.061	1435.23	204.411	0.00117648	0.818081	-0.575103	-0.000994548	0.575104	0.81808	-4.52931	0	-0.00561	0	100
dodge_then_cancel	28	0	297.76	78.6	0.061	1436.12	192.911	0.00126172	0.774103	-0.633058	-0.0010774	0.63306	0.774102	-4.31471	0	-0.00531	0	100
dodge_then_cancel	30	0	321.7	81.67	0.061	1436.96	181.351	0.00132685	0.728398	-0.685153	-0.000957024	0.685155	0.728397	-4.11021	0	-0.00511	0	100
dodge_then_cancel	32	0	345.66	83.16	0.061	1437.75	67.041	0.0013723	0.681582	-0.73174	-0.00101943	0.731741	0.681582	-3.91541	0	-0.00491	0	100
dodge_then_cancel	34	0	369.63	83.63	0.061	1438.48	18.701	0.00145918	0.634169	-0.773193	-0.000713651	0.773194	0.634169	-3.72991	0	-0.00471	0	100
dodge_then_cancel	36	0	393.61	83.67	0.061	1439.17	-1.761	0.00146256	0.586728	-0.809783	-0.000857633	0.809784	0.586727	-3.55321	0	-0.00451	0	100
dodge_then_cancel	38	0	417.61	83.52	0.061	1439.8	-10.431	0.00150009	0.539524	-0.841969	-0.000918701	0.84197	0.539523	-3.38481	0	-0.00431	0	100
dodge_then_cancel	40	0	441.61	83.29	0.061	1440.38	-14.121	0.00151243	0.492979	-0.87004	-0.000590488	0.870041	0.492979	-3.22441	0	-0.00411	0	100
dodge_then_cancel	42	0	465.63	83.03	0.061	1440.91	-15.701	0.00158643	0.447209	-0.894428	-0.00075794	0.894429	0.447208	-3.07161	0	-0.00391	0	100
dodge_then_cancel	44	0	489.65	82.76	0.061	1441.38	-16.391	0.00158226	0.402519	-0.91541	-0.000715947	0.915411	0.402519	-2.92601	0	-0.00371	0	100
dodge_then_cancel	46	0	513.68	82.48	0.061	1441.81	-16.701	0.00161808	0.359086	-0.933303	-0.000492286	0.933304	0.359086	-2.78731	0	-0.00351	0	100
dodge_then_cancel	48	0	537.72	82.2	0.061	1442.19	-16.851	0.00164048	0.316862	-0.94847	-0.000554367	0.948472	0.316862	-2.65531	0	-0.00331	0	100
dodge_then_cancel	50	0	561.76	81.92	0.061	1442.52	-16.921	0.0016678	0.27612	-0.961122	-0.000426565	0.961123	0.276119	-2.52941	0	-0.00311	0	100
dodge_then_cancel	52	0	585.8	81.64	0.061	1442.81	-16.961	0.00168027	0.236831	-0.971549	-0.000489427	0.971551	0.236831	-2.40951	0	-0.00291	0	100
dodge_then_cancel	54	0	609.85	81.36	0.061	1443.06	-16.991	0.00167924	0.199031	-0.979992	-0.000168819	0.979993	0.199031	-2.29531	0	-0.00271	0	100
dodge_then_cancel	56	0	633.91	81.08	0.061	1443.27	-17.011	0.0017016	0.162824	-0.986654	-0.000427125	0.986655	0.162823	-2.18651	0	-0.00251	0	100
dodge_then_cancel	58	0	657.97	80.8	0.061	1443.44	-17.021	0.00169377	0.128011	-0.991771	-0.000300552	0.991773	0.128011	-2.08291	0	-0.00231	0	100
dodge_then_cancel	60	0	682.03	80.52	0.061	1443.57	-17.031	0.00169903	0.0947574	-0.995499	-0.000176514	0.9955	0.0947573	-1.98411	0	-0.00211	0	100
dodge_then_cancel	62	0	706.09	80.24	0.061	1443.66	-17.041	0.0017077	0.0629243	-0.998017	-0.000149593	0.998018	0.0629241	-1.89001	0	-0.00191	0	100
dodge_then_cancel	64	0	730.15	79.96	0.061	1443.71	-17.041	0.0017103	0.0326424	-0.999466	-0.000219627	0.999467	0.0326421	-1.80041	0	-0.00171	0	100
dodge_then_cancel	66	0	754.21	79.68	0.061	1443.73	-17.041	0.00169998	0.00365028	-0.999992	-0.000194773	0.999993	0.00364995	-1.71501	0	-0.00151	0	100
dodge_then_cancel	68	0	778.27	79.4	0.061	1443.72	-17.041	0.00170577	-0.0239053	-0.999713	-0.0002673	0.999714	-0.0239058	-1.63371	0	-0.00131	0	100
dodge_then_cancel	70	0	802.33	79.12	0.061	1443.68	-17.041	0.00170075	-0.0500921	-0.998743	-0.000149105	0.998745	-0.0500925	-1.55621	0	-0.00131	0	100
dodge_then_cancel	72	0	826.39	78.84	0.061	1443.61	-17.041	0.00170615	-0.075075	-0.997176	-3.16325e-05	0.997178	-0.0750751	-1.48251	0	-0.00121	0	100
dodge_then_cancel	74	0.01	850.18	79.39	0.721	1422.52	47.011	-0.00543989	-0.0915566	-0.995785	-0.0064812	0.995782	-0.0915209	-0.84521	0.02621	-0.01151	0	100
dodge_then_cancel	76	0.03	873.88	80.02	0.701	1422.41	35.071	-0.00589078	-0.105101	-0.994444	-0.0062544	0.994446	-0.105064	-0.80511	0.02541	-0.01051	0	100
dodge_then_cancel	78	0.05	897.58	80.46	0.681	1421.98	24.151	-0.00614193	-0.117873	-0.99301	-0.00601969	0.993015	-0.117836	-0.76071	-0.00071	-0.03071	0	100
dodge_then_cancel	80	0.07	921.26	80.77	0.661	1420.48	16.751	-0.00495278	-0.129735	-0.991536	-0.00434934	0.991542	-0.129714	-0.70011	-0.11241	-0.12091	0	100
dodge_then_cancel	82	0.09	944.91	80.96	0.631	1418.91	9.531	-0.00212918	-0.140547	-0.990072	-0.000821507	0.990074	-0.140546	-0.64511	-0.22521	-0.20861	0	100
dodge_then_cancel	84	0.1	968.51	81.15	0.501	1413.1	16.381	-0.00119476	-0.150139	-0.988664	0.000484995	0.988665	-0.15014	-0.54131	0.15071	0.12451	0	100
dodge_then_cancel	86	0.1	992.03	81.38	0.511	1410.7	11.851	-0.000895903	-0.158382	-0.987377	0.000983258	0.987377	-0.158383	-0.49071	-0.04491	-0.04551	0	100
dodge_then_cancel	88	0.1	1015.51	81.54	0.481	1407.36	10.431	-0.000874573	-0.165856	-0.98615	0.00107735	0.986149	-0.165857	-0.43811	0.10331	0.08601	0	100
dodge_then_cancel	90	0.1	1038.93	81.68	0.481	1404.83	6.281	0.000231629	-0.172567	-0.984998	0.00241691	0.984995	-0.172566	-0.39911	-0.10231	-0.09221	0	100
dodge_then_cancel	92	0.1	1062.29	81.82	0.471	1400.4	8.431	-6.84672e-05	-0.178514	-0.983937	0.00239073	0.983935	-0.178513	-0.35311	-0.06391	-0.05891	0	100
dodge_then_cancel	94	0.1	1085.63	81.79	0.471	1400.2	-5.161	0.000935954	-0.168314	-0.985733	0.0196363	0.985546	-0.168263	0.93971	-0.29971	-1.33831	0	100
dodge_then_cancel	96	0.1	1108.97	81.53	0.471	1400.01	-18.741	0.00299484	-0.137588	-0.990485	0.0574119	0.988879	-0.137191	2.17901	-0.52641	-2.51481	0	100
dodge_then_cancel	98	0.1	1132.31	81.06	0.471	1399.86	-31.501	0.00761463	-0.0923593	-0.995697	0.108282	0.989947	-0.0909978	2.71451	-0.61661	-2.94371	0	100
dodge_then_cancel	100	0.1	1155.64	80.39	0.471	1399.76	-43.441	0.0141191	-0.0492876	-0.998685	0.154547	0.98689	-0.0465205	2.58491	-0.58051	-2.71141	0	100
dodge_then_cancel	102	0.1	1178.96	79.52	0.481	1399.71	-55.381	0.0221699	-0.00858608	-0.999717	0.19664	0.980467	-0.00406004	2.46091	-0.55031	-2.49721	0	100
dodge_then_cancel	104	0.1	1202.28	78.45	0.501	1399.7	-67.321	0.0314154	0.0298297	-0.999061	0.234682	0.971391	0.0363831	2.34221	-0.52501	-2.29981	0	100
dodge_then_cancel	106	0.1	1225.6	77.18	0.531	1399.73	-79.261	0.0416598	0.0661241	-0.996941	0.269213	0.960161	0.0749344	2.22861	-0.50351	-2.11801	0	100
dodge_then_cancel	108	0.1	1248.8	76.12	-0.111	1384.96	-41.651	0.0432943	0.0987674	-0.994168	0.295746	0.949234	0.107183	1.91481	0.56831	-1.31661	0	100
dodge_then_cancel	110	0.1	1271.88	75.27	-0.051	1385.07	-54.411	0.0399672	0.138815	-0.989511	0.325222	0.934572	0.144244	2.46521	0.41471	-1.76841	0	100
dodge_then_cancel	112	0.1	1294.7	75.08	0.351	1369.51	-14.761	0.0607667	0.168354	-0.983852	0.353251	0.918255	0.178948	2.16841	-1.10921	-1.67601	0	100
dodge_then_cancel	114	0.1	1317.52	74.67	0.421	1369.7	-27.511	0.0869798	0.21033	-0.973753	0.364579	0.902929	0.227598	2.61531	-1.38751	-1.03511	0	100
dodge_then_cancel	116	0.1	1340.36	74.06	0.511	1369.93	-39.411	0.112465	0.249253	-0.961886	0.373469	0.886447	0.273372	2.48561	-1.33561	-0.95961	0	100
dodge_then_cancel	118	0.11	1363.2	73.25	0.641	1370.2	-51.301	0.137221	0.285512	-0.948501	0.380402	0.868942	0.316597	2.36161	-1.28641	-0.89061	0	100
dodge_then_cancel	120	0.13	1386.04	72.24	0.791	1370.51	-63.181	0.161053	0.319044	-0.933956	0.385644	0.850733	0.357116	2.24311	-1.23951	-0.82741	0	100
dodge_then_cancel	122	0.15	1408.88	71.03	0.971	1370.86	-75.041	0.184061	0.350147	-0.918433	0.389117	0.832101	0.395216	2.13001	-1.19461	-0.76971	0	100
dodge_then_cancel	124	0.17	1431.74	69.64	1.171	1371.25	-86.881	0.206105	0.378842	-0.902219	0.390901	0.813374	0.430835	2.02211	-1.15161	-0.71691	0	100
dodge_then_cancel	126	0.19	1454.6	68.05	1.401	1371.67	-98.701	0.227266	0.405339	-0.885466	0.391689	0.794421	0.464193	1.91941	-1.11021	-0.66861	0	100
dodge_then_cancel	128	0.21	1477.42	66.4	1.291	1367.17	-93.951	0.246529	0.433438	-0.866807	0.39236	0.773195	0.49822	2.34091	-0.91781	-0.67401	0	100
dodge_then_cancel	130	0.23	1500.22	64.66	1.561	1367.66	-107.401	0.270551	0.475143	-0.837282	0.395544	0.738055	0.546645	3.54491	-1.21481	-1.14951	0	100
dodge_then_cancel	132	0.26	1523.02	62.73	1.861	1368.19	-119.151	0.297621	0.520013	-0.80063	0.395699	0.696012	0.599158	3.69911	-1.36351	-1.05811	0	100
dodge_then_cancel	134	0.3	1545.83	60.6	2.191	1368.77	-130.861	0.325842	0.564416	-0.75846	0.391459	0.649697	0.651654	3.85101	-1.51601	-0.97931	0	100
dodge_then_cancel	136	0.34	1568.65	58.27	2.561	1369.4	-142.511	0.354927	0.607645	-0.710488	0.382785	0.598891	0.703424	4.00091	-1.67151	-0.91251	0	100
dodge_then_cancel	138	0.7	1591.29	55.71	27.491	1355.21	-157.891	0.393528	0.645007	-0.655058	0.367119	0.543009	0.755225	3.98021	-2.51211	-1.32501	0	100
double_jump	0	0	11.56	17	-0.041	691.241	0.081	-0.000191732	0.999999	-0.00115049	-9.60944e-05	0.00115047	0.999999	-0.08561	-0.00551	0.00901	1	100
double_jump	2	0	22.98	21.96	-0.121	682.861	299.791	-0.000287576	0.999997	-0.00258859	-0.000192492	0.00258853	0.999997	-0.08561	-0.00551	0.00631	0	100
double_jump	4	0	34.25	27.06	-0.191	674.171	307.831	-0.000383537	0.999992	-0.00402669	-0.000289166	0.00402658	0.999992	-0.08571	-0.00551	0.00471	0	100
double_jump	6	0	45.38	32.29	-0.271	665.521	315.871	-0.000479377	0.999985	-0.00546478	-0.000386115	0.00546459	0.999985	-0.08591	-0.00551	0.00361	0	100
double_jump	8	0	56.48	37.68	-0.271	665.651	326.621	-0.000479373	0.999976	-0.00690286	-0.000482678	0.00690263	0.999976	-0.08381	-0.00521	0.00351	0	100
double_jump	10	0	67.58	42.99	-0.271	665.651	315.781	-0.000575209	0.999966	-0.00824505	-0.000579985	0.00824472	0.999966	-0.07981	-0.00481	0.00331	0	100
double_jump	12	0	78.68	48.12	-0.271	665.651	304.941	-0.000575203	0.999955	-0.00949136	-0.000676576	0.00949097	0.999955	-0.07591	-0.00441	0.00311	0	100
double_jump	14	0	89.78	53.07	-0.271	665.651	294.101	-0.000671034	0.999942	-0.0107377	-0.000678322	0.0107372	0.999942	-0.07221	-0.00401	0.00291	0	100
double_jump	16	0	100.88	57.84	-0.271	665.651	283.261	-0.000671025	0.999929	-0.0118881	-0.000774968	0.0118875	0.999929	-0.06871	-0.00361	0.00271	0	100
double_jump	18	0	111.98	62.43	-0.271	665.651	272.421	-0.000766971	0.999915	-0.0130385	-0.000872865	0.0130378	0.999915	-0.06541	-0.00321	0.00251	0	100
double_jump	20	0	123.08	66.84	-0.271	665.651	261.581	-0.00076696	0.9999	-0.014093	-0.000873674	0.0140923	0.9999	-0.06221	-0.00281	0.00231	0	100
double_jump	22	0	134.24	75.93	-0.531	669.751	542.381	-0.000862783	0.999886	-0.0150516	-0.000971725	0.0150508	0.999886	-0.05921	-0.00251	0.00211	0	100
double_jump	24	0	145.4	84.83	-0.531	669.751	531.541	-0.00086277	0.999871	-0.0160102	-0.000972552	0.0160094	0.999871	-0.05631	-0.00231	0.00191	0	100
double_jump	26	0	156.56	93.55	-0.531	669.751	520.701	-0.000862756	0.999856	-0.0169688	-0.00097338	0.016968	0.999856	-0.05351	-0.00211	0.00171	0	100
double_jump	28	0	167.72	102.09	-0.531	669.751	509.861	-0.000862743	0.999841	-0.0178316	-0.00107	0.0178307	0.99984	-0.05091	-0.00191	0.00151	0	100
double_jump	30	0	178.88	110.45	-0.531	669.751	499.021	-0.000958559	0.999827	-0.0185984	-0.00107244	0.0185974	0.999826	-0.04841	-0.00171	0.00131	0	100
double_jump	32	0	190.04	118.63	-0.531	669.751	488.181	-0.000958545	0.999812	-0.0193653	-0.00107318	0.0193643	0.999812	-0.04601	-0.00151	0.00111	0	100
double_jump	34	0	201.2	126.63	-0.531	669.751	477.341	-0.00095853	0.999797	-0.0201321	-0.00116979	0.020131	0.999797	-0.04381	-0.00131	0.00091	0	100
double_jump	36	0	212.36	134.45	-0.531	669.751	466.501	-0.000958517	0.999783	-0.0208031	-0.00117043	0.020802	0.999783	-0.04161	-0.00111	0.00071	0	100
double_jump	38	0	223.52	142.09	-0.531	669.751	455.661	-0.00105433	0.999769	-0.0214741	-0.00117313	0.0214728	0.999769	-0.03961	-0.00091	0.00061	0	100
double_jump	40	0	234.68	149.55	-0.531	669.751	444.821	-0.00105431	0.999754	-0.022145	-0.00117384	0.0221438	0.999754	-0.03761	-0.00071	0.00061	0	100
double_jump	42	0	245.84	156.83	-0.531	669.751	433.981	-0.0010543	0.999741	-0.0227201	-0.00117444	0.0227189	0.999741	-0.03581	-0.00051	0.00061	0	100
double_jump	44	0	257	163.93	-0.531	669.751	423.141	-0.00105428	0.999728	-0.0232952	-0.00117505	0.023294	0.999728	-0.03401	-0.00031	0.00061	0	100
double_jump	46	0	268.16	170.85	-0.531	669.751	412.301	-0.0011502	0.999714	-0.0238703	-0.00117795	0.023869	0.999714	-0.03231	-0.00021	0.00061	0	100
double_jump	48	0	279.32	177.59	-0.531	669.751	401.461	-0.00115019	0.999703	-0.0243495	-0.0011785	0.0243482	0.999703	-0.03071	-0.00021	0.00061	0	100
double_jump	50	0	290.48	184.15	-0.531	669.751	390.621	-0.00115017	0.999689	-0.0249246	-0.00117916	0.0249233	0.999689	-0.02911	-0.00021	0.00061	0	100
double_jump	52	0	301.64	190.52	-0.531	669.751	379.781	-0.00115016	0.999679	-0.025308	-0.0011796	0.0253066	0.999679	-0.02771	-0.00021	0.00061	0	100
double_jump	54	0	312.8	196.71	-0.531	669.751	368.941	-0.00124596	0.999667	-0.0257872	-0.00118262	0.0257857	0.999667	-0.02631	-0.00021	0.00061	0	100
double_jump	56	0	323.96	202.72	-0.531	669.751	358.101	-0.00124595	0.999657	-0.0261706	-0.0011831	0.0261691	0.999657	-0.02491	-0.00021	0.00061	0	100
double_jump	58	0	335.12	208.55	-0.531	669.751	347.261	-0.00124593	0.999644	-0.0266498	-0.0011837	0.0266483	0.999644	-0.02371	-0.00021	0.00061	0	100
double_jump	60	0	346.28	214.2	-0.531	669.751	336.421	-0.00124592	0.999634	-0.0270331	-0.00118418	0.0270316	0.999634	-0.02251	-0.00021	0.00061	0	100
double_jump	62	0	357.44	219.67	-0.531	669.751	325.581	-0.00124591	0.999626	-0.0273206	-0.00118454	0.0273192	0.999626	-0.02131	-0.00021	0.00061	0	100
double_jump	64	0	368.6	224.96	-0.531	669.751	314.741	-0.0012459	0.999615	-0.027704	-0.00118501	0.0277025	0.999615	-0.02021	-0.00021	0.00061	0	100
double_jump	66	0	379.76	230.07	-0.531	669.751	303.901	-0.00124589	0.999607	-0.0279915	-0.00118537	0.02799	0.999608	-0.01921	-0.00021	0.00061	0	100
double_jump	68	0	390.92	235	-0.531	669.751	293.061	-0.00124588	0.999599	-0.028279	-0.00118573	0.0282775	0.999599	-0.01821	-0.00021	0.00061	0	100
double_jump	70	0	402.08	239.75	-0.531	669.751	282.221	-0.00124586	0.999588	-0.0286623	-0.00118621	0.0286609	0.999588	-0.01721	-0.00021	0.00061	0	100
double_jump	72	0	413.24	244.32	-0.531	669.751	271.381	-0.00124586	0.999583	-0.028854	-0.00118645	0.0288525	0.999583	-0.01631	-0.00021	0.00061	0	100
double_jump	74	0	424.4	248.71	-0.531	669.751	260.541	-0.00124585	0.999575	-0.0291415	-0.00118681	0.02914	0.999575	-0.01551	-0.00021	0.00061	0	100
double_jump	76	0	435.56	252.92	-0.531	669.751	249.701	-0.00124584	0.999566	-0.029429	-0.00118716	0.0294275	0.999566	-0.01471	-0.00021	0.00061	0	100
double_jump	78	0	446.72	256.95	-0.531	669.751	238.861	-0.00124583	0.99956	-0.0296207	-0.0011874	0.0296192	0.999561	-0.01391	-0.00021	0.00061	0	100
double_jump	80	0	457.88	260.8	-0.531	669.751	228.021	-0.00124582	0.999552	-0.0299082	-0.00118776	0.0299067	0.999552	-0.01311	-0.00021	0.00061	0	100
double_jump	82	0	469.04	264.47	-0.531	669.751	217.181	-0.00124581	0.999546	-0.0300998	-0.001188	0.0300983	0.999546	-0.01241	-0.00021	0.00061	0	100
double_jump	84	0	480.2	267.95	-0.531	669.751	206.341	-0.0012458	0.99954	-0.0302915	-0.00128411	0.0302899	0.99954	-0.01181	-0.00021	0.00061	0	100
double_jump	86	0	491.36	271.25	-0.531	669.751	195.501	-0.0012458	0.999534	-0.0304831	-0.00128435	0.0304815	0.999534	-0.01121	-0.00021	0.00061	0	100
double_jump	88	0	502.52	274.37	-0.531	669.751	184.661	-0.00124579	0.999529	-0.0306748	-0.00128459	0.0306732	0.999529	-0.01061	-0.00021	0.00061	0	100
double_jump	90	0	513.68	277.31	-0.531	669.751	173.821	-0.00124578	0.999523	-0.0308665	-0.00128483	0.0308649	0.999523	-0.01001	-0.00021	0.00061	0	100
double_jump	92	0	524.84	280.07	-0.531	669.751	162.981	-0.00124578	0.99952	-0.0309623	-0.00128495	0.0309607	0.99952	-0.00941	-0.00021	0.00061	0	100
double_jump	94	0	536	282.65	-0.531	669.751	152.141	-0.00124577	0.999514	-0.0311539	-0.00128519	0.0311523	0.999514	-0.00881	-0.00021	0.00061	0	100
double_jump	96	0	547.16	285.05	-0.531	669.751	141.301	-0.00124577	0.999511	-0.0312498	-0.00128531	0.0312482	0.999511	-0.00831	-0.00021	0.00061	0	100
double_jump	98	0	558.32	287.27	-0.531	669.751	130.461	-0.00124576	0.999505	-0.0314414	-0.00128555	0.0314398	0.999505	-0.00791	-0.00021	0.00061	0	100
double_jump	100	0	569.48	289.31	-0.531	669.751	119.621	-0.00124576	0.999502	-0.0315372	-0.00128567	0.0315356	0.999502	-0.00751	-0.00021	0.00061	0	100
double_jump	102	0	580.64	291.17	-0.531	669.751	108.781	-0.00124575	0.999499	-0.0316331	-0.00128578	0.0316315	0.999499	-0.00711	-0.00021	0.00061	0	100
double_jump	104	0	591.8	292.85	-0.531	669.751	97.941	-0.00124575	0.999493	-0.0318247	-0.00128602	0.0318231	0.999493	-0.00671	-0.00021	0.00061	0	100
double_jump	106	0	602.96	294.35	-0.531	669.751	87.101	-0.00124574	0.99949	-0.0319206	-0.00128614	0.031919	0.99949	-0.00631	-0.00021	0.00061	0	100
double_jump	108	0	614.12	295.67	-0.531	669.751	76.261	-0.00124574	0.999487	-0.0320164	-0.00128626	0.0320148	0.999487	-0.00591	-0.00021	0.00061	0	100
double_jump	110	0	625.28	296.81	-0.531	669.751	65.421	-0.00124573	0.999483	-0.0321122	-0.00128638	0.0321106	0.999483	-0.00551	-0.00021	0.00061	0	100
double_jump	112	0	636.44	297.76	-0.531	669.751	54.581	-0.00124573	0.99948	-0.032208	-0.0012865	0.0322064	0.99948	-0.00511	-0.00021	0.00061	0	100
double_jump	114	0	647.6	298.53	-0.531	669.751	43.741	-0.00124573	0.99948	-0.032208	-0.0012865	0.0322064	0.99948	-0.00471	-0.00021	0.00061	0	100
double_jump	116	0	658.76	299.12	-0.531	669.751	32.901	-0.00114993	0.999477	-0.0323038	-0.00128352	0.0323024	0.999477	-0.00441	-0.00021	0.00061	0	100
double_jump	118	0	669.92	299.53	-0.531	669.751	22.061	-0.00114993	0.999474	-0.0323997	-0.00128364	0.0323982	0.999474	-0.00421	-0.00021	0.00061	0	100
double_jump	120	0	681.08	299.76	-0.531	669.751	11.221	-0.00114992	0.999471	-0.0324955	-0.00128375	0.032494	0.999471	-0.00401	-0.00021	0.00061	0	100
double_jump	122	0	692.24	299.81	-0.531	669.751	0.381	-0.00114992	0.999471	-0.0324955	-0.00128375	0.032494	0.999471	-0.00381	-0.00021	0.00061	0	100
double_jump	124	0	703.4	299.68	-0.531	669.751	-10.441	-0.00114992	0.999468	-0.0325913	-0.00128386	0.0325898	0.999468	-0.00361	-0.00021	0.00061	0	100
double_jump	126	0	714.56	299.37	-0.531	669.751	-21.261	-0.00114992	0.999468	-0.0325913	-0.00128386	0.0325898	0.999468	-0.00341	-0.00021	0.00061	0	100
double_jump	128	0	725.72	298.88	-0.531	669.751	-32.081	-0.00114992	0.999465	-0.0326871	-0.00128397	0.0326857	0.999465	-0.00321	-0.00021	0.00061	0	100
double_jump	130	0	736.88	298.21	-0.531	669.751	-42.901	-0.00114991	0.999462	-0.032783	-0.00128408	0.0327815	0.999462	-0.00301	-0.00021	0.00061	0	100
double_jump	132	0	748.04	297.36	-0.531	669.751	-53.721	-0.00114991	0.999462	-0.032783	-0.00128408	0.0327815	0.999462	-0.00281	-0.00021	0.00061	0	100
double_jump	134	0	759.2	296.33	-0.531	669.751	-64.541	-0.00114991	0.999459	-0.0328788	-0.00128419	0.0328773	0.999459	-0.00261	-0.00021	0.00061	0	100
double_jump	136	0	770.36	295.12	-0.531	669.751	-75.361	-0.00114991	0.999459	-0.0328788	-0.00128419	0.0328773	0.999459	-0.00241	-0.00021	0.00061	0	100
double_jump	138	0	781.52	293.73	-0.531	669.751	-86.181	-0.00114991	0.999459	-0.0328788	-0.00128419	0.0328773	0.999459	-0.00221	-0.00021	0.00061	0	100
drive_throttle	0	0	-2000	17	0	0	0.131	-4.37114e-08	1	-0.000383495	-1.67631e-11	0.000383495	1	-0.05081	0	0	1	100
drive_throttle	2	0	-1999.67	17	0	26.551	0	-4.37113e-08	0.999998	-0.00191747	-8.38155e-11	0.00191747	0.999998	-0.09921	0	0	1	100
drive_throttle	4	0	-1998.9	17	0	52.641	-0.211	-4.37111e-08	0.999993	-0.00373907	-1.6344e-10	0.00373907	0.999993	-0.10661	0	0	1	100
drive_throttle	6	0	-1997.7	17	0	78.291	-0.321	-4.37108e-08	0.999986	-0.00536891	-2.34682e-10	0.00536891	0.999986	-0.09481	0	0	1	100
drive_throttle	8	0	-1996.08	17	0	103.501	-0.321	-4.37104e-08	0.999977	-0.00671112	-2.93352e-10	0.00671112	0.999977	-0.07581	0	0	1	100
drive_throttle	10	0	-1994.04	17	0	128.281	-0.241	-4.37101e-08	0.99997	-0.0077657	-3.3945e-10	0.0077657	0.99997	-0.05611	0	0	1	100
drive_throttle	12	0	-1991.6	17	0	152.631	-0.111	-4.37098e-08	0.999964	-0.00843679	-3.68784e-10	0.00843679	0.999964	-0.03881	0	0	1	100
drive_throttle	14	0	-1988.76	17	0	176.571	0.021	-4.37097e-08	0.99996	-0.00891615	-3.89737e-10	0.00891615	0.99996	-0.02511	0	0	1	100
drive_throttle	16	0	-1985.52	17	0	200.101	0.131	-4.37095e-08	0.999958	-0.00920375	-4.02309e-10	0.00920375	0.999958	-0.01491	0	0	1	100
drive_throttle	18	0	-1981.9	17	0	223.221	0.231	-4.37095e-08	0.999956	-0.00939549	-4.1069e-10	0.00939549	0.999956	-0.00781	0	0	1	100
drive_throttle	20	0	-1977.89	17	0	245.961	0.311	-4.37095e-08	0.999956	-0.00939549	-4.1069e-10	0.00939549	0.999956	-0.00331	0	0	1	100
drive_throttle	22	0	-1973.51	17	0	268.311	0.351	-4.37094e-08	0.999955	-0.00949136	-4.14881e-10	0.00949136	0.999955	-0.00121	0	0	1	100
drive_throttle	24	0	-1968.76	17	0	290.281	0.371	-4.37094e-08	0.999955	-0.00949136	-4.14881e-10	0.00949136	0.999955	-0.00041	0	0	1	100
drive_throttle	26	0	-1963.65	17	0	311.871	0.371	-4.37094e-08	0.999955	-0.00949136	-4.14881e-10	0.00949136	0.999955	-0.00011	0	0	1	100
drive_throttle	28	0	-1958.18	17	0	333.091	0.371	-4.37094e-08	0.999955	-0.00949136	-4.14881e-10	0.00949136	0.999955	-0.00011	0	0	1	100
drive_throttle	30	0	-1952.37	17	0	353.941	0.371	-4.37094e-08	0.999955	-0.00949136	-4.14881e-10	0.00949136	0.999955	-0.00011	0	0	1	100
drive_throttle	32	0	-1946.21	17	0	374.451	0.371	-4.37094e-08	0.999955	-0.00949136	-4.14881e-10	0.00949136	0.999955	-0.00011	0	0	1	100
drive_throttle	34	0	-1939.72	17	0	394.601	0.371	-4.37094e-08	0.999955	-0.00949136	-4.14881e-10	0.00949136	0.999955	-0.00011	0	0	1	100
drive_throttle	36	0	-1932.9	17	0	414.411	0.371	-4.37094e-08	0.999955	-0.00949136	-4.14881e-10	0.00949136	0.999955	-0.00011	0	0	1	100
drive_throttle	38	0	-1925.74	17	0	433.881	0.371	-4.37094e-08	0.999955	-0.00949136	-4.14881e-10	0.00949136	0.999955	-0.00011	0	0	1	100
drive_throttle	40	0	-1918.26	17	0	453.021	0.371	-4.37094e-08	0.999955	-0.00949136	-4.14881e-10	0.00949136	0.999955	-0.00011	0	0	1	100
drive_throttle	42	0	-1910.48	17	0	471.841	0.371	-4.37094e-08	0.999955	-0.00949136	-4.14881e-10	0.00949136	0.999955	-0.00011	0	0	1	100
drive_throttle	44	0	-1902.38	17	0	490.341	0.371	-4.37094e-08	0.999955	-0.00949136	-4.14881e-10	0.00949136	0.999955	-0.00021	0	0	1	100
drive_throttle	46	0	-1893.98	17	0	508.521	0.371	-4.37094e-08	0.999955	-0.00949136	-4.14881e-10	0.00949136	0.999955	-0.00021	0	0	1	100
drive_throttle	48	0	-1885.28	17	0	526.381	0.371	-4.37094e-08	0.999955	-0.00949136	-4.14881e-10	0.00949136	0.999955	-0.00021	0	0	1	100
drive_throttle	50	0	-1876.29	17	0	543.941	0.371	-4.37094e-08	0.999955	-0.00949136	-4.14881e-10	0.00949136	0.999955	-0.00021	0	0	1	100
drive_throttle	52	0	-1867	17	0	561.201	0.371	-4.37094e-08	0.999955	-0.00949136	-4.14881e-10	0.00949136	0.999955	-0.00031	0	0	1	100
drive_throttle	54	0	-1857.43	17	0	578.171	0.371	-4.37094e-08	0.999955	-0.00949136	-4.14881e-10	0.00949136	0.999955	-0.00031	0	0	1	100
drive_throttle	56	0	-1847.58	17	0	594.841	0.371	-4.37094e-08	0.999955	-0.00949136	-4.14881e-10	0.00949136	0.999955	-0.00031	0	0	1	100
drive_throttle	58	0	-1837.46	17	0	611.231	0.371	-4.37094e-08	0.999955	-0.00949136	-4.14881e-10	0.00949136	0.999955	-0.00031	0	0	1	100
drive_throttle	60	0	-1827.07	17	0	627.341	0.371	-4.37094e-08	0.999955	-0.00949136	-4.14881e-10	0.00949136	0.999955	-0.00031	0	0	1	100
drive_throttle	62	0	-1816.42	17	0	643.171	0.371	-4.37094e-08	0.999955	-0.00949136	-4.14881e-10	0.00949136	0.999955	-0.00041	0	0	1	100
drive_throttle	64	0	-1805.5	17	0	658.741	0.371	-4.37094e-08	0.999955	-0.00949136	-4.14881e-10	0.00949136	0.999955	-0.00041	0	0	1	100
drive_throttle	66	0	-1794.33	17	0	674.041	0.371	-4.37094e-08	0.999955	-0.00949136	-4.14881e-10	0.00949136	0.999955	-0.00041	0	0	1	100
drive_throttle	68	0	-1782.91	17	0	689.081	0.371	-4.37094e-08	0.999955	-0.00949136	-4.14881e-10	0.00949136	0.999955	-0.00041	0	0	1	100
drive_throttle	70	0	-1771.24	17	0	703.861	0.371	-4.37094e-08	0.999955	-0.00949136	-4.14881e-10	0.00949136	0.999955	-0.00041	0	0	1	100
drive_throttle	72	0	-1759.32	17	0	718.391	0.371	-4.37094e-08	0.999955	-0.00949136	-4.14881e-10	0.00949136	0.999955	-0.00041	0	0	1	100
drive_throttle	74	0	-1747.16	17	0	732.671	0.371	-4.37094e-08	0.999955	-0.00949136	-4.14881e-10	0.00949136	0.999955	-0.00051	0	0	1	100
drive_throttle	76	0	-1734.78	17	0	746.711	0.371	-4.37094e-08	0.999955	-0.00949136	-4.14881e-10	0.00949136	0.999955	-0.00051	0	0	1	100
drive_throttle	78	0	-1722.16	17	0	760.511	0.371	-4.37094e-08	0.999955	-0.00949136	-4.14881e-10	0.00949136	0.999955	-0.00051	0	0	1	100
drive_throttle	80	0	-1709.32	17	0	774.071	0.371	-4.37094e-08	0.999955	-0.00949136	-4.14881e-10	0.00949136	0.999955	-0.00051	0	0	1	100
drive_throttle	82	0	-1696.25	17	0	787.401	0.371	-4.37094e-08	0.999955	-0.00949136	-4.14881e-10	0.00949136	0.999955	-0.00051	0	0	1	100
drive_throttle	84	0	-1682.96	17	0	800.501	0.371	-4.37094e-08	0.999955	-0.00949136	-4.14881e-10	0.00949136	0.999955	-0.00061	0	0	1	100
drive_throttle	86	0	-1669.46	17	0	813.381	0.371	-4.37094e-08	0.999955	-0.00949136	-4.14881e-10	0.00949136	0.999955	-0.00061	0	0	1	100
drive_throttle	88	0	-1655.75	17	0	826.041	0.371	-4.37094e-08	0.999955	-0.00949136	-4.14881e-10	0.00949136	0.999955	-0.00061	0	0	1	100
drive_throttle	90	0	-1641.82	17	0	838.491	0.371	-4.37094e-08	0.999955	-0.00949136	-4.14881e-10	0.00949136	0.999955	-0.00061	0	0	1	100
drive_throttle	92	0	-1627.69	17	0	850.721	0.371	-4.37094e-08	0.999955	-0.00949136	-4.14881e-10	0.00949136	0.999955	-0.00061	0	0	1	100
drive_throttle	94	0	-1613.36	17	0	862.751	0.371	-4.37094e-08	0.999955	-0.00949136	-4.14881e-10	0.00949136	0.999955	-0.00061	0	0	1	100
drive_throttle	96	0	-1598.83	17	0	874.561	0.371	-4.37094e-08	0.999955	-0.00949136	-4.14881e-10	0.00949136	0.999955	-0.00061	0	0	1	100
drive_throttle	98	0	-1584.11	17	0	886.171	0.371	-4.37094e-08	0.999955	-0.00949136	-4.14881e-10	0.00949136	0.999955	-0.00071	0	0	1	100
drive_throttle	100	0	-1569.2	17	0	897.581	0.371	-4.37094e-08	0.999955	-0.00949136	-4.14881e-10	0.00949136	0.999955	-0.00071	0	0	1	100
drive_throttle	102	0	-1554.1	17	0	908.811	0.371	-4.37094e-08	0.999955	-0.00949136	-4.14881e-10	0.00949136	0.999955	-0.00071	0	0	1	100
drive_throttle	104	0	-1538.81	17	0	919.841	0.371	-4.37094e-08	0.999955	-0.00949136	-4.14881e-10	0.00949136	0.999955	-0.00071	0	0	1	100
drive_throttle	106	0	-1523.34	17	0	930.691	0.371	-4.37094e-08	0.999955	-0.00949136	-4.14881e-10	0.00949136	0.999955	-0.00071	0	0	1	100
drive_throttle	108	0	-1507.7	17	0	941.351	0.371	-4.37094e-08	0.999955	-0.00949136	-4.14881e-10	0.00949136	0.999955	-0.00071	0	0	1	100
drive_throttle	110	0	-1491.88	17	0	951.831	0.371	-4.37094e-08	0.999955	-0.00949136	-4.14881e-10	0.00949136	0.999955	-0.00071	0	0	1	100
drive_throttle	112	0	-1475.88	17	0	962.131	0.371	-4.37094e-08	0.999955	-0.00949136	-4.14881e-10	0.00949136	0.999955	-0.00081	0	0	1	100
drive_throttle	114	0	-1459.72	17	0	972.251	0.371	-4.37094e-08	0.999955	-0.00949136	-4.14881e-10	0.00949136	0.999955	-0.00081	0	0	1	100
drive_throttle	116	0	-1443.39	17	0	982.201	0.371	-4.37094e-08	0.999955	-0.00949136	-4.14881e-10	0.00949136	0.999955	-0.00081	0	0	1	100
drive_throttle	118	0	-1426.89	17	0	991.981	0.371	-4.37094e-08	0.999955	-0.00949136	-4.14881e-10	0.00949136	0.999955	-0.00081	0	0	1	100
drive_throttle	120	0	-1410.23	17	0	1001.6	0.371	-4.37094e-08	0.999955	-0.00949136	-4.14881e-10	0.00949136	0.999955	-0.00081	0	0	1	100
drive_throttle	122	0	-1393.41	17	0	1011.04	0.371	-4.37094e-08	0.999955	-0.00949136	-4.14881e-10	0.00949136	0.999955	-0.00081	0	0	1	100
drive_throttle	124	0	-1376.45	17	0	1020.32	0.371	-4.37094e-08	0.999955	-0.00949136	-4.14881e-10	0.00949136	0.999955	-0.00081	0	0	1	100
drive_throttle	126	0	-1359.33	17	0	1029.45	0.371	-4.37094e-08	0.999955	-0.00949136	-4.14881e-10	0.00949136	0.999955	-0.00081	0	0	1	100
drive_throttle	128	0	-1342.06	17	0	1038.43	0.371	-4.37094e-08	0.999955	-0.00949136	-4.14881e-10	0.00949136	0.999955	-0.00081	0	0	1	100
drive_throttle	130	0	-1324.64	17	0	1047.25	0.371	-4.37094e-08	0.999955	-0.00949136	-4.14881e-10	0.00949136	0.999955	-0.00081	0	0	1	100
drive_throttle	132	0	-1307.08	17	0	1055.92	0.371	-4.37094e-08	0.999955	-0.00949136	-4.14881e-10	0.00949136	0.999955	-0.00081	0	0	1	100
drive_throttle	134	0	-1289.37	17	0	1064.44	0.371	-4.37094e-08	0.999955	-0.00949136	-4.14881e-10	0.00949136	0.999955	-0.00081	0	0	1	100
drive_throttle	136	0	-1271.52	17	0	1072.82	0.371	-4.37094e-08	0.999955	-0.00949136	-4.14881e-10	0.00949136	0.999955	-0.00081	0	0	1	100
drive_throttle	138	0	-1253.54	17	0	1081.05	0.371	-4.37094e-08	0.999955	-0.00949136	-4.14881e-10	0.00949136	0.999955	-0.00081	0	0	1	100
drive_throttle	140	0	-1235.42	17	0	1089.14	0.371	-4.37094e-08	0.999955	-0.00949136	-4.14881e-10	0.00949136	0.999955	-0.00081	0	0	1	100
drive_throttle	142	0	-1217.17	17	0	1097.09	0.371	-4.37094e-08	0.999955	-0.00949136	-4.14881e-10	0.00949136	0.999955	-0.00081	0	0	1	100
drive_throttle	144	0	-1198.78	17	0	1104.91	0.371	-4.37094e-08	0.999955	-0.00949136	-4.14881e-10	0.00949136	0.999955	-0.00081	0	0	1	100
drive_throttle	146	0	-1180.27	17	0	1112.6	0.371	-4.37094e-08	0.999955	-0.00949136	-4.14881e-10	0.00949136	0.999955	-0.00081	0	0	1	100
drive_throttle	148	0	-1161.64	17	0	1120.15	0.371	-4.37094e-08	0.999955	-0.00949136	-4.14881e-10	0.00949136	0.999955	-0.00091	0	0	1	100
drive_throttle	150	0	-1142.87	17	0	1127.58	0.371	-4.37094e-08	0.999955	-0.00949136	-4.14881e-10	0.00949136	0.999955	-0.00081	0	0	1	100
drive_throttle	152	0	-1123.98	17	0	1134.87	0.371	-4.37094e-08	0.999955	-0.00949136	-4.14881e-10	0.00949136	0.999955	-0.00081	0	0	1	100
drive_throttle	154	0	-1104.97	17	0	1142.04	0.371	-4.37094e-08	0.999955	-0.00949136	-4.14881e-10	0.00949136	0.999955	-0.00081	0	0	1	100
drive_throttle	156	0	-1085.84	17	0	1149.09	0.371	-4.37094e-08	0.999955	-0.00949136	-4.14881e-10	0.00949136	0.999955	-0.00081	0	0	1	100
drive_throttle	158	0	-1066.61	17	0	1156.02	0.371	-4.37094e-08	0.999955	-0.00949136	-4.14881e-10	0.00949136	0.999955	-0.00081	0	0	1	100
drive_throttle	160	0	-1047.26	17	0	1162.83	0.371	-4.37094e-08	0.999955	-0.00949136	-4.14881e-10	0.00949136	0.999955	-0.00081	0	0	1	100
drive_throttle	162	0	-1027.79	17	0	1169.52	0.371	-4.37094e-08	0.999955	-0.00949136	-4.14881e-10	0.00949136	0.999955	-0.00081	0	0	1	100
drive_throttle	164	0	-1008.22	17	0	1176.11	0.371	-4.37094e-08	0.999955	-0.00949136	-4.14881e-10	0.00949136	0.999955	-0.00081	0	0	1	100
drive_throttle	166	0	-988.53	17	0	1182.58	0.371	-4.37094e-08	0.999955	-0.00949136	-4.14881e-10	0.00949136	0.999955	-0.00081	0	0	1	100
drive_throttle	168	0	-968.74	17	0	1188.94	0.371	-4.37094e-08	0.999955	-0.00949136	-4.14881e-10	0.00949136	0.999955	-0.00081	0	0	1	100
drive_throttle	170	0	-948.85	17	0	1195.19	0.371	-4.37094e-08	0.999955	-0.00949136	-4.14881e-10	0.00949136	0.999955	-0.00081	0	0	1	100
drive_throttle	172	0	-928.85	17	0	1201.34	0.371	-4.37094e-08	0.999955	-0.00949136	-4.14881e-10	0.00949136	0.999955	-0.00081	0	0	1	100
drive_throttle	174	0	-908.75	17	0	1207.38	0.371	-4.37094e-08	0.999955	-0.00949136	-4.14881e-10	0.00949136	0.999955	-0.00081	0	0	1	100
drive_throttle	176	0	-888.55	17	0	1213.32	0.371	-4.37094e-08	0.999955	-0.00949136	-4.14881e-10	0.00949136	0.999955	-0.00081	0	0	1	100
drive_throttle	178	0	-868.25	17	0	1219.15	0.371	-4.37094e-08	0.999955	-0.00949136	-4.14881e-10	0.00949136	0.999955	-0.00081	0	0	1	100
drive_throttle	180	0	-847.86	17	0	1224.89	0.371	-4.37094e-08	0.999955	-0.00949136	-4.14881e-10	0.00949136	0.999955	-0.00081	0	0	1	100
drive_throttle	182	0	-827.38	17	0	1230.53	0.371	-4.37094e-08	0.999955	-0.00949136	-4.14881e-10	0.00949136	0.999955	-0.00081	0	0	1	100
drive_throttle	184	0	-806.8	17	0	1236.07	0.371	-4.37094e-08	0.999955	-0.00949136	-4.14881e-10	0.00949136	0.999955	-0.00081	0	0	1	100
drive_throttle	186	0	-786.13	17	0	1241.51	0.371	-4.37094e-08	0.999955	-0.00949136	-4.14881e-10	0.00949136	0.999955	-0.00081	0	0	1	100
drive_throttle	188	0	-765.37	17	0	1246.87	0.371	-4.37094e-08	0.999955	-0.00949136	-4.14881e-10	0.00949136	0.999955	-0.00081	0	0	1	100
drive_throttle	190	0	-744.53	17	0	1252.13	0.371	-4.37094e-08	0.999955	-0.00949136	-4.14881e-10	0.00949136	0.999955	-0.00081	0	0	1	100
drive_throttle	192	0	-723.59	17	0	1257.31	0.371	-4.37094e-08	0.999955	-0.00949136	-4.14881e-10	0.00949136	0.999955	-0.00081	0	0	1	100
drive_throttle	194	0	-702.57	17	0	1262.39	0.371	-4.37094e-08	0.999955	-0.00949136	-4.14881e-10	0.00949136	0.999955	-0.00081	0	0	1	100
drive_throttle	196	0	-681.47	17	0	1267.39	0.371	-4.37094e-08	0.999955	-0.00949136	-4.14881e-10	0.00949136	0.999955	-0.00081	0	0	1	100
drive_throttle	198	0	-660.29	17	0	1272.31	0.371	-4.37094e-08	0.999955	-0.00949136	-4.14881e-10	0.00949136	0.999955	-0.00091	0	0	1	100
drive_boost	0	0	-1999.99	17	0	1.091	0.091	-4.37114e-08	0.999999	-0.00115049	-5.02893e-11	0.00115049	0.999999	-0.08211	0	0	1	100
drive_boost	2	0	-1999.43	17	0	44.071	-0.141	-4.37112e-08	0.999996	-0.00278034	-1.21532e-10	0.00278034	0.999996	-0.10651	0	0	1	99.4444
drive_boost	4	0	-1998.17	17	0	86.321	-0.351	-4.37109e-08	0.999989	-0.00460193	-2.01157e-10	0.00460193	0.999989	-0.10231	0	0	1	99
drive_boost	6	0	-1996.21	17	0	127.841	-0.441	-4.37106e-08	0.999982	-0.00604001	-2.64017e-10	0.00604001	0.999982	-0.08601	0	0	1	99
drive_boost	8	0	-1993.56	17	0	168.661	-0.441	-4.37102e-08	0.999973	-0.00728634	-3.18496e-10	0.00728634	0.999973	-0.06631	0	0	1	98.4444
drive_boost	10	0	-1990.25	17	0	208.781	-0.371	-4.37099e-08	0.999967	-0.00814918	-3.56212e-10	0.00814918	0.999967	-0.04771	0	0	1	98
drive_boost	12	0	-1986.28	17	0	248.211	-0.261	-4.37097e-08	0.999962	-0.0087244	-3.81356e-10	0.0087244	0.999962	-0.03221	0	0	1	97
drive_boost	14	0	-1981.66	17	0	286.981	-0.151	-4.37096e-08	0.999959	-0.00910788	-3.98118e-10	0.00910788	0.999959	-0.02031	0	0	1	96.4444
drive_boost	16	0	-1976.4	17	0	325.081	-0.051	-4.37095e-08	0.999956	-0.00939549	-4.1069e-10	0.00939549	0.999956	-0.01171	0	0	1	96
drive_boost	18	0	-1970.51	17	0	362.541	0.021	-4.37094e-08	0.999955	-0.00949136	-4.14881e-10	0.00949136	0.999955	-0.00591	0	0	1	95.4444
drive_boost	20	0	-1964	17	0	399.361	0.071	-4.37094e-08	0.999955	-0.00949136	-4.14881e-10	0.00949136	0.999955	-0.00231	0	0	1	95
drive_boost	22	0	-1956.89	17	0	435.541	0.111	-4.37094e-08	0.999955	-0.00949136	-4.14881e-10	0.00949136	0.999955	-0.00031	0	0	1	94.4444
drive_boost	24	0	-1949.18	17	0	471.111	0.131	-4.37094e-08	0.999955	-0.00949136	-4.14881e-10	0.00949136	0.999955	0.00031	0	0	1	94
drive_boost	26	0	-1940.89	17	0	506.061	0.141	-4.37094e-08	0.999955	-0.00949136	-4.14881e-10	0.00949136	0.999955	0.00041	0	0	1	93.4444
drive_boost	28	0	-1932.03	17	0	540.431	0.141	-4.37094e-08	0.999955	-0.00949136	-4.14881e-10	0.00949136	0.999955	0.00041	0	0	1	93
drive_boost	30	0	-1922.59	17	0	574.211	0.141	-4.37094e-08	0.999955	-0.00949136	-4.14881e-10	0.00949136	0.999955	0.00041	0	0	1	92
drive_boost	32	0	-1912.61	17	0	607.411	0.141	-4.37094e-08	0.999955	-0.00949136	-4.14881e-10	0.00949136	0.999955	0.00041	0	0	1	91.4444
drive_boost	34	0	-1902.08	17	0	640.051	0.141	-4.37094e-08	0.999955	-0.00949136	-4.14881e-10	0.00949136	0.999955	0.00041	0	0	1	91
drive_boost	36	0	-1891.01	17	0	672.131	0.141	-4.37094e-08	0.999955	-0.00949136	-4.14881e-10	0.00949136	0.999955	0.00031	0	0	1	90.4444
drive_boost	38	0	-1879.42	17	0	703.661	0.141	-4.37094e-08	0.999955	-0.00949136	-4.14881e-10	0.00949136	0.999955	0.00031	0	0	1	90
drive_boost	40	0	-1867.31	17	0	734.651	0.141	-4.37094e-08	0.999955	-0.00949136	-4.14881e-10	0.00949136	0.999955	0.00031	0	0	1	89.4444
drive_boost	42	0	-1854.68	17	0	765.121	0.141	-4.37094e-08	0.999955	-0.00949136	-4.14881e-10	0.00949136	0.999955	0.00021	0	0	1	89
drive_boost	44	0	-1841.55	17	0	795.061	0.141	-4.37094e-08	0.999955	-0.00949136	-4.14881e-10	0.00949136	0.999955	0.00021	0	0	1	88.4444
drive_boost	46	0	-1827.93	17	0	824.491	0.141	-4.37094e-08	0.999955	-0.00949136	-4.14881e-10	0.00949136	0.999955	0.00011	0	0	1	88
drive_boost	48	0	-1813.83	17	0	853.421	0.141	-4.37094e-08	0.999955	-0.00949136	-4.14881e-10	0.00949136	0.999955	0.00011	0	0	1	87
drive_boost	50	0	-1799.25	17	0	881.861	0.141	-4.37094e-08	0.999955	-0.00949136	-4.14881e-10	0.00949136	0.999955	0.00011	0	0	1	86.4444
drive_boost	52	0	-1784.2	17	0	909.801	0.141	-4.37094e-08	0.999955	-0.00949136	-4.14881e-10	0.00949136	0.999955	0	0	0	1	86
drive_boost	54	0	-1768.69	17	0	937.271	0.141	-4.37094e-08	0.999955	-0.00949136	-4.14881e-10	0.00949136	0.999955	0	0	0	1	85.4444
drive_boost	56	0	-1752.73	17	0	964.271	0.141	-4.37094e-08	0.999955	-0.00949136	-4.14881e-10	0.00949136	0.999955	0	0	0	1	85
drive_boost	58	0	-1736.32	17	0	990.811	0.141	-4.37094e-08	0.999955	-0.00949136	-4.14881e-10	0.00949136	0.999955	0	0	0	1	84.4444
drive_boost	60	0	-1719.48	17	0	1016.9	0.141	-4.37094e-08	0.999955	-0.00949136	-4.14881e-10	0.00949136	0.999955	0	0	0	1	84
drive_boost	62	0	-1702.21	17	0	1042.55	0.141	-4.37094e-08	0.999955	-0.00949136	-4.14881e-10	0.00949136	0.999955	0	0	0	1	83.4444
drive_boost	64	0	-1684.52	17	0	1067.76	0.141	-4.37094e-08	0.999955	-0.00949136	-4.14881e-10	0.00949136	0.999955	0	0	0	1	83
drive_boost	66	0	-1666.42	17	0	1092.53	0.141	-4.37094e-08	0.999955	-0.00949136	-4.14881e-10	0.00949136	0.999955	0	0	0	1	82
drive_boost	68	0	-1647.9	17	0	1116.88	0.141	-4.37094e-08	0.999955	-0.00949136	-4.14881e-10	0.00949136	0.999955	0	0	0	1	81.4444
drive_boost	70	0	-1628.98	17	0	1140.82	0.141	-4.37094e-08	0.999955	-0.00949136	-4.14881e-10	0.00949136	0.999955	0	0	0	1	81
drive_boost	72	0	-1609.67	17	0	1164.34	0.141	-4.37094e-08	0.999955	-0.00949136	-4.14881e-10	0.00949136	0.999955	-0.00011	0	0	1	80.4444
drive_boost	74	0	-1589.97	17	0	1187.46	0.141	-4.37094e-08	0.999955	-0.00949136	-4.14881e-10	0.00949136	0.999955	-0.00011	0	0	1	80
drive_boost	76	0	-1569.89	17	0	1210.19	0.141	-4.37094e-08	0.999955	-0.00949136	-4.14881e-10	0.00949136	0.999955	-0.00011	0	0	1	79.4444
drive_boost	78	0	-1549.44	17	0	1232.53	0.141	-4.37094e-08	0.999955	-0.00949136	-4.14881e-10	0.00949136	0.999955	-0.00021	0	0	1	79
drive_boost	80	0	-1528.63	17	0	1254.49	0.141	-4.37094e-08	0.999955	-0.00949136	-4.14881e-10	0.00949136	0.999955	-0.00021	0	0	1	78.4444
drive_boost	82	0	-1507.46	17	0	1276.08	0.141	-4.37094e-08	0.999955	-0.00949136	-4.14881e-10	0.00949136	0.999955	-0.00021	0	0	1	78
drive_boost	84	0	-1485.93	17	0	1297.3	0.141	-4.37094e-08	0.999955	-0.00949136	-4.14881e-10	0.00949136	0.999955	-0.00021	0	0	1	77
drive_boost	86	0	-1464.05	17	0	1318.15	0.141	-4.37094e-08	0.999955	-0.00949136	-4.14881e-10	0.00949136	0.999955	-0.00031	0	0	1	76.4444
drive_boost	88	0	-1441.82	17	0	1338.66	0.141	-4.37094e-08	0.999955	-0.00949136	-4.14881e-10	0.00949136	0.999955	-0.00031	0	0	1	76
drive_boost	90	0	-1419.26	17	0	1358.81	0.141	-4.37094e-08	0.999955	-0.00949136	-4.14881e-10	0.00949136	0.999955	-0.00031	0	0	1	75.4444
drive_boost	92	0	-1396.36	17	0	1378.62	0.141	-4.37094e-08	0.999955	-0.00949136	-4.14881e-10	0.00949136	0.999955	-0.00031	0	0	1	75
drive_boost	94	0	-1373.14	17	0	1398.09	0.141	-4.37094e-08	0.999955	-0.00949136	-4.14881e-10	0.00949136	0.999955	-0.00041	0	0	1	74.4444
drive_boost	96	0	-1349.61	17	0	1416.27	0.141	-4.37094e-08	0.999955	-0.00949136	-4.14881e-10	0.00949136	0.999955	-0.00051	0	0	1	74
drive_boost	98	0	-1325.8	17	0	1432.79	0.141	-4.37094e-08	0.999955	-0.00949136	-4.14881e-10	0.00949136	0.999955	-0.00061	0	0	1	73.4444
drive_boost	100	0	-1301.71	17	0	1449.31	0.141	-4.37094e-08	0.999955	-0.00949136	-4.14881e-10	0.00949136	0.999955	-0.00061	0	0	1	73
drive_boost	102	0	-1277.34	17	0	1465.83	0.141	-4.37094e-08	0.999955	-0.00949136	-4.14881e-10	0.00949136	0.999955	-0.00061	0	0	1	72
drive_boost	104	0	-1252.71	17	0	1482.35	0.141	-4.37094e-08	0.999955	-0.00949136	-4.14881e-10	0.00949136	0.999955	-0.00061	0	0	1	71.4444
drive_boost	106	0	-1227.8	17	0	1498.87	0.141	-4.37094e-08	0.999955	-0.00949136	-4.14881e-10	0.00949136	0.999955	-0.00061	0	0	1	71
drive_boost	108	0	-1202.61	17	0	1515.39	0.141	-4.37094e-08	0.999955	-0.00949136	-4.14881e-10	0.00949136	0.999955	-0.00061	0	0	1	70.4444
drive_boost	110	0	-1177.14	17	0	1531.91	0.141	-4.37094e-08	0.999955	-0.00949136	-4.14881e-10	0.00949136	0.999955	-0.00061	0	0	1	81
drive_boost	112	0	-1151.41	17	0	1548.43	0.141	-4.37094e-08	0.999955	-0.00949136	-4.14881e-10	0.00949136	0.999955	-0.00061	0	0	1	81
drive_boost	114	0	-1125.4	17	0	1564.95	0.141	-4.37094e-08	0.999955	-0.00949136	-4.14881e-10	0.00949136	0.999955	-0.00061	0	0	1	81
drive_boost	116	0	-1099.11	17	0	1581.47	0.141	-4.37094e-08	0.999955	-0.00949136	-4.14881e-10	0.00949136	0.999955	-0.00061	0	0	1	80.4444
drive_boost	118	0	-1059.15	17	0	1606.25	0.141	-4.37094e-08	0.999955	-0.00949136	-4.14881e-10	0.00949136	0.999955	-0.00061	0	0	1	80
drive_boost	121	0	-1045.7	17	0	1614.51	0.141	-4.37094e-08	0.999955	-0.00949136	-4.14881e-10	0.00949136	0.999955	-0.00061	0	0	1	79
drive_boost	122	0	-1018.59	17	0	1631.03	0.141	-4.37094e-08	0.999955	-0.00949136	-4.14881e-10	0.00949136	0.999955	-0.00061	0	0	1	78.4444
drive_boost	124	0	-991.2	17	0	1647.55	0.141	-4.37094e-08	0.999955	-0.00949136	-4.14881e-10	0.00949136	0.999955	-0.00061	0	0	1	78
drive_boost	126	0	-963.53	17	0	1664.07	0.141	-4.37094e-08	0.999955	-0.00949136	-4.14881e-10	0.00949136	0.999955	-0.00061	0	0	1	77.4444
drive_boost	128	0	-935.58	17	0	1680.59	0.141	-4.37094e-08	0.999955	-0.00949136	-4.14881e-10	0.00949136	0.999955	-0.00061	0	0	1	77
drive_boost	130	0	-907.37	17	0	1697.11	0.141	-4.37094e-08	0.999955	-0.00949136	-4.14881e-10	0.00949136	0.999955	-0.00061	0	0	1	76.4444
drive_boost	132	0	-878.88	17	0	1713.63	0.141	-4.37094e-08	0.999955	-0.00949136	-4.14881e-10	0.00949136	0.999955	-0.00061	0	0	1	76
drive_boost	134	0	-850.11	17	0	1730.15	0.141	-4.37094e-08	0.999955	-0.00949136	-4.14881e-10	0.00949136	0.999955	-0.00061	0	0	1	75.4444
drive_boost	136	0	-821.06	17	0	1746.67	0.141	-4.37094e-08	0.999955	-0.00949136	-4.14881e-10	0.00949136	0.999955	-0.00061	0	0	1	75
drive_boost	138	0	-791.75	17	0	1763.19	0.141	-4.37094e-08	0.999955	-0.00949136	-4.14881e-10	0.00949136	0.999955	-0.00061	0	0	1	74
drive_boost	140	0	-762.16	17	0	1779.71	0.141	-4.37094e-08	0.999955	-0.00949136	-4.14881e-10	0.00949136	0.999955	-0.00061	0	0	1	73.4444
drive_boost	142	0	-732.29	17	0	1796.23	0.141	-4.37094e-08	0.999955	-0.00949136	-4.14881e-10	0.00949136	0.999955	-0.00061	0	0	1	73
drive_boost	144	0	-702.14	17	0	1812.75	0.141	-4.37094e-08	0.999955	-0.00949136	-4.14881e-10	0.00949136	0.999955	-0.00061	0	0	1	72.4444
drive_boost	146	0	-671.72	17	0	1829.27	0.141	-4.37094e-08	0.999955	-0.00949136	-4.14881e-10	0.00949136	0.999955	-0.00061	0	0	1	72
drive_boost	148	0	-641.03	17	0	1845.79	0.141	-4.37094e-08	0.999955	-0.00949136	-4.14881e-10	0.00949136	0.999955	-0.00061	0	0	1	71.4444
drive_boost	150	0	-610.06	17	0	1862.31	0.141	-4.37094e-08	0.999955	-0.00949136	-4.14881e-10	0.00949136	0.999955	-0.00061	0	0	1	71
drive_boost	152	0	-578.81	17	0	1878.83	0.141	-4.37094e-08	0.999955	-0.00949136	-4.14881e-10	0.00949136	0.999955	-0.00061	0	0	1	70.4444
drive_boost	154	0	-547.29	17	0	1895.35	0.141	-4.37094e-08	0.999955	-0.00949136	-4.14881e-10	0.00949136	0.999955	-0.00061	0	0	1	70
drive_boost	156	0	-515.5	17	0	1911.87	0.141	-4.37094e-08	0.999955	-0.00949136	-4.14881e-10	0.00949136	0.999955	-0.00061	0	0	1	69
drive_boost	158	0	-483.43	17	0	1928.39	0.141	-4.37094e-08	0.999955	-0.00949136	-4.14881e-10	0.00949136	0.999955	-0.00061	0	0	1	68.4444
drive_boost	160	0	-451.08	17	0	1944.91	0.141	-4.37094e-08	0.999955	-0.00949136	-4.14881e-10	0.00949136	0.999955	-0.00061	0	0	1	68
drive_boost	162	0	-418.45	17	0	1961.43	0.141	-4.37094e-08	0.999955	-0.00949136	-4.14881e-10	0.00949136	0.999955	-0.00061	0	0	1	67.4444
drive_boost	164	0	-385.56	17	0	1977.95	0.141	-4.37094e-08	0.999955	-0.00949136	-4.14881e-10	0.00949136	0.999955	-0.00061	0	0	1	67
drive_boost	166	0	-352.39	17	0	1994.47	0.141	-4.37094e-08	0.999955	-0.00949136	-4.14881e-10	0.00949136	0.999955	-0.00061	0	0	1	66.4444
drive_boost	168	0	-318.94	17	0	2010.99	0.141	-4.37094e-08	0.999955	-0.00949136	-4.14881e-10	0.00949136	0.999955	-0.00061	0	0	1	66
drive_boost	170	0	-285.21	17	0	2027.51	0.141	-4.37094e-08	0.999955	-0.00949136	-4.14881e-10	0.00949136	0.999955	-0.00061	0	0	1	65.4444
drive_boost	172	0	-251.22	17	0	2044.03	0.141	-4.37094e-08	0.999955	-0.00949136	-4.14881e-10	0.00949136	0.999955	-0.00061	0	0	1	65
drive_boost	174	0	-216.95	17	0	2060.55	0.141	-4.37094e-08	0.999955	-0.00949136	-4.14881e-10	0.00949136	0.999955	-0.00061	0	0	1	64
drive_boost	176	0	-182.4	17	0	2077.07	0.141	-4.37094e-08	0.999955	-0.00949136	-4.14881e-10	0.00949136	0.999955	-0.00061	0	0	1	63.4444
drive_boost	178	0	-147.57	17	0	2093.59	0.141	-4.37094e-08	0.999955	-0.00949136	-4.14881e-10	0.00949136	0.999955	-0.00061	0	0	1	63
drive_boost	180	0	-112.47	17	0	2110.11	0.141	-4.37094e-08	0.999955	-0.00949136	-4.14881e-10	0.00949136	0.999955	-0.00061	0	0	1	62.4444
drive_boost	182	0	-77.1	17	0	2126.63	0.141	-4.37094e-08	0.999955	-0.00949136	-4.14881e-10	0.00949136	0.999955	-0.00061	0	0	1	62
drive_boost	184	0	-41.45	17	0	2143.15	0.141	-4.37094e-08	0.999955	-0.00949136	-4.14881e-10	0.00949136	0.999955	-0.00061	0	0	1	61.4444
drive_boost	186	0	-5.52	17	0	2159.67	0.141	-4.37094e-08	0.999955	-0.00949136	-4.14881e-10	0.00949136	0.999955	-0.00061	0	0	1	61
drive_boost	188	0	30.68	17	0	2176.19	0.141	-4.37094e-08	0.999955	-0.00949136	-4.14881e-10	0.00949136	0.999955	-0.00061	0	0	1	60.4444
drive_boost	190	0	67.15	17	0	2192.71	0.141	-4.37094e-08	0.999955	-0.00949136	-4.14881e-10	0.00949136	0.999955	-0.00061	0	0	1	60
drive_boost	192	0	103.9	17	0	2209.23	0.141	-4.37094e-08	0.999955	-0.00949136	-4.14881e-10	0.00949136	0.999955	-0.00061	0	0	1	59
drive_boost	194	0	140.93	17	0	2225.75	0.141	-4.37094e-08	0.999955	-0.00949136	-4.14881e-10	0.00949136	0.999955	-0.00061	0	0	1	58.4444
drive_boost	196	0	178.24	17	0	2242.27	0.141	-4.37094e-08	0.999955	-0.00949136	-4.14881e-10	0.00949136	0.999955	-0.00061	0	0	1	58
drive_boost	198	0	215.81	17	0	2258.79	0.141	-4.37094e-08	0.999955	-0.00949136	-4.14881e-10	0.00949136	0.999955	-0.00061	0	0	1	57.4444
coast_decel	0	0	-1976.78	17	0	1391.24	0.091	-4.37114e-08	0.999999	-0.00115049	-5.02893e-11	0.00115049	0.999999	-0.08211	0	0	1	100
coast_decel	2	0	-1953.7	17	0	1382.48	-0.111	-4.37112e-08	0.999996	-0.00278034	-1.21532e-10	0.00278034	0.999996	-0.10671	0	0	1	100
coast_decel	4	0	-1930.77	17	0	1373.72	-0.291	-4.37109e-08	0.999989	-0.00460193	-2.01157e-10	0.00460193	0.999989	-0.10281	0	0	1	100
coast_decel	6	0	-1907.99	17	0	1364.96	-0.341	-4.37106e-08	0.999981	-0.00613588	-2.68208e-10	0.00613588	0.999981	-0.08671	0	0	1	100
coast_decel	8	0	-1885.35	17	0	1356.2	-0.301	-4.37102e-08	0.999973	-0.00728634	-3.18496e-10	0.00728634	0.999973	-0.06731	0	0	1	100
coast_decel	10	0	-1862.85	17	0	1347.44	-0.191	-4.37099e-08	0.999967	-0.00814918	-3.56212e-10	0.00814918	0.999967	-0.04871	0	0	1	100
coast_decel	12	0	-1840.5	17	0	1338.68	-0.051	-4.37097e-08	0.999961	-0.00882027	-3.85546e-10	0.00882027	0.999961	-0.03301	0	0	1	100
coast_decel	14	0	-1818.3	17	0	1329.92	0.071	-4.37095e-08	0.999958	-0.00920375	-4.02309e-10	0.00920375	0.999958	-0.02091	0	0	1	100
coast_decel	16	0	-1796.24	17	0	1321.16	0.171	-4.37095e-08	0.999956	-0.00939549	-4.1069e-10	0.00939549	0.999956	-0.01221	0	0	1	100
coast_decel	18	0	-1774.33	17	0	1312.4	0.261	-4.37094e-08	0.999954	-0.00958723	-4.19071e-10	0.00958723	0.999954	-0.00621	0	0	1	100
coast_decel	20	0	-1752.57	17	0	1303.64	0.331	-4.37094e-08	0.999954	-0.00958723	-4.19071e-10	0.00958723	0.999954	-0.00261	0	0	1	100
coast_decel	22	0	-1730.95	17	0	1294.88	0.361	-4.37094e-08	0.999954	-0.00958723	-4.19071e-10	0.00958723	0.999954	-0.00111	0	0	1	100
coast_decel	24	0	-1709.48	17	0	1286.12	0.371	-4.37094e-08	0.999954	-0.00958723	-4.19071e-10	0.00958723	0.999954	-0.00051	0	0	1	100
coast_decel	26	0	-1688.16	17	0	1277.36	0.371	-4.37094e-08	0.999954	-0.00958723	-4.19071e-10	0.00958723	0.999954	-0.00021	0	0	1	100
coast_decel	28	0	-1666.98	17	0	1268.6	0.371	-4.37094e-08	0.999954	-0.00958723	-4.19071e-10	0.00958723	0.999954	-0.00021	0	0	1	100
coast_decel	30	0	-1645.94	17	0	1259.84	0.371	-4.37094e-08	0.999954	-0.00958723	-4.19071e-10	0.00958723	0.999954	-0.00021	0	0	1	100
coast_decel	32	0	-1625.05	17	0	1251.08	0.371	-4.37094e-08	0.999954	-0.00958723	-4.19071e-10	0.00958723	0.999954	-0.00021	0	0	1	100
coast_decel	34	0	-1604.31	17	0	1242.32	0.371	-4.37094e-08	0.999954	-0.00958723	-4.19071e-10	0.00958723	0.999954	-0.00021	0	0	1	100
coast_decel	36	0	-1583.71	17	0	1233.56	0.371	-4.37094e-08	0.999954	-0.00958723	-4.19071e-10	0.00958723	0.999954	-0.00021	0	0	1	100
coast_decel	38	0	-1563.26	17	0	1224.8	0.371	-4.37094e-08	0.999954	-0.00958723	-4.19071e-10	0.00958723	0.999954	-0.00021	0	0	1	100
coast_decel	40	0	-1542.96	17	0	1216.04	0.371	-4.37094e-08	0.999954	-0.00958723	-4.19071e-10	0.00958723	0.999954	-0.00021	0	0	1	100
coast_decel	42	0	-1522.8	17	0	1207.28	0.371	-4.37094e-08	0.999954	-0.00958723	-4.19071e-10	0.00958723	0.999954	-0.00021	0	0	1	100
coast_decel	44	0	-1502.79	17	0	1198.52	0.371	-4.37094e-08	0.999954	-0.00958723	-4.19071e-10	0.00958723	0.999954	-0.00021	0	0	1	100
coast_decel	46	0	-1482.93	17	0	1189.76	0.371	-4.37094e-08	0.999954	-0.00958723	-4.19071e-10	0.00958723	0.999954	-0.00021	0	0	1	100
coast_decel	48	0	-1463.21	17	0	1181	0.371	-4.37094e-08	0.999954	-0.00958723	-4.19071e-10	0.00958723	0.999954	-0.00021	0	0	1	100
coast_decel	50	0	-1443.63	17	0	1172.24	0.371	-4.37094e-08	0.999954	-0.00958723	-4.19071e-10	0.00958723	0.999954	-0.00021	0	0	1	100
coast_decel	52	0	-1424.2	17	0	1163.48	0.371	-4.37094e-08	0.999954	-0.00958723	-4.19071e-10	0.00958723	0.999954	-0.00021	0	0	1	100
coast_decel	54	0	-1404.92	17	0	1154.72	0.371	-4.37094e-08	0.999954	-0.00958723	-4.19071e-10	0.00958723	0.999954	-0.00021	0	0	1	100
coast_decel	56	0	-1385.78	17	0	1145.96	0.371	-4.37094e-08	0.999954	-0.00958723	-4.19071e-10	0.00958723	0.999954	-0.00021	0	0	1	100
coast_decel	58	0	-1366.79	17	0	1137.2	0.371	-4.37094e-08	0.999954	-0.00958723	-4.19071e-10	0.00958723	0.999954	-0.00021	0	0	1	100
coast_decel	60	0	-1347.95	17	0	1128.44	0.371	-4.37094e-08	0.999954	-0.00958723	-4.19071e-10	0.00958723	0.999954	-0.00021	0	0	1	100
coast_decel	62	0	-1329.25	17	0	1119.68	0.371	-4.37094e-08	0.999954	-0.00958723	-4.19071e-10	0.00958723	0.999954	-0.00021	0	0	1	100
coast_decel	64	0	-1310.7	17	0	1110.92	0.371	-4.37094e-08	0.999954	-0.00958723	-4.19071e-10	0.00958723	0.999954	-0.00021	0	0	1	100
coast_decel	66	0	-1292.3	17	0	1102.16	0.371	-4.37094e-08	0.999954	-0.00958723	-4.19071e-10	0.00958723	0.999954	-0.00021	0	0	1	100
coast_decel	68	0	-1274.04	17	0	1093.4	0.371	-4.37094e-08	0.999954	-0.00958723	-4.19071e-10	0.00958723	0.999954	-0.00021	0	0	1	100
coast_decel	70	0	-1255.92	17	0	1084.64	0.371	-4.37094e-08	0.999954	-0.00958723	-4.19071e-10	0.00958723	0.999954	-0.00021	0	0	1	100
coast_decel	72	0	-1237.95	17	0	1075.88	0.371	-4.37094e-08	0.999954	-0.00958723	-4.19071e-10	0.00958723	0.999954	-0.00021	0	0	1	100
coast_decel	74	0	-1220.13	17	0	1067.12	0.371	-4.37094e-08	0.999954	-0.00958723	-4.19071e-10	0.00958723	0.999954	-0.00021	0	0	1	100
coast_decel	76	0	-1202.45	17	0	1058.36	0.371	-4.37094e-08	0.999954	-0.00958723	-4.19071e-10	0.00958723	0.999954	-0.00021	0	0	1	100
coast_decel	78	0	-1184.92	17	0	1049.6	0.371	-4.37094e-08	0.999954	-0.00958723	-4.19071e-10	0.00958723	0.999954	-0.00021	0	0	1	100
coast_decel	80	0	-1167.54	17	0	1040.84	0.371	-4.37094e-08	0.999954	-0.00958723	-4.19071e-10	0.00958723	0.999954	-0.00021	0	0	1	100
coast_decel	82	0	-1150.3	17	0	1032.08	0.371	-4.37094e-08	0.999954	-0.00958723	-4.19071e-10	0.00958723	0.999954	-0.00021	0	0	1	100
coast_decel	84	0	-1133.21	17	0	1023.32	0.371	-4.37094e-08	0.999954	-0.00958723	-4.19071e-10	0.00958723	0.999954	-0.00021	0	0	1	100
coast_decel	86	0	-1116.27	17	0	1014.56	0.371	-4.37094e-08	0.999954	-0.00958723	-4.19071e-10	0.00958723	0.999954	-0.00021	0	0	1	100
coast_decel	88	0	-1099.47	17	0	1005.8	0.371	-4.37094e-08	0.999954	-0.00958723	-4.19071e-10	0.00958723	0.999954	-0.00021	0	0	1	100
coast_decel	90	0	-1082.81	17	0	997.041	0.371	-4.37094e-08	0.999954	-0.00958723	-4.19071e-10	0.00958723	0.999954	-0.00021	0	0	1	100
coast_decel	92	0	-1066.3	17	0	988.281	0.371	-4.37094e-08	0.999954	-0.00958723	-4.19071e-10	0.00958723	0.999954	-0.00021	0	0	1	100
coast_decel	94	0	-1049.94	17	0	979.521	0.371	-4.37094e-08	0.999954	-0.00958723	-4.19071e-10	0.00958723	0.999954	-0.00021	0	0	1	100
coast_decel	96	0	-1033.72	17	0	970.761	0.371	-4.37094e-08	0.999954	-0.00958723	-4.19071e-10	0.00958723	0.999954	-0.00021	0	0	1	100
coast_decel	98	0	-1017.65	17	0	962.001	0.371	-4.37094e-08	0.999954	-0.00958723	-4.19071e-10	0.00958723	0.999954	-0.00021	0	0	1	100
coast_decel	100	0	-1001.73	17	0	953.241	0.371	-4.37094e-08	0.999954	-0.00958723	-4.19071e-10	0.00958723	0.999954	-0.00021	0	0	1	100
coast_decel	102	0	-985.95	17	0	944.481	0.371	-4.37094e-08	0.999954	-0.00958723	-4.19071e-10	0.00958723	0.999954	-0.00021	0	0	1	100
coast_decel	104	0	-970.32	17	0	935.721	0.371	-4.37094e-08	0.999954	-0.00958723	-4.19071e-10	0.00958723	0.999954	-0.00021	0	0	1	100
coast_decel	106	0	-954.84	17	0	926.961	0.371	-4.37094e-08	0.999954	-0.00958723	-4.19071e-10	0.00958723	0.999954	-0.00021	0	0	1	100
coast_decel	108	0	-939.5	17	0	918.201	0.371	-4.37094e-08	0.999954	-0.00958723	-4.19071e-10	0.00958723	0.999954	-0.00021	0	0	1	100
coast_decel	110	0	-924.3	17	0	909.441	0.371	-4.37094e-08	0.999954	-0.00958723	-4.19071e-10	0.00958723	0.999954	-0.00021	0	0	1	100
coast_decel	112	0	-909.25	17	0	900.681	0.371	-4.37094e-08	0.999954	-0.00958723	-4.19071e-10	0.00958723	0.999954	-0.00021	0	0	1	100
coast_decel	114	0	-894.35	17	0	891.921	0.371	-4.37094e-08	0.999954	-0.00958723	-4.19071e-10	0.00958723	0.999954	-0.00021	0	0	1	100
coast_decel	116	0	-879.59	17	0	883.161	0.371	-4.37094e-08	0.999954	-0.00958723	-4.19071e-10	0.00958723	0.999954	-0.00021	0	0	1	100
coast_decel	118	0	-864.98	17	0	874.401	0.371	-4.37094e-08	0.999954	-0.00958723	-4.19071e-10	0.00958723	0.999954	-0.00021	0	0	1	100
coast_decel	120	0	-850.52	17	0	865.641	0.371	-4.37094e-08	0.999954	-0.00958723	-4.19071e-10	0.00958723	0.999954	-0.00021	0	0	1	100
coast_decel	122	0	-836.2	17	0	856.881	0.371	-4.37094e-08	0.999954	-0.00958723	-4.19071e-10	0.00958723	0.999954	-0.00021	0	0	1	100
coast_decel	124	0	-822.03	17	0	848.121	0.371	-4.37094e-08	0.999954	-0.00958723	-4.19071e-10	0.00958723	0.999954	-0.00021	0	0	1	100
coast_decel	126	0	-808.01	17	0	839.361	0.371	-4.37094e-08	0.999954	-0.00958723	-4.19071e-10	0.00958723	0.999954	-0.00021	0	0	1	100
coast_decel	128	0	-794.13	17	0	830.601	0.371	-4.37094e-08	0.999954	-0.00958723	-4.19071e-10	0.00958723	0.999954	-0.00021	0	0	1	100
coast_decel	130	0	-780.39	17	0	821.841	0.371	-4.37094e-08	0.999954	-0.00958723	-4.19071e-10	0.00958723	0.999954	-0.00021	0	0	1	100
coast_decel	132	0	-766.8	17	0	813.081	0.371	-4.37094e-08	0.999954	-0.00958723	-4.19071e-10	0.00958723	0.999954	-0.00021	0	0	1	100
coast_decel	134	0	-753.36	17	0	804.321	0.371	-4.37094e-08	0.999954	-0.00958723	-4.19071e-10	0.00958723	0.999954	-0.00021	0	0	1	100
coast_decel	136	0	-740.06	17	0	795.561	0.371	-4.37094e-08	0.999954	-0.00958723	-4.19071e-10	0.00958723	0.999954	-0.00021	0	0	1	100
coast_decel	138	0	-726.91	17	0	786.801	0.371	-4.37094e-08	0.999954	-0.00958723	-4.19071e-10	0.00958723	0.999954	-0.00021	0	0	1	100
coast_decel	140	0	-713.91	17	0	778.041	0.371	-4.37094e-08	0.999954	-0.00958723	-4.19071e-10	0.00958723	0.999954	-0.00021	0	0	1	100
coast_decel	142	0	-701.05	17	0	769.281	0.371	-4.37094e-08	0.999954	-0.00958723	-4.19071e-10	0.00958723	0.999954	-0.00021	0	0	1	100
coast_decel	144	0	-688.34	17	0	760.521	0.371	-4.37094e-08	0.999954	-0.00958723	-4.19071e-10	0.00958723	0.999954	-0.00021	0	0	1	100
coast_decel	146	0	-675.78	17	0	751.761	0.371	-4.37094e-08	0.999954	-0.00958723	-4.19071e-10	0.00958723	0.999954	-0.00021	0	0	1	100
coast_decel	148	0	-663.36	17	0	743.001	0.371	-4.37094e-08	0.999954	-0.00958723	-4.19071e-10	0.00958723	0.999954	-0.00021	0	0	1	100
coast_decel	150	0	-651.08	17	0	734.241	0.371	-4.37094e-08	0.999954	-0.00958723	-4.19071e-10	0.00958723	0.999954	-0.00021	0	0	1	100
coast_decel	152	0	-638.95	17	0	725.481	0.371	-4.37094e-08	0.999954	-0.00958723	-4.19071e-10	0.00958723	0.999954	-0.00021	0	0	1	100
coast_decel	154	0	-626.97	17	0	716.721	0.371	-4.37094e-08	0.999954	-0.00958723	-4.19071e-10	0.00958723	0.999954	-0.00021	0	0	1	100
coast_decel	156	0	-615.13	17	0	707.961	0.371	-4.37094e-08	0.999954	-0.00958723	-4.19071e-10	0.00958723	0.999954	-0.00021	0	0	1	100
coast_decel	158	0	-603.44	17	0	699.201	0.371	-4.37094e-08	0.999954	-0.00958723	-4.19071e-10	0.00958723	0.999954	-0.00021	0	0	1	100
coast_decel	160	0	-591.9	17	0	690.441	0.371	-4.37094e-08	0.999954	-0.00958723	-4.19071e-10	0.00958723	0.999954	-0.00021	0	0	1	100
coast_decel	162	0	-580.5	17	0	681.681	0.371	-4.37094e-08	0.999954	-0.00958723	-4.19071e-10	0.00958723	0.999954	-0.00021	0	0	1	100
coast_decel	164	0	-569.25	17	0	672.921	0.371	-4.37094e-08	0.999954	-0.00958723	-4.19071e-10	0.00958723	0.999954	-0.00021	0	0	1	100
coast_decel	166	0	-558.15	17	0	664.161	0.371	-4.37094e-08	0.999954	-0.00958723	-4.19071e-10	0.00958723	0.999954	-0.00021	0	0	1	100
coast_decel	168	0	-547.19	17	0	655.401	0.371	-4.37094e-08	0.999954	-0.00958723	-4.19071e-10	0.00958723	0.999954	-0.00021	0	0	1	100
coast_decel	170	0	-536.37	17	0	646.641	0.371	-4.37094e-08	0.999954	-0.00958723	-4.19071e-10	0.00958723	0.999954	-0.00021	0	0	1	100
coast_decel	172	0	-525.7	17	0	637.881	0.371	-4.37094e-08	0.999954	-0.00958723	-4.19071e-10	0.00958723	0.999954	-0.00021	0	0	1	100
coast_decel	174	0	-515.18	17	0	629.121	0.371	-4.37094e-08	0.999954	-0.00958723	-4.19071e-10	0.00958723	0.999954	-0.00021	0	0	1	100
coast_decel	176	0	-504.8	17	0	620.361	0.371	-4.37094e-08	0.999954	-0.00958723	-4.19071e-10	0.00958723	0.999954	-0.00021	0	0	1	100
coast_decel	178	0	-494.57	17	0	611.601	0.371	-4.37094e-08	0.999954	-0.00958723	-4.19071e-10	0.00958723	0.999954	-0.00021	0	0	1	100
coast_decel	180	0	-484.49	17	0	602.841	0.371	-4.37094e-08	0.999954	-0.00958723	-4.19071e-10	0.00958723	0.999954	-0.00021	0	0	1	100
coast_decel	182	0	-474.55	17	0	594.081	0.371	-4.37094e-08	0.999954	-0.00958723	-4.19071e-10	0.00958723	0.999954	-0.00021	0	0	1	100
coast_decel	184	0	-464.76	17	0	585.321	0.371	-4.37094e-08	0.999954	-0.00958723	-4.19071e-10	0.00958723	0.999954	-0.00021	0	0	1	100
coast_decel	186	0	-455.12	17	0	576.561	0.371	-4.37094e-08	0.999954	-0.00958723	-4.19071e-10	0.00958723	0.999954	-0.00021	0	0	1	100
coast_decel	188	0	-445.62	17	0	567.801	0.371	-4.37094e-08	0.999954	-0.00958723	-4.19071e-10	0.00958723	0.999954	-0.00021	0	0	1	100
coast_decel	190	0	-436.26	17	0	559.041	0.371	-4.37094e-08	0.999954	-0.00958723	-4.19071e-10	0.00958723	0.999954	-0.00021	0	0	1	100
coast_decel	192	0	-427.05	17	0	550.281	0.371	-4.37094e-08	0.999954	-0.00958723	-4.19071e-10	0.00958723	0.999954	-0.00021	0	0	1	100
coast_decel	194	0	-417.99	17	0	541.521	0.371	-4.37094e-08	0.999954	-0.00958723	-4.19071e-10	0.00958723	0.999954	-0.00021	0	0	1	100
coast_decel	196	0	-409.07	17	0	532.761	0.371	-4.37094e-08	0.999954	-0.00958723	-4.19071e-10	0.00958723	0.999954	-0.00021	0	0	1	100
coast_decel	198	0	-400.3	17	0	524.001	0.371	-4.37094e-08	0.999954	-0.00958723	-4.19071e-10	0.00958723	0.999954	-0.00021	0	0	1	100
coast_decel	200	0	-391.68	17	0	515.241	0.371	-4.37094e-08	0.999954	-0.00958723	-4.19071e-10	0.00958723	0.999954	-0.00021	0	0	1	100
coast_decel	202	0	-383.2	17	0	506.481	0.371	-4.37094e-08	0.999954	-0.00958723	-4.19071e-10	0.00958723	0.999954	-0.00021	0	0	1	100
coast_decel	204	0	-374.87	17	0	497.721	0.371	-4.37094e-08	0.999954	-0.00958723	-4.19071e-10	0.00958723	0.999954	-0.00021	0	0	1	100
coast_decel	206	0	-366.69	17	0	488.961	0.371	-4.37094e-08	0.999954	-0.00958723	-4.19071e-10	0.00958723	0.999954	-0.00021	0	0	1	100
coast_decel	208	0	-358.65	17	0	480.201	0.371	-4.37094e-08	0.999954	-0.00958723	-4.19071e-10	0.00958723	0.999954	-0.00021	0	0	1	100
coast_decel	210	0	-350.75	17	0	471.441	0.371	-4.37094e-08	0.999954	-0.00958723	-4.19071e-10	0.00958723	0.999954	-0.00021	0	0	1	100
coast_decel	212	0	-343	17	0	462.681	0.371	-4.37094e-08	0.999954	-0.00958723	-4.19071e-10	0.00958723	0.999954	-0.00021	0	0	1	100
coast_decel	214	0	-335.4	17	0	453.921	0.371	-4.37094e-08	0.999954	-0.00958723	-4.19071e-10	0.00958723	0.999954	-0.00021	0	0	1	100
coast_decel	216	0	-327.94	17	0	445.161	0.371	-4.37094e-08	0.999954	-0.00958723	-4.19071e-10	0.00958723	0.999954	-0.00021	0	0	1	100
coast_decel	218	0	-320.63	17	0	436.401	0.371	-4.37094e-08	0.999954	-0.00958723	-4.19071e-10	0.00958723	0.999954	-0.00021	0	0	1	100
brake_hard	0	0	-1976.78	17	0	1391.24	0.091	-4.37114e-08	0.999999	-0.00115049	-5.02893e-11	0.00115049	0.999999	-0.08211	0	0	1	100
brake_hard	2	0	-1954.32	17	0	1332.9	-0.111	-4.37112e-08	0.999996	-0.00287621	-1.25723e-10	0.00287621	0.999996	-0.10721	0	0	1	100
brake_hard	4	0	-1932.84	17	0	1274.56	-0.291	-4.37109e-08	0.999989	-0.00460193	-2.01157e-10	0.00460193	0.999989	-0.10381	0	0	1	100
brake_hard	6	0	-1912.32	17	0	1216.22	-0.351	-4.37106e-08	0.999981	-0.00613588	-2.68208e-10	0.00613588	0.999981	-0.08831	0	0	1	100
brake_hard	8	0	-1892.78	17	0	1157.88	-0.311	-4.37102e-08	0.999973	-0.00738222	-3.22687e-10	0.00738222	0.999973	-0.06911	0	0	1	100
brake_hard	10	0	-1874.21	17	0	1099.54	-0.201	-4.37099e-08	0.999965	-0.00834092	-3.64593e-10	0.00834092	0.999965	-0.05071	0	0	1	100
brake_hard	12	0	-1856.61	17	0	1041.2	-0.071	-4.37097e-08	0.99996	-0.00891615	-3.89737e-10	0.00891615	0.99996	-0.03501	0	0	1	100
brake_hard	14	0	-1839.99	17	0	982.861	0.051	-4.37095e-08	0.999956	-0.00939549	-4.1069e-10	0.00939549	0.999956	-0.02281	0	0	1	100
brake_hard	16	0	-1824.34	17	0	924.521	0.151	-4.37093e-08	0.999953	-0.0096831	-4.23262e-10	0.0096831	0.999953	-0.01381	0	0	1	100
brake_hard	18	0	-1809.66	17	0	866.181	0.241	-4.37093e-08	0.999952	-0.00977897	-4.27452e-10	0.00977897	0.999952	-0.00751	0	0	1	100
brake_hard	20	0	-1795.95	17	0	807.841	0.311	-4.37093e-08	0.999951	-0.00987484	-4.31643e-10	0.00987484	0.999951	-0.00341	0	0	1	100
brake_hard	22	0	-1783.21	17	0	749.501	0.351	-4.37093e-08	0.999951	-0.00987484	-4.31643e-10	0.00987484	0.999951	-0.00151	0	0	1	100
brake_hard	24	0	-1771.45	17	0	691.161	0.371	-4.37092e-08	0.99995	-0.00997071	-4.35834e-10	0.00997071	0.99995	-0.00061	0	0	1	100
brake_hard	26	0	-1760.66	17	0	632.821	0.371	-4.37092e-08	0.99995	-0.00997071	-4.35834e-10	0.00997071	0.99995	-0.00031	0	0	1	100
brake_hard	28	0	-1750.84	17	0	574.481	0.371	-4.37092e-08	0.99995	-0.00997071	-4.35834e-10	0.00997071	0.99995	-0.00021	0	0	1	100
brake_hard	30	0	-1742	17	0	516.141	0.371	-4.37092e-08	0.99995	-0.00997071	-4.35834e-10	0.00997071	0.99995	-0.00021	0	0	1	100
brake_hard	32	0	-1734.12	17	0	457.801	0.371	-4.37092e-08	0.99995	-0.00997071	-4.35834e-10	0.00997071	0.99995	-0.00021	0	0	1	100
brake_hard	34	0	-1727.22	17	0	399.461	0.371	-4.37092e-08	0.99995	-0.00997071	-4.35834e-10	0.00997071	0.99995	-0.00021	0	0	1	100
brake_hard	36	0	-1721.29	17	0	341.121	0.371	-4.37092e-08	0.99995	-0.00997071	-4.35834e-10	0.00997071	0.99995	-0.00021	0	0	1	100
brake_hard	38	0	-1716.33	17	0	282.781	0.371	-4.37092e-08	0.99995	-0.00997071	-4.35834e-10	0.00997071	0.99995	-0.00021	0	0	1	100
brake_hard	40	0	-1712.35	17	0	224.441	0.371	-4.37092e-08	0.99995	-0.00997071	-4.35834e-10	0.00997071	0.99995	-0.00021	0	0	1	100
brake_hard	42	0	-1709.34	17	0	166.101	0.371	-4.37092e-08	0.99995	-0.00997071	-4.35834e-10	0.00997071	0.99995	-0.00021	0	0	1	100
brake_hard	44	0	-1707.3	17	0	107.761	0.371	-4.37092e-08	0.99995	-0.00997071	-4.35834e-10	0.00997071	0.99995	-0.00021	0	0	1	100
brake_hard	46	0	-1706.23	17	0	49.421	0.371	-4.37092e-08	0.99995	-0.00997071	-4.35834e-10	0.00997071	0.99995	-0.00021	0	0	1	100
brake_hard	48	0	-1706	17	0	7.091	0.371	-4.37092e-08	0.99995	-0.00997071	-4.35834e-10	0.00997071	0.99995	0.00081	0	0	1	100
brake_hard	50	0	-1706.21	17	0	-19.461	0.371	-4.37093e-08	0.999951	-0.00987484	-4.31643e-10	0.00987484	0.999951	0.00151	0	0	1	100
brake_hard	52	0	-1706.86	17	0	-45.671	0.371	-4.37093e-08	0.999951	-0.00987484	-4.31643e-10	0.00987484	0.999951	0.00161	0	0	1	100
brake_hard	54	0	-1707.95	17	0	-71.441	0.371	-4.37093e-08	0.999951	-0.00987484	-4.31643e-10	0.00987484	0.999951	0.00141	0	0	1	100
brake_hard	56	0	-1709.46	17	0	-96.771	0.371	-4.37093e-08	0.999952	-0.00977897	-4.27452e-10	0.00977897	0.999952	0.00101	0	0	1	100
brake_hard	58	0	-1711.38	17	0	-121.661	0.371	-4.37093e-08	0.999952	-0.00977897	-4.27452e-10	0.00977897	0.999952	0.00081	0	0	1	100
brake_hard	60	0	-1713.72	17	0	-146.131	0.371	-4.37093e-08	0.999952	-0.00977897	-4.27452e-10	0.00977897	0.999952	0.00071	0	0	1	100
brake_hard	62	0	-1716.46	17	0	-170.181	0.371	-4.37093e-08	0.999952	-0.00977897	-4.27452e-10	0.00977897	0.999952	0.00071	0	0	1	100
brake_hard	64	0	-1719.6	17	0	-193.821	0.371	-4.37093e-08	0.999952	-0.00977897	-4.27452e-10	0.00977897	0.999952	0.00071	0	0	1	100
brake_hard	66	0	-1723.12	17	0	-217.061	0.371	-4.37093e-08	0.999952	-0.00977897	-4.27452e-10	0.00977897	0.999952	0.00071	0	0	1	100
brake_hard	68	0	-1727.02	17	0	-239.901	0.371	-4.37093e-08	0.999952	-0.00977897	-4.27452e-10	0.00977897	0.999952	0.00071	0	0	1	100
brake_hard	70	0	-1731.3	17	0	-262.351	0.371	-4.37093e-08	0.999952	-0.00977897	-4.27452e-10	0.00977897	0.999952	0.00071	0	0	1	100
brake_hard	72	0	-1735.95	17	0	-284.421	0.371	-4.37093e-08	0.999952	-0.00977897	-4.27452e-10	0.00977897	0.999952	0.00081	0	0	1	100
brake_hard	74	0	-1740.96	17	0	-306.111	0.371	-4.37093e-08	0.999952	-0.00977897	-4.27452e-10	0.00977897	0.999952	0.00081	0	0	1	100
brake_hard	76	0	-1746.33	17	0	-327.431	0.371	-4.37093e-08	0.999952	-0.00977897	-4.27452e-10	0.00977897	0.999952	0.00081	0	0	1	100
brake_hard	78	0	-1752.05	17	0	-348.381	0.371	-4.37093e-08	0.999952	-0.00977897	-4.27452e-10	0.00977897	0.999952	0.00081	0	0	1	100
brake_hard	80	0	-1758.11	17	0	-368.971	0.371	-4.37093e-08	0.999952	-0.00977897	-4.27452e-10	0.00977897	0.999952	0.00091	0	0	1	100
brake_hard	82	0	-1764.51	17	0	-389.221	0.371	-4.37093e-08	0.999952	-0.00977897	-4.27452e-10	0.00977897	0.999952	0.00081	0	0	1	100
brake_hard	84	0	-1771.25	17	0	-409.121	0.371	-4.37093e-08	0.999952	-0.00977897	-4.27452e-10	0.00977897	0.999952	0.00081	0	0	1	100
brake_hard	86	0	-1778.31	17	0	-428.681	0.371	-4.37093e-08	0.999952	-0.00977897	-4.27452e-10	0.00977897	0.999952	0.00081	0	0	1	100
brake_hard	88	0	-1785.69	17	0	-447.911	0.371	-4.37093e-08	0.999952	-0.00977897	-4.27452e-10	0.00977897	0.999952	0.00081	0	0	1	100
brake_hard	90	0	-1793.39	17	0	-466.811	0.371	-4.37093e-08	0.999952	-0.00977897	-4.27452e-10	0.00977897	0.999952	0.00081	0	0	1	100
brake_hard	92	0	-1801.4	17	0	-485.391	0.371	-4.37093e-08	0.999952	-0.00977897	-4.27452e-10	0.00977897	0.999952	0.00081	0	0	1	100
brake_hard	94	0	-1809.72	17	0	-503.651	0.371	-4.37093e-08	0.999952	-0.00977897	-4.27452e-10	0.00977897	0.999952	0.00081	0	0	1	100
brake_hard	96	0	-1818.34	17	0	-521.601	0.371	-4.37093e-08	0.999952	-0.00977897	-4.27452e-10	0.00977897	0.999952	0.00091	0	0	1	100
brake_hard	98	0	-1827.25	17	0	-539.241	0.371	-4.37093e-08	0.999952	-0.00977897	-4.27452e-10	0.00977897	0.999952	0.00081	0	0	1	100
brake_hard	100	0	-1836.46	17	0	-556.581	0.371	-4.37093e-08	0.999952	-0.00977897	-4.27452e-10	0.00977897	0.999952	0.00081	0	0	1	100
brake_hard	102	0	-1845.95	17	0	-573.631	0.371	-4.37093e-08	0.999952	-0.00977897	-4.27452e-10	0.00977897	0.999952	0.00081	0	0	1	100
brake_hard	104	0	-1855.72	17	0	-590.381	0.371	-4.37093e-08	0.999952	-0.00977897	-4.27452e-10	0.00977897	0.999952	0.00081	0	0	1	100
brake_hard	106	0	-1865.77	17	0	-606.851	0.371	-4.37093e-08	0.999952	-0.00977897	-4.27452e-10	0.00977897	0.999952	0.00081	0	0	1	100
brake_hard	108	0	-1876.08	17	0	-623.041	0.371	-4.37093e-08	0.999952	-0.00977897	-4.27452e-10	0.00977897	0.999952	0.00081	0	0	1	100
brake_hard	110	0	-1886.66	17	0	-638.951	0.371	-4.37093e-08	0.999952	-0.00977897	-4.27452e-10	0.00977897	0.999952	0.00081	0	0	1	100
brake_hard	112	0	-1897.5	17	0	-654.591	0.371	-4.37093e-08	0.999952	-0.00977897	-4.27452e-10	0.00977897	0.999952	0.00091	0	0	1	100
brake_hard	114	0	-1908.6	17	0	-669.961	0.371	-4.37093e-08	0.999952	-0.00977897	-4.27452e-10	0.00977897	0.999952	0.00081	0	0	1	100
brake_hard	116	0	-1919.96	17	0	-685.071	0.371	-4.37093e-08	0.999952	-0.00977897	-4.27452e-10	0.00977897	0.999952	0.00081	0	0	1	100
brake_hard	118	0	-1931.56	17	0	-699.921	0.371	-4.37093e-08	0.999952	-0.00977897	-4.27452e-10	0.00977897	0.999952	0.00081	0	0	1	100
brake_hard	120	0	-1943.4	17	0	-714.521	0.371	-4.37093e-08	0.999952	-0.00977897	-4.27452e-10	0.00977897	0.999952	0.00081	0	0	1	100
brake_hard	122	0	-1955.48	17	0	-728.871	0.371	-4.37093e-08	0.999952	-0.00977897	-4.27452e-10	0.00977897	0.999952	0.00081	0	0	1	100
brake_hard	124	0	-1967.8	17	0	-742.971	0.371	-4.37093e-08	0.999952	-0.00977897	-4.27452e-10	0.00977897	0.999952	0.00081	0	0	1	100
brake_hard	126	0	-1980.36	17	0	-756.831	0.371	-4.37093e-08	0.999952	-0.00977897	-4.27452e-10	0.00977897	0.999952	0.00081	0	0	1	100
brake_hard	128	0	-1993.14	17	0	-770.451	0.371	-4.37093e-08	0.999952	-0.00977897	-4.27452e-10	0.00977897	0.999952	0.00081	0	0	1	100
brake_hard	130	0	-2006.15	17	0	-783.851	0.371	-4.37093e-08	0.999952	-0.00977897	-4.27452e-10	0.00977897	0.999952	0.00081	0	0	1	100
brake_hard	132	0	-2019.38	17	0	-797.011	0.371	-4.37093e-08	0.999952	-0.00977897	-4.27452e-10	0.00977897	0.999952	0.00091	0	0	1	100
brake_hard	134	0	-2032.83	17	0	-809.951	0.371	-4.37093e-08	0.999952	-0.00977897	-4.27452e-10	0.00977897	0.999952	0.00081	0	0	1	100
brake_hard	136	0	-2046.49	17	0	-822.671	0.371	-4.37093e-08	0.999952	-0.00977897	-4.27452e-10	0.00977897	0.999952	0.00081	0	0	1	100
brake_hard	138	0	-2060.36	17	0	-835.171	0.371	-4.37093e-08	0.999952	-0.00977897	-4.27452e-10	0.00977897	0.999952	0.00081	0	0	1	100
brake_hard	140	0	-2074.43	17	0	-847.461	0.371	-4.37093e-08	0.999952	-0.00977897	-4.27452e-10	0.00977897	0.999952	0.00081	0	0	1	100
brake_hard	142	0	-2088.7	17	0	-859.541	0.371	-4.37093e-08	0.999952	-0.00977897	-4.27452e-10	0.00977897	0.999952	0.00081	0	0	1	100
brake_hard	144	0	-2103.17	17	0	-871.411	0.371	-4.37093e-08	0.999952	-0.00977897	-4.27452e-10	0.00977897	0.999952	0.00081	0	0	1	100
brake_hard	146	0	-2117.84	17	0	-883.081	0.371	-4.37093e-08	0.999952	-0.00977897	-4.27452e-10	0.00977897	0.999952	0.00081	0	0	1	100
brake_hard	148	0	-2132.7	17	0	-894.551	0.371	-4.37093e-08	0.999952	-0.00977897	-4.27452e-10	0.00977897	0.999952	0.00081	0	0	1	100
brake_hard	150	0	-2147.75	17	0	-905.821	0.371	-4.37093e-08	0.999952	-0.00977897	-4.27452e-10	0.00977897	0.999952	0.00081	0	0	1	100
brake_hard	152	0	-2162.98	17	0	-916.911	0.371	-4.37093e-08	0.999952	-0.00977897	-4.27452e-10	0.00977897	0.999952	0.00081	0	0	1	100
brake_hard	154	0	-2178.4	17	0	-927.801	0.371	-4.37093e-08	0.999952	-0.00977897	-4.27452e-10	0.00977897	0.999952	0.00081	0	0	1	100
brake_hard	156	0	-2194	17	0	-938.511	0.371	-4.37093e-08	0.999952	-0.00977897	-4.27452e-10	0.00977897	0.999952	0.00081	0	0	1	100
brake_hard	158	0	-2209.77	17	0	-949.041	0.371	-4.37093e-08	0.999953	-0.0096831	-4.23262e-10	0.0096831	0.999953	0.00091	0	0	1	100
brake_hard	160	0	-2225.71	17	0	-959.381	0.371	-4.37093e-08	0.999953	-0.0096831	-4.23262e-10	0.0096831	0.999953	0.00081	0	0	1	100
brake_hard	162	0	-2241.83	17	0	-969.551	0.371	-4.37093e-08	0.999953	-0.0096831	-4.23262e-10	0.0096831	0.999953	0.00081	0	0	1	100
brake_hard	164	0	-2258.11	17	0	-979.551	0.371	-4.37093e-08	0.999953	-0.0096831	-4.23262e-10	0.0096831	0.999953	0.00081	0	0	1	100
brake_hard	166	0	-2274.55	17	0	-989.371	0.371	-4.37093e-08	0.999953	-0.0096831	-4.23262e-10	0.0096831	0.999953	0.00081	0	0	1	100
brake_hard	168	0	-2291.16	17	0	-999.031	0.371	-4.37093e-08	0.999953	-0.0096831	-4.23262e-10	0.0096831	0.999953	0.00081	0	0	1	100
brake_hard	170	0	-2307.92	17	0	-1008.53	0.371	-4.37093e-08	0.999953	-0.0096831	-4.23262e-10	0.0096831	0.999953	0.00081	0	0	1	100
brake_hard	172	0	-2324.84	17	0	-1017.85	0.371	-4.37093e-08	0.999953	-0.0096831	-4.23262e-10	0.0096831	0.999953	0.00081	0	0	1	100
brake_hard	174	0	-2341.92	17	0	-1027.03	0.371	-4.37093e-08	0.999953	-0.0096831	-4.23262e-10	0.0096831	0.999953	0.00081	0	0	1	100
brake_hard	176	0	-2359.15	17	0	-1036.05	0.371	-4.37093e-08	0.999953	-0.0096831	-4.23262e-10	0.0096831	0.999953	0.00081	0	0	1	100
brake_hard	178	0	-2376.53	17	0	-1044.91	0.371	-4.37093e-08	0.999953	-0.0096831	-4.23262e-10	0.0096831	0.999953	0.00081	0	0	1	100
steer_full	0	0	-981.78	17	0	1091.24	0.091	-4.37114e-08	0.999999	-0.00115049	-5.02893e-11	0.00115049	0.999999	-0.08211	0	0	1	100
steer_full	2	-0.29	-963.54	17	-22.501	1095.42	-0.111	-0.00786155	0.999965	-0.00278034	-2.18578e-05	0.00278025	0.999996	-0.10661	0.00061	0.61301	1	100
steer_full	4	-0.91	-945.22	17	-42.261	1100.1	-0.281	-0.02387	0.999704	-0.00460193	-1.40027e-05	0.0046029	0.999989	-0.10261	0.00061	1.06831	1	100
steer_full	6	-1.86	-926.82	17	-62.291	1104.78	-0.331	-0.0460023	0.998923	-0.00604001	-0.000182087	0.00603803	0.999982	-0.08631	0	1.40161	1	100
steer_full	8	-3.17	-908.36	17	-84.221	1109.02	-0.271	-0.0724152	0.997348	-0.00728634	-0.000336412	0.0072811	0.999973	-0.06651	-0.00091	1.64471	1	100
steer_full	10	-4.88	-889.83	17	-108.781	1112.43	-0.161	-0.10202	0.994749	-0.00814918	-0.000640663	0.00812622	0.999967	-0.04771	-0.00191	1.82281	1	100
steer_full	12	-7.03	-871.26	17	-136.151	1114.71	-0.021	-0.133816	0.990968	-0.0087244	-0.000882471	0.00868442	0.999962	-0.03201	-0.00261	1.95411	1	100
steer_full	14	-9.68	-852.67	17	-166.201	1115.58	0.101	-0.16727	0.985869	-0.00910788	-0.00123997	0.00902767	0.999958	-0.02001	-0.00291	2.05181	1	100
steer_full	16	-12.86	-834.08	17	-198.651	1114.84	0.221	-0.201753	0.979392	-0.00929962	-0.0015946	0.0091664	0.999957	-0.01131	-0.00281	2.12521	1	100
steer_full	18	-16.6	-815.53	17	-233.161	1112.36	0.311	-0.237013	0.97146	-0.00949136	-0.00206339	0.00926635	0.999955	-0.00531	-0.00261	2.18081	1	100
steer_full	20	-20.93	-797.05	17	-269.361	1108.03	0.381	-0.272701	0.962052	-0.00949136	-0.00240394	0.00918389	0.999955	-0.00191	-0.00221	2.22311	1	100
steer_full	22	-25.89	-778.66	17	-306.911	1101.79	0.411	-0.308565	0.951155	-0.00958723	-0.00277603	0.00917853	0.999954	-0.00041	-0.00201	2.25561	1	100
steer_full	24	-31.49	-760.4	17	-345.481	1093.6	0.421	-0.344356	0.93879	-0.00958723	-0.00321156	0.00903383	0.999954	0.00011	-0.00171	2.28061	1	100
steer_full	26	-37.74	-742.3	17	-384.761	1083.45	0.421	-0.380007	0.924934	-0.00958723	-0.0035547	0.0089044	0.999954	0.00021	-0.00141	2.30001	1	100
steer_full	28	-44.65	-724.39	17	-424.491	1071.34	0.421	-0.415364	0.909605	-0.00958723	-0.00389516	0.00876082	0.999954	0.00021	-0.00111	2.31521	1	100
steer_full	30	-52.22	-706.71	17	-464.431	1057.29	0.421	-0.450276	0.892838	-0.00958723	-0.00423149	0.00860341	0.999954	0.00021	-0.00091	2.32701	1	100
steer_full	32	-60.46	-689.28	17	-504.381	1041.32	0.421	-0.484679	0.874639	-0.00958723	-0.00456309	0.00843223	0.999954	0.00011	-0.00071	2.33631	1	100
steer_full	34	-69.36	-672.14	17	-544.151	1023.48	0.421	-0.518431	0.855066	-0.00958723	-0.00497054	0.00819809	0.999954	0.00011	-0.00051	2.34351	1	100
steer_full	36	-78.92	-655.32	17	-583.561	1003.8	0.421	-0.551473	0.834138	-0.00958723	-0.00528734	0.00799744	0.999954	0.00011	-0.00031	2.34921	1	100
steer_full	38	-89.14	-638.85	17	-622.481	982.331	0.421	-0.58375	0.811878	-0.00949136	-0.00554083	0.00770618	0.999955	0	-0.00031	2.35371	1	100
steer_full	40	-100	-622.77	17	-660.771	959.121	0.421	-0.615204	0.788311	-0.00949136	-0.00583939	0.00748248	0.999955	0	-0.00031	2.35711	1	100
steer_full	42	-111.48	-607.09	17	-698.331	934.211	0.421	-0.645707	0.763525	-0.00958723	-0.00619083	0.00732043	0.999954	0	-0.00031	2.35981	1	100
steer_full	44	-123.58	-591.85	17	-735.031	907.661	0.421	-0.675214	0.73756	-0.00958723	-0.00647373	0.00707148	0.999954	0	-0.00021	2.36191	1	100
steer_full	46	-136.28	-577.07	17	-770.781	879.511	0.421	-0.703745	0.710388	-0.00958723	-0.00674728	0.00681097	0.999954	0	-0.00011	2.36351	1	100
steer_full	48	-149.56	-562.78	17	-805.501	849.841	0.421	-0.731184	0.682113	-0.00958723	-0.00701035	0.00653988	0.999954	0	-0.00011	2.36471	1	100
steer_full	50	-163.4	-549.01	17	-839.111	818.701	0.421	-0.757487	0.65278	-0.00958723	-0.00726254	0.00625864	0.999954	0	-0.00011	2.36561	1	100
steer_full	52	-177.79	-535.77	17	-871.521	786.141	0.421	-0.782674	0.622358	-0.00958723	-0.00750403	0.00596696	0.999954	0	-0.00011	2.36621	1	100
steer_full	54	-192.7	-523.09	17	-902.681	752.221	0.421	-0.806584	0.591042	-0.00958723	-0.00773326	0.00566672	0.999954	0	-0.00011	2.36661	1	100
steer_full	56	-208.12	-510.99	17	-932.501	717.001	0.421	-0.829295	0.558729	-0.00958723	-0.00795101	0.00535691	0.999954	0	-0.00011	2.36691	1	100
steer_full	58	-224.02	-499.5	17	-960.951	680.551	0.421	-0.850662	0.525626	-0.00958723	-0.00815587	0.00503953	0.999954	0.00021	-0.00011	2.36711	1	100
steer_full	60	-240.37	-488.62	17	-987.961	642.931	0.421	-0.870755	0.491624	-0.00958723	-0.00834851	0.00471353	0.999954	0.00021	-0.00011	2.36711	1	100
steer_full	62	-257.16	-478.38	17	-1013.48	604.201	0.421	-0.889446	0.45694	-0.00958723	-0.00852772	0.00438099	0.999954	0	-0.00011	2.36711	1	100
steer_full	64	-274.36	-468.81	17	-1037.45	564.431	0.421	-0.906756	0.421546	-0.00958723	-0.00869368	0.00404165	0.999954	0	-0.00011	2.36691	1	100
steer_full	66	-291.93	-459.92	17	-1059.85	523.691	0.421	-0.922696	0.38541	-0.00958723	-0.0088465	0.00369519	0.999954	0	-0.00011	2.36671	1	100
steer_full	68	-309.86	-451.71	17	-1080.62	482.051	0.421	-0.937162	0.348762	-0.00958723	-0.00898521	0.00334382	0.999954	0	-0.00011	2.36651	1	100
steer_full	70	-328.11	-444.21	17	-1099.74	439.561	0.421	-0.950204	0.311482	-0.00958723	-0.00911024	0.00298639	0.999954	0	0	2.36631	1	100
steer_full	72	-346.66	-437.43	17	-1117.17	396.301	0.421	-0.961737	0.273808	-0.00958723	-0.00922082	0.00262518	0.999954	-0.00011	0	2.36611	1	100
steer_full	74	-365.48	-431.37	17	-1132.87	352.341	0.421	-0.971776	0.235709	-0.00958723	-0.00931708	0.0022599	0.999954	-0.00011	0	2.36571	1	100
steer_full	76	-384.54	-426.06	17	-1146.82	307.751	0.421	-0.980308	0.197244	-0.00958723	-0.00939887	0.00189111	0.999954	-0.00021	0	2.36541	1	100
steer_full	78	-403.81	-421.49	17	-1158.99	262.601	0.421	-0.987332	0.158378	-0.00958723	-0.00946622	0.00151847	0.999954	-0.00021	0	2.36501	1	100
steer_full	80	-423.25	-417.68	17	-1169.36	216.971	0.421	-0.992805	0.11936	-0.00958723	-0.00951869	0.00114438	0.999954	-0.00021	0	2.36471	1	100
steer_full	82	-442.85	-414.64	17	-1177.92	170.941	0.421	-0.996736	0.0801566	-0.00958723	-0.00955638	0.000768515	0.999954	-0.00021	0	2.36441	1	100
steer_full	84	-462.57	-412.37	17	-1184.64	124.571	0.421	-0.99912	0.040829	-0.00958723	-0.00957924	0.000391455	0.999954	-0.00021	0	2.36401	1	100
steer_full	86	-482.37	-410.88	17	-1189.52	77.941	0.421	-0.999953	0.00143799	-0.00958723	-0.00958722	1.37869e-05	0.999954	-0.00021	0	2.36361	1	100
steer_full	88	-502.24	-410.17	17	-1192.54	31.121	0.421	-0.999237	-0.0378593	-0.00958723	-0.00958036	-0.000362983	0.999954	-0.00021	0	2.36331	1	100
steer_full	90	-522.13	-410.24	17	-1193.7	-15.811	0.421	-0.99697	-0.0771938	-0.00958723	-0.00955862	-0.000740109	0.999954	-0.00021	0	2.36301	1	100
steer_full	92	-542.02	-411.09	17	-1192.99	-62.771	0.421	-0.993155	-0.116408	-0.00958723	-0.00952205	-0.00111609	0.999954	-0.00021	0	2.36271	1	100
steer_full	94	-561.87	-412.72	17	-1190.42	-109.691	0.421	-0.987798	-0.155442	-0.00958723	-0.00947069	-0.00149033	0.999954	-0.00021	0	2.36241	1	100
steer_full	96	-581.65	-415.13	17	-1185.99	-156.511	0.421	-0.980927	-0.194141	-0.00958723	-0.00940481	-0.00186136	0.999954	-0.00021	0	2.36201	1	100
steer_full	98	-601.34	-418.32	17	-1179.7	-203.141	0.421	-0.972517	-0.232633	-0.00958723	-0.00932418	-0.00223041	0.999954	-0.00011	0	2.36171	1	100
steer_full	100	-620.9	-422.29	17	-1171.56	-249.521	0.421	-0.962624	-0.270671	-0.00958723	-0.00922933	-0.00259511	0.999954	0	0	2.36141	1	100
steer_full	102	-640.3	-427.02	17	-1161.58	-295.561	0.421	-0.951214	-0.308383	-0.00958723	-0.00911993	-0.00295667	0.999954	0	0	2.36111	1	100
steer_full	104	-659.51	-432.51	17	-1149.77	-341.191	0.421	-0.93836	-0.345525	-0.00958723	-0.00899669	-0.00331278	0.999954	-0.00011	0	2.36081	1	100
steer_full	106	-678.51	-438.76	17	-1136.16	-386.341	0.421	-0.92402	-0.382223	-0.00958723	-0.00885921	-0.00366463	0.999954	-0.00011	0	2.36051	1	100
steer_full	108	-697.26	-445.76	17	-1120.76	-430.941	0.421	-0.908287	-0.41824	-0.00949136	-0.00862127	-0.00396985	0.999955	0	-0.00011	2.36021	1	100
steer_full	110	-715.73	-453.5	17	-1103.6	-474.921	0.421	-0.891149	-0.453611	-0.00949136	-0.0084586	-0.00430558	0.999955	0	-0.00011	2.35991	1	100
steer_full	112	-733.89	-461.96	17	-1084.71	-518.201	0.421	-0.872635	-0.488281	-0.00949136	-0.00828287	-0.00463467	0.999955	0.00011	-0.00011	2.35961	1	100
steer_full	114	-751.72	-471.13	17	-1064.11	-560.721	0.421	-0.852721	-0.522278	-0.00958723	-0.00817561	-0.00500743	0.999954	0.00011	-0.00011	2.35931	1	100
steer_full	116	-769.18	-481	17	-1041.83	-602.411	0.421	-0.831538	-0.555385	-0.00958723	-0.00797251	-0.00532485	0.999954	0.00011	0	2.35901	1	100
steer_full	118	-786.24	-491.55	17	-1017.91	-643.201	0.421	-0.809071	-0.587635	-0.00949136	-0.00767953	-0.00557771	0.999955	0.00021	0	2.35871	1	100
steer_full	120	-802.89	-502.77	17	-992.381	-683.031	0.421	-0.785353	-0.618976	-0.00949136	-0.0074544	-0.00587519	0.999955	0.00031	0	2.35841	1	100
steer_full	122	-819.09	-514.64	17	-965.291	-721.841	0.421	-0.760421	-0.649361	-0.00949136	-0.00721776	-0.00616359	0.999955	0.00041	0	2.35811	1	100
steer_full	124	-834.83	-527.14	17	-936.671	-759.561	0.421	-0.734316	-0.678742	-0.00949136	-0.00696997	-0.00644248	0.999955	0.00041	0	2.35791	1	100
steer_full	126	-850.06	-540.25	17	-906.571	-796.141	0.421	-0.707075	-0.707075	-0.00949136	-0.00671141	-0.00671141	0.999955	0.00041	0	2.35761	1	100
steer_full	128	-864.77	-553.96	17	-875.041	-831.511	0.421	-0.678812	-0.73425	-0.00949136	-0.00644315	-0.00696935	0.999955	0.00041	0	2.35731	1	100
steer_full	130	-878.95	-568.24	17	-842.121	-865.631	0.421	-0.649433	-0.760359	-0.00958723	-0.00622655	-0.00729007	0.999954	0.00041	0	2.35711	1	100
steer_full	132	-892.56	-583.08	17	-807.871	-898.431	0.421	-0.619051	-0.785293	-0.00958723	-0.00593525	-0.00752913	0.999954	0.00041	0.00011	2.35691	1	100
steer_full	134	-905.59	-598.45	17	-772.341	-929.861	0.421	-0.587712	-0.809014	-0.00958723	-0.00563479	-0.00775656	0.999954	0.00041	0.00011	2.35661	1	100
steer_full	136	-918	-614.33	17	-735.581	-959.881	0.421	-0.555545	-0.831431	-0.00958723	-0.00532638	-0.00797149	0.999954	0.00041	0.00011	2.35641	1	100
steer_full	138	-929.78	-630.69	17	-697.651	-988.431	0.421	-0.522442	-0.852621	-0.00958723	-0.005009	-0.00817465	0.999954	0.00031	0.00011	2.35611	1	100
steer_full	140	-940.92	-647.5	17	-658.611	-1015.47	0.421	-0.488616	-0.872447	-0.00958723	-0.00468469	-0.00836473	0.999954	0.00011	0.00011	2.35591	1	100
steer_full	142	-951.39	-664.74	17	-618.521	-1040.96	0.421	-0.453953	-0.890974	-0.00958723	-0.00435235	-0.00854237	0.999954	0	0.00011	2.35571	1	100
steer_full	144	-961.18	-682.39	17	-577.441	-1064.86	0.421	-0.418675	-0.908085	-0.00958723	-0.00401412	-0.00870643	0.999954	0	0.00011	2.35551	1	100
steer_full	146	-970.28	-700.42	17	-535.441	-1087.12	0.421	-0.382666	-0.923837	-0.00958723	-0.00366887	-0.00885745	0.999954	0	0.00011	2.35521	1	100
steer_full	148	-978.66	-718.8	17	-492.591	-1107.72	0.421	-0.346155	-0.938128	-0.00958723	-0.00331882	-0.00899447	0.999954	0.00011	0	2.35491	1	100
steer_full	150	-986.32	-737.5	17	-448.941	-1126.61	0.421	-0.309021	-0.951007	-0.00958723	-0.00296279	-0.00911794	0.999954	0.00011	0	2.35471	1	100
steer_full	152	-993.25	-756.49	17	-404.571	-1143.78	0.421	-0.271502	-0.96239	-0.00958723	-0.00260307	-0.00922708	0.999954	0.00011	0	2.35451	1	100
steer_full	154	-999.43	-775.75	17	-359.551	-1159.19	0.421	-0.233565	-0.972294	-0.00958723	-0.00223935	-0.00932204	0.999954	0.00011	0	2.35431	1	100
steer_full	156	-1004.86	-795.24	17	-313.941	-1172.82	0.421	-0.195269	-0.980703	-0.00958723	-0.00187218	-0.00940266	0.999954	0.00011	0	2.35411	1	100
steer_full	158	-1009.51	-814.93	17	-267.821	-1184.65	0.421	-0.156673	-0.987604	-0.00958723	-0.00150213	-0.00946882	0.999954	0	0	2.35391	1	100
steer_full	160	-1013.39	-834.81	17	-221.261	-1194.65	0.421	-0.117741	-0.992998	-0.00958723	-0.00112887	-0.00952054	0.999954	0	0	2.35371	1	100
steer_full	162	-1016.49	-854.82	17	-174.321	-1202.81	0.421	-0.0787231	-0.99685	-0.00958723	-0.000754771	-0.00955748	0.999954	0	0	2.35351	1	100
steer_full	164	-1018.81	-874.95	17	-127.091	-1209.12	0.421	-0.0395837	-0.99917	-0.00958723	-0.000379516	-0.00957972	0.999954	0	0	2.35331	1	100
steer_full	166	-1020.33	-895.16	17	-79.631	-1213.57	0.421	-0.000383522	-0.999954	-0.00958723	-3.67709e-06	-0.00958723	0.999954	0	0	2.35311	1	100
steer_full	168	-1021.07	-915.42	17	-32.021	-1216.14	0.421	0.0388174	-0.9992	-0.00958723	0.000372168	-0.00958001	0.999954	0	0	2.35291	1	100
steer_full	170	-1021.01	-935.7	17	15.661	-1216.85	0.421	0.0779585	-0.996911	-0.00958723	0.000747441	-0.00955805	0.999954	0	0	2.35271	1	100
steer_full	172	-1020.15	-955.97	17	63.341	-1215.68	0.421	0.11698	-0.993088	-0.00958723	0.00112156	-0.0095214	0.999954	0	0.00011	2.35251	1	100
steer_full	174	-1018.5	-976.2	17	110.951	-1212.63	0.421	0.155821	-0.987739	-0.00958723	0.00149396	-0.00947012	0.999954	0	0.00011	2.35231	1	100
steer_full	176	-1016.06	-996.35	17	158.411	-1207.7	0.421	0.194423	-0.980871	-0.00958723	0.00186407	-0.00940427	0.999954	0	0.00011	2.35211	1	100
steer_full	178	-1012.83	-1016.4	17	205.661	-1200.91	0.421	0.232726	-0.972495	-0.00958723	0.0022313	-0.00932397	0.999954	0	0	2.35191	1	100
steer_full	180	-1008.81	-1036.31	17	252.621	-1192.27	0.421	0.270671	-0.962624	-0.00958723	0.00259511	-0.00922933	0.999954	0	0	2.35171	1	100
steer_full	182	-1004.02	-1056.05	17	299.201	-1181.79	0.421	0.308109	-0.951303	-0.00958723	0.00295405	-0.00912078	0.999954	0	0	2.35151	1	100
steer_full	184	-998.45	-1075.6	17	345.351	-1169.48	0.421	0.345166	-0.938493	-0.00958723	0.00330933	-0.00899796	0.999954	0	0	2.35131	1	100
steer_full	186	-992.12	-1094.92	17	390.991	-1155.36	0.421	0.381691	-0.92424	-0.00958723	0.00365953	-0.00886131	0.999954	0	0	2.35111	1	100
steer_full	188	-985.04	-1113.98	17	436.041	-1139.46	0.421	0.41763	-0.908566	-0.00958723	0.0040041	-0.00871104	0.999954	0	0	2.35091	1	100
steer_full	190	-977.22	-1132.75	17	480.451	-1121.8	0.421	0.452842	-0.891539	-0.00958723	0.0043417	-0.00854779	0.999954	0	0	2.35071	1	100
steer_full	192	-968.66	-1151.21	17	524.141	-1102.4	0.421	0.487444	-0.873102	-0.00958723	0.00467345	-0.00837101	0.999954	0	0	2.35051	1	100
steer_full	194	-959.38	-1169.32	17	567.041	-1081.3	0.421	0.521215	-0.853371	-0.00958723	0.00499724	-0.00818185	0.999954	0	0	2.35031	1	100
steer_full	196	-949.4	-1187.06	17	609.081	-1058.52	0.421	0.554269	-0.832283	-0.00958723	0.00531415	-0.00797965	0.999954	0	0	2.35011	1	100
steer_full	198	-938.73	-1204.4	17	650.201	-1034.11	0.421	0.586392	-0.80997	-0.00958723	0.00562214	-0.00776573	0.999954	0	0	2.34991	1	100
handbrake_turn	0	0	-981.78	17	0.071	1091.24	0.061	-4.37113e-08	0.999999	-0.00134223	0.000287621	0.00134223	0.999999	-0.09141	0.01251	0.00011	1	100
handbrake_turn	2	-0.28	-963.54	17	-22.021	1095.11	-0.151	-0.0077657	0.999965	-0.00306796	0.000359659	0.00307084	0.999995	-0.10861	0.00461	0.60271	1	100
handbrake_turn	4	-0.88	-945.24	17	-41.181	1099.05	-0.301	-0.0235824	0.99971	-0.00479367	0.000270341	0.00480138	0.999988	-0.10111	0.00021	1.05341	1	100
handbrake_turn	6	-1.8	-926.88	17	-60.081	1102.61	-0.331	-0.0455234	0.998943	-0.00632763	0.000190811	0.00634289	0.99998	-0.08331	-0.00231	1.39791	1	100
handbrake_turn	8	-3.05	-908.47	17	-79.811	1105.44	-0.251	-0.0722238	0.99736	-0.00747809	-6.19941e-05	0.00749318	0.999972	-0.06331	-0.00391	1.66871	1	100
handbrake_turn	10	-4.64	-890.02	17	-100.601	1107.33	-0.121	-0.102688	0.99468	-0.00824505	-0.00036986	0.00825069	0.999966	-0.04481	-0.00481	1.88751	1	100
handbrake_turn	12	-6.59	-871.56	17	-122.181	1108.16	0.011	-0.13619	0.990643	-0.00882027	-0.00072638	0.00880337	0.999961	-0.02961	-0.00511	2.06831	1	100
handbrake_turn	14	-8.9	-853.1	17	-144.011	1107.92	0.131	-0.172088	0.985039	-0.00920375	-0.00120615	0.00913243	0.999958	-0.01811	-0.00481	2.22001	1	100
handbrake_turn	16	-11.57	-834.65	17	-165.401	1106.73	0.241	-0.210009	0.977654	-0.00939549	-0.00159828	0.00926649	0.999956	-0.00981	-0.00441	2.34771	1	100
handbrake_turn	18	-14.58	-816.22	17	-185.521	1104.85	0.331	-0.249473	0.968335	-0.00949136	-0.00208942	0.00926299	0.999955	-0.00431	-0.00381	2.45451	1	100
handbrake_turn	20	-17.9	-797.83	17	-203.501	1102.71	0.381	-0.289905	0.957008	-0.00949136	-0.00247645	0.00916711	0.999955	-0.00141	-0.00311	2.54191	1	100
handbrake_turn	22	-21.48	-779.48	17	-218.391	1100.94	0.401	-0.331001	0.943582	-0.00958723	-0.00290212	0.00914196	0.999954	-0.00021	-0.00261	2.61031	1	100
handbrake_turn	24	-25.26	-761.14	17	-229.201	1100.38	0.401	-0.372279	0.928071	-0.00958723	-0.00339133	0.00896943	0.999954	0.00021	-0.00221	2.65921	1	100
handbrake_turn	26	-29.21	-742.81	17	-239.501	1099.67	0.401	-0.413532	0.910439	-0.00958723	-0.00379023	0.00880829	0.999954	0.00041	-0.00181	2.70221	1	100
handbrake_turn	28	-33.34	-724.5	17	-250.561	1098.17	0.401	-0.45455	0.890669	-0.00958723	-0.00418729	0.00862661	0.999954	0.00051	-0.00151	2.74391	1	100
handbrake_turn	30	-37.67	-706.23	17	-262.301	1095.86	0.401	-0.495293	0.868673	-0.00958723	-0.00466542	0.00837604	0.999954	0.00051	-0.00121	2.78441	1	100
handbrake_turn	32	-42.2	-688	17	-274.641	1092.69	0.401	-0.535459	0.844507	-0.00958723	-0.00505284	0.0081482	0.999954	0.00041	-0.00081	2.82371	1	100
handbrake_turn	34	-46.94	-669.84	17	-287.491	1088.65	0.401	-0.574998	0.818099	-0.00958723	-0.00543445	0.00789879	0.999954	0.00031	-0.00061	2.86181	1	100
handbrake_turn	36	-51.9	-651.76	17	-300.761	1083.73	0.401	-0.613691	0.789488	-0.00958723	-0.00580817	0.0076282	0.999954	0.00021	-0.00041	2.89891	1	100
handbrake_turn	38	-57.08	-633.77	17	-314.371	1077.93	0.401	-0.651472	0.758612	-0.00958723	-0.00617336	0.00733579	0.999954	0.00011	-0.00031	2.93481	1	100
handbrake_turn	40	-62.5	-615.88	17	-328.251	1071.25	0.401	-0.688049	0.725601	-0.00958723	-0.00652722	0.00702279	0.999954	0.00011	-0.00011	2.96971	1	100
handbrake_turn	42	-68.14	-598.12	17	-342.311	1063.7	0.401	-0.72342	0.690342	-0.00958723	-0.00686973	0.00668813	0.999954	0.00011	-0.00011	3.00361	1	100
handbrake_turn	44	-74.02	-580.5	17	-356.491	1055.29	0.401	-0.757362	0.652925	-0.00958723	-0.00719874	0.00633265	0.999954	0.00011	-0.00011	3.03641	1	100
handbrake_turn	46	-80.14	-563.02	17	-370.711	1046.05	0.401	-0.789665	0.613464	-0.00958723	-0.00757105	0.00588169	0.999954	0.00011	-0.00011	3.06821	1	100
handbrake_turn	48	-86.5	-545.71	17	-384.911	1036.01	0.401	-0.820188	0.572013	-0.00958723	-0.0078637	0.00548428	0.999954	0.00011	0	3.09891	1	100
handbrake_turn	50	-93.1	-528.58	17	-399.041	1025.2	0.401	-0.848842	0.528559	-0.00958723	-0.00813842	0.00506765	0.999954	0.00011	0	3.12861	1	100
handbrake_turn	52	-99.92	-511.63	17	-413.041	1013.66	0.401	-0.875382	0.483337	-0.00958723	-0.00839288	0.00463408	0.999954	0.00011	0	3.15731	1	100
handbrake_turn	54	-106.98	-494.88	17	-426.871	1001.41	0.401	-0.899765	0.436268	-0.00958723	-0.00862666	0.0041828	0.999954	0.00011	0	3.18501	1	100
handbrake_turn	56	-114.26	-478.35	17	-440.501	988.511	0.401	-0.921769	0.38762	-0.00958723	-0.00883762	0.00371638	0.999954	0.00011	0	3.21161	1	100
handbrake_turn	58	-121.77	-462.04	17	-453.901	975.001	0.401	-0.941307	0.337416	-0.00958723	-0.00902494	0.00323503	0.999954	0	0	3.23721	1	100
handbrake_turn	60	-129.5	-445.96	17	-467.051	960.921	0.401	-0.958222	0.285865	-0.00958723	-0.00918712	0.00274078	0.999954	0	0	3.26171	1	100
handbrake_turn	62	-137.45	-430.12	17	-479.941	946.321	0.401	-0.972406	0.233099	-0.00958723	-0.00932311	0.00223488	0.999954	0	0.00011	3.28521	1	100
handbrake_turn	64	-145.6	-414.54	17	-492.551	931.241	0.401	-0.983755	0.17926	-0.00958723	-0.00943192	0.00171869	0.999954	0	0.00011	3.30771	1	100
handbrake_turn	66	-153.97	-399.21	17	-504.901	915.721	0.401	-0.992174	0.124498	-0.00958723	-0.00951264	0.00119365	0.999954	0	0.00011	3.32901	1	100
handbrake_turn	68	-162.54	-384.14	17	-516.991	899.801	0.401	-0.997566	0.0690669	-0.00958723	-0.00956434	0.000662191	0.999954	0	0.00011	3.34931	1	100
handbrake_turn	70	-171.31	-369.35	17	-528.831	883.491	0.401	-0.99987	0.0130378	-0.00949136	-0.00948931	0.000219618	0.999955	0	0.00011	3.36841	1	100
handbrake_turn	72	-180.27	-354.84	17	-540.461	866.831	0.401	-0.999016	-0.0433194	-0.00949136	-0.00948661	-0.000315395	0.999955	0	0.00011	3.38631	1	100
handbrake_turn	74	-189.42	-340.61	17	-551.901	849.831	0.401	-0.99496	-0.0998254	-0.00949136	-0.00944395	-0.000947522	0.999955	0	0.00021	3.40301	1	100
handbrake_turn	76	-198.76	-326.66	17	-563.181	832.511	0.401	-0.98768	-0.1562	-0.00949136	-0.00937485	-0.00148262	0.999955	0	0.00021	3.41841	1	100
handbrake_turn	78	-213.12	-306.29	17	-579.871	805.921	0.401	-0.970659	-0.240271	-0.00949136	-0.0092133	-0.00228061	0.999955	0	0.00021	3.43881	1	100
handbrake_turn	81	-222.92	-293.09	17	-590.841	787.731	0.401	-0.95524	-0.29568	-0.00949136	-0.00906694	-0.00280653	0.999955	-0.00011	0.00021	3.45281	1	100
handbrake_turn	83	-232.9	-280.19	17	-601.391	769.001	0.401	-0.93656	-0.350379	-0.00949136	-0.00888963	-0.00332573	0.999955	-0.00011	0.00021	3.47771	1	100
handbrake_turn	85	-243.05	-267.61	17	-611.521	749.751	0.401	-0.914518	-0.404434	-0.00949136	-0.00868041	-0.0038388	0.999955	-0.00011	0.00011	3.51391	1	100
handbrake_turn	87	-253.37	-255.36	17	-621.241	730.011	0.401	-0.889008	-0.457793	-0.00949136	-0.00843828	-0.00434527	0.999955	-0.00021	0	3.56131	1	100
handbrake_turn	89	-263.84	-243.45	17	-630.571	709.791	0.401	-0.8599	-0.510374	-0.00949136	-0.00816199	-0.00484437	0.999955	-0.00041	0	3.61981	1	100
handbrake_turn	91	-274.46	-231.88	17	-639.141	688.961	0.401	-0.827093	-0.561985	-0.00949136	-0.00785059	-0.00533424	0.999955	-0.00051	-0.00011	3.69381	1	100
handbrake_turn	93	-285.21	-220.67	17	-646.821	667.571	0.401	-0.790253	-0.612707	-0.00949136	-0.00750092	-0.00581568	0.999955	-0.00061	-0.00031	3.78461	1	100
handbrake_turn	95	-296.07	-209.82	17	-653.351	645.491	0.401	-0.74923	-0.662242	-0.00949136	-0.00711153	-0.00628587	0.999955	-0.00061	-0.00051	3.88741	1	100
handbrake_turn	97	-307.03	-199.35	17	-658.401	622.631	0.401	-0.703814	-0.710321	-0.00949136	-0.00668045	-0.00674222	0.999955	-0.00061	-0.00051	3.99731	1	100
handbrake_turn	99	-318.05	-189.27	17	-661.941	599.131	0.401	-0.653869	-0.756548	-0.00949136	-0.00627892	-0.00711831	0.999955	-0.00041	-0.00051	4.11381	1	100
handbrake_turn	101	-329.11	-179.57	17	-663.661	575.861	0.401	-0.599285	-0.800479	-0.00949136	-0.00576504	-0.00754052	0.999955	-0.00021	-0.00051	4.23021	1	100
handbrake_turn	103	-340.17	-170.26	17	-663.541	553.271	0.401	-0.540228	-0.841465	-0.00949136	-0.00520841	-0.00793522	0.999955	0	-0.00041	4.34421	1	100
handbrake_turn	105	-351.2	-161.31	17	-661.741	531.521	0.401	-0.476693	-0.879018	-0.00949136	-0.00460895	-0.00829775	0.999955	0.00011	-0.00031	4.45591	1	100
handbrake_turn	107	-362.18	-152.71	17	-657.941	510.691	0.401	-0.409076	-0.912451	-0.00949136	-0.00397035	-0.00862157	0.999955	0.00021	-0.00011	4.55391	1	100
handbrake_turn	109	-373.07	-144.45	17	-652.151	490.971	0.401	-0.337687	-0.941211	-0.00949136	-0.0032955	-0.0089014	0.999955	0.00041	0	4.63451	1	100
handbrake_turn	111	-383.84	-136.5	17	-644.631	472.531	0.401	-0.26328	-0.964673	-0.00949136	-0.00259149	-0.00913123	0.999955	0.00041	0.00021	4.69751	1	100
handbrake_turn	113	-394.48	-128.83	17	-635.641	455.521	0.401	-0.186424	-0.982424	-0.00949136	-0.00186369	-0.00930709	0.999955	0.00051	0.00041	4.74311	1	100
handbrake_turn	115	-404.95	-121.43	17	-625.491	440.051	0.401	-0.10793	-0.994113	-0.00949136	-0.00111976	-0.00942557	0.999955	0.00051	0.00061	4.77141	1	100
handbrake_turn	117	-415.24	-114.27	17	-614.491	426.141	0.401	-0.0284694	-0.99955	-0.00949136	-0.00036606	-0.00948479	0.999955	0.00051	0.00071	4.78261	1	100
handbrake_turn	119	-425.33	-107.32	17	-602.951	413.761	0.401	0.051172	-0.998645	-0.00949136	0.000485714	-0.00947893	0.999955	0.00041	0.00081	4.77671	1	100
handbrake_turn	121	-435.24	-100.56	17	-591.181	402.851	0.401	0.130203	-0.991441	-0.00958723	0.00124835	-0.00950561	0.999954	0.00031	0.00081	4.75371	1	100
handbrake_turn	123	-444.95	-93.96	17	-579.461	393.291	0.401	0.207758	-0.978133	-0.00958723	0.00199192	-0.00937802	0.999954	0.00021	0.00091	4.71341	1	100
handbrake_turn	125	-454.46	-87.51	17	-568.041	384.901	0.401	0.283199	-0.959013	-0.00958723	0.00271522	-0.0091947	0.999954	0.00021	0.00101	4.65551	1	100
handbrake_turn	127	-463.79	-81.19	17	-556.991	377.331	0.391	0.35576	-0.934528	-0.00958723	0.00341092	-0.00895995	0.999954	0	0.00101	4.57941	1	100
handbrake_turn	129	-472.94	-74.99	17	-546.361	370.331	0.391	0.425021	-0.905133	-0.00958723	0.00407496	-0.00867812	0.999954	0	0.00101	4.48821	1	100
handbrake_turn	131	-481.92	-68.9	17	-535.981	363.611	0.391	0.490371	-0.871461	-0.00958723	0.00470152	-0.00835528	0.999954	-0.00021	0.00081	4.39041	1	100
handbrake_turn	133	-490.72	-62.92	17	-525.831	357.121	0.381	0.551713	-0.833979	-0.00958723	0.0053696	-0.00794302	0.999954	-0.00041	0.00061	4.28871	1	100
handbrake_turn	135	-499.36	-57.05	17	-515.871	350.821	0.381	0.608835	-0.793239	-0.00958723	0.00591336	-0.00754694	0.999954	-0.00051	0.00051	4.18541	1	100
handbrake_turn	137	-507.84	-51.28	17	-506.061	344.651	0.381	0.661667	-0.749737	-0.00958723	0.00641573	-0.00712479	0.999954	-0.00061	0.00031	4.08281	1	100
handbrake_turn	139	-516.16	-45.61	17	-496.341	338.561	0.381	0.710253	-0.703881	-0.00958723	0.00687716	-0.00668048	0.999954	-0.00061	0.00011	3.98261	1	100
handbrake_turn	141	-524.32	-40.04	17	-486.681	332.521	0.381	0.754601	-0.656114	-0.00958723	0.00729777	-0.00621826	0.999954	-0.00061	0	3.88661	1	100
handbrake_turn	143	-532.32	-34.57	17	-477.011	326.511	0.381	0.794812	-0.606779	-0.00958723	0.00767858	-0.0057414	0.999954	-0.00051	-0.00011	3.79621	1	100
handbrake_turn	145	-540.14	-29.2	17	-467.291	320.521	0.381	0.831005	-0.556182	-0.00958723	0.00802073	-0.00525282	0.999954	-0.00041	-0.00021	3.71301	1	100
handbrake_turn	147	-547.8	-23.93	17	-457.461	314.551	0.381	0.863305	-0.504592	-0.00958723	0.00832547	-0.00475509	0.999954	-0.00031	-0.00031	3.63821	1	100
handbrake_turn	149	-555.3	-18.76	17	-447.501	308.601	0.381	0.89193	-0.452072	-0.00958723	0.00859488	-0.0042488	0.999954	-0.00011	-0.00031	3.57291	1	100
handbrake_turn	151	-562.63	-13.69	17	-437.351	302.711	0.381	0.916982	-0.398815	-0.00949136	0.00874204	-0.00369755	0.999955	0	-0.00041	3.51811	1	100
handbrake_turn	153	-569.79	-8.72	17	-427.001	296.901	0.381	0.938593	-0.344896	-0.00949136	0.008942	-0.00318369	0.999955	0.00011	-0.00041	3.47501	1	100
handbrake_turn	155	-576.77	-3.84	17	-416.111	291.121	0.381	0.956869	-0.290363	-0.00949136	0.00911024	-0.00266433	0.999955	0.00011	-0.00041	3.44511	1	100
handbrake_turn	157	-583.56	0.94	17	-404.511	285.501	0.381	0.971913	-0.23515	-0.00949136	0.00924774	-0.00213881	0.999955	0.00021	-0.00041	3.42811	1	100
handbrake_turn	159	-590.15	5.64	17	-392.161	280.221	0.381	0.983739	-0.179355	-0.00949136	0.00935464	-0.00160808	0.999955	0.00031	-0.00031	3.42391	1	100
handbrake_turn	161	-596.52	10.25	17	-379.021	275.451	0.381	0.992376	-0.122881	-0.00949136	0.00941943	-0.00116636	0.999955	0.00031	-0.00031	3.43251	1	100
handbrake_turn	163	-602.66	14.79	17	-365.081	271.391	0.381	0.997793	-0.0657191	-0.00949136	0.00947084	-0.000623792	0.999955	0.00031	-0.00031	3.45421	1	100
handbrake_turn	165	-608.56	19.28	17	-350.341	268.221	0.381	0.999925	-0.00776535	-0.00949136	0.00949108	-7.37071e-05	0.999955	0.00031	-0.00021	3.48971	1	100
handbrake_turn	167	-614.21	23.73	17	-334.831	266.141	0.381	0.998655	0.0509804	-0.00949136	0.00947902	0.000483896	0.999955	0.00031	-0.00021	3.53991	1	100
handbrake_turn	169	-619.58	28.15	17	-318.571	265.381	0.381	0.99382	0.110598	-0.00949136	0.00943313	0.00104978	0.999955	0.00051	-0.00021	3.60631	1	100
handbrake_turn	171	-624.67	32.58	17	-301.631	266.111	0.381	0.9852	0.171143	-0.00949136	0.00935132	0.00162445	0.999955	0.00061	-0.00011	3.68791	1	100
handbrake_turn	173	-629.48	37.03	17	-284.081	268.041	0.381	0.972585	0.232353	-0.00949136	0.00923157	0.00220545	0.999955	0.00061	0	3.77011	1	100
handbrake_turn	175	-633.99	41.54	17	-265.941	271.361	0.381	0.955777	0.293939	-0.00949136	0.00907204	0.00279001	0.999955	0.00051	0	3.85201	1	100
handbrake_turn	177	-638.19	46.12	17	-247.271	276.381	0.381	0.934597	0.355582	-0.00949136	0.008871	0.00337511	0.999955	0.00041	0	3.93501	1	100
handbrake_turn	179	-642.07	50.81	17	-228.181	283.361	0.381	0.908847	0.417021	-0.00949136	0.00862659	0.00395827	0.999955	0.00031	0.00011	4.01951	1	100
handbrake_turn	181	-645.63	55.63	17	-209.161	291.441	0.381	0.878424	0.477789	-0.00949136	0.00833781	0.00453507	0.999955	0.00031	0.00011	4.09461	1	100
handbrake_turn	183	-648.88	60.61	17	-190.361	300.631	0.371	0.843376	0.537239	-0.00949136	0.00805666	0.0050185	0.999955	0.00021	0.00011	4.15841	1	100
handbrake_turn	185	-651.82	65.75	17	-172.071	310.931	0.371	0.803742	0.594902	-0.00949136	0.00768599	0.00556963	0.999955	0.00011	0.00021	4.20891	1	100
handbrake_turn	187	-654.47	71.07	17	-154.921	321.841	0.371	0.759799	0.650089	-0.00949136	0.00727418	0.00609766	0.999955	0	0.00021	4.24041	1	100
handbrake_turn	189	-656.85	76.58	17	-138.921	333.511	0.371	0.711872	0.702245	-0.00949136	0.00682427	0.00659731	0.999955	0	0.00031	4.25221	1	100
handbrake_turn	191	-658.98	82.29	17	-124.241	345.541	0.371	0.660373	0.750878	-0.00949136	0.00634011	0.00706386	0.999955	0	0.00021	4.25541	1	100
handbrake_turn	193	-660.88	88.2	17	-110.971	357.451	0.371	0.605407	0.795859	-0.00949136	0.00582271	0.00749608	0.999955	-0.00011	0	4.26181	1	100
handbrake_turn	195	-662.58	94.31	17	-99.121	369.331	0.371	0.547308	0.836878	-0.00949136	0.00527517	0.00789099	0.999955	-0.00021	0	4.26901	1	100
handbrake_turn	197	-664.1	100.62	17	-88.701	381.231	0.371	0.486356	0.873709	-0.00949136	0.00470016	0.00824643	0.999955	-0.00021	0	4.27571	1	100
handbrake_turn	199	-665.46	107.13	17	-79.751	393.121	0.371	0.42285	0.90615	-0.00949136	0.00410049	0.00856044	0.999955	-0.00021	-0.00011	4.28091	1	100
air_roll	0	0	8.34	799.82	0	500.001	-13.531	-4.37114e-08	1	0	0	-0	1	0	0	0	0	100
air_roll	2	0	16.68	799.46	0	500.001	-24.351	-4.37114e-08	1	0	-0.00786157	-3.4364e-10	0.999969	0	-0.62631	0	0	100
air_roll	4	0	25.02	798.92	0	500.001	-35.171	-4.37114e-08	1	0	-0.0255955	-1.11882e-09	0.999672	0	-1.20361	0	0	100
air_roll	6	0	33.36	798.2	0	500.001	-45.991	-4.37114e-08	1	0	-0.0523232	-2.28712e-09	0.99863	0	-1.73571	0	0	100
air_roll	8	0	41.7	797.3	0	500.001	-56.811	-4.37114e-08	1	0	-0.0873255	-3.81712e-09	0.99618	0	-2.22611	0	0	100
air_roll	10	0	50.04	796.22	0	500.001	-67.631	-4.37114e-08	1	0	-0.129829	-5.67501e-09	0.991536	0	-2.67811	0	0	100
air_roll	12	0	58.38	794.96	0	500.001	-78.451	-4.37114e-08	1	0	-0.179174	-7.83195e-09	0.983817	0	-3.09481	0	0	100
air_roll	14	0	66.72	793.52	0	500.001	-89.271	-4.37114e-08	1	0	-0.234322	-1.02425e-08	0.972159	0	-3.47881	0	0	100
air_roll	16	0	75.06	791.9	0	500.001	-100.091	-4.37114e-08	1	0	-0.294502	-1.28731e-08	0.955651	0	-3.83281	0	0	100
air_roll	18	0	83.4	790.1	0	500.001	-110.911	-4.37114e-08	1	0	-0.358732	-1.56807e-08	0.933441	0	-4.15901	0	0	100
air_roll	20	0	91.74	788.12	0	500.001	-121.731	-4.37114e-08	1	0	-0.425994	-1.86208e-08	0.904726	0	-4.45971	0	0	100
air_roll	22	0	100.08	785.96	0	500.001	-132.551	-4.37114e-08	1	0	-0.495066	-2.164e-08	0.868856	0	-4.73681	0	0	100
air_roll	24	0	108.42	783.62	0	500.001	-143.371	-4.37114e-08	1	0	-0.564704	-2.4684e-08	0.825294	0	-4.99221	0	0	100
air_roll	26	0	116.76	781.1	0	500.001	-154.191	-4.37114e-08	1	0	-0.633578	-2.76946e-08	0.773679	0	-5.22761	0	0	100
air_roll	28	0	125.1	778.39	0	500.001	-165.011	-4.37114e-08	1	0	-0.7005	-3.06198e-08	0.713652	0	-5.44461	0	0	100
air_roll	30	0	133.44	775.5	0	500.001	-175.831	-4.37114e-08	1	0	-0.763684	-3.33817e-08	0.64559	0	-5.50001	0	0	100
air_roll	32	0	141.78	772.43	0	500.001	-186.651	-4.37114e-08	1	0	-0.8205	-3.58652e-08	0.571646	0	-5.50001	0	0	100
air_roll	34	0	150.12	769.18	0	500.001	-197.471	-4.37114e-08	1	0	-0.870181	-3.80368e-08	0.492731	0	-5.50001	0	0	100
air_roll	36	0	158.46	765.75	0	500.001	-208.291	-4.37114e-08	1	0	-0.912335	-3.98794e-08	0.409444	0	-5.50001	0	0	100
air_roll	38	0	166.8	762.14	0	500.001	-219.111	-4.37114e-08	1	0	-0.946539	-4.13745e-08	0.322589	0	-5.50001	0	0	100
air_roll	40	0	175.14	758.35	0	500.001	-229.931	-4.37114e-08	1	0	-0.972473	-4.25081e-08	0.233017	0	-5.50001	0	0	100
air_roll	42	0	183.48	754.38	0	500.001	-240.751	-4.37114e-08	1	0	-0.989964	-4.32727e-08	0.141323	0	-5.50001	0	0	100
air_roll	44	0	191.82	750.23	0	500.001	-251.571	-4.37114e-08	1	0	-0.998824	-4.366e-08	0.0484932	0	-5.50001	0	0	100
air_roll	46	0	200.16	745.9	0	500.001	-262.391	-4.37114e-08	1	-9.58738e-05	-0.998994	-4.34397e-06	-0.0448538	0	-5.50001	0	0	100
air_roll	48	0	208.5	741.39	0	500.001	-273.211	-4.37114e-08	1	-9.58738e-05	-0.990472	-1.32466e-05	-0.137715	0	-5.50001	0	0	100
air_roll	50	0	216.84	736.7	0	500.001	-284.031	-4.37114e-08	1	0	-0.973315	-4.2545e-08	-0.229472	0	-5.50001	0	0	100
air_roll	52	0	225.18	731.83	0	500.001	-294.851	-4.37114e-08	1	-9.58738e-05	-0.947708	-3.06385e-05	-0.319139	0	-5.50001	0	0	100
air_roll	54	0	233.52	726.78	0	500.001	-305.671	-4.37114e-08	1	-9.58738e-05	-0.913821	-3.8976e-05	-0.406118	0	-5.50001	0	0	100
air_roll	56	0	241.86	721.55	0	500.001	-316.491	9.59198e-05	1	-9.58738e-05	-0.872018	3.6716e-05	-0.489474	0	-5.50001	0	0	100
air_roll	58	0	250.2	716.14	0	500.001	-327.311	9.59198e-05	1	0	-0.822577	7.89014e-05	-0.568653	0	-5.50001	0	0	100
air_roll	60	0	258.54	710.55	0	500.001	-338.131	9.59198e-05	1	0	-0.766031	7.34775e-05	-0.642804	0	-5.50001	0	0	100
air_roll	62	0	266.88	704.78	0	500.001	-348.951	9.59198e-05	1	0	-0.702755	6.74081e-05	-0.711432	0	-5.50001	0	0	100
air_roll	64	0	275.22	698.83	0	500.001	-359.771	-4.37114e-08	1	0	-0.633429	-2.76881e-08	-0.7738	0	-5.50001	0	0	100
air_roll	66	0	283.56	692.7	0	500.001	-370.591	-4.37114e-08	1	0	-0.558516	-2.44135e-08	-0.829494	0	-5.50001	0	0	100
air_roll	68	0	291.9	686.39	0	500.001	-381.411	-4.37114e-08	1	0	-0.478821	-2.09299e-08	-0.877913	0	-5.50001	0	0	100
air_roll	70	0	300.24	679.9	0	500.001	-392.231	-4.37114e-08	1	0	-0.394873	-1.72605e-08	-0.918736	0	-5.50001	0	0	100
air_roll	72	0	308.58	673.23	0	500.001	-403.051	-4.37114e-08	1	0	-0.307576	-1.34446e-08	-0.951524	0	-5.50001	0	0	100
air_roll	74	0	316.92	666.38	0	500.001	-413.871	-4.37114e-08	1	0	-0.217604	-9.51179e-09	-0.976037	0	-5.50001	0	0	100
air_roll	76	0	325.26	659.35	0	500.001	-424.691	-4.37114e-08	1	0	-0.125645	-5.49213e-09	-0.992075	0	-5.50001	0	0	100
air_roll	78	0	333.6	652.14	0	500.001	-435.511	-4.37114e-08	1	0	-0.0326872	-1.4288e-09	-0.999466	0	-5.50001	0	0	100
air_roll	80	0	341.94	644.75	0	500.001	-446.331	-4.37114e-08	1	0	0.0606509	2.65114e-09	-0.998159	0	-5.50001	0	0	100
air_roll	82	0	350.28	637.18	0	500.001	-457.151	-4.37114e-08	1	0	0.153461	6.70797e-09	-0.988155	0	-5.50001	0	0	100
air_roll	84	0	358.62	629.43	0	500.001	-467.971	-4.37114e-08	1	0	0.24484	1.07023e-08	-0.969564	0	-5.50001	0	0	100
air_roll	86	0	366.96	621.5	0	500.001	-478.791	-4.37114e-08	1	0	0.33409	1.46035e-08	-0.942541	0	-5.50001	0	0	100
air_roll	88	0	375.3	613.38	0	500.001	-489.611	9.59198e-05	1	0	0.420522	-4.03364e-05	-0.907282	0	-5.50001	0	0	100
air_roll	90	0	383.64	605.08	0	500.001	-500.431	9.59198e-05	1	0	0.50329	-4.82755e-05	-0.864118	0	-5.50001	0	0	100
air_roll	92	0	391.98	596.6	0	500.001	-511.251	-4.37114e-08	1	0	0.581594	2.54223e-08	-0.813479	0	-5.50001	0	0	100
air_roll	94	0	400.32	587.94	0	500.001	-522.071	-4.37114e-08	1	0	0.654913	2.86272e-08	-0.755704	0	-5.50001	0	0	100
air_roll	96	0	408.66	579.1	0	500.001	-532.891	-4.37114e-08	1	0	0.72246	3.15797e-08	-0.691413	0	-5.50001	0	0	100
air_roll	98	0	417	570.08	0	500.001	-543.711	-4.37114e-08	1	0	0.783783	3.42603e-08	-0.621035	0	-5.50001	0	0	100
air_roll	100	0	425.34	560.88	0	500.001	-554.531	-4.37114e-08	1	0	0.838225	3.664e-08	-0.545325	0	-5.50001	0	0	100
air_roll	102	0	433.68	551.5	0	500.001	-565.351	-4.37114e-08	1	0	0.885422	3.8703e-08	-0.464788	0	-5.50001	0	0	100
air_roll	104	0	442.02	541.94	0	500.001	-576.171	-4.37114e-08	1	0	0.924867	4.04272e-08	-0.380291	0	-5.50001	0	0	100
air_roll	106	0	450.36	532.2	0	500.001	-586.991	-4.37114e-08	1	0	0.956298	4.18011e-08	-0.292394	0	-5.50001	0	0	100
air_roll	108	0	458.7	522.28	0	500.001	-597.811	-4.37114e-08	1	0	0.979376	4.28099e-08	-0.202044	0	-5.50001	0	0	100
air_roll	110	0	467.04	512.18	0	500.001	-608.631	-4.37114e-08	1	0	0.993939	4.34464e-08	-0.109936	0	-5.50001	0	0	100
air_roll	112	0	475.38	501.9	0	500.001	-619.451	-4.37114e-08	1	9.58738e-05	0.999859	1.65219e-06	-0.0167771	0	-5.50001	0	0	100
air_roll	114	0	483.72	491.44	0	500.001	-630.271	-4.37114e-08	1	9.58738e-05	0.997075	-7.28431e-06	0.0764327	0	-5.50001	0	0	100
air_roll	116	0	492.06	480.8	0	500.001	-641.091	-4.37114e-08	1	9.58738e-05	0.985604	-1.61665e-05	0.169072	0	-5.50001	0	0	100
air_roll	118	0	500.4	469.98	0	500.001	-651.911	-4.37114e-08	1	9.58738e-05	0.965569	-2.4899e-05	0.260146	0	-5.50001	0	0	100
air_roll	120	0	508.74	458.98	0	500.001	-662.731	-4.37114e-08	1	9.58738e-05	0.937105	-3.34236e-05	0.349048	0	-5.50001	0	0	100
air_roll	122	0	517.08	447.8	0	500.001	-673.551	-4.37114e-08	1	9.58738e-05	0.900517	-4.16486e-05	0.434821	0	-5.50001	0	0	100
air_roll	124	0	525.42	436.44	0	500.001	-684.371	-4.37114e-08	1	9.58738e-05	0.856048	-4.95194e-05	0.516896	0	-5.50001	0	0	100
air_roll	126	0	533.76	424.9	0	500.001	-695.191	-4.37114e-08	1	9.58738e-05	0.804177	-5.69512e-05	0.594389	0	-5.50001	0	0	100
air_roll	128	0	542.1	413.18	0	500.001	-706.011	-4.37114e-08	1	9.58738e-05	0.74525	-6.38947e-05	0.666786	0	-5.50001	0	0	100
air_roll	130	0	550.44	401.28	0	500.001	-716.831	-4.37114e-08	1	9.58738e-05	0.679898	-7.02752e-05	0.733306	0	-5.50001	0	0	100
air_roll	132	0	558.78	389.2	0	500.001	-727.651	-4.37114e-08	1	9.58738e-05	0.608559	-7.60501e-05	0.793509	0	-5.50001	0	0	100
air_roll	134	0	567.12	376.94	0	500.001	-738.471	-4.37114e-08	1	9.58738e-05	0.531997	-8.11575e-05	0.846746	0	-5.50001	0	0	100
air_roll	136	0	575.46	364.5	0	500.001	-749.291	-4.37114e-08	1	0	0.45081	1.97055e-08	0.89262	0	-5.50001	0	0	100
air_roll	138	0	583.8	351.88	0	500.001	-760.111	-4.37114e-08	1	0	0.365613	1.59815e-08	0.930767	0	-5.50001	0	0	100
air_roll	140	0	592.14	339.08	0	500.001	-770.931	-4.37114e-08	1	0	0.277322	1.21221e-08	0.960777	0	-5.50001	0	0	100
air_roll	142	0	600.48	326.1	0	500.001	-781.751	-4.37114e-08	1	0	0.186526	8.15332e-09	0.98245	0	-5.50001	0	0	100
air_roll	144	0	608.82	312.94	0	500.001	-792.571	-4.37114e-08	1	0	0.0941999	4.11761e-09	0.995553	0	-5.50001	0	0	100
air_roll	146	0	617.16	299.6	0	500.001	-803.391	-4.37114e-08	1	0	0.000958738	4.19078e-11	1	0	-5.50001	0	0	100
air_roll	148	0	625.5	286.07	0	500.001	-814.211	-9.5888e-05	1	0	-0.0921954	-8.84043e-06	0.995741	0	-5.50001	0	0	100
air_roll	150	0	633.84	272.36	0	500.001	-825.031	-9.5888e-05	1	0	-0.184642	-1.77049e-05	0.982806	0	-5.50001	0	0	100
air_roll	152	0	642.18	258.47	0	500.001	-835.851	-9.5888e-05	1	0	-0.275387	-2.64063e-05	0.961333	0	-5.50001	0	0	100
air_roll	154	0	650.52	244.4	0	500.001	-846.671	-9.5888e-05	1	0	-0.363828	-3.48867e-05	0.931466	0	-5.50001	0	0	100
air_roll	156	0	658.86	230.15	0	500.001	-857.491	-9.5888e-05	1	0	-0.449012	-4.30548e-05	0.893526	0	-5.50001	0	0	100
air_roll	158	0	667.2	215.72	0	500.001	-868.311	-9.5888e-05	1	0	-0.530373	-5.08564e-05	0.847765	0	-5.50001	0	0	100
air_pitch	0	0	8.34	799.86	0	500.001	-10.821	-4.37114e-08	1	0	0	-0	1	0	0	0	0	100
air_pitch	2	0	16.68	799.54	0	500.001	-21.641	-4.37112e-08	0.999997	0.00258859	1.13151e-10	-0.00258859	0.999997	0.20761	0	0	0	100
air_pitch	4	0	25.02	799.04	0	500.001	-32.461	-4.37098e-08	0.999963	0.00862854	3.77165e-10	-0.00862854	0.999963	0.41521	0	0	0	100
air_pitch	6	0	33.36	798.36	0	500.001	-43.281	-4.37042e-08	0.999836	0.0181192	7.92013e-10	-0.0181192	0.999836	0.62281	0	0	0	100
air_pitch	8	0	41.7	797.5	0	500.001	-54.101	-4.36902e-08	0.999515	0.0311539	1.36178e-09	-0.0311539	0.999515	0.83041	0	0	0	100
air_pitch	10	0	50.04	796.46	0	500.001	-64.921	-4.3662e-08	0.99887	0.0475355	2.07784e-09	-0.0475355	0.99887	1.03801	0	0	0	100
air_pitch	12	0	58.38	795.24	0	500.001	-75.741	-4.36119e-08	0.997723	0.0674439	2.94807e-09	-0.0674439	0.997723	1.24561	0	0	0	100
air_pitch	14	0	66.72	793.84	0	500.001	-86.561	-4.35314e-08	0.995881	0.0906678	3.96322e-09	-0.0906678	0.995881	1.45321	0	0	0	100
air_pitch	16	0	75.06	792.26	0	500.001	-97.381	-4.34093e-08	0.993089	0.117366	5.13023e-09	-0.117366	0.993089	1.66081	0	0	0	100
air_pitch	18	0	83.4	790.5	0	500.001	-108.201	-4.3234e-08	0.989078	0.147394	6.44281e-09	-0.147394	0.989078	1.86841	0	0	0	100
air_pitch	20	0	91.74	788.56	0	500.001	-119.021	-4.2992e-08	0.983541	0.180683	7.8979e-09	-0.180683	0.983541	2.07601	0	0	0	100
air_pitch	22	0	100.08	786.44	0	500.001	-129.841	-4.26685e-08	0.976141	0.217136	9.49133e-09	-0.217136	0.976141	2.28361	0	0	0	100
air_pitch	24	0	108.42	784.14	0	500.001	-140.661	-4.22475e-08	0.966511	0.256627	1.12175e-08	-0.256627	0.966511	2.49121	0	0	0	100
air_pitch	26	0	116.76	781.66	0	500.001	-151.481	-4.17119e-08	0.954257	0.298988	1.30692e-08	-0.298988	0.954257	2.69881	0	0	0	100
air_pitch	28	0	125.1	779	0	500.001	-162.301	-4.10435e-08	0.938965	0.344011	1.50372e-08	-0.344011	0.938965	2.90641	0	0	0	100
air_pitch	30	0	133.44	776.16	0	500.001	-173.121	-4.02218e-08	0.920168	0.391523	1.7114e-08	-0.391523	0.920168	3.11401	0	0	0	100
air_pitch	32	0	141.78	773.14	0	500.001	-183.941	-3.92307e-08	0.897494	0.441027	1.92779e-08	-0.441027	0.897494	3.32161	0	0	0	100
air_pitch	34	0	150.12	769.94	0	500.001	-194.761	-3.80472e-08	0.870418	0.492314	2.15197e-08	-0.492314	0.870418	3.52921	0	0	0	100
air_pitch	36	0	158.46	766.56	0	500.001	-205.581	-3.6656e-08	0.838591	0.544762	2.38123e-08	-0.544762	0.838591	3.73681	0	0	0	100
air_pitch	38	0	166.8	763	0	500.001	-216.401	-3.50343e-08	0.801491	0.598007	2.61397e-08	-0.598007	0.801491	3.94441	0	0	0	100
air_pitch	40	0	175.14	759.26	0	500.001	-227.221	-3.31697e-08	0.758835	0.651283	2.84685e-08	-0.651283	0.758835	4.15201	0	0	0	100
air_pitch	42	0	179.31	757.32	0	500.001	-232.631	-3.21392e-08	0.735259	0.677786	2.9627e-08	-0.677786	0.735259	4.25581	0	0	0	100
air_pitch	43	0	187.65	753.31	0	500.001	-243.451	-2.98757e-08	0.683476	0.729973	3.19081e-08	-0.729973	0.683476	4.46341	0	0	0	100
air_pitch	45	0	195.99	749.12	0	500.001	-254.271	-2.73331e-08	0.625309	0.780378	3.41114e-08	-0.780378	0.625309	4.67101	0	0	0	100
air_pitch	47	0	204.33	744.75	0	500.001	-265.091	-2.45038e-08	0.560582	0.828099	3.61973e-08	-0.828099	0.560582	4.87861	0	0	0	100
air_pitch	49	0	212.67	740.2	0	500.001	-275.911	-2.13846e-08	0.489223	0.872159	3.81233e-08	-0.872159	0.489223	5.08621	0	0	0	100
air_pitch	51	0	221.01	735.47	0	500.001	-286.731	3.94415e-05	0.411193	0.911548	0.00029606	-0.911548	0.411193	5.29381	0	0	0	100
air_pitch	53	0	229.35	730.56	0	500.001	-297.551	3.13515e-05	0.326851	0.945076	0.000292844	-0.945076	0.326851	5.50001	0	0	0	100
air_pitch	55	0	237.69	725.47	0	500.001	-308.371	2.27621e-05	0.237303	0.971436	0.000290315	-0.971436	0.237303	5.50001	0	0	0	100
air_pitch	57	0	246.03	720.2	0	500.001	-319.191	1.39743e-05	0.145687	0.989331	0.000288599	-0.989331	0.145687	5.50001	0	0	0	100
air_pitch	59	0	254.37	714.75	0	500.001	-330.011	1.51587e-05	0.0527062	0.99861	9.62867e-05	-0.99861	0.0527062	5.50001	0	0	0	100
air_pitch	61	0	262.71	709.11	0	500.001	-340.831	1.94831e-05	-0.0406392	0.999174	9.54919e-05	-0.999174	-0.0406392	5.50001	0	0	0	100
air_pitch	63	0	271.05	703.29	0	500.001	-351.651	1.28178e-05	-0.133631	0.991031	9.49721e-05	-0.991031	-0.133631	5.50001	0	0	0	100
air_pitch	65	0	279.39	697.29	0	500.001	-362.471	2.16258e-05	-0.225458	0.974253	9.33627e-05	-0.974253	-0.225458	5.50001	0	0	0	100
air_pitch	67	0	287.73	691.11	0	500.001	-373.291	3.02454e-05	-0.31532	0.948985	9.0939e-05	-0.948985	-0.31532	5.50001	0	0	0	100
air_pitch	69	0	296.07	684.75	0	500.001	-384.111	3.86099e-05	-0.402522	0.91541	8.77185e-05	-0.91541	-0.402522	5.50001	0	0	0	100
air_pitch	71	0	304.41	678.21	0	500.001	-394.931	4.66291e-05	-0.486126	0.873888	8.37358e-05	-0.873888	-0.486126	5.50001	0	0	0	100
air_pitch	73	0	312.75	671.49	0	500.001	-405.751	5.42421e-05	-0.565495	0.824752	7.90226e-05	-0.824752	-0.565495	5.50001	0	0	0	100
air_pitch	75	0	321.09	664.59	0	500.001	-416.571	6.13824e-05	-0.639935	0.768429	7.36201e-05	-0.768429	-0.639935	5.50001	0	0	0	100
air_pitch	77	0	329.43	657.51	0	500.001	-427.391	-3.09826e-08	-0.7088	0.70541	-1.18257e-07	-0.70541	-0.7088	5.50001	0	0	0	100
air_pitch	79	0	337.77	650.25	0	500.001	-438.211	-3.37228e-08	-0.771488	0.636244	-1.15234e-07	-0.636244	-0.771488	5.50001	0	0	0	100
air_pitch	81	0	346.11	642.81	0	500.001	-449.031	-3.61715e-08	-0.827507	0.561455	-1.11965e-07	-0.561455	-0.827507	5.50001	0	0	0	100
air_pitch	83	0	354.45	635.19	0	500.001	-459.851	-3.83023e-08	-0.876255	0.481848	-1.08485e-07	-0.481848	-0.876255	5.50001	0	0	0	100
air_pitch	85	0	362.79	627.39	0	500.001	-470.671	-4.00994e-08	-0.917367	0.398042	-1.04822e-07	-0.398042	-0.917367	5.50001	0	0	0	100
air_pitch	87	0	371.13	619.41	0	500.001	-481.491	-4.15471e-08	-0.950486	0.310767	-1.01007e-07	-0.310767	-0.950486	5.50001	0	0	0	100
air_pitch	89	0	379.47	611.25	0	500.001	-492.311	-4.26327e-08	-0.975323	0.220785	-9.70736e-08	-0.220785	-0.975323	5.50001	0	0	0	100
air_pitch	91	0	387.81	602.91	0	500.001	-503.131	-4.33469e-08	-0.99166	0.128878	-9.30562e-08	-0.128878	-0.99166	5.50001	0	0	0	100
air_pitch	93	0	396.15	594.39	0	500.001	-513.951	-4.36834e-08	-0.999361	0.0357533	-8.89856e-08	-0.0357533	-0.999361	5.50001	0	0	0	100
air_pitch	95	0	404.49	585.69	0	500.001	-524.771	-4.36388e-08	-0.99834	-0.0575883	-8.49055e-08	0.0575883	-0.99834	5.50001	0	0	0	100
air_pitch	97	0	412.83	576.81	0	500.001	-535.591	-4.3214e-08	-0.988621	-0.150428	-8.08474e-08	0.150428	-0.988621	5.50001	0	0	0	100
air_pitch	99	0	421.17	567.75	0	500.001	-546.411	-4.24126e-08	-0.970287	-0.241957	-7.68465e-08	0.241957	-0.970287	5.50001	0	0	0	100
air_pitch	101	0	429.51	558.51	0	500.001	-557.231	-4.12416e-08	-0.943498	-0.331378	-7.29378e-08	0.331378	-0.943498	5.50001	0	0	0	100
air_pitch	103	0	437.85	549.09	0	500.001	-568.051	-3.97095e-08	-0.908448	-0.417998	-6.91515e-08	0.417998	-0.908448	5.50001	0	0	0	100
air_pitch	105	0	446.19	539.49	0	500.001	-578.871	-3.78328e-08	-0.865514	-0.500885	-6.55284e-08	0.500885	-0.865514	5.50001	0	0	0	100
air_pitch	107	0	454.53	529.71	0	500.001	-589.691	-3.56264e-08	-0.815037	-0.579408	-6.2096e-08	0.579408	-0.815037	5.50001	0	0	0	100
air_pitch	109	0	462.87	519.75	0	500.001	-600.511	-3.31096e-08	-0.757459	-0.652882	-5.88844e-08	0.652882	-0.757459	5.50001	0	0	0	100
air_pitch	111	0	471.21	509.61	0	500.001	-611.331	-3.03043e-08	-0.693281	-0.720668	-5.59214e-08	0.720668	-0.693281	5.50001	0	0	0	100
air_pitch	113	0	479.55	499.29	0	500.001	-622.151	-2.72316e-08	-0.622986	-0.782233	-5.32303e-08	0.782233	-0.622986	5.50001	0	0	0	100
air_pitch	115	0	487.89	488.79	0	500.001	-632.971	-2.39247e-08	-0.547333	-0.836915	-5.08401e-08	0.836915	-0.547333	5.50001	0	0	0	100
air_pitch	117	0	496.23	478.11	0	500.001	-643.791	-2.04093e-08	-0.466909	-0.884305	-4.87686e-08	0.884305	-0.466909	5.50001	0	0	0	100
air_pitch	119	0	504.57	467.24	0	500.001	-654.611	-1.6716e-08	-0.382418	-0.92399	-4.70339e-08	0.92399	-0.382418	5.50001	0	0	0	100
air_pitch	121	0	512.91	456.19	0	500.001	-665.431	-1.28771e-08	-0.294594	-0.955623	-4.56512e-08	0.955623	-0.294594	5.50001	0	0	0	100
air_pitch	123	0	521.25	444.96	0	500.001	-676.251	1.95871e-05	-0.204203	-0.978929	-9.38112e-05	0.978929	-0.204203	5.50001	0	0	0	100
air_pitch	125	0	529.59	433.55	0	500.001	-687.071	-4.8971e-09	-0.112033	-0.993705	-4.39866e-08	0.993705	-0.112033	5.50001	0	0	0	100
air_pitch	127	0	537.93	421.96	0	500.001	-697.891	1.80235e-06	-0.0187902	-0.999823	-9.59903e-05	0.999823	-0.0187902	5.50001	0	0	0	100
air_pitch	129	0	546.27	410.19	0	500.001	-708.711	-3.2574e-09	0.0745207	-0.997219	-4.35898e-08	0.997219	0.0745207	5.50001	0	0	0	100
air_pitch	131	0	554.61	398.24	0	500.001	-719.531	-7.30776e-09	0.167182	-0.985926	-4.30962e-08	0.985926	0.167182	5.50001	0	0	0	100
air_pitch	133	0	562.95	386.11	0	500.001	-730.351	-2.47762e-05	0.258387	-0.966042	-9.26318e-05	0.966042	0.258387	5.50001	0	0	0	100
air_pitch	135	0	571.29	373.8	0	500.001	-741.171	-3.33057e-05	0.34734	-0.937739	-8.99179e-05	0.937739	0.34734	5.50001	0	0	0	100
air_pitch	137	0	579.63	361.31	0	500.001	-751.991	-1.89425e-08	0.433353	-0.901224	-3.93938e-08	0.901224	0.433353	5.50001	0	0	0	100
air_pitch	139	0	587.97	348.64	0	500.001	-762.811	-2.25332e-08	0.5155	-0.85689	-3.74558e-08	0.85689	0.5155	5.50001	0	0	0	100
air_pitch	141	0	596.31	335.79	0	500.001	-773.631	-2.59276e-08	0.593155	-0.805088	-3.51915e-08	0.805088	0.593155	5.50001	0	0	0	100
air_pitch	143	0	604.65	322.76	0	500.001	-784.451	-2.90961e-08	0.665642	-0.746272	-3.26206e-08	0.746272	0.665642	5.50001	0	0	0	100
air_pitch	145	0	612.99	309.55	0	500.001	-795.271	-3.20111e-08	0.732328	-0.680952	-2.97654e-08	0.680952	0.732328	5.50001	0	0	0	100
air_pitch	147	0	621.33	296.16	0	500.001	-806.091	-3.46471e-08	0.792633	-0.609699	-2.66508e-08	0.609699	0.792633	5.50001	0	0	0	100
air_pitch	149	0	629.67	282.59	0	500.001	-816.911	-3.69834e-08	0.846082	-0.533052	-2.33005e-08	0.533052	0.846082	5.50001	0	0	0	100
air_pitch	151	0	638.01	268.84	0	500.001	-827.731	-3.8995e-08	0.892101	-0.451836	-1.97504e-08	0.451836	0.892101	5.50001	0	0	0	100
air_pitch	153	0	646.35	254.91	0	500.001	-838.551	-4.06667e-08	0.930346	-0.366684	-1.60282e-08	0.366684	0.930346	5.50001	0	0	0	100
air_pitch	155	0	654.69	240.8	0	500.001	-849.371	-4.19841e-08	0.960484	-0.278336	-1.21664e-08	0.278336	0.960484	5.50001	0	0	0	100
air_pitch	157	0	663.03	226.51	0	500.001	-860.191	-4.29356e-08	0.982253	-0.187562	-8.1986e-09	0.187562	0.982253	5.50001	0	0	0	100
air_pitch	159	0	671.37	212.04	0	500.001	-871.011	-4.35131e-08	0.995463	-0.0951544	-4.15933e-09	0.0951544	0.995463	5.50001	0	0	0	100
air_yaw	0	0	8.34	799.86	0	500.001	-10.821	-4.37114e-08	1	0	0	-0	1	0	0	0	0	100
air_yaw	2	0	16.68	799.54	0	500.001	-21.641	-0.0019174	0.999998	0	0	-0	1	0	0	0.15181	0	100
air_yaw	4	0	25.02	799.04	0	500.001	-32.461	-0.00632763	0.99998	0	0	-0	1	0	0	0.30361	0	100
air_yaw	6	0	33.36	798.36	0	500.001	-43.281	-0.0132302	0.999913	0	0	-0	1	0	0	0.45541	0	100
air_yaw	8	0	41.7	797.5	0	500.001	-54.101	-0.0227201	0.999742	0	0	-0	1	0	0	0.60721	0	100
air_yaw	10	0	50.04	796.46	0	500.001	-64.921	-0.0347951	0.999394	0	0	-0	1	0	0	0.75901	0	100
air_yaw	12	0	58.38	795.24	0	500.001	-75.741	-0.0493549	0.998781	0	0	-0	1	0	0	0.91081	0	100
air_yaw	14	0	66.72	793.84	0	500.001	-86.561	-0.0663916	0.997794	0	0	-0	1	0	0	1.06261	0	100
air_yaw	16	0	75.06	792.26	0	500.001	-97.381	-0.0858928	0.996304	0	0	-0	1	0	0	1.21441	0	100
air_yaw	18	0	83.4	790.5	0	500.001	-108.201	-0.107935	0.994158	0	0	-0	1	0	0	1.36621	0	100
air_yaw	20	0	91.74	788.56	0	500.001	-119.021	-0.13249	0.991184	0	0	-0	1	0	0	1.51801	0	100
air_yaw	22	0	100.08	786.44	0	500.001	-129.841	-0.159331	0.987225	0	0	-0	1	0	0	1.66981	0	100
air_yaw	24	0	108.42	784.14	0	500.001	-140.661	-0.188598	0.982054	0	0	-0	1	0	0	1.82161	0	100
air_yaw	26	0	116.76	781.66	0	500.001	-151.481	-0.220224	0.975449	0	0	-0	1	0	0	1.97341	0	100
air_yaw	28	0	125.1	779	0	500.001	-162.301	-0.253938	0.96722	0	0	-0	1	0	0	2.12521	0	100
air_yaw	30	0	133.44	776.16	0	500.001	-173.121	-0.289918	0.957052	0	0	-0	1	0	0	2.27701	0	100
air_yaw	32	0	141.78	773.14	0	500.001	-183.941	-0.327757	0.944762	0	0	-0	1	0	0	2.42881	0	100
air_yaw	34	0	150.12	769.94	0	500.001	-194.761	-0.367486	0.930029	0	0	-0	1	0	0	2.58061	0	100
air_yaw	36	0	158.46	766.56	0	500.001	-205.581	-0.408919	0.912571	0	0	-0	1	0	0	2.73241	0	100
air_yaw	38	0	166.8	763	0	500.001	-216.401	-0.451751	0.892144	0	0	-0	1	0	0	2.88421	0	100
air_yaw	40	0	175.14	759.26	0	500.001	-227.221	-0.495732	0.868476	0	0	-0	1	0	0	3.03601	0	100
air_yaw	42	0	183.48	755.34	0	500.001	-238.041	-0.540575	0.841296	0	0	-0	1	0	0	3.18781	0	100
air_yaw	44	0	191.82	751.24	0	500.001	-248.861	-0.586031	0.810289	0	0	-0	1	0	0	3.33961	0	100
air_yaw	46	0	200.16	746.96	0	500.001	-259.681	-0.631722	0.775195	0	0	-0	1	0	0	3.49141	0	100
air_yaw	48	0	208.5	742.5	0	500.001	-270.501	-0.677081	0.735908	0	0	-0	1	0	0	3.64321	0	100
air_yaw	50	0	216.84	737.86	0	500.001	-281.321	-0.721797	0.692105	0	0	-0	1	0	0	3.79501	0	100
air_yaw	52	0	225.18	733.04	0	500.001	-292.141	-0.765352	0.643611	0	0	-0	1	0	0	3.94681	0	100
air_yaw	54	0	233.52	728.04	0	500.001	-302.961	-0.807131	0.590373	0	0	-0	1	0	0	4.09861	0	100
air_yaw	56	0	241.86	722.86	0	500.001	-313.781	-0.846542	0.532322	0	0	-0	1	0	0	4.25041	0	100
air_yaw	58	0	250.2	717.5	0	500.001	-324.601	-0.883004	0.469366	0	0	-0	1	0	0	4.40221	0	100
air_yaw	60	0	258.54	711.95	0	500.001	-335.421	-0.915796	0.401645	0	0	-0	1	0	0	4.55401	0	100
air_yaw	62	0	266.88	706.22	0	500.001	-346.241	-0.944227	0.329296	0	0	-0	1	0	0	4.70581	0	100
air_yaw	64	0	275.22	700.31	0	500.001	-357.061	-0.967609	0.252454	0	0	-0	1	0	0	4.85761	0	100
air_yaw	66	0	283.56	694.22	0	500.001	-367.881	-0.985179	0.171529	0	0	-0	1	0	0	5.00941	0	100
air_yaw	68	0	291.9	687.95	0	500.001	-378.701	-0.996222	0.0868481	0	0	-0	1	0	0	5.16121	0	100
air_yaw	70	0	300.24	681.5	0	500.001	-389.521	-1	-0.000958832	0	0	0	1	0	0	5.31301	0	100
air_yaw	72	0	308.58	674.87	0	500.001	-400.341	-0.995829	-0.0912408	0	0	0	1	0	0	5.46481	0	100
air_yaw	74	0	316.92	668.06	0	500.001	-411.161	-0.983105	-0.18304	0	0	0	1	0	0	5.50001	0	100
air_yaw	76	0	325.26	661.07	0	500.001	-421.981	-0.961886	-0.273451	0	0	0	1	0	0	5.50001	0	100
air_yaw	78	0	333.6	653.9	0	500.001	-432.801	-0.93237	-0.361505	0	0	0	1	0	0	5.50001	0	100
air_yaw	80	0	341.94	646.55	0	500.001	-443.621	-0.894771	-0.446526	0	0	0	1	0	0	5.50001	0	100
air_yaw	82	0	350.28	639.02	0	500.001	-454.441	-0.849489	-0.527606	0	0	0	1	0	0	5.50001	0	100
air_yaw	84	0	358.62	631.31	0	500.001	-465.261	-0.796881	-0.604137	0	0	0	1	0	0	5.50001	0	100
air_yaw	86	0	366.96	623.42	0	500.001	-476.081	-0.737335	-0.675527	0	0	0	1	0	0	5.50001	0	100
air_yaw	88	0	375.3	615.35	0	500.001	-486.901	-0.671488	-0.741016	0	0	0	1	0	0	5.50001	0	100
air_yaw	90	0	383.64	607.1	0	500.001	-497.721	-0.59985	-0.800113	0	0	0	1	0	0	5.50001	0	100
air_yaw	92	0	391.98	598.67	0	500.001	-508.541	-0.522956	-0.85236	0	0	0	1	0	0	5.50001	0	100
air_yaw	94	0	400.32	590.06	0	500.001	-519.361	-0.441629	-0.897198	0	0	0	1	0	0	5.50001	0	100
air_yaw	96	0	408.66	581.27	0	500.001	-530.181	-0.356494	-0.934298	0	0	0	1	0	0	5.50001	0	100
air_yaw	98	0	417	572.3	0	500.001	-541.001	-0.268283	-0.96334	0	0	0	1	0	0	5.50001	0	100
air_yaw	100	0	425.34	563.15	0	500.001	-551.821	-0.177665	-0.984091	0	0	0	1	0	0	5.50001	0	100
air_yaw	102	0	433.68	553.82	0	500.001	-562.641	-0.0856063	-0.996329	0	0	0	1	0	0	5.50001	0	100
air_yaw	104	0	442.02	544.31	0	500.001	-573.461	0.00719048	-0.999974	0	0	0	1	0	0	5.50001	0	100
air_yaw	106	0	450.36	534.62	0	500.001	-584.281	0.100021	-0.994985	0	0	0	1	0	0	5.50001	0	100
air_yaw	108	0	458.7	524.75	0	500.001	-595.101	0.191892	-0.981416	0	0	0	1	0	0	5.50001	0	100
air_yaw	110	0	467.04	514.7	0	500.001	-605.921	0.282109	-0.959382	0	0	0	1	0	0	5.50001	0	100
air_yaw	112	0	475.38	504.47	0	500.001	-616.741	0.369982	-0.929039	0	0	0	1	0	0	5.50001	0	100
air_yaw	114	0	483.72	494.06	0	500.001	-627.561	0.454571	-0.89071	0	0	0	1	0	0	5.50001	0	100
air_yaw	116	0	492.06	483.47	0	500.001	-638.381	0.535241	-0.8447	0	0	0	1	0	0	5.50001	0	100
air_yaw	118	0	500.4	472.7	0	500.001	-649.201	0.611294	-0.791404	0	0	0	1	0	0	5.50001	0	100
air_yaw	120	0	508.74	461.74	0	500.001	-660.021	0.682145	-0.731217	0	0	0	1	0	0	5.50001	0	100
air_yaw	122	0	517.08	450.6	0	500.001	-670.841	0.747037	-0.664783	0	0	0	1	0	0	5.50001	0	100
air_yaw	124	0	525.42	439.28	0	500.001	-681.661	0.805486	-0.592615	0	0	0	1	0	0	5.50001	0	100
air_yaw	126	0	533.76	427.78	0	500.001	-692.481	0.857038	-0.515254	0	0	0	1	0	0	5.50001	0	100
air_yaw	128	0	542.1	416.1	0	500.001	-703.301	0.901141	-0.433526	0	0	0	1	0	0	5.50001	0	100
air_yaw	130	0	550.44	404.24	0	500.001	-714.121	0.937473	-0.348059	0	0	0	1	0	0	5.50001	0	100
air_yaw	132	0	558.78	392.2	0	500.001	-724.941	0.965744	-0.259498	0	0	0	1	0	0	5.50001	0	100
air_yaw	134	0	567.12	379.98	0	500.001	-735.761	0.985652	-0.168789	0	0	0	1	0	0	5.50001	0	100
air_yaw	136	0	575.46	367.58	0	500.001	-746.581	0.99706	-0.0766239	0	0	0	1	0	0	5.50001	0	100
air_yaw	138	0	583.8	355	0	500.001	-757.401	0.999869	0.016202	0	-0	0	1	0	0	5.50001	0	100
air_yaw	140	0	592.14	342.24	0	500.001	-768.221	0.994044	0.108983	0	-0	0	1	0	0	5.50001	0	100
air_yaw	142	0	600.48	329.3	0	500.001	-779.041	0.979647	0.200729	0	-0	0	1	0	0	5.50001	0	100
air_yaw	144	0	608.82	316.18	0	500.001	-789.861	0.956801	0.290743	0	-0	0	1	0	0	5.50001	0	100
air_yaw	146	0	617.16	302.88	0	500.001	-800.681	0.925667	0.378339	0	-0	0	1	0	0	5.50001	0	100
air_yaw	148	0	625.5	289.4	0	500.001	-811.501	0.886578	0.46258	0	-0	0	1	0	0	5.50001	0	100
air_yaw	150	0	633.84	275.74	0	500.001	-822.321	0.839842	0.542831	0	-0	0	1	0	0	5.50001	0	100
air_yaw	152	0	642.18	261.9	0	500.001	-833.141	0.785803	0.618476	0	-0	0	1	0	0	5.50001	0	100
air_yaw	154	0	650.52	247.88	0	500.001	-843.961	0.72504	0.688707	0	-0	0	1	0	0	5.50001	0	100
air_yaw	156	0	658.86	233.68	0	500.001	-854.781	0.658023	0.752998	0	-0	0	1	0	0	5.50001	0	100
air_yaw	158	0	667.2	219.3	0	500.001	-865.601	0.585254	0.81085	0	-0	0	1	0	0	5.50001	0	100
aerial_boost	0	0	-990	504.86	0	600.001	289.161	-3.60818e-08	0.825456	0.564466	2.46736e-08	-0.564466	0.825456	0	0	0	0	100
aerial_boost	2	0	-979.82	509.67	0	614.561	288.281	-3.60818e-08	0.825456	0.564466	2.46736e-08	-0.564466	0.825456	0	0	0	0	99.4444
aerial_boost	4	0	-969.4	514.47	0	629.121	287.401	-3.60818e-08	0.825456	0.564466	2.46736e-08	-0.564466	0.825456	0	0	0	0	99
aerial_boost	6	0	-958.74	519.25	0	643.681	286.521	-3.60818e-08	0.825456	0.564466	2.46736e-08	-0.564466	0.825456	0	0	0	0	99
aerial_boost	8	0	-947.83	524.01	0	658.241	285.641	-3.60818e-08	0.825456	0.564466	2.46736e-08	-0.564466	0.825456	0	0	0	0	98.4444
aerial_boost	10	0	-936.67	528.76	0	672.801	284.761	-3.60818e-08	0.825456	0.564466	2.46736e-08	-0.564466	0.825456	0	0	0	0	98
aerial_boost	12	0	-925.27	533.5	0	687.361	283.881	-3.60818e-08	0.825456	0.564466	2.46736e-08	-0.564466	0.825456	0	0	0	0	97
aerial_boost	14	0	-913.63	538.22	0	701.921	283.001	-3.60818e-08	0.825456	0.564466	2.46736e-08	-0.564466	0.825456	0	0	0	0	96.4444
aerial_boost	16	0	-901.75	542.92	0	716.481	282.121	-3.60818e-08	0.825456	0.564466	2.46736e-08	-0.564466	0.825456	0	0	0	0	96
aerial_boost	18	0	-889.63	547.61	0	731.041	281.241	-3.60818e-08	0.825456	0.564466	2.46736e-08	-0.564466	0.825456	0	0	0	0	95.4444
aerial_boost	20	0	-877.27	552.29	0	745.601	280.361	-3.60818e-08	0.825456	0.564466	2.46736e-08	-0.564466	0.825456	0	0	0	0	95
aerial_boost	22	0	-864.67	556.95	0	760.161	279.481	-3.60818e-08	0.825456	0.564466	2.46736e-08	-0.564466	0.825456	0	0	0	0	94.4444
aerial_boost	24	0	-851.81	561.6	0	774.721	278.601	-3.60818e-08	0.825456	0.564466	2.46736e-08	-0.564466	0.825456	0	0	0	0	94
aerial_boost	26	0	-838.71	566.23	0	789.281	277.721	-3.60818e-08	0.825456	0.564466	2.46736e-08	-0.564466	0.825456	0	0	0	0	93.4444
aerial_boost	28	0	-825.37	570.85	0	803.841	276.841	-3.60818e-08	0.825456	0.564466	2.46736e-08	-0.564466	0.825456	0	0	0	0	93
aerial_boost	30	0	-811.79	575.45	0	818.401	275.961	-3.60818e-08	0.825456	0.564466	2.46736e-08	-0.564466	0.825456	0	0	0	0	92
aerial_boost	32	0	-797.97	580.04	0	832.961	275.081	-3.60818e-08	0.825456	0.564466	2.46736e-08	-0.564466	0.825456	0	0	0	0	91.4444
aerial_boost	34	0	-783.91	584.62	0	847.521	274.201	-3.60818e-08	0.825456	0.564466	2.46736e-08	-0.564466	0.825456	0	0	0	0	91
aerial_boost	36	0	-769.61	589.18	0	862.081	273.321	-3.60818e-08	0.825456	0.564466	2.46736e-08	-0.564466	0.825456	0	0	0	0	90.4444
aerial_boost	38	0	-755.06	593.72	0	876.641	272.441	-3.60818e-08	0.825456	0.564466	2.46736e-08	-0.564466	0.825456	0	0	0	0	90
aerial_boost	40	0	-740.26	598.25	0	891.201	271.561	-3.60818e-08	0.825456	0.564466	2.46736e-08	-0.564466	0.825456	0	0	0	0	89.4444
aerial_boost	42	0	-725.22	602.77	0	905.761	270.681	-3.60818e-08	0.825456	0.564466	2.46736e-08	-0.564466	0.825456	0	0	0	0	89
aerial_boost	44	0	-709.94	607.27	0	920.321	269.801	-3.60818e-08	0.825456	0.564466	2.46736e-08	-0.564466	0.825456	0	0	0	0	88.4444
aerial_boost	46	0	-694.42	611.75	0	934.881	268.921	-3.60818e-08	0.825456	0.564466	2.46736e-08	-0.564466	0.825456	0	0	0	0	88
aerial_boost	48	0	-678.66	616.22	0	949.441	268.041	-3.60818e-08	0.825456	0.564466	2.46736e-08	-0.564466	0.825456	0	0	0	0	87
aerial_boost	50	0	-662.66	620.68	0	964.001	267.161	-3.60818e-08	0.825456	0.564466	2.46736e-08	-0.564466	0.825456	0	0	0	0	86.4444
aerial_boost	52	0	-646.42	625.12	0	978.561	266.281	-3.60818e-08	0.825456	0.564466	2.46736e-08	-0.564466	0.825456	0	0	0	0	86
aerial_boost	54	0	-629.92	629.55	0	993.121	265.401	-3.60818e-08	0.825456	0.564466	2.46736e-08	-0.564466	0.825456	0	0	0	0	85.4444
aerial_boost	56	0	-613.18	633.96	0	1007.68	264.521	-3.60818e-08	0.825456	0.564466	2.46736e-08	-0.564466	0.825456	0	0	0	0	85
aerial_boost	58	0	-596.2	638.36	0	1022.24	263.641	-3.60818e-08	0.825456	0.564466	2.46736e-08	-0.564466	0.825456	0	0	0	0	84.4444
aerial_boost	60	0	-578.98	642.74	0	1036.8	262.761	-3.60818e-08	0.825456	0.564466	2.46736e-08	-0.564466	0.825456	0	0	0	0	84
aerial_boost	62	0	-561.52	647.11	0	1051.36	261.881	-3.60818e-08	0.825456	0.564466	2.46736e-08	-0.564466	0.825456	0	0	0	0	83.4444
aerial_boost	64	0	-543.82	651.46	0	1065.92	261.001	-3.60818e-08	0.825456	0.564466	2.46736e-08	-0.564466	0.825456	0	0	0	0	83
aerial_boost	66	0	-525.88	655.8	0	1080.48	260.121	-3.60818e-08	0.825456	0.564466	2.46736e-08	-0.564466	0.825456	0	0	0	0	82
aerial_boost	68	0	-507.69	660.12	0	1095.04	259.241	-3.60818e-08	0.825456	0.564466	2.46736e-08	-0.564466	0.825456	0	0	0	0	81.4444
aerial_boost	70	0	-489.25	664.43	0	1109.6	258.361	-3.60818e-08	0.825456	0.564466	2.46736e-08	-0.564466	0.825456	0	0	0	0	81
aerial_boost	72	0	-470.57	668.73	0	1124.16	257.481	-3.60818e-08	0.825456	0.564466	2.46736e-08	-0.564466	0.825456	0	0	0	0	80.4444
aerial_boost	74	0	-451.65	673.01	0	1138.72	256.601	-3.60818e-08	0.825456	0.564466	2.46736e-08	-0.564466	0.825456	0	0	0	0	80
aerial_boost	76	0	-432.49	677.27	0	1153.28	255.721	-3.60818e-08	0.825456	0.564466	2.46736e-08	-0.564466	0.825456	0	0	0	0	79.4444
aerial_boost	78	0	-413.09	681.52	0	1167.84	254.841	-3.60818e-08	0.825456	0.564466	2.46736e-08	-0.564466	0.825456	0	0	0	0	79
aerial_boost	80	0	-393.45	685.76	0	1182.4	253.961	-3.60818e-08	0.825456	0.564466	2.46736e-08	-0.564466	0.825456	0	0	0	0	78.4444
aerial_boost	82	0	-373.57	689.98	0	1196.96	253.081	-3.60818e-08	0.825456	0.564466	2.46736e-08	-0.564466	0.825456	0	0	0	0	78
aerial_boost	84	0	-353.43	694.19	0	1211.52	252.201	-3.60818e-08	0.825456	0.564466	2.46736e-08	-0.564466	0.825456	0	0	0	0	77
aerial_boost	86	0	-333.05	698.38	0	1226.08	251.321	-3.60818e-08	0.825456	0.564466	2.46736e-08	-0.564466	0.825456	0	0	0	0	76.4444
aerial_boost	88	0	-312.43	702.56	0	1240.64	250.441	-3.60818e-08	0.825456	0.564466	2.46736e-08	-0.564466	0.825456	0	0	0	0	76
aerial_boost	90	0	-291.57	706.72	0	1255.2	249.561	-3.60818e-08	0.825456	0.564466	2.46736e-08	-0.564466	0.825456	0	0	0	0	75.4444
aerial_boost	92	0	-270.47	710.87	0	1269.76	248.681	-3.60818e-08	0.825456	0.564466	2.46736e-08	-0.564466	0.825456	0	0	0	0	75
aerial_boost	94	0	-249.13	715.01	0	1284.32	247.801	-3.60818e-08	0.825456	0.564466	2.46736e-08	-0.564466	0.825456	0	0	0	0	74.4444
aerial_boost	96	0	-227.55	719.13	0	1298.88	246.921	-3.60818e-08	0.825456	0.564466	2.46736e-08	-0.564466	0.825456	0	0	0	0	74
aerial_boost	98	0	-205.72	723.23	0	1313.44	246.041	-3.60818e-08	0.825456	0.564466	2.46736e-08	-0.564466	0.825456	0	0	0	0	73.4444
aerial_boost	100	0	-183.64	727.32	0	1328	245.161	-3.60818e-08	0.825456	0.564466	2.46736e-08	-0.564466	0.825456	0	0	0	0	73
aerial_boost	102	0	-161.32	731.4	0	1342.56	244.281	-3.60818e-08	0.825456	0.564466	2.46736e-08	-0.564466	0.825456	0	0	0	0	72
aerial_boost	104	0	-138.76	735.46	0	1357.12	243.401	-3.60818e-08	0.825456	0.564466	2.46736e-08	-0.564466	0.825456	0	0	0	0	71.4444
aerial_boost	106	0	-115.96	739.5	0	1371.68	242.521	-3.60818e-08	0.825456	0.564466	2.46736e-08	-0.564466	0.825456	0	0	0	0	71
aerial_boost	108	0	-92.92	743.53	0	1386.24	241.641	-3.60818e-08	0.825456	0.564466	2.46736e-08	-0.564466	0.825456	0	0	0	0	70.4444
aerial_boost	110	0	-69.64	747.55	0	1400.8	240.761	-3.60818e-08	0.825456	0.564466	2.46736e-08	-0.564466	0.825456	0	0	0	0	70
aerial_boost	112	0	-46.12	751.55	0	1415.36	239.881	-3.60818e-08	0.825456	0.564466	2.46736e-08	-0.564466	0.825456	0	0	0	0	69.4444
aerial_boost	114	0	-22.34	755.54	0	1429.92	239.001	-3.60818e-08	0.825456	0.564466	2.46736e-08	-0.564466	0.825456	0	0	0	0	69
aerial_boost	116	0	1.68	759.51	0	1444.48	238.121	-3.60818e-08	0.825456	0.564466	2.46736e-08	-0.564466	0.825456	0	0	0	0	68.4444
aerial_boost	118	0	25.94	763.47	0	1459.04	237.241	-3.60818e-08	0.825456	0.564466	2.46736e-08	-0.564466	0.825456	0	0	0	0	68
aerial_boost	120	0	50.44	767.41	0	1473.6	236.361	-3.60818e-08	0.825456	0.564466	2.46736e-08	-0.564466	0.825456	0	0	0	0	67
aerial_boost	122	0	75.18	771.34	0	1488.16	235.481	-3.60818e-08	0.825456	0.564466	2.46736e-08	-0.564466	0.825456	0	0	0	0	66.4444
aerial_boost	124	0	100.16	775.26	0	1502.72	234.601	-3.60818e-08	0.825456	0.564466	2.46736e-08	-0.564466	0.825456	0	0	0	0	66
aerial_boost	126	0	125.38	779.16	0	1517.28	233.721	-3.60818e-08	0.825456	0.564466	2.46736e-08	-0.564466	0.825456	0	0	0	0	65.4444
aerial_boost	128	0	150.85	783.04	0	1531.84	232.841	-3.60818e-08	0.825456	0.564466	2.46736e-08	-0.564466	0.825456	0	0	0	0	65
aerial_boost	130	0	176.57	786.91	0	1546.4	231.961	-3.60818e-08	0.825456	0.564466	2.46736e-08	-0.564466	0.825456	0	0	0	0	64.4444
aerial_boost	132	0	202.53	790.77	0	1560.96	231.081	-3.60818e-08	0.825456	0.564466	2.46736e-08	-0.564466	0.825456	0	0	0	0	64
aerial_boost	134	0	228.73	794.61	0	1575.52	230.201	-3.60818e-08	0.825456	0.564466	2.46736e-08	-0.564466	0.825456	0	0	0	0	63.4444
aerial_boost	136	0	255.17	798.43	0	1590.08	229.321	-3.60818e-08	0.825456	0.564466	2.46736e-08	-0.564466	0.825456	0	0	0	0	63
aerial_boost	138	0	281.85	802.24	0	1604.64	228.441	-3.60818e-08	0.825456	0.564466	2.46736e-08	-0.564466	0.825456	0	0	0	0	62
aerial_boost	140	0	308.77	806.04	0	1619.2	227.561	-3.60818e-08	0.825456	0.564466	2.46736e-08	-0.564466	0.825456	0	0	0	0	61.4444
aerial_boost	142	0	335.93	809.82	0	1633.76	226.681	-3.60818e-08	0.825456	0.564466	2.46736e-08	-0.564466	0.825456	0	0	0	0	61
aerial_boost	144	0	363.35	813.59	0	1648.32	225.801	-3.60818e-08	0.825456	0.564466	2.46736e-08	-0.564466	0.825456	0	0	0	0	60.4444
aerial_boost	146	0	391.01	817.34	0	1662.88	224.921	-3.60818e-08	0.825456	0.564466	2.46736e-08	-0.564466	0.825456	0	0	0	0	60
aerial_boost	148	0	418.91	821.08	0	1677.44	224.041	-3.60818e-08	0.825456	0.564466	2.46736e-08	-0.564466	0.825456	0	0	0	0	59.4444
aerial_boost	150	0	447.05	824.8	0	1692	223.161	-3.60818e-08	0.825456	0.564466	2.46736e-08	-0.564466	0.825456	0	0	0	0	59
aerial_boost	152	0	475.43	828.51	0	1706.56	222.281	-3.60818e-08	0.825456	0.564466	2.46736e-08	-0.564466	0.825456	0	0	0	0	58.4444
aerial_boost	154	0	504.05	832.2	0	1721.12	221.401	-3.60818e-08	0.825456	0.564466	2.46736e-08	-0.564466	0.825456	0	0	0	0	58
aerial_boost	156	0	532.91	835.88	0	1735.68	220.521	-3.60818e-08	0.825456	0.564466	2.46736e-08	-0.564466	0.825456	0	0	0	0	57
aerial_boost	158	0	562.02	839.54	0	1750.24	219.641	-3.60818e-08	0.825456	0.564466	2.46736e-08	-0.564466	0.825456	0	0	0	0	56.4444
aerial_boost	160	0	591.38	843.19	0	1764.8	218.761	-3.60818e-08	0.825456	0.564466	2.46736e-08	-0.564466	0.825456	0	0	0	0	56
aerial_boost	162	0	620.98	846.83	0	1779.36	217.881	-3.60818e-08	0.825456	0.564466	2.46736e-08	-0.564466	0.825456	0	0	0	0	55.4444
aerial_boost	164	0	650.82	850.45	0	1793.92	217.001	-3.60818e-08	0.825456	0.564466	2.46736e-08	-0.564466	0.825456	0	0	0	0	55
aerial_boost	166	0	680.9	854.05	0	1808.48	216.121	-3.60818e-08	0.825456	0.564466	2.46736e-08	-0.564466	0.825456	0	0	0	0	54.4444
aerial_boost	168	0	711.22	857.64	0	1823.04	215.241	-3.60818e-08	0.825456	0.564466	2.46736e-08	-0.564466	0.825456	0	0	0	0	54
aerial_boost	170	0	741.78	861.22	0	1837.6	214.361	-3.60818e-08	0.825456	0.564466	2.46736e-08	-0.564466	0.825456	0	0	0	0	53.4444
aerial_boost	172	0	772.58	864.78	0	1852.16	213.481	-3.60818e-08	0.825456	0.564466	2.46736e-08	-0.564466	0.825456	0	0	0	0	53
aerial_boost	174	0	803.64	868.33	0	1866.72	212.601	-3.60818e-08	0.825456	0.564466	2.46736e-08	-0.564466	0.825456	0	0	0	0	52
aerial_boost	176	0	834.94	871.86	0	1881.28	211.721	-3.60818e-08	0.825456	0.564466	2.46736e-08	-0.564466	0.825456	0	0	0	0	51.4444
aerial_boost	178	0	866.48	875.38	0	1895.84	210.841	-3.60818e-08	0.825456	0.564466	2.46736e-08	-0.564466	0.825456	0	0	0	0	51
aerial_boost	180	0	898.26	878.88	0	1910.4	209.961	-3.60818e-08	0.825456	0.564466	2.46736e-08	-0.564466	0.825456	0	0	0	0	50.4444
aerial_boost	182	0	930.28	882.37	0	1924.96	209.081	-3.60818e-08	0.825456	0.564466	2.46736e-08	-0.564466	0.825456	0	0	0	0	50
aerial_boost	184	0	962.54	885.85	0	1939.52	208.201	-3.60818e-08	0.825456	0.564466	2.46736e-08	-0.564466	0.825456	0	0	0	0	49.4444
aerial_boost	186	0	995.04	889.31	0	1954.08	207.321	-3.60818e-08	0.825456	0.564466	2.46736e-08	-0.564466	0.825456	0	0	0	0	49
aerial_boost	188	0	1027.79	892.75	0	1968.64	206.441	-3.60818e-08	0.825456	0.564466	2.46736e-08	-0.564466	0.825456	0	0	0	0	48.4444
aerial_boost	190	0	1060.79	896.18	0	1983.2	205.561	-3.60818e-08	0.825456	0.564466	2.46736e-08	-0.564466	0.825456	0	0	0	0	48
aerial_boost	192	0	1094.03	899.6	0	1997.76	204.681	-3.60818e-08	0.825456	0.564466	2.46736e-08	-0.564466	0.825456	0	0	0	0	47
aerial_boost	194	0	1127.51	903	0	2012.32	203.801	-3.60818e-08	0.825456	0.564466	2.46736e-08	-0.564466	0.825456	0	0	0	0	46.4444
aerial_boost	196	0	1161.23	906.38	0	2026.88	202.921	-3.60818e-08	0.825456	0.564466	2.46736e-08	-0.564466	0.825456	0	0	0	0	46
aerial_boost	198	0	1195.19	909.75	0	2041.44	202.041	-3.60818e-08	0.825456	0.564466	2.46736e-08	-0.564466	0.825456	0	0	0	0	45.4444
aerial_boost	200	0	1229.39	913.11	0	2056	201.161	-3.60818e-08	0.825456	0.564466	2.46736e-08	-0.564466	0.825456	0	0	0	0	45
aerial_boost	202	0	1263.83	916.45	0	2070.56	200.281	-3.60818e-08	0.825456	0.564466	2.46736e-08	-0.564466	0.825456	0	0	0	0	44.4444
aerial_boost	204	0	1298.53	919.78	0	2085.12	199.401	-3.60818e-08	0.825456	0.564466	2.46736e-08	-0.564466	0.825456	0	0	0	0	44
aerial_boost	206	0	1333.47	923.09	0	2099.68	198.521	-3.60818e-08	0.825456	0.564466	2.46736e-08	-0.564466	0.825456	0	0	0	0	43.4444
aerial_boost	208	0	1368.65	926.39	0	2114.24	197.641	-3.60818e-08	0.825456	0.564466	2.46736e-08	-0.564466	0.825456	0	0	0	0	43
aerial_boost	210	0	1404.07	929.67	0	2128.8	196.761	-3.60818e-08	0.825456	0.564466	2.46736e-08	-0.564466	0.825456	0	0	0	0	42.4444
aerial_boost	212	0	1439.73	932.94	0	2143.36	195.881	-3.60818e-08	0.825456	0.564466	2.46736e-08	-0.564466	0.825456	0	0	0	0	42
aerial_boost	214	0	1475.63	936.2	0	2157.92	195.001	-3.60818e-08	0.825456	0.564466	2.46736e-08	-0.564466	0.825456	0	0	0	0	41
aerial_boost	216	0	1511.77	939.44	0	2172.48	194.121	-3.60818e-08	0.825456	0.564466	2.46736e-08	-0.564466	0.825456	0	0	0	0	40.4444
aerial_boost	218	0	1548.16	942.66	0	2187.04	193.241	-3.60818e-08	0.825456	0.564466	2.46736e-08	-0.564466	0.825456	0	0	0	0	40
air_throttle_no_boost	0	0	-986.66	699.86	0	800.551	-10.821	-4.37114e-08	1	0	0	-0	1	0	0	0	0	100
air_throttle_no_boost	2	0	-973.3	699.54	0	801.651	-21.641	-4.37114e-08	1	0	0	-0	1	0	0	0	0	100
air_throttle_no_boost	4	0	-959.92	699.04	0	802.751	-32.461	-4.37114e-08	1	0	0	-0	1	0	0	0	0	100
air_throttle_no_boost	6	0	-946.53	698.36	0	803.851	-43.281	-4.37114e-08	1	0	0	-0	1	0	0	0	0	100
air_throttle_no_boost	8	0	-933.12	697.5	0	804.951	-54.101	-4.37114e-08	1	0	0	-0	1	0	0	0	0	100
air_throttle_no_boost	10	0	-919.69	696.46	0	806.051	-64.921	-4.37114e-08	1	0	0	-0	1	0	0	0	0	100
air_throttle_no_boost	12	0	-906.24	695.24	0	807.151	-75.741	-4.37114e-08	1	0	0	-0	1	0	0	0	0	100
air_throttle_no_boost	14	0	-892.77	693.84	0	808.251	-86.561	-4.37114e-08	1	0	0	-0	1	0	0	0	0	100
air_throttle_no_boost	16	0	-879.29	692.26	0	809.351	-97.381	-4.37114e-08	1	0	0	-0	1	0	0	0	0	100
air_throttle_no_boost	18	0	-865.79	690.5	0	810.451	-108.201	-4.37114e-08	1	0	0	-0	1	0	0	0	0	100
air_throttle_no_boost	20	0	-852.27	688.56	0	811.551	-119.021	-4.37114e-08	1	0	0	-0	1	0	0	0	0	100
air_throttle_no_boost	22	0	-838.73	686.44	0	812.651	-129.841	-4.37114e-08	1	0	0	-0	1	0	0	0	0	100
air_throttle_no_boost	24	0	-825.17	684.14	0	813.751	-140.661	-4.37114e-08	1	0	0	-0	1	0	0	0	0	100
air_throttle_no_boost	26	0	-811.59	681.66	0	814.851	-151.481	-4.37114e-08	1	0	0	-0	1	0	0	0	0	100
air_throttle_no_boost	28	0	-797.99	679	0	815.951	-162.301	-4.37114e-08	1	0	0	-0	1	0	0	0	0	100
air_throttle_no_boost	30	0	-784.38	676.16	0	817.051	-173.121	-4.37114e-08	1	0	0	-0	1	0	0	0	0	100
air_throttle_no_boost	32	0	-770.75	673.14	0	818.151	-183.941	-4.37114e-08	1	0	0	-0	1	0	0	0	0	100
air_throttle_no_boost	34	0	-757.1	669.94	0	819.251	-194.761	-4.37114e-08	1	0	0	-0	1	0	0	0	0	100
air_throttle_no_boost	36	0	-743.43	666.56	0	820.351	-205.581	-4.37114e-08	1	0	0	-0	1	0	0	0	0	100
air_throttle_no_boost	38	0	-729.74	663	0	821.451	-216.401	-4.37114e-08	1	0	0	-0	1	0	0	0	0	100
air_throttle_no_boost	40	0	-716.04	659.26	0	822.551	-227.221	-4.37114e-08	1	0	0	-0	1	0	0	0	0	100
air_throttle_no_boost	42	0	-702.32	655.34	0	823.651	-238.041	-4.37114e-08	1	0	0	-0	1	0	0	0	0	100
air_throttle_no_boost	44	0	-688.58	651.24	0	824.751	-248.861	-4.37114e-08	1	0	0	-0	1	0	0	0	0	100
air_throttle_no_boost	46	0	-674.82	646.96	0	825.851	-259.681	-4.37114e-08	1	0	0	-0	1	0	0	0	0	100
air_throttle_no_boost	48	0	-661.04	642.5	0	826.951	-270.501	-4.37114e-08	1	0	0	-0	1	0	0	0	0	100
air_throttle_no_boost	50	0	-647.24	637.86	0	828.051	-281.321	-4.37114e-08	1	0	0	-0	1	0	0	0	0	100
air_throttle_no_boost	52	0	-633.42	633.04	0	829.151	-292.141	-4.37114e-08	1	0	0	-0	1	0	0	0	0	100
air_throttle_no_boost	54	0	-619.59	628.04	0	830.251	-302.961	-4.37114e-08	1	0	0	-0	1	0	0	0	0	100
air_throttle_no_boost	56	0	-605.74	622.86	0	831.351	-313.781	-4.37114e-08	1	0	0	-0	1	0	0	0	0	100
air_throttle_no_boost	58	0	-591.87	617.5	0	832.451	-324.601	-4.37114e-08	1	0	0	-0	1	0	0	0	0	100
air_throttle_no_boost	60	0	-577.98	611.95	0	833.551	-335.421	-4.37114e-08	1	0	0	-0	1	0	0	0	0	100
air_throttle_no_boost	62	0	-564.07	606.22	0	834.651	-346.241	-4.37114e-08	1	0	0	-0	1	0	0	0	0	100
air_throttle_no_boost	64	0	-550.15	600.31	0	835.751	-357.061	-4.37114e-08	1	0	0	-0	1	0	0	0	0	100
air_throttle_no_boost	66	0	-536.21	594.22	0	836.851	-367.881	-4.37114e-08	1	0	0	-0	1	0	0	0	0	100
air_throttle_no_boost	68	0	-522.25	587.95	0	837.951	-378.701	-4.37114e-08	1	0	0	-0	1	0	0	0	0	100
air_throttle_no_boost	70	0	-508.27	581.5	0	839.051	-389.521	-4.37114e-08	1	0	0	-0	1	0	0	0	0	100
air_throttle_no_boost	72	0	-494.27	574.87	0	840.151	-400.341	-4.37114e-08	1	0	0	-0	1	0	0	0	0	100
air_throttle_no_boost	74	0	-480.25	568.06	0	841.251	-411.161	-4.37114e-08	1	0	0	-0	1	0	0	0	0	100
air_throttle_no_boost	76	0	-466.21	561.07	0	842.351	-421.981	-4.37114e-08	1	0	0	-0	1	0	0	0	0	100
air_throttle_no_boost	78	0	-452.16	553.9	0	843.451	-432.801	-4.37114e-08	1	0	0	-0	1	0	0	0	0	100
air_throttle_no_boost	80	0	-438.09	546.55	0	844.551	-443.621	-4.37114e-08	1	0	0	-0	1	0	0	0	0	100
air_throttle_no_boost	82	0	-424	539.02	0	845.651	-454.441	-4.37114e-08	1	0	0	-0	1	0	0	0	0	100
air_throttle_no_boost	84	0	-409.89	531.31	0	846.751	-465.261	-4.37114e-08	1	0	0	-0	1	0	0	0	0	100
air_throttle_no_boost	86	0	-395.76	523.42	0	847.851	-476.081	-4.37114e-08	1	0	0	-0	1	0	0	0	0	100
air_throttle_no_boost	88	0	-381.62	515.35	0	848.951	-486.901	-4.37114e-08	1	0	0	-0	1	0	0	0	0	100
air_throttle_no_boost	90	0	-367.46	507.1	0	850.051	-497.721	-4.37114e-08	1	0	0	-0	1	0	0	0	0	100
air_throttle_no_boost	92	0	-353.28	498.67	0	851.151	-508.541	-4.37114e-08	1	0	0	-0	1	0	0	0	0	100
air_throttle_no_boost	94	0	-339.08	490.06	0	852.251	-519.361	-4.37114e-08	1	0	0	-0	1	0	0	0	0	100
air_throttle_no_boost	96	0	-324.86	481.27	0	853.351	-530.181	-4.37114e-08	1	0	0	-0	1	0	0	0	0	100
air_throttle_no_boost	98	0	-310.62	472.3	0	854.451	-541.001	-4.37114e-08	1	0	0	-0	1	0	0	0	0	100
air_throttle_no_boost	100	0	-296.36	463.15	0	855.551	-551.821	-4.37114e-08	1	0	0	-0	1	0	0	0	0	100
air_throttle_no_boost	102	0	-282.09	453.82	0	856.651	-562.641	-4.37114e-08	1	0	0	-0	1	0	0	0	0	100
air_throttle_no_boost	104	0	-267.8	444.31	0	857.751	-573.461	-4.37114e-08	1	0	0	-0	1	0	0	0	0	100
air_throttle_no_boost	106	0	-253.49	434.62	0	858.851	-584.281	-4.37114e-08	1	0	0	-0	1	0	0	0	0	100
air_throttle_no_boost	108	0	-239.16	424.75	0	859.951	-595.101	-4.37114e-08	1	0	0	-0	1	0	0	0	0	100
air_throttle_no_boost	110	0	-224.81	414.7	0	861.051	-605.921	-4.37114e-08	1	0	0	-0	1	0	0	0	0	100
air_throttle_no_boost	112	0	-210.45	404.47	0	862.151	-616.741	-4.37114e-08	1	0	0	-0	1	0	0	0	0	100
air_throttle_no_boost	114	0	-196.07	394.06	0	863.251	-627.561	-4.37114e-08	1	0	0	-0	1	0	0	0	0	100
air_throttle_no_boost	116	0	-181.67	383.47	0	864.351	-638.381	-4.37114e-08	1	0	0	-0	1	0	0	0	0	100
air_throttle_no_boost	118	0	-167.25	372.7	0	865.451	-649.201	-4.37114e-08	1	0	0	-0	1	0	0	0	0	100
air_throttle_no_boost	120	0	-152.81	361.74	0	866.551	-660.021	-4.37114e-08	1	0	0	-0	1	0	0	0	0	100
air_throttle_no_boost	122	0	-138.35	350.6	0	867.651	-670.841	-4.37114e-08	1	0	0	-0	1	0	0	0	0	100
air_throttle_no_boost	124	0	-123.87	339.28	0	868.751	-681.661	-4.37114e-08	1	0	0	-0	1	0	0	0	0	100
air_throttle_no_boost	126	0	-109.38	327.78	0	869.851	-692.481	-4.37114e-08	1	0	0	-0	1	0	0	0	0	100
air_throttle_no_boost	128	0	-94.87	316.1	0	870.951	-703.301	-4.37114e-08	1	0	0	-0	1	0	0	0	0	100
air_throttle_no_boost	130	0	-80.34	304.24	0	872.051	-714.121	-4.37114e-08	1	0	0	-0	1	0	0	0	0	100
air_throttle_no_boost	132	0	-65.79	292.2	0	873.151	-724.941	-4.37114e-08	1	0	0	-0	1	0	0	0	0	100
air_throttle_no_boost	134	0	-51.22	279.98	0	874.251	-735.761	-4.37114e-08	1	0	0	-0	1	0	0	0	0	100
air_throttle_no_boost	136	0	-36.64	267.58	0	875.351	-746.581	-4.37114e-08	1	0	0	-0	1	0	0	0	0	100
air_throttle_no_boost	138	0	-22.04	255	0	876.451	-757.401	-4.37114e-08	1	0	0	-0	1	0	0	0	0	100
air_throttle_no_boost	140	0	-7.42	242.24	0	877.551	-768.221	-4.37114e-08	1	0	0	-0	1	0	0	0	0	100
air_throttle_no_boost	142	0	7.22	229.3	0	878.651	-779.041	-4.37114e-08	1	0	0	-0	1	0	0	0	0	100
air_throttle_no_boost	144	0	21.88	216.18	0	879.751	-789.861	-4.37114e-08	1	0	0	-0	1	0	0	0	0	100
air_throttle_no_boost	146	0	36.56	202.88	0	880.851	-800.681	-4.37114e-08	1	0	0	-0	1	0	0	0	0	100
air_throttle_no_boost	148	0	51.26	189.4	0	881.951	-811.501	-4.37114e-08	1	0	0	-0	1	0	0	0	0	100
air_throttle_no_boost	150	0	65.97	175.74	0	883.051	-822.321	-4.37114e-08	1	0	0	-0	1	0	0	0	0	100
air_throttle_no_boost	152	0	80.7	161.9	0	884.151	-833.141	-4.37114e-08	1	0	0	-0	1	0	0	0	0	100
air_throttle_no_boost	154	0	95.45	147.88	0	885.251	-843.961	-4.37114e-08	1	0	0	-0	1	0	0	0	0	100
air_throttle_no_boost	156	0	110.22	133.68	0	886.351	-854.781	-4.37114e-08	1	0	0	-0	1	0	0	0	0	100
air_throttle_no_boost	158	0	125.01	119.3	0	887.451	-865.601	-4.37114e-08	1	0	0	-0	1	0	0	0	0	100
air_throttle_no_boost	160	0	139.81	104.74	0	888.551	-876.421	-4.37114e-08	1	0	0	-0	1	0	0	0	0	100
air_throttle_no_boost	162	0	154.63	90	0	889.651	-887.241	-4.37114e-08	1	0	0	-0	1	0	0	0	0	100
air_throttle_no_boost	164	0	169.47	75.08	0	890.751	-898.061	-4.37114e-08	1	0	0	-0	1	0	0	0	0	100
air_throttle_no_boost	166	0	184.33	59.98	0	891.851	-908.881	-4.37114e-08	1	0	0	-0	1	0	0	0	0	100
air_throttle_no_boost	168	0	199.21	44.7	0	892.951	-919.701	-4.37114e-08	1	0	0	-0	1	0	0	0	0	100
air_throttle_no_boost	170	0	214.11	29.24	0	894.051	-930.521	-4.37114e-08	1	0	0	-0	1	0	0	0	0	100
air_throttle_no_boost	172	0	229.16	17.33	0	905.881	-644.921	-4.37114e-08	0.999999	-0.00115049	-5.02893e-11	0.00115049	0.999999	-0.08661	0	0	1	100
air_throttle_no_boost	174	0	244.4	11.18	0	916.951	-225.241	-4.37114e-08	1	0.000575243	2.51447e-11	-0.000575243	1	0.31381	0	0	1	100
air_throttle_no_boost	176	0	259.82	10.71	0	927.841	13.021	-4.37112e-08	0.999996	0.00297208	1.29914e-10	-0.00297208	0.999996	0.06481	0	0	1	100
air_throttle_no_boost	178	0	275.42	11.66	0	938.551	62.501	-4.37113e-08	0.999999	0.00134223	5.86709e-11	-0.00134223	0.999999	-0.12191	0	0	1	100
air_throttle_no_boost	180	0	291.2	12.71	0	949.071	62.871	-4.37114e-08	1	-0.00076699	-3.35262e-11	0.00076699	1	-0.12481	0	0	1	100
air_throttle_no_boost	182	0	307.15	13.68	0	959.411	55.871	-4.37112e-08	0.999997	-0.00258859	-1.13151e-10	0.00258859	0.999997	-0.10841	0	0	1	100
air_throttle_no_boost	184	0	323.27	14.5	0	969.581	46.311	-4.3711e-08	0.999991	-0.00412256	-1.80203e-10	0.00412256	0.999991	-0.08811	0	0	1	100
air_throttle_no_boost	186	0	339.55	15.16	0	979.581	36.701	-4.37108e-08	0.999986	-0.00536891	-2.34682e-10	0.00536891	0.999986	-0.06921	0	0	1	100
air_throttle_no_boost	188	0	356	15.66	0	989.401	28.181	-4.37105e-08	0.99998	-0.00632763	-2.76589e-10	0.00632763	0.99998	-0.05361	0	0	1	100
air_throttle_no_boost	190	0	372.62	16.04	0	999.061	21.211	-4.37103e-08	0.999975	-0.0070946	-3.10115e-10	0.0070946	0.999975	-0.04131	0	0	1	100
air_throttle_no_boost	192	0	389.39	16.32	0	1008.56	15.681	-4.37101e-08	0.999971	-0.00766983	-3.35259e-10	0.00766983	0.999971	-0.03161	0	0	1	100
air_throttle_no_boost	194	0	406.31	16.53	0	1017.9	11.441	-4.371e-08	0.999968	-0.00805331	-3.52021e-10	0.00805331	0.999968	-0.02431	0	0	1	100
air_throttle_no_boost	196	0	423.39	16.68	0	1027.08	8.231	-4.37098e-08	0.999964	-0.00843679	-3.68784e-10	0.00843679	0.999964	-0.01871	0	0	1	100
air_throttle_no_boost	198	0	440.62	16.79	0	1036.1	5.841	-4.37097e-08	0.999962	-0.0087244	-3.81356e-10	0.0087244	0.999962	-0.01441	0	0	1	100
wall_drive	0	3900	15	599.82	0	900.001	-13.531	-4.37114e-08	1	0	1	4.37114e-08	-4.37114e-08	0	0	0	0	100
wall_drive	2	3900	30.01	599.46	0	901.101	-24.351	-4.37114e-08	1	0	1	4.37114e-08	-4.37114e-08	0	0	0	0	100
wall_drive	4	3900	45.04	598.92	0	902.201	-35.171	-4.37114e-08	1	0	1	4.37114e-08	-4.37114e-08	0	0	0	0	100
wall_drive	6	3900	60.09	598.2	0	903.301	-45.991	-4.37114e-08	1	0	1	4.37114e-08	-4.37114e-08	0	0	0	0	100
wall_drive	8	3900	75.16	597.3	0	904.401	-56.811	-4.37114e-08	1	0	1	4.37114e-08	-4.37114e-08	0	0	0	0	100
wall_drive	10	3900	90.25	596.22	0	905.501	-67.631	-4.37114e-08	1	0	1	4.37114e-08	-4.37114e-08	0	0	0	0	100
wall_drive	12	3900	105.36	594.96	0	906.601	-78.451	-4.37114e-08	1	0	1	4.37114e-08	-4.37114e-08	0	0	0	0	100
wall_drive	14	3900	120.48	593.52	0	907.701	-89.271	-4.37114e-08	1	0	1	4.37114e-08	-4.37114e-08	0	0	0	0	100
wall_drive	16	3900	135.62	591.9	0	908.801	-100.091	-4.37114e-08	1	0	1	4.37114e-08	-4.37114e-08	0	0	0	0	100
wall_drive	18	3900	150.78	590.1	0	909.901	-110.911	-4.37114e-08	1	0	1	4.37114e-08	-4.37114e-08	0	0	0	0	100
wall_drive	20	3900	165.96	588.12	0	911.001	-121.731	-4.37114e-08	1	0	1	4.37114e-08	-4.37114e-08	0	0	0	0	100
wall_drive	22	3900	181.16	585.96	0	912.101	-132.551	-4.37114e-08	1	0	1	4.37114e-08	-4.37114e-08	0	0	0	0	100
wall_drive	24	3900	196.38	583.62	0	913.201	-143.371	-4.37114e-08	1	0	1	4.37114e-08	-4.37114e-08	0	0	0	0	100
wall_drive	26	3900	211.61	581.1	0	914.301	-154.191	-4.37114e-08	1	0	1	4.37114e-08	-4.37114e-08	0	0	0	0	100
wall_drive	28	3900	226.86	578.39	0	915.401	-165.011	-4.37114e-08	1	0	1	4.37114e-08	-4.37114e-08	0	0	0	0	100
wall_drive	30	3900	242.13	575.5	0	916.501	-175.831	-4.37114e-08	1	0	1	4.37114e-08	-4.37114e-08	0	0	0	0	100
wall_drive	32	3900	257.42	572.43	0	917.601	-186.651	-4.37114e-08	1	0	1	4.37114e-08	-4.37114e-08	0	0	0	0	100
wall_drive	34	3900	272.73	569.18	0	918.701	-197.471	-4.37114e-08	1	0	1	4.37114e-08	-4.37114e-08	0	0	0	0	100
wall_drive	36	3900	288.06	565.75	0	919.801	-208.291	-4.37114e-08	1	0	1	4.37114e-08	-4.37114e-08	0	0	0	0	100
wall_drive	38	3900	303.4	562.14	0	920.901	-219.111	-4.37114e-08	1	0	1	4.37114e-08	-4.37114e-08	0	0	0	0	100
wall_drive	40	3900	318.76	558.35	0	922.001	-229.931	-4.37114e-08	1	0	1	4.37114e-08	-4.37114e-08	0	0	0	0	100
wall_drive	42	3900	334.14	554.38	0	923.101	-240.751	-4.37114e-08	1	0	1	4.37114e-08	-4.37114e-08	0	0	0	0	100
wall_drive	44	3900	349.54	550.23	0	924.201	-251.571	-4.37114e-08	1	0	1	4.37114e-08	-4.37114e-08	0	0	0	0	100
wall_drive	46	3900	364.96	545.9	0	925.301	-262.391	-4.37114e-08	1	0	1	4.37114e-08	-4.37114e-08	0	0	0	0	100
wall_drive	48	3900	380.4	541.39	0	926.401	-273.211	-4.37114e-08	1	0	1	4.37114e-08	-4.37114e-08	0	0	0	0	100
wall_drive	50	3900	395.85	536.7	0	927.501	-284.031	-4.37114e-08	1	0	1	4.37114e-08	-4.37114e-08	0	0	0	0	100
wall_drive	52	3900	411.32	531.83	0	928.601	-294.851	-4.37114e-08	1	0	1	4.37114e-08	-4.37114e-08	0	0	0	0	100
wall_drive	54	3900	426.81	526.78	0	929.701	-305.671	-4.37114e-08	1	0	1	4.37114e-08	-4.37114e-08	0	0	0	0	100
wall_drive	56	3900	442.32	521.55	0	930.801	-316.491	-4.37114e-08	1	0	1	4.37114e-08	-4.37114e-08	0	0	0	0	100
wall_drive	58	3900	457.85	516.14	0	931.901	-327.311	-4.37114e-08	1	0	1	4.37114e-08	-4.37114e-08	0	0	0	0	100
wall_drive	60	3900	473.4	510.55	0	933.001	-338.131	-4.37114e-08	1	0	1	4.37114e-08	-4.37114e-08	0	0	0	0	100
wall_drive	62	3900	488.96	504.78	0	934.101	-348.951	-4.37114e-08	1	0	1	4.37114e-08	-4.37114e-08	0	0	0	0	100
wall_drive	64	3900	504.54	498.83	0	935.201	-359.771	-4.37114e-08	1	0	1	4.37114e-08	-4.37114e-08	0	0	0	0	100
wall_drive	66	3900	520.14	492.7	0	936.301	-370.591	-4.37114e-08	1	0	1	4.37114e-08	-4.37114e-08	0	0	0	0	100
wall_drive	68	3900	535.76	486.39	0	937.401	-381.411	-4.37114e-08	1	0	1	4.37114e-08	-4.37114e-08	0	0	0	0	100
wall_drive	70	3900	551.4	479.9	0	938.501	-392.231	-4.37114e-08	1	0	1	4.37114e-08	-4.37114e-08	0	0	0	0	100
wall_drive	72	3900	567.06	473.23	0	939.601	-403.051	-4.37114e-08	1	0	1	4.37114e-08	-4.37114e-08	0	0	0	0	100
wall_drive	74	3900	582.73	466.38	0	940.701	-413.871	-4.37114e-08	1	0	1	4.37114e-08	-4.37114e-08	0	0	0	0	100
wall_drive	76	3900	598.42	459.35	0	941.801	-424.691	-4.37114e-08	1	0	1	4.37114e-08	-4.37114e-08	0	0	0	0	100
wall_drive	78	3900	614.13	452.14	0	942.901	-435.511	-4.37114e-08	1	0	1	4.37114e-08	-4.37114e-08	0	0	0	0	100
wall_drive	80	3900	629.86	444.75	0	944.001	-446.331	-4.37114e-08	1	0	1	4.37114e-08	-4.37114e-08	0	0	0	0	100
wall_drive	82	3900	645.61	437.18	0	945.101	-457.151	-4.37114e-08	1	0	1	4.37114e-08	-4.37114e-08	0	0	0	0	100
wall_drive	84	3900	661.38	429.43	0	946.201	-467.971	-4.37114e-08	1	0	1	4.37114e-08	-4.37114e-08	0	0	0	0	100
wall_drive	86	3900	677.16	421.5	0	947.301	-478.791	-4.37114e-08	1	0	1	4.37114e-08	-4.37114e-08	0	0	0	0	100
wall_drive	88	3900	692.96	413.38	0	948.401	-489.611	-4.37114e-08	1	0	1	4.37114e-08	-4.37114e-08	0	0	0	0	100
wall_drive	90	3900	708.78	405.08	0	949.501	-500.431	-4.37114e-08	1	0	1	4.37114e-08	-4.37114e-08	0	0	0	0	100
wall_drive	92	3900	732.55	392.29	0	951.151	-516.661	-4.37114e-08	1	0	1	4.37114e-08	-4.37114e-08	0	0	0	0	100
wall_drive	95	3900	748.42	383.54	0	952.251	-527.481	-4.37114e-08	1	0	1	4.37114e-08	-4.37114e-08	0	0	0	0	100
wall_drive	97	3900	764.3	374.61	0	953.351	-538.301	-4.37114e-08	1	0	1	4.37114e-08	-4.37114e-08	0	0	0	0	100
wall_drive	99	3900	780.2	365.5	0	954.451	-549.121	-4.37114e-08	1	0	1	4.37114e-08	-4.37114e-08	0	0	0	0	100
wall_drive	101	3900	796.12	356.21	0	955.551	-559.941	-4.37114e-08	1	0	1	4.37114e-08	-4.37114e-08	0	0	0	0	100
wall_drive	103	3900	812.06	346.74	0	956.651	-570.761	-4.37114e-08	1	0	1	4.37114e-08	-4.37114e-08	0	0	0	0	100
wall_drive	105	3900	828.02	337.09	0	957.751	-581.581	-4.37114e-08	1	0	1	4.37114e-08	-4.37114e-08	0	0	0	0	100
wall_drive	107	3900	844	327.26	0	958.851	-592.401	-4.37114e-08	1	0	1	4.37114e-08	-4.37114e-08	0	0	0	0	100
wall_drive	109	3900	860	317.25	0	959.951	-603.221	-4.37114e-08	1	0	1	4.37114e-08	-4.37114e-08	0	0	0	0	100
wall_drive	111	3900	876.01	307.06	0	961.051	-614.041	-4.37114e-08	1	0	1	4.37114e-08	-4.37114e-08	0	0	0	0	100
wall_drive	113	3900	892.04	296.69	0	962.151	-624.861	-4.37114e-08	1	0	1	4.37114e-08	-4.37114e-08	0	0	0	0	100
wall_drive	115	3900	908.09	286.14	0	963.251	-635.681	-4.37114e-08	1	0	1	4.37114e-08	-4.37114e-08	0	0	0	0	100
wall_drive	117	3900	924.16	275.41	0	964.351	-646.501	-4.37114e-08	1	0	1	4.37114e-08	-4.37114e-08	0	0	0	0	100
wall_drive	119	3900	940.25	264.5	0	965.451	-657.321	-4.37114e-08	1	0	1	4.37114e-08	-4.37114e-08	0	0	0	0	100
wall_drive	121	3900	956.35	253.41	0	966.551	-668.141	-4.37114e-08	1	0	1	4.37114e-08	-4.37114e-08	0	0	0	0	100
wall_drive	123	3900	972.47	242.14	0	967.651	-678.961	-4.37114e-08	1	0	1	4.37114e-08	-4.37114e-08	0	0	0	0	100
wall_drive	125	3900	988.61	230.69	0	968.751	-689.781	-4.37114e-08	1	0	1	4.37114e-08	-4.37114e-08	0	0	0	0	100
wall_drive	127	3900	1004.77	219.06	0	969.851	-700.601	-4.37114e-08	1	0	1	4.37114e-08	-4.37114e-08	0	0	0	0	100
wall_drive	129	3900	1020.95	207.25	0	970.951	-711.421	-4.37114e-08	1	0	1	4.37114e-08	-4.37114e-08	0	0	0	0	100
wall_drive	131	3900	1037.15	195.26	0	972.051	-722.241	-4.37114e-08	1	0	1	4.37114e-08	-4.37114e-08	0	0	0	0	100
wall_drive	133	3900	1053.37	183.09	0	973.151	-733.061	-4.37114e-08	1	0	1	4.37114e-08	-4.37114e-08	0	0	0	0	100
wall_drive	135	3900	1069.6	170.74	0	974.251	-743.881	-4.37114e-08	1	0	1	4.37114e-08	-4.37114e-08	0	0	0	0	100
wall_drive	137	3900	1085.85	158.21	0	975.351	-754.701	-4.37114e-08	1	0	1	4.37114e-08	-4.37114e-08	0	0	0	0	100
wall_drive	139	3900	1102.12	145.5	0	976.451	-765.521	-4.37114e-08	1	0	1	4.37114e-08	-4.37114e-08	0	0	0	0	100
wall_drive	141	3900	1118.41	132.61	0	977.551	-776.341	-4.37114e-08	1	0	1	4.37114e-08	-4.37114e-08	0	0	0	0	100
wall_drive	143	3900	1134.72	119.54	0	978.651	-787.161	-4.37114e-08	1	0	1	4.37114e-08	-4.37114e-08	0	0	0	0	100
wall_drive	145	3900	1151.04	106.29	0	979.751	-797.981	-4.37114e-08	1	0	1	4.37114e-08	-4.37114e-08	0	0	0	0	100
wall_drive	147	3900	1167.38	92.86	0	980.851	-808.801	-4.37114e-08	1	0	1	4.37114e-08	-4.37114e-08	0	0	0	0	100
wall_drive	149	3900	1183.74	79.24	0	981.951	-819.621	-4.37114e-08	1	0	1	4.37114e-08	-4.37114e-08	0	0	0	0	100
wall_drive	151	3900	1200.12	65.44	0	983.051	-830.441	-4.37114e-08	1	0	1	4.37114e-08	-4.37114e-08	0	0	0	0	100
wall_drive	153	3897.5	1214.87	58.57	-240.271	785.971	-180.991	0.0234864	0.999704	-0.00632763	0.985357	-0.0220793	0.169069	-0.34141	-5.43181	-0.79291	0	100
wall_drive	155	3893.43	1227.98	55.54	-239.611	787.071	-193.361	0.0360395	0.999313	-0.00862854	0.963589	-0.0324594	0.265409	-0.31051	-5.45361	-0.64121	0	100
wall_drive	157	3889.34	1241	52.51	-251.811	775.231	-164.581	0.0438003	0.99904	0.00105461	0.931424	-0.0412176	0.361594	0.85111	-5.43001	-0.20151	0	100
wall_drive	159	3885.15	1253.93	49.62	-251.181	776.331	-176.961	0.0459955	0.998776	0.018215	0.891686	-0.04927	0.449965	0.67321	-5.45601	-0.16711	0	100
wall_drive	161	3880.78	1266.67	47.21	-262.091	764.841	-147.831	0.052702	0.99853	0.012655	0.84363	-0.0513001	0.534469	-0.57301	-5.45161	-0.44821	0	100
wall_drive	163	3876.38	1279.39	44.72	-263.781	763.751	-152.371	0.0586367	0.998204	0.0122715	0.790538	-0.0539375	0.610033	-0.32831	-5.47481	-0.40991	0	100
wall_drive	165	3871.95	1292.14	42.06	-265.991	765.281	-163.161	0.064761	0.997833	0.0116005	0.732102	-0.0554077	0.678938	-0.38451	-5.46901	-0.43721	0	100
wall_drive	167	3867.48	1304.92	39.26	-269.151	767.171	-168.701	0.0699272	0.997501	0.0100666	0.663844	-0.0540646	0.745915	-0.50241	-5.46691	-0.33241	0	100
wall_drive	169	3862.99	1317.73	36.42	-268.801	768.821	-170.891	0.0736587	0.997263	0.00632763	0.589627	-0.0486658	0.806208	-0.62701	-5.45921	-0.23181	0	100
wall_drive	171	3858.56	1330.56	33.56	-264.221	770.121	-171.091	0.0761457	0.997095	0.00210922	0.509682	-0.0407411	0.859398	-0.65781	-5.45841	-0.14891	0	100
wall_drive	173	3854.26	1343.41	30.7	-255.271	771.041	-171.331	0.077962	0.996955	-0.0018216	0.424567	-0.0315479	0.904847	-0.64081	-5.46181	-0.08611	0	100
wall_drive	175	3850.15	1356.27	27.95	-243.131	771.591	-163.671	0.0792022	0.996829	-0.00766983	0.333883	-0.0192772	0.942417	-0.76791	-5.44601	-0.03081	0	100
wall_drive	177	3846.3	1369.13	25.23	-227.171	771.851	-162.851	0.0803444	0.996681	-0.0131343	0.241086	-0.00664537	0.970481	-0.73171	-5.45111	0.00071	0	100
wall_drive	179	3842.78	1382.04	22.68	-204.061	777.501	-146.111	0.081586	0.996571	-0.0138054	0.149812	0.00143192	0.988713	-0.39991	-5.27811	-0.01461	1	100
wall_drive	181	3839.81	1395.13	20.59	-169.441	788.101	-118.731	0.0834987	0.996437	-0.0118881	0.0732496	0.00576022	0.997297	-0.23021	-4.36941	-0.06551	1	100
wall_drive	183	3837.48	1408.39	18.97	-130.131	798.101	-90.151	0.0857932	0.996265	-0.00977897	0.0141159	0.00859871	0.999863	-0.15801	-3.28221	-0.10611	1	100
wall_drive	185	3835.81	1421.81	17.83	-90.161	807.781	-61.211	0.0881822	0.996071	-0.00814918	-0.0275459	0.0106164	0.999564	-0.10741	-2.24711	-0.12971	1	100
wall_drive	187	3834.79	1435.39	17.26	-51.571	817.291	-19.881	0.0906656	0.995857	-0.00699873	-0.0491854	0.0114969	0.998724	-0.01731	-0.82551	-0.14071	1	100
wall_drive	189	3834.38	1449.13	17.25	-16.131	826.791	3.721	0.0930524	0.995639	-0.00671112	-0.0522351	0.0116128	0.998567	0.00461	-0.05541	-0.13961	1	100
wall_drive	191	3834.47	1463.03	17.39	11.991	836.681	9.471	0.0951523	0.99544	-0.00671112	-0.0510668	0.011614	0.998628	0.00601	0.08551	-0.12731	1	100
wall_drive	193	3834.94	1477.1	17.57	33.141	846.971	10.801	0.0970608	0.995256	-0.00671112	-0.0495197	0.0115637	0.998706	0.01021	0.08761	-0.11021	1	100
wall_drive	195	3835.7	1491.35	17.75	48.811	857.551	10.631	0.0986828	0.995096	-0.00671112	-0.0484525	0.0115408	0.998759	0.00811	0.05231	-0.09211	1	100
wall_drive	197	3836.66	1505.78	17.92	60.361	868.301	9.811	0.100018	0.994964	-0.00661524	-0.0481608	0.0114819	0.998774	0.00361	0.00601	-0.07491	1	100
wall_drive	199	3837.77	1520.39	18.07	68.891	879.151	8.841	0.101068	0.994858	-0.00661524	-0.048625	0.0115809	0.99875	-0.00111	-0.03861	-0.05971	1	100
wall_drive	201	3839	1535.18	18.21	75.241	890.011	7.941	0.101926	0.994771	-0.00651937	-0.0496726	0.0116347	0.998698	-0.00541	-0.07651	-0.04681	1	100
wall_drive	203	3840.32	1550.15	18.33	80.051	900.821	7.151	0.102498	0.994712	-0.00651937	-0.0513803	0.0118393	0.998609	-0.00911	-0.10691	-0.03621	1	100
wall_drive	205	3841.7	1565.3	18.44	83.761	911.551	6.511	0.10307	0.994653	-0.00651937	-0.0534685	0.0120852	0.998496	-0.01201	-0.13011	-0.02771	1	100
wall_drive	207	3843.13	1580.62	18.54	86.691	922.171	6.061	0.103452	0.994614	-0.0064235	-0.0558542	0.0122572	0.998364	-0.01421	-0.14731	-0.02091	1	100
wall_drive	209	3844.6	1596.12	18.64	89.071	932.661	5.721	0.103738	0.994584	-0.0064235	-0.058421	0.0125404	0.998213	-0.01581	-0.15971	-0.01561	1	100
wall_drive	211	3846.11	1611.8	18.74	91.071	943.001	5.431	0.103929	0.994564	-0.0064235	-0.0611789	0.012839	0.998044	-0.01701	-0.16871	-0.01151	1	100
wall_drive	213	3847.65	1627.64	18.82	92.781	953.201	5.211	0.10412	0.994544	-0.0064235	-0.0641265	0.0131583	0.997855	-0.01801	-0.17541	-0.00831	1	100
wall_drive	215	3849.22	1643.66	18.9	94.281	963.241	5.131	0.104215	0.994534	-0.0064235	-0.0670747	0.0134723	0.997657	-0.01871	-0.18031	-0.00591	1	100
wall_drive	217	3850.81	1659.84	18.98	95.621	973.121	5.101	0.10431	0.994524	-0.0064235	-0.0701174	0.0137966	0.997443	-0.01921	-0.18421	-0.00401	1	100
wall_drive	219	3852.42	1676.18	19.06	96.841	982.841	5.111	0.104406	0.994514	-0.0064235	-0.0732544	0.0141313	0.997213	-0.01951	-0.18751	-0.00251	1	100
wall_land	0	3611.66	6.66	699.82	700.131	400.001	-13.531	-4.37114e-08	1	0	1	4.37114e-08	-4.37114e-08	0	0	0	0	100
wall_land	2	3623.32	13.34	699.46	700.131	401.101	-24.351	-4.37114e-08	1	0	1	4.37114e-08	-4.37114e-08	0	0	0	0	100
wall_land	4	3634.98	20.04	698.92	700.131	402.201	-35.171	-4.37114e-08	1	0	1	4.37114e-08	-4.37114e-08	0	0	0	0	100
wall_land	6	3646.64	26.76	698.2	700.131	403.301	-45.991	-4.37114e-08	1	0	1	4.37114e-08	-4.37114e-08	0	0	0	0	100
wall_land	8	3658.3	33.5	697.3	700.131	404.401	-56.811	-4.37114e-08	1	0	1	4.37114e-08	-4.37114e-08	0	0	0	0	100
wall_land	10	3669.96	40.25	696.22	700.131	405.501	-67.631	-4.37114e-08	1	0	1	4.37114e-08	-4.37114e-08	0	0	0	0	100
wall_land	12	3681.62	47.02	694.96	700.131	406.601	-78.451	-4.37114e-08	1	0	1	4.37114e-08	-4.37114e-08	0	0	0	0	100
wall_land	14	3693.28	53.81	693.52	700.131	407.701	-89.271	-4.37114e-08	1	0	1	4.37114e-08	-4.37114e-08	0	0	0	0	100
wall_land	16	3704.94	60.62	691.9	700.131	408.801	-100.091	-4.37114e-08	1	0	1	4.37114e-08	-4.37114e-08	0	0	0	0	100
wall_land	18	3716.6	67.45	690.1	700.131	409.901	-110.911	-4.37114e-08	1	0	1	4.37114e-08	-4.37114e-08	0	0	0	0	100
wall_land	20	3728.26	74.3	688.12	700.131	411.001	-121.731	-4.37114e-08	1	0	1	4.37114e-08	-4.37114e-08	0	0	0	0	100
wall_land	22	3739.92	81.16	685.96	700.131	412.101	-132.551	-4.37114e-08	1	0	1	4.37114e-08	-4.37114e-08	0	0	0	0	100
wall_land	24	3751.58	88.04	683.62	700.131	413.201	-143.371	-4.37114e-08	1	0	1	4.37114e-08	-4.37114e-08	0	0	0	0	100
wall_land	26	3763.24	94.94	681.1	700.131	414.301	-154.191	-4.37114e-08	1	0	1	4.37114e-08	-4.37114e-08	0	0	0	0	100
wall_land	28	3774.9	101.86	678.39	700.131	415.401	-165.011	-4.37114e-08	1	0	1	4.37114e-08	-4.37114e-08	0	0	0	0	100
wall_land	30	3786.56	108.8	675.5	700.131	416.501	-175.831	-4.37114e-08	1	0	1	4.37114e-08	-4.37114e-08	0	0	0	0	100
wall_land	32	3798.22	115.76	672.43	700.131	417.601	-186.651	-4.37114e-08	1	0	1	4.37114e-08	-4.37114e-08	0	0	0	0	100
wall_land	34	3809.88	122.73	669.18	700.131	418.701	-197.471	-4.37114e-08	1	0	1	4.37114e-08	-4.37114e-08	0	0	0	0	100
wall_land	36	3821.54	129.72	665.75	700.131	419.801	-208.291	-4.37114e-08	1	0	1	4.37114e-08	-4.37114e-08	0	0	0	0	100
wall_land	38	3833.2	136.73	662.14	700.131	420.901	-219.111	-4.37114e-08	1	0	1	4.37114e-08	-4.37114e-08	0	0	0	0	100
wall_land	40	3844.86	143.76	658.35	700.131	422.001	-229.931	-4.37114e-08	1	0	1	4.37114e-08	-4.37114e-08	0	0	0	0	100
wall_land	42	3856.52	150.81	654.38	700.131	423.101	-240.751	-4.37114e-08	1	0	1	4.37114e-08	-4.37114e-08	0	0	0	0	100
wall_land	44	3868.18	157.88	650.23	700.131	424.201	-251.571	-4.37114e-08	1	0	1	4.37114e-08	-4.37114e-08	0	0	0	0	100
wall_land	46	3879.84	164.96	645.9	700.131	425.301	-262.391	-4.37114e-08	1	0	1	4.37114e-08	-4.37114e-08	0	0	0	0	100
wall_land	48	3891.5	172.06	641.39	700.131	426.401	-273.211	-4.37114e-08	1	0	1	4.37114e-08	-4.37114e-08	0	0	0	0	100
wall_land	50	3903.16	179.18	636.7	700.131	427.501	-284.031	-4.37114e-08	1	0	1	4.37114e-08	-4.37114e-08	0	0	0	0	100
wall_land	52	3914.82	186.32	631.83	700.131	428.601	-294.851	-4.37114e-08	1	0	1	4.37114e-08	-4.37114e-08	0	0	0	0	100
wall_land	54	3926.48	193.48	626.78	700.131	429.701	-305.671	-4.37114e-08	1	0	1	4.37114e-08	-4.37114e-08	0	0	0	0	100
wall_land	56	3938.14	200.66	621.55	700.131	430.801	-316.491	-4.37114e-08	1	0	1	4.37114e-08	-4.37114e-08	0	0	0	0	100
wall_land	58	3949.8	207.85	616.14	700.131	431.901	-327.311	-4.37114e-08	1	0	1	4.37114e-08	-4.37114e-08	0	0	0	0	100
wall_land	60	3961.46	215.06	610.55	700.131	433.001	-338.131	-4.37114e-08	1	0	1	4.37114e-08	-4.37114e-08	0	0	0	0	100
wall_land	62	3973.12	222.29	604.78	700.131	434.101	-348.951	-4.37114e-08	1	0	1	4.37114e-08	-4.37114e-08	0	0	0	0	100
wall_land	64	3984.78	229.54	598.83	700.131	435.201	-359.771	-4.37114e-08	1	0	1	4.37114e-08	-4.37114e-08	0	0	0	0	100
wall_land	66	3996.44	236.81	592.7	700.131	436.301	-370.591	-4.37114e-08	1	0	1	4.37114e-08	-4.37114e-08	0	0	0	0	100
wall_land	68	4008.1	244.1	586.39	700.131	437.401	-381.411	-4.37114e-08	1	0	1	4.37114e-08	-4.37114e-08	0	0	0	0	100
wall_land	70	4019.76	251.4	579.9	700.131	438.501	-392.231	-4.37114e-08	1	0	1	4.37114e-08	-4.37114e-08	0	0	0	0	100
wall_land	72	4031.42	258.72	573.23	700.131	439.601	-403.051	-4.37114e-08	1	0	1	4.37114e-08	-4.37114e-08	0	0	0	0	100
wall_land	74	4043.08	266.06	566.38	700.131	440.701	-413.871	-4.37114e-08	1	0	1	4.37114e-08	-4.37114e-08	0	0	0	0	100
wall_land	76	4054.74	273.42	559.35	700.131	441.801	-424.691	-4.37114e-08	1	0	1	4.37114e-08	-4.37114e-08	0	0	0	0	100
wall_land	78	4060.72	279.99	553.17	349.481	384.711	-350.391	0.0155307	0.999857	-0.00661524	0.999854	-0.0155769	-0.00699861	0.70411	-4.44001	3.16851	0	100
wall_land	80	4063.07	286.03	547.35	182.781	339.041	-342.141	0.0261697	0.999624	-0.00824505	0.999507	-0.0263081	-0.01716	-0.78031	3.89371	-3.80521	0	100
wall_land	82	4062.32	291.47	542.02	58.461	323.601	-321.391	-0.0213782	0.999771	0.00115049	0.999229	0.0213287	0.0329746	0.51491	-2.67331	2.68621	0	100
wall_land	84	4059.57	296.51	536.7	-20.371	302.811	-322.011	9.59194e-05	0.999996	-0.00278034	0.999913	-5.91268e-05	0.0132302	-0.24201	0.02281	-0.78281	0	100
wall_land	86	4058.06	301.53	531.24	-30.171	301.731	-330.191	0.00268438	0.99998	-0.0057524	0.99988	-0.00259643	0.0152431	-0.18081	-0.79401	-0.18601	0	100
wall_land	88	4056.64	306.53	525.65	-46.461	298.891	-337.361	0.00268432	0.999955	-0.00910788	0.999535	-0.00240642	0.0303861	-0.25141	-1.23341	-0.23001	0	100
wall_land	90	4055.13	311.48	519.94	-63.041	295.961	-344.491	0.00258835	0.999905	-0.0135178	0.998578	-0.00186467	0.0532757	-0.30771	-1.64461	-0.19651	0	100
wall_land	92	4053.61	316.4	514.1	-72.431	294.701	-353.011	-0.00325916	0.999831	-0.0181192	0.996219	0.00481928	0.0867383	-0.26911	-2.35491	0.35041	0	100
wall_land	94	4051.73	321.25	508.14	-95.291	290.131	-359.201	-0.00134182	0.9997	-0.0244454	0.992214	0.00437532	0.124467	-0.36401	-2.48301	0.18561	0	100
wall_land	96	4049.74	326.06	502.05	-106.801	288.171	-367.561	-0.00134157	0.999514	-0.0311539	0.985122	0.00667488	0.171729	-0.39311	-3.09151	0.24951	0	100
wall_land	98	4047.58	330.83	495.82	-120.291	285.591	-375.751	-0.000574803	0.999261	-0.0384359	0.973748	0.00930835	0.227437	-0.43141	-3.61621	0.25761	0	100
wall_land	100	4045.29	335.56	489.44	-130.101	283.791	-384.781	-9.57865e-05	0.998941	-0.0460032	0.9561	0.0135723	0.292726	-0.45451	-4.26531	0.28091	0	100
wall_land	102	4042.93	340.28	482.9	-136.341	282.781	-394.591	0.000478725	0.998559	-0.0536635	0.929615	0.0193323	0.368025	-0.46451	-5.00541	0.30061	0	100
wall_land	104	4040.61	345	476.19	-135.841	283.551	-405.371	0.000191404	0.998124	-0.061225	0.890672	0.0276656	0.453804	-0.41871	-5.47521	0.31011	0	100
wall_land	106	4038.36	349.74	469.3	-134.161	284.651	-416.271	0.000956555	0.997703	-0.0677309	0.841434	0.035796	0.539172	-0.34611	-5.48001	0.31441	0	100
wall_land	108	4036.15	354.5	462.23	-132.481	285.751	-427.171	0.00210362	0.99733	-0.0729909	0.783937	0.0436709	0.619303	-0.28681	-5.48291	0.32431	0	100
wall_land	110	4033.96	359.28	454.97	-130.801	286.851	-438.071	0.00353679	0.99701	-0.0771974	0.718723	0.0511406	0.693413	-0.23891	-5.48441	0.33751	0	100
wall_land	112	4031.8	364.08	447.53	-129.951	287.951	-448.991	0.00506484	0.996738	-0.0805425	0.650712	0.057873	0.757116	-0.21411	-5.26581	0.32841	0	100
wall_land	114	4029.64	368.89	439.91	-129.931	289.051	-459.911	0.00678322	0.996484	-0.0835046	0.585779	0.0637191	0.807962	-0.20491	-4.85381	0.29711	0	100
wall_land	116	4027.48	373.72	432.11	-129.911	290.151	-470.831	0.00869196	0.996242	-0.0861794	0.522352	0.068966	0.849937	-0.19571	-4.47411	0.26781	0	100
wall_land	118	4025.32	378.57	424.13	-129.891	291.251	-481.751	0.0106954	0.996004	-0.0886626	0.461187	0.0737604	0.884232	-0.18651	-4.12421	0.24051	0	100
wall_land	120	4023.16	383.44	415.96	-129.871	292.351	-492.671	0.0127937	0.995782	-0.0908588	0.402768	0.0780367	0.911969	-0.17741	-3.80171	0.21521	0	100
wall_land	122	4021	388.33	407.61	-129.851	293.451	-503.591	0.0149865	0.995566	-0.0928636	0.347443	0.0819017	0.934117	-0.16841	-3.50451	0.19171	0	100
wall_land	124	4018.84	393.23	399.08	-129.831	294.551	-514.511	0.0172743	0.995358	-0.0946772	0.295387	0.0853842	0.951555	-0.15951	-3.23051	0.16991	0	100
wall_land	126	4016.68	398.15	390.37	-129.811	295.651	-525.451	0.0195615	0.99516	-0.0962996	0.246535	0.0885428	0.965081	-0.15081	-2.97801	0.14991	0	100
wall_land	128	4014.52	403.09	381.48	-129.781	296.751	-536.391	0.0217529	0.994975	-0.0977309	0.201084	0.0914021	0.9753	-0.14231	-2.74531	0.13151	0	100
wall_land	130	4012.36	408.05	372.4	-129.741	297.851	-547.331	0.0240393	0.9948	-0.0989712	0.158712	0.0939466	0.982845	-0.13401	-2.53091	0.11451	0	100
wall_land	132	4010.2	413.03	363.14	-129.701	298.951	-558.271	0.0263252	0.994627	-0.100116	0.119385	0.0963058	0.988166	-0.12601	-2.33331	0.09901	0	100
wall_land	134	4008.04	418.03	353.7	-129.661	300.051	-569.211	0.0285154	0.994461	-0.101165	0.0830176	0.0985007	0.991668	-0.11831	-2.15111	0.08481	0	100
wall_land	136	4005.88	423.05	344.08	-129.621	301.151	-580.151	0.0307054	0.994308	-0.102024	0.0494142	0.100437	0.993716	-0.11081	-1.98311	0.07191	0	100
wall_land	138	4003.72	428.08	334.27	-129.581	302.251	-591.091	0.0328	0.994162	-0.102787	0.0184324	0.102223	0.994591	-0.10371	-1.82831	0.06001	0	100
wall_land	140	4001.56	433.13	324.28	-129.541	303.351	-602.031	0.0349896	0.994019	-0.103454	-0.0102537	0.103869	0.994538	-0.09681	-1.68561	0.04931	0	100
wall_land	142	3999.4	438.2	314.11	-129.501	304.451	-612.971	0.0369887	0.993886	-0.104026	-0.0365541	0.105374	0.993761	-0.09031	-1.55411	0.03951	0	100
wall_land	144	3997.24	443.29	303.76	-129.451	305.551	-623.911	0.0389877	0.99376	-0.104503	-0.0608186	0.106749	0.992424	-0.08401	-1.43291	0.03071	0	100
wall_land	146	3995.08	448.4	293.23	-129.391	306.651	-634.851	0.0409868	0.993639	-0.104884	-0.0831361	0.108	0.990669	-0.07811	-1.32121	0.02271	0	100
wall_land	148	3992.92	453.52	282.51	-129.331	307.751	-645.791	0.042795	0.993523	-0.105266	-0.103713	0.109211	0.988593	-0.07241	-1.21831	0.01551	0	100
wall_land	150	3990.76	458.66	271.61	-129.271	308.851	-656.731	0.0446986	0.993409	-0.105552	-0.122618	0.110314	0.986304	-0.06711	-1.12341	0.00901	0	100
wall_land	152	3988.6	463.82	260.53	-129.211	309.951	-667.671	0.0465066	0.993295	-0.105838	-0.139967	0.111387	0.983871	-0.06201	-1.03591	0.00321	0	100
wall_land	154	3986.44	469	249.26	-129.151	311.051	-678.611	0.0482198	0.993193	-0.106028	-0.15596	0.112337	0.981355	-0.05731	-0.95521	-0.00191	0	100
wall_land	156	3984.28	474.2	237.81	-129.091	312.151	-689.551	0.049838	0.993103	-0.106124	-0.170603	0.113159	0.978821	-0.05281	-0.88091	-0.00641	0	100
wall_land	158	3982.12	479.42	226.18	-129.031	313.251	-700.491	0.051456	0.99301	-0.106219	-0.184077	0.113968	0.976282	-0.04861	-0.81231	-0.01041	0	100
wall_land	160	3979.97	484.66	214.37	-128.971	314.351	-711.431	0.0530738	0.992915	-0.106314	-0.19648	0.114767	0.973768	-0.04471	-0.74911	-0.01391	0	100
wall_land	162	3977.83	489.91	202.38	-128.911	315.451	-722.371	0.0545963	0.992822	-0.10641	-0.207923	0.115537	0.971298	-0.04101	-0.69091	-0.01701	0	100
wall_land	164	3975.69	495.18	190.2	-128.851	316.551	-733.311	0.0560235	0.992733	-0.106505	-0.218319	0.116272	0.968926	-0.03751	-0.63721	-0.01971	0	100
wall_land	166	3973.55	500.47	177.84	-128.771	317.651	-744.251	0.0574511	0.992651	-0.106505	-0.228041	0.116909	0.966607	-0.03421	-0.58761	-0.02201	0	100
wall_land	168	3971.41	505.78	165.3	-128.691	318.751	-755.191	0.0588786	0.992567	-0.106505	-0.236901	0.117535	0.964398	-0.03121	-0.54191	-0.02411	0	100
wall_land	170	3969.27	511.11	152.58	-128.611	319.851	-766.131	0.0602114	0.992498	-0.10641	-0.245014	0.118037	0.962307	-0.02841	-0.49981	-0.02581	0	100
wall_land	172	3967.13	516.45	139.67	-128.531	320.951	-777.071	0.0614483	0.992422	-0.10641	-0.252466	0.118599	0.96031	-0.02581	-0.46101	-0.02731	0	100
wall_land	174	3964.99	521.81	126.58	-128.451	322.051	-788.011	0.0626858	0.992355	-0.106314	-0.259353	0.119061	0.958416	-0.02331	-0.42521	-0.02861	0	100
wall_land	176	3962.85	527.19	113.31	-128.371	323.151	-798.951	0.0639227	0.992276	-0.106314	-0.265666	0.119608	0.956617	-0.02101	-0.39221	-0.02961	0	100
wall_land	178	3960.71	532.59	99.86	-128.291	324.251	-809.891	0.0650649	0.992212	-0.106219	-0.271524	0.120032	0.954917	-0.01891	-0.36181	-0.03041	0	100
wall_land	180	3958.57	538.01	86.23	-128.211	325.351	-820.831	0.0662071	0.992146	-0.106124	-0.27691	0.120449	0.953317	-0.01691	-0.33381	-0.03111	0	100
wall_land	182	3956.4	543.45	72.52	-132.321	326.881	-818.811	0.0662343	0.992555	-0.102214	-0.283953	0.116953	0.951679	0.43081	-0.56221	0.12291	0	100
wall_land	184	3954.05	548.91	59.21	-147.541	328.111	-784.281	0.0626267	0.994449	-0.0845555	-0.307742	0.099835	0.946218	0.96911	-1.95411	0.37101	0	100
wall_land	186	3951	554.57	47.94	-200.751	344.131	-617.941	0.0533112	0.997358	-0.0493549	-0.346081	0.0648157	0.935963	2.31001	-2.34241	0.90361	1	100
wall_land	188	3947.05	560.53	40.89	-253.461	362.561	-347.241	0.0393934	0.99921	-0.00517716	-0.391913	0.0202166	0.91978	2.44731	-3.14021	0.81201	1	100
wall_land	190	3942.56	566.8	38.11	-266.621	380.611	-125.541	0.0387222	0.999219	0.00786157	-0.404427	0.00847729	0.914531	0.45161	-0.30231	-0.09771	1	100
wall_land	192	3938.63	573.36	37.04	-223.141	398.051	-50.541	0.0427446	0.999037	0.00987484	-0.397801	0.00795198	0.917437	0.09151	0.58611	-0.25671	1	100
wall_land	194	3935.57	580.21	36.54	-170.911	415.241	-24.521	0.0472456	0.998828	0.0105459	-0.388106	0.00862756	0.921574	0.06391	0.62191	-0.25801	1	100
wall_land	196	3933.29	587.34	36.32	-125.741	432.361	-10.071	0.0513625	0.998618	0.0111211	-0.379609	0.00922223	0.925101	0.06171	0.52141	-0.23971	1	100
wall_land	198	3931.66	594.76	36.25	-88.941	449.481	-1.861	0.0551915	0.998407	0.0116963	-0.373127	0.00975794	0.927729	0.05791	0.38221	-0.21461	1	100
corner_drive_up	0	3011.61	3411.59	29.79	694.951	693.881	-16.421	0.707107	0.707107	0	-0	0	1	0	0	0.00021	1	100
corner_drive_up	2	3023.42	3423.39	29.32	713.381	712.561	-32.661	0.707107	0.707107	0	-0	0	1	0	0	0.00041	1	99.4444
corner_drive_up	4	3035.54	3435.49	28.57	731.511	730.891	-48.901	0.707107	0.707107	0	-0	0	1	0	0	0.00041	1	99
corner_drive_up	6	3047.95	3447.9	27.55	749.361	748.891	-65.141	0.707107	0.707107	0	-0	0	1	0	0	0.00041	1	99
corner_drive_up	8	3060.66	3460.61	26.26	766.911	766.571	-81.381	0.707107	0.707107	0	-0	0	1	0	0	0.00041	1	98.4444
corner_drive_up	10	3073.65	3473.6	24.7	784.181	783.931	-97.621	0.707107	0.707107	0	-0	0	1	0	0	0.00031	1	98
corner_drive_up	12	3086.94	3486.87	22.89	801.171	800.991	-111.931	0.707107	0.707107	-0.000383495	0.000271172	0.000271172	1	-0.03441	0.03441	0.00021	1	97
corner_drive_up	14	3100.51	3500.43	21.03	817.881	817.741	-109.971	0.707105	0.707105	-0.00201335	0.00142365	0.00142365	0.999998	-0.07521	0.07511	0.00021	1	96.4444
corner_drive_up	16	3114.34	3514.26	19.38	834.301	834.201	-95.221	0.707101	0.707101	-0.00402669	0.0028473	0.0028473	0.999992	-0.08601	0.08581	0.00011	1	96
corner_drive_up	18	3128.45	3528.37	18.05	850.451	850.371	-74.311	0.707094	0.707094	-0.00594414	0.00420314	0.00420314	0.999982	-0.07911	0.07891	0.00011	1	95.4444
corner_drive_up	20	3142.82	3542.74	17.09	866.321	866.261	-52.061	0.707087	0.707087	-0.00747809	0.00528781	0.00528781	0.999972	-0.06381	0.06361	0.00011	1	95
corner_drive_up	22	3157.45	3557.37	16.48	881.921	881.891	-31.721	0.70708	0.70708	-0.0087244	0.00616909	0.00616909	0.999962	-0.04601	0.04581	0	1	94.4444
corner_drive_up	24	3172.34	3572.26	16.29	897.261	897.241	-5.331	0.707067	0.707067	-0.0105459	0.00745709	0.00745709	0.999944	-0.02691	0.02681	0	1	94
corner_drive_up	26	3187.48	3587.4	16.33	912.341	912.331	4.011	0.707069	0.707069	-0.0103542	0.00732151	0.00732151	0.999946	0.00771	-0.00771	0	1	93.4444
corner_drive_up	28	3202.87	3602.79	16.43	927.171	927.171	6.301	0.70707	0.70707	-0.0102583	0.00725373	0.00725373	0.999947	0.00681	-0.00681	0	1	93
corner_drive_up	30	3218.51	3618.43	16.54	941.751	941.751	6.581	0.707071	0.707071	-0.0100666	0.00711815	0.00711815	0.999949	0.00571	-0.00571	0	1	92
corner_drive_up	32	3234.39	3634.31	16.64	956.071	956.091	5.991	0.707072	0.707072	-0.00997071	0.00705036	0.00705036	0.99995	0.00461	-0.00471	0	1	91.4444
corner_drive_up	34	3250.5	3650.42	16.73	970.151	970.171	5.031	0.707072	0.707072	-0.00987484	0.00698257	0.00698257	0.999951	0.00361	-0.00371	0	1	91
corner_drive_up	36	3266.84	3666.76	16.8	983.991	984.011	4.021	0.707073	0.707073	-0.00977897	0.00691478	0.00691478	0.999952	0.00271	-0.00281	0	1	90.4444
corner_drive_up	38	3283.41	3683.33	16.86	997.491	997.511	3.131	0.707073	0.707073	-0.00977897	0.00691478	0.00691478	0.999952	0.00211	-0.00211	0	1	90
corner_drive_up	40	3300.18	3700.1	16.9	1009.17	1009.19	2.361	0.707074	0.707074	-0.0096831	0.00684699	0.00684699	0.999953	0.00151	-0.00151	0	1	89.4444
corner_drive_up	42	3317.15	3717.07	16.93	1020.85	1020.87	1.741	0.707074	0.707074	-0.0096831	0.00684699	0.00684699	0.999953	0.00101	-0.00111	0	1	89
corner_drive_up	44	3334.31	3734.23	16.95	1032.53	1032.55	1.301	0.707074	0.707074	-0.0096831	0.00684699	0.00684699	0.999953	0.00071	-0.00091	0	1	88.4444
corner_drive_up	46	3351.66	3751.58	16.97	1044.21	1044.23	0.961	0.707074	0.707074	-0.0096831	0.00684699	0.00684699	0.999953	0.00051	-0.00061	0	1	88
corner_drive_up	48	3369.21	3769.13	16.99	1055.89	1055.91	0.671	0.707074	0.707074	-0.00958723	0.0067792	0.0067792	0.999954	0.00041	-0.00041	0	1	87
corner_drive_up	50	3386.96	3786.88	16.99	1067.57	1067.59	0.451	0.707074	0.707074	-0.00958723	0.0067792	0.0067792	0.999954	0.00041	-0.00021	0	1	86.4444
corner_drive_up	52	3404.9	3804.82	16.99	1079.25	1079.27	0.351	0.707074	0.707074	-0.00958723	0.0067792	0.0067792	0.999954	0.00041	-0.00021	0	1	86
corner_drive_up	54	3423.03	3822.95	16.99	1090.93	1090.95	0.301	0.707074	0.707074	-0.00958723	0.0067792	0.0067792	0.999954	0.00041	-0.00021	0	1	85.4444
corner_drive_up	56	3441.36	3841.28	16.99	1102.61	1102.63	0.281	0.707074	0.707074	-0.00958723	0.0067792	0.0067792	0.999954	0.00041	-0.00021	0	1	85
corner_drive_up	58	3459.89	3859.81	16.99	1114.29	1114.31	0.281	0.707074	0.707074	-0.00958723	0.0067792	0.0067792	0.999954	0.00041	-0.00021	0	1	84.4444
corner_drive_up	60	3478.6	3878.52	16.99	1125.97	1125.99	0.281	0.707074	0.707074	-0.00958723	0.0067792	0.0067792	0.999954	0.00041	-0.00021	0	1	84
corner_drive_up	62	3497.51	3897.43	16.99	1137.65	1137.67	0.281	0.707074	0.707074	-0.00958723	0.0067792	0.0067792	0.999954	0.00041	-0.00021	0	1	83.4444
corner_drive_up	64	3516.62	3916.54	16.99	1149.33	1149.35	0.281	0.707074	0.707074	-0.00958723	0.0067792	0.0067792	0.999954	0.00041	-0.00021	0	1	83
corner_drive_up	66	3535.93	3935.85	16.99	1161.01	1161.03	0.281	0.707074	0.707074	-0.00958723	0.0067792	0.0067792	0.999954	0.00041	-0.00021	0	1	82
corner_drive_up	68	3555.42	3955.34	16.99	1172.69	1172.71	0.281	0.707074	0.707074	-0.00958723	0.0067792	0.0067792	0.999954	0.00041	-0.00021	0	1	81.4444
corner_drive_up	70	3575.11	3975.03	16.99	1184.37	1184.39	0.281	0.707074	0.707074	-0.00958723	0.0067792	0.0067792	0.999954	0.00041	-0.00021	0	1	81
corner_drive_up	72	3595	3994.92	16.99	1196.05	1196.07	0.281	0.707074	0.707074	-0.00958723	0.0067792	0.0067792	0.999954	0.00041	-0.00021	0	1	80.4444
corner_drive_up	74	3615.08	4015	16.99	1207.73	1207.75	0.281	0.707074	0.707074	-0.00958723	0.0067792	0.0067792	0.999954	0.00041	-0.00021	0	1	80
corner_drive_up	76	3635.31	4035.23	17.5	1215.67	1215.86	46.801	0.707079	0.707079	0.00882027	-0.00623688	-0.00623688	0.999961	1.18941	-1.19371	0.00281	1	79.4444
corner_drive_up	78	3655.69	4055.62	18.6	1225.69	1225.97	69.211	0.706297	0.706432	0.0458116	-0.0324584	-0.032329	0.99895	1.62241	-1.63211	0.00301	1	79
corner_drive_up	80	3675.87	4075.82	21.52	1209.48	1210.91	194.341	0.699374	0.700045	0.144264	-0.102165	-0.101856	0.989539	3.88271	-3.89531	0.01801	1	78.4444
corner_drive_up	82	3695.71	4095.7	26.94	1174.97	1178.31	381.921	0.68404	0.685353	0.249763	-0.176847	-0.176372	0.968307	3.88051	-3.89751	0.02831	1	78
corner_drive_up	84	3714.92	4114.99	34.53	1146.83	1151.55	474.841	0.655757	0.658151	0.369892	-0.261891	-0.261217	0.929074	3.87631	-3.90171	0.02531	1	77
corner_drive_up	86	3733.18	4133.37	45.25	1069.45	1077.61	703.131	0.624185	0.627545	0.465383	-0.329821	-0.328334	0.885107	3.86411	-3.91371	0.02941	1	76.4444
corner_drive_up	88	3749.94	4150.31	58.97	967.291	980.221	889.811	0.581487	0.581041	0.569442	-0.41421	-0.390988	0.821924	3.02001	-4.48041	-1.02691	1	76
corner_drive_up	90	3764.85	4165.45	75.71	881.461	894.521	1023.52	0.528478	0.526456	0.665999	-0.487015	-0.454569	0.745777	3.82331	-3.95281	-0.08241	1	75.4444
corner_drive_up	92	3777.98	4178.8	94.96	749.781	763.051	1195.04	0.478328	0.477412	0.737076	-0.53614	-0.505992	0.675667	3.90301	-3.87341	0.11241	1	75
corner_drive_up	94	3789.78	4190.78	115.55	697.871	708.531	1244.97	0.411041	0.412779	0.812809	-0.58828	-0.561013	0.582401	3.87601	-3.90011	0.12421	1	74.4444
corner_drive_up	96	3799.77	4200.99	137.81	558.211	571.821	1362.56	0.351436	0.355503	0.866089	-0.624551	-0.600142	0.499766	3.86661	-3.90881	0.13971	1	74
corner_drive_up	98	3807.86	4209.33	161.28	447.351	463.451	1434.38	0.285559	0.292207	0.912727	-0.656293	-0.6344	0.408431	3.43681	-3.48421	0.12651	1	73.4444
corner_drive_up	100	3813.45	4215.25	185.8	316.131	335.961	1475.41	0.203781	0.213628	0.955425	-0.685117	-0.666006	0.295043	3.83761	-3.93841	0.10291	1	73
corner_drive_up	102	3817.76	4219.91	210.69	223.901	246.311	1506.64	0.135302	0.147511	0.979762	-0.701401	-0.68417	0.199869	3.32951	-3.41241	0.09041	1	72
corner_drive_up	104	3820.31	4222.87	236.08	142.071	166.691	1526.86	0.0665629	0.0809329	0.994494	-0.710913	-0.69552	0.104185	3.83561	-3.94081	0.08281	1	71.4444
corner_drive_up	106	3821.97	4224.96	261.68	62.121	89.301	1542.15	0.0134162	0.0290698	0.999487	-0.71372	-0.699791	0.0299336	2.16721	-2.20341	0.04711	1	71
corner_drive_up	108	3822.22	4225.69	287.56	7.251	35.521	1554.86	-0.00956965	0.00621139	0.999935	-0.71364	-0.700508	-0.00247832	1.25151	-1.25881	0.02021	1	70.4444
corner_drive_up	110	3821.96	4225.9	313.55	-35.551	-6.641	1560.62	-0.0214779	-0.00577559	0.999753	-0.713645	-0.700239	-0.0193767	0.23081	-0.20471	-0.00021	1	70
corner_drive_up	112	3821.05	4225.46	339.63	-57.001	-28.581	1566.32	-0.0180781	-0.00291057	0.999832	-0.713718	-0.700273	-0.0149434	-0.20461	0.23671	-0.00931	1	69.4444
corner_drive_up	114	3820.11	4224.98	365.81	-55.531	-28.431	1572.02	-0.0141797	0.000508659	0.999899	-0.713784	-0.700298	-0.00976603	-0.20131	0.22471	-0.00701	1	69
corner_drive_up	116	3819.26	4224.56	392.08	-49.681	-23.781	1577.72	-0.010854	0.00351426	0.999935	-0.713892	-0.700236	-0.00528812	-0.17311	0.18981	-0.00461	1	68.4444
corner_drive_up	118	3818.52	4224.24	418.45	-42.601	-17.681	1583.42	-0.00820476	0.00599651	0.999948	-0.713981	-0.700163	-0.00165959	-0.14031	0.15221	-0.00171	1	68
corner_drive_up	120	3817.89	4224.02	444.91	-35.751	-11.581	1589.12	-0.00605181	0.00792404	0.99995	-0.713857	-0.70029	0.00122906	-0.11051	0.11901	0.00151	1	67
corner_drive_up	122	3817.37	4223.9	471.47	-29.811	-6.201	1594.8	-0.00443351	0.00946291	0.999945	-0.713861	-0.700279	0.00346196	-0.08571	0.09181	0.00461	1	66.4444
corner_drive_up	124	3816.93	4223.86	498.12	-24.981	-1.781	1600.48	-0.00318235	0.0106561	0.999938	-0.713727	-0.700404	0.00519256	-0.06591	0.07041	0.00751	1	66
corner_drive_up	126	3816.56	4223.87	524.86	-21.221	1.691	1606.16	-0.00222843	0.0115798	0.99993	-0.713592	-0.700531	0.00652224	-0.05041	0.05381	0.01011	1	65.4444
corner_drive_up	128	3816.25	4223.94	551.7	-18.341	4.371	1611.84	-0.00150448	0.0122755	0.999924	-0.713658	-0.700454	0.00752533	-0.03861	0.04121	0.01221	1	65
corner_drive_up	130	3815.97	4224.04	578.64	-16.251	6.341	1617.52	-0.000938927	0.0128124	0.999917	-0.713253	-0.700858	0.00831068	-0.02961	0.03171	0.01371	1	64.4444
corner_drive_up	132	3815.72	4224.17	605.67	-14.691	7.831	1623.2	-0.00051739	0.0132201	0.999913	-0.713318	-0.700784	0.00889617	-0.02271	0.02441	0.01471	1	64
corner_drive_up	134	3815.49	4224.31	632.79	-13.591	8.901	1628.88	-0.00018921	0.0135164	0.999909	-0.712981	-0.701121	0.00934261	-0.01741	0.01891	0.01541	1	63.4444
corner_drive_up	136	3815.27	4224.47	660.01	-12.801	9.691	1634.56	6.44055e-05	0.0137094	0.999906	-0.712711	-0.701391	0.00966246	-0.01331	0.01461	0.01581	1	63
corner_drive_up	138	3815.07	4224.64	687.33	-12.231	10.281	1640.24	0.000258542	0.0138988	0.999903	-0.712643	-0.701457	0.00993463	-0.01021	0.01141	0.01591	1	62
corner_drive_up	140	3814.87	4224.82	714.74	-11.871	10.681	1645.92	0.00040394	0.0140872	0.999901	-0.712507	-0.701591	0.0101723	-0.00781	0.00901	0.01601	1	61.4444
corner_drive_up	142	3814.67	4225	742.24	-11.611	10.971	1651.6	0.000524971	0.0141791	0.999899	-0.712238	-0.701863	0.0103267	-0.00591	0.00701	0.01601	1	61
corner_drive_up	144	3814.48	4225.18	769.84	-11.411	11.221	1657.28	0.000625674	0.014271	0.999898	-0.711968	-0.702134	0.0104667	-0.00441	0.00551	0.01591	1	60.4444
corner_drive_up	146	3814.3	4225.37	797.53	-11.291	11.391	1662.96	0.000699548	0.0142675	0.999898	-0.7119	-0.702202	0.0105178	-0.00331	0.00431	0.01571	1	60
corner_drive_up	148	3814.12	4225.57	825.32	-11.271	11.461	1668.64	0.00075657	0.0143607	0.999897	-0.71163	-0.702474	0.0106275	-0.00241	0.00341	0.01561	1	59.4444
corner_drive_up	150	3813.94	4225.77	853.2	-11.321	11.471	1674.32	0.000800625	0.0143583	0.999897	-0.711428	-0.702678	0.01066	-0.00171	0.00271	0.01561	1	59
corner_drive_up	152	3813.75	4225.97	881.18	-11.381	11.451	1680	0.00084605	0.0143557	0.999897	-0.711293	-0.702814	0.0106923	-0.00131	0.00231	0.01561	1	58.4444
corner_drive_up	154	3813.56	4226.17	909.25	-11.421	11.451	1685.68	0.000877702	0.0143538	0.999897	-0.711023	-0.703087	0.0107172	-0.00081	0.00191	0.01561	1	58
corner_drive_up	156	3813.36	4226.37	937.41	-11.431	11.481	1691.36	0.000901559	0.0144484	0.999895	-0.710956	-0.703154	0.0108015	-0.00051	0.00161	0.01561	1	57
corner_drive_up	158	3813.16	4226.57	965.67	-11.411	11.541	1697.04	0.000918181	0.0144473	0.999895	-0.710753	-0.703358	0.0108154	-0.00031	0.00141	0.01561	1	56.4444
corner_drive_up	160	3812.98	4226.77	994.03	-11.391	11.601	1702.72	0.000936189	0.0144462	0.999895	-0.710618	-0.703495	0.0108292	-0.00011	0.00131	0.01561	1	56
corner_drive_up	162	3812.79	4226.97	1022.48	-11.441	11.601	1708.4	0.000952808	0.0144451	0.999895	-0.710416	-0.703699	0.010843	0	0.00111	0.01561	1	55.4444
corner_drive_up	164	3812.59	4227.17	1051.02	-11.451	11.641	1714.08	0.000970811	0.0144439	0.999895	-0.710348	-0.703767	0.0108559	0.00011	0.00091	0.01561	1	55
corner_drive_up	166	3812.39	4227.37	1079.66	-11.431	11.701	1719.76	0.000988812	0.0144427	0.999895	-0.709943	-0.704175	0.0108733	0.00021	0.00071	0.01561	1	54.4444
corner_drive_up	168	3812.19	4227.57	1108.4	-11.401	11.781	1725.44	0.000977734	0.0144434	0.999895	-0.70974	-0.704379	0.0108687	0.00021	0.00061	0.01561	1	54
corner_drive_up	170	3812.01	4227.77	1137.23	-11.401	11.851	1731.12	0.00096804	0.0144441	0.999895	-0.709605	-0.704516	0.0108641	0.00021	0.00061	0.01561	1	53.4444
corner_drive_up	172	3811.81	4227.97	1166.15	-11.431	11.881	1736.8	0.000972195	0.0144438	0.999895	-0.709403	-0.70472	0.0108696	0.00011	0.00061	0.01561	1	53
corner_drive_up	174	3811.61	4228.17	1195.17	-11.431	11.951	1742.48	0.000974966	0.0144436	0.999895	-0.709335	-0.704787	0.0108724	0.00011	0.00061	0.01561	1	52
corner_drive_up	176	3811.42	4228.37	1224.28	-11.411	12.031	1748.16	0.000979119	0.0144433	0.999895	-0.709065	-0.70506	0.0108788	0.00021	0.00051	0.01571	1	51.4444
corner_drive_up	178	3811.23	4228.57	1253.49	-11.411	12.101	1753.84	0.000983273	0.014443	0.999895	-0.708794	-0.705331	0.0108852	0.00021	0.00051	0.01581	1	51
corner_drive_up	180	3811.03	4228.77	1282.79	-11.421	12.151	1759.52	0.000986043	0.0144428	0.999895	-0.708794	-0.705331	0.010887	0.00021	0.00051	0.01601	1	50.4444
corner_drive_up	182	3810.84	4228.97	1312.19	-11.401	12.231	1765.2	0.000990196	0.0144426	0.999895	-0.708524	-0.705603	0.0108934	0.00021	0.00051	0.01611	1	50
corner_drive_up	184	3810.65	4229.17	1341.68	-11.421	12.271	1770.88	0.000979119	0.0144433	0.999895	-0.708321	-0.705807	0.0108889	0.00031	0.00041	0.01611	1	49.4444
corner_drive_up	186	3810.45	4229.37	1371.26	-11.431	12.331	1776.56	0.000969426	0.014444	0.999895	-0.708185	-0.705943	0.0108843	0.00031	0.00041	0.01611	1	49
corner_drive_up	188	3810.25	4229.57	1400.94	-11.391	12.351	1782.24	0.000977734	0.0144434	0.999895	-0.707914	-0.706214	0.0108934	0.00251	0.00081	0.01301	1	48.4444
corner_drive_up	190	3810.05	4229.77	1430.72	-11.471	12.481	1787.92	0.000996022	0.0143461	0.999897	-0.707914	-0.706215	0.0108376	0.00601	0.00121	0.00861	1	48
corner_drive_up	192	3809.85	4229.97	1460.59	-11.491	12.571	1793.6	0.00102489	0.0142479	0.999898	-0.707711	-0.706419	0.0107914	0.00851	0.00161	0.00611	1	47
corner_drive_up	194	3809.65	4230.17	1490.55	-11.451	12.621	1799.28	0.00105157	0.0140537	0.999901	-0.707779	-0.706354	0.0106722	0.01011	0.00211	0.00501	1	46.4444
corner_drive_up	196	3808.87	4229.8	1520.52	-53.501	-29.421	1798.88	-0.0200127	-0.00724084	0.999774	-0.707456	-0.706495	-0.0192781	1.49201	-1.48041	0.02231	1	46
corner_drive_up	198	3807.84	4229.17	1550.56	-63.321	-39.311	1803.75	-0.0475396	-0.034983	0.998257	-0.706125	-0.705678	-0.0583574	1.68261	-1.66901	0.02531	1	45.4444
corner_drive_up	200	3806.75	4228.48	1580.7	-66.221	-42.441	1809.49	-0.0750344	-0.0627681	0.995203	-0.703578	-0.703906	-0.0974428	1.66551	-1.65091	0.02561	1	45
corner_drive_up	202	3804.23	4226.38	1610.57	-193.021	-167.501	1778.01	-0.0986504	-0.087298	0.991286	-0.700525	-0.70141	-0.131485	2.35791	-2.30641	0.04481	1	44.4444
corner_drive_up	204	3800.14	4222.71	1639.99	-255.231	-230.571	1763.77	-0.149175	-0.138897	0.979007	-0.691413	-0.693149	-0.203694	3.25031	-3.19541	0.04071	1	44
corner_drive_up	206	3795.79	4218.75	1669.43	-261.831	-239.001	1767.87	-0.201599	-0.192308	0.960404	-0.677854	-0.680394	-0.278529	3.29831	-3.25201	0.03311	1	43.4444
corner_drive_up	208	3789.38	4212.76	1697.92	-430.821	-406.201	1681.4	-0.230271	-0.222927	0.947248	-0.668059	-0.671572	-0.32045	2.51721	-2.41551	0.06101	1	43
corner_drive_up	210	3781.22	4204.98	1725.43	-500.421	-478.691	1645.53	-0.275633	-0.270294	0.922479	-0.650404	-0.654188	-0.38602	3.10001	-2.99491	0.04041	1	42.4444
corner_drive_up	212	3772.77	4196.84	1752.87	-507.971	-490.201	1647.24	-0.321299	-0.317684	0.892101	-0.629093	-0.632532	-0.451824	3.12301	-3.03391	0.02261	1	42
corner_drive_up	214	3763.72	4188.06	1779.95	-578.241	-561.341	1599.9	-0.3508	-0.348855	0.869045	-0.612691	-0.616324	-0.494726	1.09881	-0.99691	0.04931	1	41
corner_drive_up	216	3752.34	4176.93	1804.97	-704.021	-690.091	1482.35	-0.386023	-0.386319	0.837701	-0.590624	-0.594061	-0.546127	2.83981	-2.72751	0.04781	1	40.4444
corner_drive_up	218	3740.28	4165.04	1829.44	-726.151	-716.961	1468.08	-0.425476	-0.427603	0.797575	-0.562359	-0.565578	-0.60322	3.01581	-2.91421	0.02671	1	40
corner_drive_up	220	3727.68	4152.53	1853.41	-784.931	-780.191	1406.68	-0.451334	-0.454809	0.767754	-0.54175	-0.544016	-0.640745	1.13251	-1.05311	0.01301	1	39.4444
corner_drive_up	222	3713.19	4138.07	1874.9	-886.261	-885.351	1267.13	-0.482488	-0.486949	0.72807	-0.514014	-0.515634	-0.685501	2.79171	-2.72301	0.00431	1	39
corner_drive_up	224	3698.13	4122.99	1895.74	-906.421	-908.591	1248.8	-0.51653	-0.521706	0.678984	-0.47962	-0.480611	-0.734151	2.96901	-2.91181	-0.00041	1	38.4444
corner_drive_up	226	3682.96	4107.75	1916.6	-910.911	-915.451	1253.24	-0.548397	-0.554105	0.626281	-0.442659	-0.443041	-0.779594	2.97981	-2.92891	-0.00491	1	38
corner_drive_up	228	3666.47	4091.16	1935.18	-1017.22	-1023.73	1057.59	-0.565392	-0.571387	0.594852	-0.420579	-0.420676	-0.803832	2.35611	-2.32371	0.00031	1	37.4444
corner_drive_up	230	3648.92	4073.48	1951.74	-1059.36	-1067.44	984.561	-0.592542	-0.598824	0.538799	-0.381153	-0.380833	-0.84243	2.98571	-2.95751	-0.00191	1	37
corner_drive_up	232	3631.13	4055.55	1968.11	-1068.76	-1078.02	982.301	-0.617878	-0.62431	0.477979	-0.338407	-0.337568	-0.878367	3.01881	-2.99081	-0.00441	1	36
corner_drive_up	234	3612.32	4036.6	1981.89	-1148.47	-1156.79	763.611	-0.630905	-0.638083	0.441371	-0.312438	-0.311766	-0.897321	2.40631	-2.38941	0.03111	1	35.4444
corner_drive_up	236	3592.73	4016.85	1993.43	-1180.69	-1190.36	681.921	-0.650707	-0.658616	0.377895	-0.267638	-0.266799	-0.925845	3.06101	-3.02821	0.02181	1	35
corner_drive_up	238	3572.92	3996.85	2004.71	-1190.74	-1202.22	676.811	-0.668082	-0.676461	0.309947	-0.219841	-0.218505	-0.95075	3.09121	-3.06041	0.01251	1	34.4444
corner_land_shallow	0	3206.68	3606.68	394.91	400.511	400.491	-308.031	0.707107	0.707107	0	-0	0	1	0	0	0	0	100
corner_land_shallow	2	3213.36	3613.36	389.64	401.291	401.271	-318.851	0.707107	0.707107	0	-0	0	1	0	0	0	0	100
corner_land_shallow	4	3220.06	3620.06	384.19	402.071	402.051	-329.671	0.707107	0.707107	0	-0	0	1	0	0	0	0	100
corner_land_shallow	6	3226.77	3626.77	378.56	402.851	402.831	-340.491	0.707107	0.707107	0	-0	0	1	0	0	0	0	100
corner_land_shallow	8	3233.49	3633.49	372.75	403.631	403.611	-351.311	0.707107	0.707107	0	-0	0	1	0	0	0	0	100
corner_land_shallow	10	3240.23	3640.23	366.76	404.411	404.391	-362.131	0.707107	0.707107	0	-0	0	1	0	0	0	0	100
corner_land_shallow	12	3246.98	3646.98	360.59	405.191	405.171	-372.951	0.707107	0.707107	0	-0	0	1	0	0	0	0	100
corner_land_shallow	14	3253.74	3653.74	354.24	405.971	405.951	-383.771	0.707107	0.707107	0	-0	0	1	0	0	0	0	100
corner_land_shallow	16	3260.52	3660.52	347.71	406.751	406.731	-394.591	0.707107	0.707107	0	-0	0	1	0	0	0	0	100
corner_land_shallow	18	3267.31	3667.31	341	407.531	407.511	-405.411	0.707107	0.707107	0	-0	0	1	0	0	0	0	100
corner_land_shallow	20	3274.11	3674.11	334.11	408.311	408.291	-416.231	0.707107	0.707107	0	-0	0	1	0	0	0	0	100
corner_land_shallow	22	3280.93	3680.93	327.04	409.091	409.071	-427.051	0.707107	0.707107	0	-0	0	1	0	0	0	0	100
corner_land_shallow	24	3284.34	3684.34	323.44	409.481	409.461	-432.461	0.707107	0.707107	0	-0	0	1	0	0	0	0	100
corner_land_shallow	25	3291.18	3691.18	316.1	410.261	410.241	-443.281	0.707107	0.707107	0	-0	0	1	0	0	0	0	100
corner_land_shallow	27	3298.03	3698.03	308.58	411.041	411.021	-454.101	0.707107	0.707107	0	-0	0	1	0	0	0	0	100
corner_land_shallow	29	3304.89	3704.89	300.88	411.821	411.801	-464.921	0.707107	0.707107	0	-0	0	1	0	0	0	0	100
corner_land_shallow	31	3311.76	3711.76	293	412.601	412.581	-475.741	0.707107	0.707107	0	-0	0	1	0	0	0	0	100
corner_land_shallow	33	3318.65	3718.64	284.94	413.381	413.361	-486.561	0.707107	0.707107	0	-0	0	1	0	0	0	0	100
corner_land_shallow	35	3325.55	3725.54	276.7	414.161	414.141	-497.381	0.707107	0.707107	0	-0	0	1	0	0	0	0	100
corner_land_shallow	37	3332.46	3732.45	268.27	414.941	414.921	-508.201	0.707107	0.707107	0	-0	0	1	0	0	0	0	100
corner_land_shallow	39	3339.38	3739.37	259.66	415.721	415.701	-519.021	0.707107	0.707107	0	-0	0	1	0	0	0	0	100
corner_land_shallow	41	3346.32	3746.31	250.87	416.501	416.481	-529.841	0.707107	0.707107	0	-0	0	1	0	0	0	0	100
corner_land_shallow	43	3353.27	3753.26	241.9	417.281	417.261	-540.661	0.707107	0.707107	0	-0	0	1	0	0	0	0	100
corner_land_shallow	45	3360.23	3760.22	232.75	418.061	418.041	-551.481	0.707107	0.707107	0	-0	0	1	0	0	0	0	100
corner_land_shallow	47	3367.21	3767.2	223.42	418.841	418.821	-562.301	0.707107	0.707107	0	-0	0	1	0	0	0	0	100
corner_land_shallow	49	3374.2	3774.19	213.91	419.621	419.601	-573.121	0.707107	0.707107	0	-0	0	1	0	0	0	0	100
corner_land_shallow	51	3381.2	3781.19	204.22	420.401	420.381	-583.941	0.707107	0.707107	0	-0	0	1	0	0	0	0	100
corner_land_shallow	53	3388.22	3788.21	194.35	421.181	421.161	-594.761	0.707107	0.707107	0	-0	0	1	0	0	0	0	100
corner_land_shallow	55	3395.25	3795.24	184.3	421.961	421.941	-605.581	0.707107	0.707107	0	-0	0	1	0	0	0	0	100
corner_land_shallow	57	3402.29	3802.28	174.07	422.741	422.721	-616.401	0.707107	0.707107	0	-0	0	1	0	0	0	0	100
corner_land_shallow	59	3409.35	3809.34	163.66	423.521	423.501	-627.221	0.707107	0.707107	0	-0	0	1	0	0	0	0	100
corner_land_shallow	61	3416.42	3816.41	153.07	424.301	424.281	-638.041	0.707107	0.707107	0	-0	0	1	0	0	0	0	100
corner_land_shallow	63	3423.5	3823.49	142.3	425.081	425.061	-648.861	0.707107	0.707107	0	-0	0	1	0	0	0	0	100
corner_land_shallow	65	3430.6	3830.59	131.35	425.861	425.841	-659.681	0.707107	0.707107	0	-0	0	1	0	0	0	0	100
corner_land_shallow	67	3437.71	3837.69	120.22	426.641	426.621	-670.501	0.707107	0.707107	0	-0	0	1	0	0	0	0	100
corner_land_shallow	69	3444.83	3844.81	108.91	427.421	427.401	-681.321	0.707107	0.707107	0	-0	0	1	0	0	0	0	100
corner_land_shallow	71	3451.97	3851.94	97.42	428.201	428.181	-692.141	0.707107	0.707107	0	-0	0	1	0	0	0	0	100
corner_land_shallow	73	3459.11	3859.08	85.75	428.981	428.961	-702.961	0.707107	0.707107	0	-0	0	1	0	0	0	0	100
corner_land_shallow	75	3466.27	3866.24	73.9	429.761	429.741	-713.781	0.707107	0.707107	0	-0	0	1	0	0	0	0	100
corner_land_shallow	77	3473.44	3873.41	61.87	430.541	430.521	-724.601	0.707107	0.707107	0	-0	0	1	0	0	0	0	100
corner_land_shallow	79	3480.62	3880.59	49.66	431.321	431.301	-735.421	0.707107	0.707107	0	-0	0	1	0	0	0	0	100
corner_land_shallow	81	3487.82	3887.79	37.27	432.101	432.081	-746.241	0.707107	0.707107	0	-0	0	1	0	0	0	0	100
corner_land_shallow	83	3495.03	3895	25.24	433.591	433.571	-692.061	0.70704	0.70704	-0.0137095	0.0096941	0.0096941	0.999906	-1.16211	1.16211	0	0	100
corner_land_shallow	85	3502.4	3902.37	16.42	444.811	444.801	-475.621	0.706772	0.706772	-0.0307706	0.0217581	0.0217581	0.999527	-0.59631	0.59631	0	1	100
corner_land_shallow	87	3509.95	3909.92	12.79	455.871	455.871	-130.741	0.707098	0.707098	-0.00498542	0.00352522	0.00352522	0.999988	0.69781	-0.69781	0	1	100
corner_land_shallow	89	3517.68	3917.65	12.63	466.851	466.851	15.031	0.707107	0.707107	-0.000479369	0.000338965	0.000338965	1	0.08671	-0.08681	0	1	100
corner_land_shallow	91	3525.6	3925.57	13.3	477.651	477.651	43.411	0.707106	0.707106	-0.00162985	0.00115248	0.00115248	0.999999	-0.06411	0.06401	0	1	100
corner_land_shallow	93	3533.69	3933.66	14.03	488.261	488.271	43.661	0.707103	0.707103	-0.00316383	0.00223717	0.00223717	0.999995	-0.06431	0.06431	0	1	100
corner_land_shallow	95	3541.96	3941.93	14.7	498.701	498.701	38.791	0.7071	0.7071	-0.00450605	0.00318626	0.00318626	0.99999	-0.05541	0.05531	0	1	100
corner_land_shallow	97	3550.4	3950.37	15.27	508.961	508.961	32.171	0.707095	0.707095	-0.00565652	0.00399977	0.00399977	0.999984	-0.04481	0.04471	0	1	100
corner_land_shallow	99	3559.01	3958.98	15.72	519.041	519.041	25.521	0.707092	0.707092	-0.00651937	0.00460989	0.00460989	0.999979	-0.03511	0.03511	0	1	100
corner_land_shallow	101	3567.79	3967.76	16.07	528.951	528.951	19.651	0.707088	0.707088	-0.00719047	0.00508443	0.00508443	0.999974	-0.02721	0.02731	0	1	100
corner_land_shallow	103	3576.73	3976.7	16.33	538.691	538.691	14.821	0.707085	0.707085	-0.0077657	0.00549118	0.00549118	0.99997	-0.02091	0.02101	0	1	100
corner_land_shallow	105	3585.83	3985.8	16.53	548.271	548.271	10.991	0.707083	0.707083	-0.00814918	0.00576234	0.00576234	0.999967	-0.01601	0.01611	0	1	100
corner_land_shallow	107	3595.09	3995.06	16.68	557.671	557.681	8.031	0.707082	0.707082	-0.00843679	0.00596571	0.00596571	0.999964	-0.01221	0.01241	0	1	100
corner_land_shallow	109	3604.5	4004.47	16.79	566.911	566.921	5.751	0.70708	0.70708	-0.0087244	0.00616909	0.00616909	0.999962	-0.00941	0.00951	0	1	100
corner_land_shallow	111	3614.06	4014.03	16.86	576.011	576.021	4.061	0.707079	0.707079	-0.00891615	0.00630467	0.00630467	0.99996	-0.00721	0.00731	0	1	100
corner_land_shallow	113	3623.76	4023.73	17.07	583.331	583.421	22.161	0.707103	0.707103	-0.00306796	0.00216937	0.00216937	0.999995	0.49571	-0.49951	0.00131	1	100
corner_land_shallow	115	3633.58	4033.55	17.62	591.031	591.201	35.201	0.706967	0.707102	0.0142847	-0.0101676	-0.010034	0.999898	0.76851	-0.77851	0.00161	1	100
corner_land_shallow	117	3643.53	4043.51	18.25	599.311	599.511	38.291	0.706654	0.70679	0.0329746	-0.0234499	-0.0231832	0.999456	0.79281	-0.80121	0.00141	1	100
corner_land_shallow	119	3653.62	4053.6	18.9	607.551	607.761	39.321	0.706088	0.706224	0.0518445	-0.0368595	-0.0364597	0.998655	0.79921	-0.80471	0.00121	1	100
corner_land_shallow	121	3663.65	4063.64	20.4	601.761	602.571	100.081	0.703304	0.703709	0.100784	-0.0715834	-0.0709465	0.994908	2.29811	-2.31631	0.00981	1	100
corner_land_shallow	123	3673.74	4073.75	22.22	607.591	608.471	110.871	0.697782	0.698451	0.158953	-0.112885	-0.111908	0.987286	2.49521	-2.51671	0.00781	1	100
corner_land_shallow	125	3683.92	4083.95	24.5	611.741	612.821	148.661	0.691321	0.692116	0.207487	-0.147377	-0.146054	0.978237	1.88381	-1.90601	0.00391	1	100
corner_land_shallow	127	3693.87	4093.94	28.03	595.131	597.191	223.881	0.679392	0.680696	0.274005	-0.194582	-0.19292	0.961727	3.06611	-3.10051	0.01521	1	100
corner_land_shallow	129	3703.82	4103.93	31.94	598.601	600.701	235.751	0.662356	0.664136	0.346711	-0.246189	-0.244136	0.93797	3.24531	-3.27511	0.01211	1	100
corner_land_shallow	131	3713.77	4113.91	36.35	591.481	594.201	294.441	0.644922	0.647028	0.406731	-0.28883	-0.286378	0.913545	2.19831	-2.22981	-0.00121	1	100
corner_land_shallow	133	3723.36	4123.57	42.22	564.311	568.361	378.051	0.629354	0.631651	0.452692	-0.321622	-0.318585	0.891663	2.59221	-2.64201	0.00741	1	100
corner_land_shallow	135	3732.61	4132.9	48.99	554.891	559.201	410.421	0.604191	0.607211	0.515993	-0.366735	-0.362995	0.856586	3.11441	-3.16781	0.00921	1	100
corner_land_shallow	137	3741.74	4142.11	56.31	538.401	543.421	465.011	0.57988	0.583337	0.568732	-0.404352	-0.399964	0.822513	2.13131	-2.17681	-0.00761	1	100
corner_land_shallow	139	3750.32	4150.79	64.89	500.271	506.741	535.991	0.558703	0.562573	0.609395	-0.433628	-0.428196	0.792853	2.56501	-2.62841	0.00161	1	100
corner_land_shallow	141	3758.46	4159.03	74.2	487.141	493.691	561.451	0.5259	0.530559	0.664783	-0.473089	-0.467067	0.747018	3.08181	-3.14941	0.00461	1	100
corner_land_shallow	143	3766.4	4167.08	83.95	464.031	471.321	607.081	0.495158	0.500408	0.710218	-0.505524	-0.498889	0.703956	2.13831	-2.18611	-0.01161	1	100
corner_land_shallow	145	3773.65	4174.46	94.73	417.491	426.311	663.441	0.468733	0.474429	0.745122	-0.53062	-0.523155	0.666897	2.58731	-2.65031	0.00061	1	100
corner_land_shallow	147	3780.36	4181.31	106.07	400.931	409.731	683.341	0.429028	0.435661	0.791287	-0.563715	-0.55535	0.611402	3.09321	-3.16231	0.00461	1	100
corner_land_shallow	149	3786.81	4187.91	117.78	372.241	381.841	720.001	0.392521	0.399891	0.82826	-0.590061	-0.581295	0.56029	2.17181	-2.21451	-0.01121	1	100
corner_land_shallow	151	3792.45	4193.72	130.27	318.951	330.191	761.091	0.361347	0.369263	0.856197	-0.610127	-0.600738	0.516584	2.62141	-2.68321	0.00041	1	100
corner_land_shallow	153	3797.47	4198.93	143.16	299.311	310.471	775.361	0.315768	0.324734	0.891537	-0.635293	-0.625554	0.452863	3.12621	-3.19441	0.00751	1	100
corner_land_shallow	155	3802.49	4204.12	156.1	301.831	312.241	776.431	0.2668	0.276808	0.923144	-0.657842	-0.647707	0.384342	3.18001	-3.23931	0.00971	1	100
corner_land_shallow	157	3806.47	4208.31	169.68	213.531	227.161	824.491	0.228662	0.239343	0.943625	-0.67237	-0.662146	0.330879	2.69351	-2.74741	0.00471	1	100
corner_land_shallow	159	3809.58	4211.65	183.63	182.951	196.771	838.631	0.180438	0.192122	0.96464	-0.687242	-0.676998	0.263385	3.02441	-3.08681	0.00721	1	100
corner_land_shallow	161	3812.63	4214.92	197.63	184.201	197.131	840.091	0.129664	0.142348	0.981287	-0.699051	-0.688735	0.19228	3.08121	-3.13771	0.01011	1	100
corner_land_shallow	163	3814.86	4217.39	212.01	123.341	138.191	867.371	0.0997736	0.112705	0.988607	-0.704436	-0.693697	0.150178	1.56581	-1.57641	-0.01741	1	100
corner_land_shallow	165	3816.42	4219.21	226.55	88.991	104.261	873.381	0.0656556	0.0790851	0.994703	-0.708874	-0.697881	0.102275	2.12121	-2.15651	-0.00541	1	100
corner_land_shallow	167	3817.88	4220.91	241.13	87.611	102.021	874.811	0.028615	0.042657	0.99868	-0.711722	-0.700657	0.0503203	2.20851	-2.24531	0.00011	1	100
corner_land_shallow	169	3818.48	4221.78	255.83	25.681	41.901	883.591	0.0122065	0.0261449	0.999584	-0.712681	-0.700967	0.0270373	0.77131	-0.76001	-0.02221	1	100
corner_land_shallow	171	3818.72	4222.28	270.59	12.961	28.631	886.011	0.00245364	0.0162091	0.999866	-0.713031	-0.70101	0.013114	0.58341	-0.57341	-0.02201	1	100
corner_land_shallow	173	3818.93	4222.74	285.37	12.791	27.531	886.871	-0.00733634	0.00631979	0.999953	-0.713179	-0.700982	-0.000802104	0.59701	-0.59331	-0.01681	1	100
corner_land_shallow	175	3818.99	4223.05	300.15	-5.431	9.381	887.111	-0.0132285	0.000218162	0.999913	-0.713523	-0.70057	-0.00928679	0.12111	-0.10321	-0.02041	1	100
corner_land_shallow	177	3818.72	4223.02	314.95	-18.101	-3.511	887.731	-0.011031	0.00203412	0.999937	-0.713684	-0.700439	-0.00644826	-0.13461	0.15601	-0.02161	1	100
corner_land_shallow	179	3818.4	4222.94	329.75	-19.211	-5.291	888.341	-0.00855235	0.00433267	0.999954	-0.713975	-0.700165	-0.00307271	-0.13391	0.15001	-0.01551	1	100
corner_land_shallow	181	3818.09	4222.86	344.57	-18.131	-4.841	888.941	-0.00629019	0.00631921	0.99996	-0.714189	-0.699953	-6.9241e-05	-0.11551	0.12731	-0.01091	1	100
corner_land_shallow	183	3817.81	4222.79	359.39	-16.181	-3.431	889.521	-0.00447254	0.00793411	0.999959	-0.714127	-0.700012	0.00236011	-0.09381	0.10241	-0.00721	1	100
corner_land_shallow	185	3817.56	4222.76	374.23	-14.051	-1.741	890.101	-0.00306839	0.00928516	0.999952	-0.714263	-0.699864	0.00430692	-0.07391	0.08031	-0.00391	1	100
corner_land_shallow	187	3817.35	4222.75	389.07	-12.111	-0.131	890.661	-0.00195511	0.0102655	0.999945	-0.714128	-0.699992	0.00578988	-0.05731	0.06211	-0.00121	1	100
corner_land_shallow	189	3817.17	4222.77	403.92	-10.491	1.211	891.221	-0.00110279	0.0110663	0.999938	-0.714327	-0.699777	0.00695663	-0.04411	0.04771	0.00101	1	100
corner_land_shallow	191	3817.01	4222.8	418.78	-9.171	2.321	891.761	-0.000449561	0.0116877	0.999932	-0.714258	-0.699838	0.00785897	-0.03371	0.03641	0.00271	1	100
corner_land_shallow	193	3816.87	4222.85	433.65	-8.121	3.201	892.301	4.43588e-05	0.0121756	0.999926	-0.714122	-0.699969	0.00855486	-0.02571	0.02781	0.00401	1	100
corner_land_shallow	195	3816.75	4222.91	448.53	-7.351	3.861	892.821	0.000426167	0.0125519	0.999921	-0.714053	-0.700033	0.00909178	-0.01961	0.02131	0.00511	1	100
corner_land_shallow	197	3816.63	4222.98	463.41	-6.761	4.361	893.341	0.00071355	0.0127309	0.999919	-0.714119	-0.699961	0.00942143	-0.01491	0.01641	0.00581	1	100
corner_land_shallow	199	3816.53	4223.06	478.31	-6.341	4.711	893.851	0.000937975	0.0130047	0.999915	-0.713983	-0.700095	0.00977503	-0.01121	0.01251	0.00631	1	100
corner_land_steep	0	3503.44	3903.42	588.2	205.881	205.601	-710.821	0.583533	0.583533	-0.564783	0.399362	0.399362	0.82524	0	0	0	0	100
corner_land_steep	2	3506.88	3906.86	576.21	206.521	206.241	-722.281	0.583533	0.583533	-0.564783	0.399362	0.399362	0.82524	0	0	0	0	100
corner_land_steep	4	3510.33	3910.3	564.03	207.161	206.881	-733.741	0.583533	0.583533	-0.564783	0.399362	0.399362	0.82524	0	0	0	0	100
corner_land_steep	6	3513.79	3913.76	551.66	207.801	207.521	-745.201	0.583533	0.583533	-0.564783	0.399362	0.399362	0.82524	0	0	0	0	100
corner_land_steep	8	3517.26	3917.22	539.09	208.441	208.161	-756.661	0.583533	0.583533	-0.564783	0.399362	0.399362	0.82524	0	0	0	0	100
corner_land_steep	10	3520.74	3920.7	526.34	209.081	208.801	-768.121	0.583533	0.583533	-0.564783	0.399362	0.399362	0.82524	0	0	0	0	100
corner_land_steep	12	3524.24	3924.19	513.39	209.721	209.441	-779.581	0.583533	0.583533	-0.564783	0.399362	0.399362	0.82524	0	0	0	0	100
corner_land_steep	14	3527.74	3927.69	500.26	210.361	210.081	-791.041	0.583533	0.583533	-0.564783	0.399362	0.399362	0.82524	0	0	0	0	100
corner_land_steep	16	3531.26	3931.2	486.93	211.001	210.721	-802.501	0.583533	0.583533	-0.564783	0.399362	0.399362	0.82524	0	0	0	0	100
corner_land_steep	18	3534.78	3934.72	473.41	211.641	211.361	-813.961	0.583533	0.583533	-0.564783	0.399362	0.399362	0.82524	0	0	0	0	100
corner_land_steep	20	3538.32	3938.25	459.7	212.281	212.001	-825.421	0.583533	0.583533	-0.564783	0.399362	0.399362	0.82524	0	0	0	0	100
corner_land_steep	22	3541.86	3941.79	445.8	212.921	212.641	-836.881	0.583533	0.583533	-0.564783	0.399362	0.399362	0.82524	0	0	0	0	100
corner_land_steep	24	3545.42	3945.34	431.71	213.561	213.281	-848.341	0.583533	0.583533	-0.564783	0.399362	0.399362	0.82524	0	0	0	0	100
corner_land_steep	26	3548.99	3948.9	417.42	214.201	213.921	-859.801	0.583533	0.583533	-0.564783	0.399362	0.399362	0.82524	0	0	0	0	100
corner_land_steep	28	3552.57	3952.48	402.95	214.841	214.561	-871.261	0.583533	0.583533	-0.564783	0.399362	0.399362	0.82524	0	0	0	0	100
corner_land_steep	30	3556.16	3956.06	388.28	215.481	215.201	-882.721	0.583533	0.583533	-0.564783	0.399362	0.399362	0.82524	0	0	0	0	100
corner_land_steep	32	3559.76	3959.66	373.43	216.121	215.841	-894.181	0.583533	0.583533	-0.564783	0.399362	0.399362	0.82524	0	0	0	0	100
corner_land_steep	34	3563.37	3963.26	358.38	216.761	216.481	-905.641	0.583533	0.583533	-0.564783	0.399362	0.399362	0.82524	0	0	0	0	100
corner_land_steep	36	3566.99	3966.88	343.15	217.401	217.121	-917.101	0.583533	0.583533	-0.564783	0.399362	0.399362	0.82524	0	0	0	0	100
corner_land_steep	38	3570.62	3970.5	327.72	218.041	217.761	-928.561	0.583533	0.583533	-0.564783	0.399362	0.399362	0.82524	0	0	0	0	100
corner_land_steep	40	3574.26	3974.14	312.1	218.681	218.401	-940.021	0.583533	0.583533	-0.564783	0.399362	0.399362	0.82524	0	0	0	0	100
corner_land_steep	42	3577.92	3977.79	296.29	219.321	219.041	-951.481	0.583533	0.583533	-0.564783	0.399362	0.399362	0.82524	0	0	0	0	100
corner_land_steep	44	3581.58	3981.45	280.29	219.961	219.681	-962.941	0.583533	0.583533	-0.564783	0.399362	0.399362	0.82524	0	0	0	0	100
corner_land_steep	46	3585.26	3985.12	264.1	220.601	220.321	-974.401	0.583533	0.583533	-0.564783	0.399362	0.399362	0.82524	0	0	0	0	100
corner_land_steep	48	3588.94	3988.8	247.71	221.241	220.961	-985.861	0.583533	0.583533	-0.564783	0.399362	0.399362	0.82524	0	0	0	0	100
corner_land_steep	50	3592.64	3992.49	231.14	221.881	221.601	-997.321	0.583533	0.583533	-0.564783	0.399362	0.399362	0.82524	0	0	0	0	100
corner_land_steep	52	3596.34	3996.19	214.37	222.521	222.241	-1008.78	0.583533	0.583533	-0.564783	0.399362	0.399362	0.82524	0	0	0	0	100
corner_land_steep	54	3600.06	3999.9	197.42	223.161	222.881	-1020.24	0.583533	0.583533	-0.564783	0.399362	0.399362	0.82524	0	0	0	0	100
corner_land_steep	56	3603.79	4003.62	180.27	223.801	223.521	-1031.7	0.583533	0.583533	-0.564783	0.399362	0.399362	0.82524	0	0	0	0	100
corner_land_steep	58	3607.53	4007.36	162.93	224.441	224.161	-1043.16	0.583533	0.583533	-0.564783	0.399362	0.399362	0.82524	0	0	0	0	100
corner_land_steep	60	3611.28	4011.1	145.4	225.081	224.801	-1054.62	0.583533	0.583533	-0.564783	0.399362	0.399362	0.82524	0	0	0	0	100
corner_land_steep	62	3615.04	4014.86	127.68	225.721	225.441	-1066.08	0.583533	0.583533	-0.564783	0.399362	0.399362	0.82524	0	0	0	0	100
corner_land_steep	64	3618.81	4018.62	109.77	226.361	226.081	-1077.54	0.583533	0.583533	-0.564783	0.399362	0.399362	0.82524	0	0	0	0	100
corner_land_steep	66	3622.59	4022.4	91.66	227.001	226.721	-1089	0.583533	0.583533	-0.564783	0.399362	0.399362	0.82524	0	0	0	0	100
corner_land_steep	68	3626.38	4026.18	73.37	227.641	227.361	-1100.46	0.583533	0.583533	-0.564783	0.399362	0.399362	0.82524	0	0	0	0	100
corner_land_steep	70	3630.18	4029.98	54.88	228.281	228.001	-1111.92	0.583533	0.583533	-0.564783	0.399362	0.399362	0.82524	0	0	0	0	100
corner_land_steep	72	3633.31	4033.1	39.33	146.321	146.581	-748.571	0.645926	0.589507	-0.485037	0.294046	0.394216	0.870707	0.33491	-5.48771	0.15111	0	100
corner_land_steep	74	3635.17	4035.07	31.31	109.741	115.961	-454.061	0.691965	0.637263	-0.339236	0.197628	0.284742	0.938011	4.01461	-3.75871	-0.06801	0	100
corner_land_steep	76	3636.91	4036.88	25.34	103.511	107.261	-333.421	0.717493	0.662682	-0.214609	0.112457	0.193853	0.974564	4.00441	-3.76991	-0.04611	0	100
corner_land_steep	78	3638.68	4038.66	20.88	110.191	109.361	-235.131	0.72962	0.674661	-0.111747	0.0430746	0.117743	0.992109	4.10881	-3.65571	-0.04751	1	100
corner_land_steep	80	3640.76	4040.62	18.09	129.541	120.261	-147.841	0.733541	0.678679	-0.0362324	-0.00545656	0.0591899	0.998232	3.28181	-2.64811	-0.01351	1	100
corner_land_steep	82	3643.17	4042.77	16.6	150.071	131.571	-64.401	0.733779	0.679291	0.0115046	-0.0296023	0.0150499	0.999448	2.51881	-0.79501	0.01411	1	100
corner_land_steep	84	3645.9	4045.11	16.41	168.381	144.311	6.081	0.733545	0.678813	0.0335495	-0.033087	-0.0136374	0.999359	1.27741	-0.15821	0.00621	1	100
corner_land_steep	86	3648.9	4047.71	16.87	184.051	160.041	31.301	0.73347	0.678352	0.0431298	-0.0355692	-0.0250608	0.999053	0.56141	-0.16341	-0.00101	1	100
corner_land_steep	88	3652.16	4050.58	17.44	199.141	176.171	34.581	0.733285	0.67805	0.0504082	-0.0389632	-0.0321109	0.998725	0.39741	-0.21401	0	1	100
corner_land_steep	90	3655.59	4053.65	18.28	209.391	187.451	53.381	0.732626	0.67731	0.0671569	-0.0500932	-0.0447442	0.997742	0.82011	-0.75101	0.00111	1	100
corner_land_steep	92	3659.25	4056.95	19.21	223.271	201.771	56.311	0.731537	0.676174	0.087421	-0.0641975	-0.059339	0.996171	0.89221	-0.87751	0.00241	1	100
corner_land_steep	94	3663.15	4060.49	20.15	237.491	216.091	56.531	0.729944	0.674701	0.109365	-0.0798561	-0.0747265	0.994001	0.93701	-0.95751	0.00291	1	100
corner_land_steep	96	3667.29	4064.27	21.08	251.781	230.181	55.611	0.727893	0.672806	0.1323	-0.0963736	-0.0906466	0.991209	0.97181	-1.01591	0.00281	1	100
corner_land_steep	98	3671.67	4068.28	21.99	265.991	243.981	54.411	0.725334	0.67044	0.156207	-0.113734	-0.107085	0.987723	1.00471	-1.06481	0.00231	1	100
corner_land_steep	100	3676.28	4072.51	22.91	279.891	256.861	56.511	0.722313	0.667648	0.180306	-0.130585	-0.124358	0.983607	1.07541	-0.96611	0.02271	1	100
corner_land_steep	102	3681.09	4076.93	24.08	291.991	268.201	73.621	0.71967	0.665204	0.198944	-0.14362	-0.137712	0.980004	0.76271	-0.76881	0.00621	1	100
corner_land_steep	104	3686.12	4081.54	25.39	304.471	280.151	79.821	0.717105	0.662706	0.215826	-0.155902	-0.149297	0.976425	0.70901	-0.75391	0.00021	1	100
corner_land_steep	106	3691.24	4086.26	27.03	307.411	282.931	106.441	0.712524	0.658473	0.242329	-0.17517	-0.167496	0.970186	1.32371	-1.40801	-0.00161	1	100
corner_land_steep	108	3696.46	4091.06	28.99	315.721	290.711	119.681	0.705337	0.651706	0.278888	-0.201842	-0.1925	0.960314	1.59481	-1.69911	-0.00201	1	100
corner_land_steep	110	3701.86	4096.04	31.04	326.911	301.261	124.151	0.696576	0.643363	0.317594	-0.230182	-0.218863	0.948217	1.67651	-1.80321	-0.00551	1	100
corner_land_steep	112	3707.45	4101.2	33.13	338.631	312.311	126.071	0.686178	0.633638	0.3573	-0.259309	-0.245848	0.93398	1.73341	-1.87331	-0.00761	1	100
corner_land_steep	114	3713.17	4106.48	35.51	342.491	315.821	159.971	0.676336	0.624309	0.390906	-0.283919	-0.268733	0.92042	1.20681	-1.28701	-0.00041	1	100
corner_land_steep	116	3718.92	4111.78	38.58	346.591	319.431	190.071	0.670071	0.618407	0.410581	-0.298143	-0.282331	0.911812	0.83381	-0.87061	0.00441	1	100
corner_land_steep	118	3724.6	4116.99	42.23	339.021	310.721	227.441	0.659482	0.608752	0.441027	-0.318204	-0.305469	0.89746	1.63701	-1.59331	0.05681	1	100
corner_land_steep	120	3730.29	4122.22	46.21	343.561	315.101	240.681	0.645107	0.595253	0.479073	-0.345569	-0.331909	0.877735	1.80081	-1.89811	0.00581	1	100
corner_land_steep	122	3736.12	4127.57	50.29	351.931	323.371	245.701	0.628722	0.5798	0.518209	-0.374237	-0.35855	0.855213	1.86121	-2.00541	-0.01371	1	100
corner_land_steep	124	3742.06	4133.01	54.54	356.491	325.201	263.151	0.612016	0.563852	0.554533	-0.397261	-0.387115	0.832061	2.04061	-1.36541	0.33691	1	100
corner_land_steep	126	3747.89	4138.32	59.5	349.461	318.191	305.091	0.601371	0.553405	0.576278	-0.410661	-0.404614	0.817096	1.05271	-0.97461	0.04711	1	100
corner_land_steep	128	3753.43	4143.37	65.13	329.951	300.811	344.581	0.584491	0.53694	0.60833	-0.434675	-0.425869	0.793532	1.71431	-1.90411	-0.07631	1	100
corner_land_steep	130	3758.95	4148.41	71.03	331.871	303.581	356.101	0.563854	0.516887	0.644125	-0.461964	-0.449105	0.764784	1.85931	-2.08051	-0.09151	1	100
corner_land_steep	132	3764.56	4153.55	77.03	337.981	310.011	361.561	0.541072	0.494954	0.679898	-0.489484	-0.472059	0.733189	1.92581	-2.14931	-0.09271	1	100
corner_land_steep	134	3770.14	4158.66	83.34	327.501	300.271	393.911	0.520443	0.475167	0.709476	-0.511972	-0.491319	0.70462	1.34231	-1.49581	-0.06771	1	100
corner_land_steep	136	3775.48	4163.55	90.29	319.361	292.331	421.841	0.507636	0.46285	0.726689	-0.52515	-0.502431	0.686862	0.93261	-1.03281	-0.04591	1	100
corner_land_steep	138	3780.42	4168.05	97.76	292.611	266.521	453.631	0.484392	0.440552	0.755829	-0.546938	-0.521801	0.654662	1.92051	-2.06551	-0.04541	1	100
corner_land_steep	140	3785.29	4172.48	105.45	292.841	266.381	463.561	0.456225	0.413658	0.787874	-0.57082	-0.543183	0.615725	2.08111	-2.23531	-0.04531	1	100
corner_land_steep	142	3790.24	4176.98	113.24	298.171	271.161	468.451	0.426016	0.38493	0.818742	-0.593936	-0.563659	0.574046	2.12991	-2.29081	-0.04761	1	100
corner_land_steep	144	3794.81	4181.11	121.62	269.701	243.711	510.381	0.406627	0.366491	0.836863	-0.60718	-0.576029	0.547288	1.17441	-1.24781	-0.01341	1	100
corner_land_steep	146	3799.05	4184.92	130.4	241.861	216.901	534.351	0.385709	0.346567	0.855056	-0.620546	-0.588374	0.5184	1.77301	-1.87871	-0.01881	1	100
corner_land_steep	148	3802.91	4188.36	139.49	230.111	205.481	547.911	0.353064	0.315526	0.880789	-0.639474	-0.605812	0.473354	2.19391	-2.32881	-0.02441	1	100
corner_land_steep	150	3806.77	4191.81	148.69	232.691	207.741	553.771	0.317705	0.28196	0.905297	-0.657663	-0.622248	0.424603	2.25231	-2.39851	-0.03131	1	100
corner_land_steep	152	3810.48	4195.11	158.13	210.191	186.161	577.751	0.286787	0.252708	0.924063	-0.671586	-0.634836	0.382041	1.55401	-1.64941	-0.01061	1	100
corner_land_steep	154	3813.54	4197.78	168.06	168.801	146.621	600.711	0.261956	0.229182	0.937473	-0.681435	-0.643939	0.347834	1.81871	-1.91871	-0.00351	1	100
corner_land_steep	156	3816.11	4199.99	178.21	152.581	131.141	611.271	0.226303	0.1954	0.954257	-0.693742	-0.655356	0.298716	2.19851	-2.32791	-0.01601	1	100
corner_land_steep	158	3818.66	4202.18	188.47	153.481	131.951	616.841	0.188065	0.15923	0.969163	-0.704897	-0.665255	0.246083	2.26521	-2.40471	-0.02401	1	100
corner_land_steep	160	3821.03	4204.19	198.91	128.141	107.791	633.011	0.154629	0.127697	0.979685	-0.712767	-0.672245	0.200124	1.58791	-1.68471	-0.00491	1	100
corner_land_steep	162	3822.88	4205.72	209.65	107.751	88.341	647.111	0.134096	0.108318	0.985031	-0.716393	-0.676193	0.171882	1.11171	-1.17681	0.00841	1	100
corner_land_steep	164	3824.4	4206.93	220.52	88.461	70.011	653.411	0.107481	0.0831844	0.990721	-0.720635	-0.67999	0.135274	1.60091	-1.69531	-0.00581	1	100
corner_land_steep	166	3825.84	4208.07	231.48	86.701	68.371	658.621	0.0781361	0.0554679	0.995398	-0.724091	-0.683144	0.0949068	1.68811	-1.78971	-0.01201	1	100
corner_land_steep	168	3827.31	4209.24	242.52	88.601	70.211	663.191	0.0477922	0.0268384	0.998497	-0.726667	-0.684928	0.0531913	1.73001	-1.83611	-0.01951	1	100
corner_land_steep	170	3828.12	4209.77	253.71	40.231	24.231	673.731	0.0340713	0.0139256	0.999322	-0.727025	-0.685752	0.0343435	0.60031	-0.63961	0.01531	1	100
corner_land_steep	172	3828.62	4210.01	265.01	28.511	13.131	679.581	0.0262179	0.00658862	0.999635	-0.727235	-0.685983	0.0235949	0.42491	-0.45261	0.01721	1	100
corner_land_steep	174	3829.07	4210.21	276.39	26.971	11.741	684.031	0.01849	-0.000682801	0.999829	-0.727029	-0.686484	0.0129762	0.44201	-0.47001	0.00961	1	100
corner_land_steep	176	3829.53	4210.41	287.85	27.621	12.431	688.211	0.0103657	-0.00837472	0.999911	-0.727206	-0.686417	0.00178964	0.46721	-0.49621	0.00281	1	100
corner_land_steep	178	3829.88	4210.51	299.37	12.971	-1.431	691.841	0.00519902	-0.013202	0.999899	-0.727097	-0.686514	-0.00528371	0.09971	-0.10851	0.01131	1	100
corner_land_steep	180	3829.93	4210.34	310.95	1.751	-12.051	695.791	0.00671469	-0.0117321	0.999909	-0.726831	-0.686809	-0.00317758	-0.11481	0.11861	0.01651	1	100
corner_land_steep	182	3829.93	4210.11	322.59	-0.231	-13.881	699.671	0.00873427	-0.00980929	0.999914	-0.726822	-0.686826	-0.000389046	-0.11321	0.11761	0.01231	1	100
corner_land_steep	184	3829.93	4209.87	334.3	-0.351	-13.941	703.491	0.0104456	-0.00811965	0.999913	-0.726678	-0.686975	0.00201277	-0.09571	0.09961	0.00701	1	100
corner_land_steep	186	3829.93	4209.65	346.07	0.391	-13.181	707.241	0.0118322	-0.00673288	0.999907	-0.726665	-0.68698	0.00397308	-0.07701	0.08001	0.00291	1	100
corner_land_steep	188	3829.95	4209.44	357.9	1.451	-12.131	710.931	0.0129984	-0.0056889	0.999899	-0.726587	-0.687052	0.00553648	-0.06031	0.06261	-0.00011	1	100
corner_land_steep	190	3829.99	4209.25	369.79	2.531	-11.071	714.551	0.0138422	-0.00485273	0.999892	-0.726444	-0.687192	0.00672152	-0.04671	0.04841	-0.00251	1	100
corner_land_steep	192	3830.05	4209.07	381.74	3.481	-10.151	718.111	0.0145441	-0.00423283	0.999885	-0.726567	-0.687053	0.00765997	-0.03591	0.03711	-0.00421	1	100
corner_land_steep	194	3830.12	4208.91	393.75	4.291	-9.371	721.611	0.0149796	-0.00372169	0.999881	-0.726758	-0.686843	0.00833134	-0.02751	0.02831	-0.00551	1	100
corner_land_steep	196	3830.2	4208.76	405.82	4.931	-8.771	725.051	0.0153618	-0.00334919	0.999876	-0.726752	-0.686843	0.00886495	-0.02111	0.02161	-0.00661	1	100
corner_land_steep	198	3830.29	4208.62	417.95	5.431	-8.311	728.431	0.0157124	-0.00307375	0.999872	-0.726813	-0.686772	0.00931023	-0.01621	0.01641	-0.00741	1	100
corner_flip_into	0	3210.1	3610.1	196.53	605.881	605.601	-210.821	0.707107	0.707107	0	-0	0	1	0	0	0	0	100
corner_flip_into	2	3220.21	3620.2	192.88	606.661	606.381	-221.641	0.707107	0.707107	0	-0	0	1	0	0	0	0	100
corner_flip_into	4	3230.33	3630.32	193.91	607.441	607.161	59.181	0.707107	0.707107	0	-0	0	1	0	0	0	0	100
corner_flip_into	6	3240.47	3640.45	194.76	608.221	607.941	48.341	0.707107	0.707107	0	-0	0	1	0	0	0	0	100
corner_flip_into	8	3250.62	3650.59	195.43	609.001	608.721	37.501	0.707107	0.707107	0	-0	0	1	0	0	0	0	100
corner_flip_into	10	3260.78	3660.75	195.92	609.781	609.501	26.661	0.707107	0.707107	0	-0	0	1	0	0	0	0	100
corner_flip_into	12	3270.95	3670.92	196.23	610.561	610.281	15.821	0.707107	0.707107	0	-0	0	1	0	0	0	0	100
corner_flip_into	14	3281.13	3681.1	196.36	611.341	611.061	4.981	0.707104	0.707104	-0.00258859	0.00183041	0.00183041	0.999997	-0.14681	0.14681	0	0	100
corner_flip_into	16	3291.33	3691.3	196.31	612.121	611.841	-5.851	0.70708	0.70708	-0.00862854	0.0061013	0.0061013	0.999963	-0.29361	0.29361	0	0	100
corner_flip_into	18	3301.54	3701.51	196.08	612.901	612.621	-16.691	0.706991	0.706991	-0.0181192	0.0128122	0.0128122	0.999836	-0.44041	0.44041	0	0	100
corner_flip_into	20	3311.76	3711.73	195.67	613.681	613.401	-27.541	0.706764	0.706764	-0.0311539	0.0220292	0.0220292	0.999515	-0.58721	0.58721	0	0	100
corner_flip_into	22	3322	3721.97	195.08	614.461	614.181	-38.401	0.706307	0.706307	-0.0475355	0.0336127	0.0336127	0.99887	-0.73401	0.73401	0	0	100
corner_flip_into	24	3332.25	3732.21	194.3	615.241	614.961	-49.281	0.705497	0.705497	-0.0674439	0.04769	0.04769	0.997723	-0.88081	0.88081	0	0	100
corner_flip_into	26	3342.51	3742.47	193.34	616.021	615.741	-60.191	0.704194	0.704194	-0.0906678	0.0641118	0.0641118	0.995881	-1.02761	1.02761	0	0	100
corner_flip_into	28	3352.79	3752.74	192.2	616.801	616.521	-71.121	0.70222	0.70222	-0.117366	0.0829903	0.0829903	0.993089	-1.17441	1.17441	0	0	100
corner_flip_into	30	3363.08	3763.02	190.88	617.581	617.301	-82.091	0.699384	0.699384	-0.147394	0.104224	0.104224	0.989078	-1.32121	1.32121	0	0	100
corner_flip_into	32	3373.38	3773.32	189.37	618.341	618.061	-93.081	0.695469	0.695469	-0.180683	0.127762	0.127762	0.983541	-1.46801	1.46801	0	0	100
corner_flip_into	34	3383.7	3783.63	187.68	619.101	618.821	-104.111	0.690236	0.690236	-0.217136	0.153539	0.153539	0.976141	-1.61481	1.61481	0	0	100
corner_flip_into	36	3394.03	3793.95	185.81	619.861	619.581	-115.181	0.683426	0.683426	-0.256627	0.181462	0.181462	0.966511	-1.76161	1.76161	0	0	100
corner_flip_into	38	3404.37	3804.29	183.75	620.611	620.331	-126.311	0.674761	0.674761	-0.298988	0.211417	0.211417	0.954257	-1.90841	1.90841	0	0	100
corner_flip_into	40	3414.72	3814.64	181.5	621.351	621.071	-137.481	0.663949	0.663949	-0.344011	0.243253	0.243253	0.938965	-2.05521	2.05521	0	0	100
corner_flip_into	42	3425.08	3825	179.07	622.071	621.791	-148.701	0.650657	0.650657	-0.391523	0.276849	0.276849	0.920168	-2.20201	2.20201	0	0	100
corner_flip_into	44	3435.46	3835.37	176.45	622.781	622.501	-159.971	0.634624	0.634624	-0.441027	0.311853	0.311853	0.897494	-2.34881	2.34881	0	0	100
corner_flip_into	46	3445.85	3845.75	173.64	623.471	623.191	-171.301	0.615478	0.615478	-0.492314	0.348119	0.348119	0.870418	-2.49561	2.49561	0	0	100
corner_flip_into	48	3456.25	3856.15	170.65	624.141	623.861	-182.691	0.592973	0.592973	-0.544762	0.385205	0.385205	0.838591	-2.64241	2.64241	0	0	100
corner_flip_into	50	3466.66	3866.55	167.46	624.791	624.511	-194.141	0.56674	0.56674	-0.598007	0.422855	0.422855	0.801491	-2.78921	2.78921	0	0	100
corner_flip_into	52	3477.08	3876.97	164.08	625.401	625.121	-205.641	0.536533	0.536533	-0.651356	0.460578	0.460578	0.758772	-2.93601	2.93601	0	0	100
corner_flip_into	54	3487.51	3887.39	160.51	625.971	625.691	-217.201	0.502153	0.502153	-0.70405	0.497838	0.497838	0.710151	-3.08281	3.08281	0	0	100
corner_flip_into	56	3497.95	3897.83	156.74	626.501	626.221	-228.821	0.463247	0.463247	-0.755516	0.53423	0.53423	0.655131	-3.22961	3.22961	0	0	100
corner_flip_into	58	3508.4	3908.27	152.78	626.991	626.711	-240.501	0.419806	0.419806	-0.80469	0.569002	0.569002	0.593695	-3.37641	3.37641	0	0	100
corner_flip_into	60	3518.86	3918.72	148.63	627.441	627.161	-252.231	0.371691	0.371691	-0.850701	0.601536	0.601536	0.52565	-3.52321	3.52321	0	0	100
corner_flip_into	62	3529.32	3929.18	144.28	627.831	627.551	-264.021	0.318892	0.318892	-0.892534	0.631117	0.631117	0.450981	-3.67001	3.67001	0	0	100
corner_flip_into	64	3539.78	3939.64	139.73	628.161	627.881	-275.851	0.26149	0.26149	-0.92911	0.65698	0.65698	0.369803	-3.81681	3.81681	0	0	100
corner_flip_into	66	3550.26	3950.1	134.98	628.421	628.141	-287.721	0.199676	0.199676	-0.959301	0.678328	0.678328	0.282385	-3.88901	3.88901	0	0	100
corner_flip_into	68	3560.74	3960.58	130.03	628.621	628.341	-299.621	0.135502	0.135476	-0.981471	0.6938	0.69421	0.19161	-3.88901	3.88901	0	0	100
corner_flip_into	70	3571.22	3971.06	124.88	628.741	628.461	-311.541	0.0701923	0.0701789	-0.995062	0.703411	0.703819	0.0992574	-3.88901	3.88901	0	0	100
corner_flip_into	72	3581.7	3981.54	119.53	628.791	628.511	-323.481	0.00427748	0.00426438	-0.999982	0.707094	0.707094	0.00604001	-3.88901	3.88901	0	0	100
corner_flip_into	74	3592.18	3992.02	113.98	628.771	628.491	-335.421	-0.061675	-0.0616868	-0.996188	0.704344	0.704479	-0.08723	-3.88901	3.88901	0	0	100
corner_flip_into	76	3602.66	4002.5	108.25	628.671	628.391	-347.351	-0.127083	-0.127108	-0.983714	0.695524	0.695658	-0.17974	-3.88901	3.88901	0	0	100
corner_flip_into	78	3613.14	4012.98	102.32	628.511	628.231	-359.261	-0.191468	-0.191468	-0.962642	0.680691	0.680691	-0.270776	-3.88901	3.88901	0	0	100
corner_flip_into	80	3623.62	4023.44	96.19	628.271	627.991	-371.151	-0.254105	-0.254105	-0.9332	0.659872	0.659872	-0.359358	-3.88901	3.88901	0	0	100
corner_flip_into	82	3634.08	4033.9	89.86	627.961	627.681	-383.001	-0.314528	-0.314528	-0.895625	0.633303	0.633303	-0.444809	-3.88901	3.88901	0	0	100
corner_flip_into	84	3644.54	4044.36	83.33	627.581	627.311	-394.811	-0.37221	-0.37221	-0.850247	0.601215	0.601215	-0.526384	-3.88901	3.88901	0	0	100
corner_flip_into	86	3654.44	4054.28	84.61	594.211	595.101	58.161	-0.44589	-0.447603	-0.775135	0.544126	0.552058	-0.63179	-3.41231	3.97641	0.57701	0	100
corner_flip_into	88	3664.34	4064.19	85.41	593.701	594.581	44.811	-0.486888	-0.491202	-0.722261	0.486989	0.533788	-0.691311	-2.43641	4.15411	1.52671	0	100
corner_flip_into	90	3674.23	4074.09	86.01	593.151	594.011	33.181	-0.523127	-0.533562	-0.664568	0.423931	0.513552	-0.746021	-2.66331	4.21971	1.42291	0	100
corner_flip_into	92	3684.11	4083.99	86.42	592.561	593.401	21.621	-0.555562	-0.575628	-0.600003	0.3578	0.485876	-0.797436	-2.89221	4.28201	1.34051	0	100
corner_flip_into	94	3693.98	4093.87	86.63	591.931	592.741	10.141	-0.58346	-0.616722	-0.528421	0.288458	0.450857	-0.844701	-3.12151	4.34201	1.27841	0	100
corner_flip_into	96	3703.84	4103.74	86.66	591.271	592.031	-1.251	-0.605848	-0.655706	-0.450553	0.216783	0.408831	-0.886489	-3.25161	4.27071	1.19881	0	100
corner_flip_into	98	3713.68	4113.6	86.5	590.581	591.281	-12.551	-0.622036	-0.690824	-0.368556	0.144582	0.361269	-0.921185	-3.36831	4.19621	1.13821	0	100
corner_flip_into	100	3723.52	4123.44	86.15	589.881	590.491	-23.761	-0.631705	-0.721623	-0.283212	0.0727151	0.308568	-0.948419	-3.47291	4.12191	1.09461	0	100
corner_flip_into	102	3726.77	4125.7	92.73	223.431	161.201	346.181	-0.664623	-0.696603	-0.270222	0.161038	0.219608	-0.962205	-3.06551	-2.23961	-2.75541	0	100
corner_flip_into	104	3730.49	4128.38	98.35	223.071	160.771	334.401	-0.686656	-0.680495	-0.255793	0.192059	0.169549	-0.966626	-2.65071	-1.35141	-2.43251	0	100
corner_flip_into	106	3734.2	4131.05	103.78	222.291	160.011	323.281	-0.70839	-0.664032	-0.239258	0.215651	0.119148	-0.969174	-2.62271	-1.03181	-2.32201	0	100
corner_flip_into	108	3737.9	4133.71	109.03	221.491	159.271	312.181	-0.729907	-0.647035	-0.220411	0.232122	0.0686641	-0.97026	-2.59851	-0.72241	-2.23141	0	100
corner_flip_into	110	3741.58	4136.35	114.1	220.661	158.551	301.101	-0.751307	-0.629223	-0.199038	0.241741	0.0182434	-0.970169	-2.57741	-0.42261	-2.15951	0	100
corner_flip_into	112	3744.78	4138.68	119.25	162.981	120.841	323.311	-0.766147	-0.619352	-0.171529	0.230879	-0.0161711	-0.972848	-1.07801	1.62041	-0.34031	0	100
corner_flip_into	114	3747.49	4140.69	124.49	161.711	120.101	311.971	-0.77582	-0.617393	-0.130114	0.206539	-0.0536443	-0.976967	-2.52981	1.45631	-0.63751	0	100
corner_flip_into	116	3750.06	4142.62	129.62	152.281	114.771	305.831	-0.785193	-0.614832	-0.0738514	0.179295	-0.111568	-0.977449	-3.72991	1.66761	-0.65681	0	100
corner_flip_into	118	3752.56	4144.52	134.59	149.971	113.911	295.671	-0.794439	-0.607339	-0.00268446	0.14902	-0.190639	-0.970284	-5.09411	1.75021	-0.85431	0	100
corner_flip_into	120	3755.06	4146.42	139.37	149.531	113.681	284.321	-0.802768	-0.591446	0.0758591	0.116769	-0.280681	-0.952672	-5.13431	1.75101	-0.90691	0	100
corner_flip_into	122	3757.54	4148.3	143.97	148.631	113.021	273.581	-0.808436	-0.568785	0.151376	0.0806958	-0.361867	-0.928731	-5.01711	2.02431	-0.99011	0	100
corner_flip_into	124	3760	4150.18	148.4	147.731	112.391	262.921	-0.81129	-0.538718	0.227139	0.0397826	-0.438475	-0.897862	-4.89281	2.26311	-1.08991	0	100
corner_flip_into	126	3762.45	4152.04	152.65	146.831	111.801	252.361	-0.810785	-0.501308	0.302189	-0.00542375	-0.509802	-0.860275	-4.76641	2.46691	-1.20201	0	100
corner_flip_into	128	3764.89	4153.9	156.73	145.931	111.251	241.881	-0.806361	-0.457002	0.375408	-0.0539147	-0.575309	-0.816157	-4.64211	2.63681	-1.32191	0	100
corner_flip_into	130	3767.31	4155.74	160.63	145.031	110.751	231.481	-0.797674	-0.40632	0.445668	-0.104939	-0.63419	-0.766022	-4.52301	2.77501	-1.44611	0	100
corner_flip_into	132	3769.71	4157.58	164.36	144.141	110.311	221.161	-0.784364	-0.349756	0.512292	-0.157774	-0.686227	-0.710071	-4.41151	2.88431	-1.57111	0	100
corner_flip_into	134	3772.1	4159.42	167.92	143.261	109.931	210.901	-0.766213	-0.288075	0.574396	-0.211653	-0.730862	-0.648879	-4.30941	2.96791	-1.69421	0	100
corner_flip_into	136	3774.48	4161.25	171.31	142.411	109.621	200.711	-0.743106	-0.222	0.631275	-0.265867	-0.767767	-0.582965	-4.21741	3.02891	-1.81331	0	100
corner_flip_into	138	3776.84	4163.07	174.53	141.581	109.381	190.581	-0.715045	-0.152308	0.682285	-0.319434	-0.796947	-0.512676	-4.13611	3.07071	-1.92681	0	100
corner_flip_into	140	3779.19	4164.89	177.58	140.791	109.221	180.511	-0.682042	-0.0797439	0.726952	-0.371792	-0.818182	-0.438575	-4.06541	3.09631	-2.03341	0	100
corner_flip_into	142	3781.53	4166.71	180.46	140.041	109.141	170.481	-0.644251	-0.00518856	0.764797	-0.422477	-0.831152	-0.361525	-4.00491	3.10851	-2.13241	0	100
corner_flip_into	144	3783.85	4168.53	183.18	139.331	109.141	160.491	-0.601842	0.0706008	0.795488	-0.470499	-0.83621	-0.28175	-3.95401	3.10991	-2.22331	0	100
corner_flip_into	146	3786.17	4170.35	185.73	138.661	109.241	150.541	-0.555074	0.146813	0.818742	-0.515522	-0.833185	-0.2001	-3.91211	3.10281	-2.30581	0	100
corner_flip_into	148	3788.47	4172.17	188.11	138.051	109.421	140.611	-0.504234	0.222587	0.834388	-0.557234	-0.822006	-0.117462	-3.87831	3.08911	-2.38011	0	100
corner_flip_into	150	3790.77	4173.99	190.33	137.501	109.681	130.701	-0.449712	0.297194	0.842279	-0.59467	-0.803247	-0.034086	-3.85181	3.07061	-2.44631	0	100
corner_flip_into	152	3793.05	4175.82	192.39	137.011	110.021	120.801	-0.391917	0.369855	0.842383	-0.627643	-0.77695	0.0491163	-3.83151	3.04871	-2.50481	0	100
corner_flip_into	154	3795.33	4177.66	194.28	136.581	110.441	110.901	-0.331265	0.439923	0.834705	-0.655902	-0.743313	0.131452	-3.81691	3.02461	-2.55591	0	100
corner_flip_into	156	3797.61	4179.51	196	136.221	110.941	100.981	-0.268176	0.506618	0.819403	-0.67887	-0.70287	0.212387	-3.80701	2.99921	-2.60011	0	100
corner_flip_into	158	3799.87	4181.37	197.56	135.931	111.521	91.041	-0.203274	0.569318	0.796591	-0.696493	-0.655895	0.291032	-3.80111	2.97341	-2.63801	0	100
corner_flip_into	160	3802.13	4183.23	198.96	135.711	112.161	81.071	-0.136923	0.62745	0.766524	-0.708479	-0.602851	0.366918	-3.79861	2.94791	-2.67011	0	100
corner_flip_into	162	3804.39	4185.11	200.18	135.571	112.861	71.081	-0.069853	0.680459	0.729449	-0.714544	-0.544386	0.439399	-3.79881	2.92321	-2.69691	0	100
corner_flip_into	164	3806.47	4186.89	201.26	120.881	105.371	62.271	-0.00937192	0.724054	0.689679	-0.718498	-0.484566	0.498954	-3.36701	2.22281	-2.57911	0	100
corner_flip_into	166	3808.24	4188.5	202.19	100.361	93.381	54.071	0.0335899	0.75458	0.655348	-0.72233	-0.434852	0.53772	-2.54901	1.21551	-1.98131	0	100
corner_flip_into	168	3809.33	4189.51	202.97	41.991	36.101	42.601	0.0483124	0.764814	0.642437	-0.739961	-0.404622	0.537345	-0.03921	-1.96331	-1.77011	0	100
corner_flip_into	170	3809.96	4190.17	203.53	37.751	41.211	30.991	0.03996	0.761272	0.6472	-0.769419	-0.389802	0.506013	0.31981	-2.46821	-1.19791	0	100
corner_flip_into	172	3810.61	4190.94	203.91	39.131	48.211	20.391	0.0204896	0.754986	0.65542	-0.796279	-0.384099	0.467341	0.61691	-2.76631	-0.63631	0	100
corner_flip_into	174	3811.23	4191.75	204.13	36.611	49.471	11.361	-0.0119979	0.744833	0.667143	-0.81719	-0.391796	0.422725	1.00611	-2.87281	0.29261	0	100
corner_flip_into	176	3811.9	4192.67	204.21	42.111	57.561	1.911	-0.0536363	0.73095	0.68032	-0.83148	-0.409967	0.374924	1.25321	-2.90821	0.86401	0	100
corner_flip_into	178	3812.71	4193.76	204.13	50.641	68.551	-7.521	-0.101163	0.713532	0.693281	-0.840523	-0.434111	0.324144	1.43451	-2.95151	1.23331	0	100
corner_flip_into	180	3813.67	4195.05	203.89	60.531	80.351	-16.761	-0.152652	0.692512	0.70507	-0.844532	-0.461946	0.270873	1.57411	-2.98501	1.48881	0	100
corner_flip_into	182	3814.73	4196.65	203.64	63.451	100.391	-14.231	-0.206424	0.666885	0.715999	-0.843476	-0.492164	0.215229	1.77341	-2.93251	1.68221	1	100
corner_flip_into	184	3815.75	4198.49	203.49	59.461	112.971	-6.791	-0.258107	0.639187	0.724445	-0.836677	-0.522818	0.163195	1.68841	-2.56291	1.83921	1	100
corner_flip_into	186	3816.63	4200.47	203.52	50.541	120.121	5.161	-0.304486	0.611905	0.729973	-0.82409	-0.553544	0.120269	1.40261	-1.96781	2.02601	1	100
corner_flip_into	188	3817.29	4202.5	203.76	35.551	122.241	19.551	-0.342525	0.587965	0.732785	-0.804945	-0.585881	0.0938389	0.80541	-1.06071	2.32391	1	100
corner_flip_into	190	3817.51	4204.28	204.49	7.831	102.941	52.081	-0.36614	0.573807	0.732589	-0.777971	-0.620712	0.097357	-0.34441	0.48911	2.72441	1	100
corner_flip_into	192	3817.48	4205.93	205.66	-4.521	98.091	76.191	-0.379754	0.565989	0.73174	-0.747537	-0.653712	0.117684	-0.82021	1.08221	2.65961	1	100
corner_flip_into	194	3817.29	4207.59	207.15	-13.521	100.711	94.091	-0.389219	0.560717	0.730825	-0.718248	-0.681487	0.140343	-0.81491	1.05651	2.32291	1	100
corner_flip_into	196	3816.93	4209.32	208.91	-24.541	104.811	108.911	-0.396904	0.556165	0.73017	-0.692971	-0.703224	0.158957	-0.65971	0.83461	1.88881	1	100
corner_flip_into	198	3816.36	4211.12	210.88	-37.631	109.671	121.471	-0.403606	0.552014	0.729646	-0.672734	-0.719554	0.172254	-0.46231	0.56241	1.44981	1	100
ceiling_corner	0	3600.08	20.08	1409.84	5.051	1204.93	587.901	-4.37114e-08	1	0	1	4.37114e-08	-4.37114e-08	0	0	0	0	100
ceiling_corner	2	3600.16	40.38	1419.5	5.051	1222.57	577.061	-4.37114e-08	1	0	1	4.37114e-08	-4.37114e-08	0	0	0	0	99.4444
ceiling_corner	4	3600.24	60.98	1428.98	5.051	1240.21	566.221	-4.37114e-08	1	0	1	4.37114e-08	-4.37114e-08	0	0	0	0	99
ceiling_corner	6	3600.32	81.87	1438.28	5.051	1257.85	555.381	-4.37114e-08	1	0	1	4.37114e-08	-4.37114e-08	0	0	0	0	99
ceiling_corner	8	3600.4	103.06	1447.4	5.051	1275.49	544.541	-4.37114e-08	1	0	1	4.37114e-08	-4.37114e-08	0	0	0	0	98.4444
ceiling_corner	10	3600.48	124.54	1456.34	5.051	1293.13	533.701	-4.37114e-08	1	0	1	4.37114e-08	-4.37114e-08	0	0	0	0	98
ceiling_corner	12	3600.56	146.31	1465.1	5.051	1310.77	522.861	-4.37114e-08	1	0	1	4.37114e-08	-4.37114e-08	0	0	0	0	97
ceiling_corner	14	3600.64	168.38	1473.68	5.051	1328.41	512.021	-4.37114e-08	1	0	1	4.37114e-08	-4.37114e-08	0	0	0	0	96.4444
ceiling_corner	16	3600.72	190.74	1482.08	5.051	1346.05	501.181	-4.37114e-08	1	0	1	4.37114e-08	-4.37114e-08	0	0	0	0	96
ceiling_corner	18	3600.8	213.39	1490.3	5.051	1363.69	490.341	-4.37114e-08	1	0	1	4.37114e-08	-4.37114e-08	0	0	0	0	95.4444
ceiling_corner	20	3600.88	236.34	1498.34	5.051	1381.33	479.501	-4.37114e-08	1	0	1	4.37114e-08	-4.37114e-08	0	0	0	0	95
ceiling_corner	22	3600.96	259.58	1506.2	5.051	1398.97	468.661	-4.37114e-08	1	0	1	4.37114e-08	-4.37114e-08	0	0	0	0	94.4444
ceiling_corner	24	3601.04	283.12	1513.88	5.051	1416.61	457.821	-4.37114e-08	1	0	1	4.37114e-08	-4.37114e-08	0	0	0	0	94
ceiling_corner	26	3601.12	306.95	1521.37	5.051	1434.25	446.981	-4.37114e-08	1	0	1	4.37114e-08	-4.37114e-08	0	0	0	0	93.4444
ceiling_corner	28	3601.2	331.08	1528.68	5.051	1451.89	436.141	-4.37114e-08	1	0	1	4.37114e-08	-4.37114e-08	0	0	0	0	93
ceiling_corner	30	3601.28	355.5	1535.81	5.051	1469.53	425.301	-4.37114e-08	1	0	1	4.37114e-08	-4.37114e-08	0	0	0	0	92
ceiling_corner	32	3601.36	380.21	1542.76	5.051	1487.17	414.461	-4.37114e-08	1	0	1	4.37114e-08	-4.37114e-08	0	0	0	0	91.4444
ceiling_corner	34	3601.44	405.22	1549.53	5.051	1504.81	403.621	-4.37114e-08	1	0	1	4.37114e-08	-4.37114e-08	0	0	0	0	91
ceiling_corner	36	3601.56	443.28	1559.35	5.051	1531.27	387.361	-4.37114e-08	1	0	1	4.37114e-08	-4.37114e-08	0	0	0	0	90.1667
ceiling_corner	39	3601.64	469.02	1565.67	5.051	1548.91	376.521	-4.37114e-08	1	0	1	4.37114e-08	-4.37114e-08	0	0	0	0	90
ceiling_corner	41	3601.72	495.05	1571.81	5.051	1566.55	365.681	-4.37114e-08	1	0	1	4.37114e-08	-4.37114e-08	0	0	0	0	89
ceiling_corner	43	3601.8	521.38	1577.77	5.051	1584.19	354.841	-4.37114e-08	1	0	1	4.37114e-08	-4.37114e-08	0	0	0	0	88.4444
ceiling_corner	45	3601.88	548.01	1583.55	5.051	1601.83	344.001	-4.37114e-08	1	0	1	4.37114e-08	-4.37114e-08	0	0	0	0	88
ceiling_corner	47	3601.96	574.93	1589.15	5.051	1619.47	333.161	-4.37114e-08	1	0	1	4.37114e-08	-4.37114e-08	0	0	0	0	87.4444
ceiling_corner	49	3602.04	602.14	1594.57	5.051	1637.11	322.321	-4.37114e-08	1	0	1	4.37114e-08	-4.37114e-08	0	0	0	0	87
ceiling_corner	51	3602.12	629.65	1599.81	5.051	1654.75	311.481	-4.37114e-08	1	0	1	4.37114e-08	-4.37114e-08	0	0	0	0	86.4444
ceiling_corner	53	3602.2	657.45	1604.87	5.051	1672.39	300.641	-4.37114e-08	1	0	1	4.37114e-08	-4.37114e-08	0	0	0	0	86
ceiling_corner	55	3602.28	685.54	1609.75	5.051	1690.03	289.801	-4.37114e-08	1	0	1	4.37114e-08	-4.37114e-08	0	0	0	0	85.4444
ceiling_corner	57	3602.36	713.93	1614.44	5.051	1707.67	278.961	-4.37114e-08	1	0	1	4.37114e-08	-4.37114e-08	0	0	0	0	85
ceiling_corner	59	3602.44	742.61	1618.95	5.051	1725.31	268.121	-4.37114e-08	1	0	1	4.37114e-08	-4.37114e-08	0	0	0	0	84
ceiling_corner	61	3602.52	771.58	1623.28	5.051	1742.95	257.281	-4.37114e-08	1	0	1	4.37114e-08	-4.37114e-08	0	0	0	0	83.4444
ceiling_corner	63	3602.6	800.85	1627.43	5.051	1760.59	246.441	-4.37114e-08	1	0	1	4.37114e-08	-4.37114e-08	0	0	0	0	83
ceiling_corner	65	3602.68	830.42	1631.4	5.051	1778.23	235.601	-4.37114e-08	1	0	1	4.37114e-08	-4.37114e-08	0	0	0	0	82.4444
ceiling_corner	67	3602.76	860.28	1635.19	5.051	1795.87	224.761	-4.37114e-08	1	0	1	4.37114e-08	-4.37114e-08	0	0	0	0	82
ceiling_corner	69	3602.84	890.43	1638.8	5.051	1813.51	213.921	-4.37114e-08	1	0	1	4.37114e-08	-4.37114e-08	0	0	0	0	81.4444
ceiling_corner	71	3602.92	920.88	1642.23	5.051	1831.15	203.081	-4.37114e-08	1	0	1	4.37114e-08	-4.37114e-08	0	0	0	0	81
ceiling_corner	73	3603	951.62	1645.48	5.051	1848.79	192.241	-4.37114e-08	1	0	1	4.37114e-08	-4.37114e-08	0	0	0	0	80.4444
ceiling_corner	75	3603.08	982.65	1648.55	5.051	1866.43	181.401	-4.37114e-08	1	0	1	4.37114e-08	-4.37114e-08	0	0	0	0	80
ceiling_corner	77	3603.16	1013.98	1651.44	5.051	1884.07	170.561	-4.37114e-08	1	0	1	4.37114e-08	-4.37114e-08	0	0	0	0	79
ceiling_corner	79	3603.24	1045.6	1654.15	5.051	1901.71	159.721	-4.37114e-08	1	0	1	4.37114e-08	-4.37114e-08	0	0	0	0	78.4444
ceiling_corner	81	3603.32	1077.51	1656.68	5.051	1919.35	148.881	-4.37114e-08	1	0	1	4.37114e-08	-4.37114e-08	0	0	0	0	78
ceiling_corner	83	3603.4	1109.72	1659.03	5.051	1936.99	138.041	-4.37114e-08	1	0	1	4.37114e-08	-4.37114e-08	0	0	0	0	77.4444
ceiling_corner	85	3603.48	1142.23	1661.2	5.051	1954.63	127.201	-4.37114e-08	1	0	1	4.37114e-08	-4.37114e-08	0	0	0	0	77
ceiling_corner	87	3603.56	1175.03	1663.18	5.051	1972.27	116.361	-4.37114e-08	1	0	1	4.37114e-08	-4.37114e-08	0	0	0	0	76.4444
ceiling_corner	89	3603.64	1208.12	1664.98	5.051	1989.91	105.521	-4.37114e-08	1	0	1	4.37114e-08	-4.37114e-08	0	0	0	0	76
ceiling_corner	91	3603.72	1241.51	1666.6	5.051	2007.55	94.681	-4.37114e-08	1	0	1	4.37114e-08	-4.37114e-08	0	0	0	0	75.4444
ceiling_corner	93	3603.8	1275.19	1668.04	5.051	2025.19	83.841	-4.37114e-08	1	0	1	4.37114e-08	-4.37114e-08	0	0	0	0	75
ceiling_corner	95	3603.88	1309.16	1669.3	5.051	2042.83	73.001	-4.37114e-08	1	0	1	4.37114e-08	-4.37114e-08	0	0	0	0	74
ceiling_corner	97	3603.96	1343.43	1670.38	5.051	2060.47	62.161	-4.37114e-08	1	0	1	4.37114e-08	-4.37114e-08	0	0	0	0	73.4444
ceiling_corner	99	3604.04	1377.99	1671.28	5.051	2078.11	51.321	-4.37114e-08	1	0	1	4.37114e-08	-4.37114e-08	0	0	0	0	73
ceiling_corner	101	3604.12	1412.84	1672	5.051	2095.75	40.481	-4.37114e-08	1	0	1	4.37114e-08	-4.37114e-08	0	0	0	0	72.4444
ceiling_corner	103	3604.2	1447.99	1672.54	5.051	2113.39	29.641	-4.37114e-08	1	0	1	4.37114e-08	-4.37114e-08	0	0	0	0	72
ceiling_corner	105	3604.28	1483.44	1672.9	5.051	2131.03	18.801	-4.37114e-08	1	0	1	4.37114e-08	-4.37114e-08	0	0	0	0	71.4444
ceiling_corner	107	3604.36	1519.18	1673.08	5.051	2148.67	7.961	-4.37114e-08	1	0	1	4.37114e-08	-4.37114e-08	0	0	0	0	71
ceiling_corner	109	3604.44	1555.21	1673.08	5.051	2166.31	-2.871	-4.37114e-08	1	0	1	4.37114e-08	-4.37114e-08	0	0	0	0	70.4444
ceiling_corner	111	3604.52	1591.54	1672.9	5.051	2183.95	-13.691	-4.37114e-08	1	0	1	4.37114e-08	-4.37114e-08	0	0	0	0	70
ceiling_corner	113	3604.6	1628.16	1672.54	5.051	2201.59	-24.511	-4.37114e-08	1	0	1	4.37114e-08	-4.37114e-08	0	0	0	0	69
ceiling_corner	115	3604.68	1665.07	1672	5.051	2219.23	-35.331	-4.37114e-08	1	0	1	4.37114e-08	-4.37114e-08	0	0	0	0	68.4444
ceiling_corner	117	3604.76	1702.28	1671.28	5.051	2236.87	-46.151	-4.37114e-08	1	0	1	4.37114e-08	-4.37114e-08	0	0	0	0	68
ceiling_corner	119	3604.84	1739.78	1670.38	5.051	2254.51	-56.971	-4.37114e-08	1	0	1	4.37114e-08	-4.37114e-08	0	0	0	0	67.4444
ceiling_corner	121	3604.92	1777.57	1669.3	5.051	2272.15	-67.791	-4.37114e-08	1	0	1	4.37114e-08	-4.37114e-08	0	0	0	0	67
ceiling_corner	123	3605	1815.66	1668.03	5.051	2289.79	-78.611	-4.37114e-08	1	0	1	4.37114e-08	-4.37114e-08	0	0	0	0	66.4444
ceiling_corner	125	3605.08	1854.05	1666.58	5.031	2298.26	-89.081	-4.37114e-08	1	0	1	4.37114e-08	-4.37114e-08	0	0	0	0	66
ceiling_corner	127	3605.16	1892.5	1664.96	4.991	2297.85	-99.141	-4.37114e-08	1	0	1	4.37114e-08	-4.37114e-08	0	0	0	0	65.4444
ceiling_corner	129	3605.24	1930.94	1663.18	4.951	2297.4	-109.121	-4.37114e-08	1	0	1	4.37114e-08	-4.37114e-08	0	0	0	0	65
ceiling_corner	131	3605.32	1969.38	1661.23	4.911	2296.91	-119.021	-4.37114e-08	1	0	1	4.37114e-08	-4.37114e-08	0	0	0	0	64
ceiling_corner	133	3605.4	2007.8	1659.11	4.871	2296.38	-128.841	-4.37114e-08	1	0	1	4.37114e-08	-4.37114e-08	0	0	0	0	63.4444
ceiling_corner	135	3605.48	2046.22	1656.83	4.831	2295.81	-138.581	-4.37114e-08	1	0	1	4.37114e-08	-4.37114e-08	0	0	0	0	63
ceiling_corner	137	3605.56	2084.63	1654.39	4.791	2295.21	-148.241	-4.37114e-08	1	0	1	4.37114e-08	-4.37114e-08	0	0	0	0	62.4444
ceiling_corner	139	3605.64	2123.03	1651.79	4.751	2294.57	-157.821	-4.37114e-08	1	0	1	4.37114e-08	-4.37114e-08	0	0	0	0	62
ceiling_corner	141	3605.72	2161.41	1649.03	4.711	2293.9	-167.321	-4.37114e-08	1	0	1	4.37114e-08	-4.37114e-08	0	0	0	0	61.4444
ceiling_corner	143	3605.8	2199.79	1646.11	4.671	2293.19	-176.751	-4.37114e-08	1	0	1	4.37114e-08	-4.37114e-08	0	0	0	0	61
ceiling_corner	145	3605.88	2238.15	1643.03	4.631	2292.45	-186.111	-4.37114e-08	1	0	1	4.37114e-08	-4.37114e-08	0	0	0	0	60.4444
ceiling_corner	147	3605.96	2276.5	1639.8	4.591	2291.68	-195.391	-4.37114e-08	1	0	1	4.37114e-08	-4.37114e-08	0	0	0	0	60
ceiling_corner	149	3606.04	2314.84	1636.42	4.551	2290.87	-204.591	-4.37114e-08	1	0	1	4.37114e-08	-4.37114e-08	0	0	0	0	59
ceiling_corner	151	3606.12	2353.16	1632.88	4.511	2290.04	-213.711	-4.37114e-08	1	0	1	4.37114e-08	-4.37114e-08	0	0	0	0	58.4444
ceiling_corner	153	3606.2	2391.47	1629.19	4.471	2289.18	-222.751	-4.37114e-08	1	0	1	4.37114e-08	-4.37114e-08	0	0	0	0	58
ceiling_corner	155	3606.28	2429.77	1625.35	4.431	2288.29	-231.711	-4.37114e-08	1	0	1	4.37114e-08	-4.37114e-08	0	0	0	0	57.4444
ceiling_corner	157	3606.36	2468.05	1621.36	4.391	2287.37	-240.611	-4.37114e-08	1	0	1	4.37114e-08	-4.37114e-08	0	0	0	0	57
ceiling_corner	159	3606.44	2506.31	1617.22	4.351	2286.43	-249.431	-4.37114e-08	1	0	1	4.37114e-08	-4.37114e-08	0	0	0	0	56.4444
ceiling_corner	161	3606.52	2544.56	1612.94	4.311	2285.45	-258.171	-4.37114e-08	1	0	1	4.37114e-08	-4.37114e-08	0	0	0	0	56
ceiling_corner	163	3606.6	2582.79	1608.51	4.271	2284.46	-266.831	-4.37114e-08	1	0	1	4.37114e-08	-4.37114e-08	0	0	0	0	55.4444
ceiling_corner	165	3606.68	2621.01	1603.94	4.231	2283.44	-275.431	-4.37114e-08	1	0	1	4.37114e-08	-4.37114e-08	0	0	0	0	55
ceiling_corner	167	3606.76	2659.21	1599.22	4.191	2282.4	-283.951	-4.37114e-08	1	0	1	4.37114e-08	-4.37114e-08	0	0	0	0	54
ceiling_corner	169	3606.83	2697.39	1594.36	4.151	2281.33	-292.391	-4.37114e-08	1	0	1	4.37114e-08	-4.37114e-08	0	0	0	0	53.4444
ceiling_corner	171	3606.89	2735.55	1589.36	4.111	2280.24	-300.771	-4.37114e-08	1	0	1	4.37114e-08	-4.37114e-08	0	0	0	0	53
ceiling_corner	173	3606.95	2773.7	1584.22	4.071	2279.13	-309.071	-4.37114e-08	1	0	1	4.37114e-08	-4.37114e-08	0	0	0	0	52.4444
ceiling_corner	175	3607.01	2811.83	1578.94	4.031	2278	-317.301	-4.37114e-08	1	0	1	4.37114e-08	-4.37114e-08	0	0	0	0	52
ceiling_corner	177	3607.07	2849.94	1573.53	3.991	2276.85	-325.461	-4.37114e-08	1	0	1	4.37114e-08	-4.37114e-08	0	0	0	0	51.4444
ceiling_corner	179	3607.13	2888.03	1567.98	3.951	2275.68	-333.551	-4.37114e-08	1	0	1	4.37114e-08	-4.37114e-08	0	0	0	0	51
ceiling_corner	181	3607.19	2926.1	1562.3	3.911	2274.49	-341.571	-4.37114e-08	1	0	1	4.37114e-08	-4.37114e-08	0	0	0	0	50.4444
ceiling_corner	183	3607.25	2964.15	1556.49	3.871	2273.28	-349.511	-4.37114e-08	1	0	1	4.37114e-08	-4.37114e-08	0	0	0	0	50
ceiling_corner	185	3607.31	3002.18	1550.54	3.831	2272.05	-357.391	-4.37114e-08	1	0	1	4.37114e-08	-4.37114e-08	0	0	0	0	49
ceiling_corner	187	3607.37	3040.19	1544.46	3.791	2270.81	-365.191	-4.37114e-08	1	0	1	4.37114e-08	-4.37114e-08	0	0	0	0	48.4444
ceiling_corner	189	3607.43	3078.18	1538.25	3.751	2269.56	-372.931	-4.37114e-08	1	0	1	4.37114e-08	-4.37114e-08	0	0	0	0	48
ceiling_corner	191	3607.49	3116.15	1531.92	3.711	2268.28	-380.601	-4.37114e-08	1	0	1	4.37114e-08	-4.37114e-08	0	0	0	0	47.4444
ceiling_corner	193	3607.55	3154.1	1525.45	3.671	2266.99	-388.201	-4.37114e-08	1	0	1	4.37114e-08	-4.37114e-08	0	0	0	0	47
ceiling_corner	195	3607.61	3192.03	1518.86	3.631	2265.69	-395.741	-4.37114e-08	1	0	1	4.37114e-08	-4.37114e-08	0	0	0	0	46.4444
ceiling_corner	197	3607.67	3229.93	1512.15	3.591	2264.37	-403.211	-4.37114e-08	1	0	1	4.37114e-08	-4.37114e-08	0	0	0	0	46
ceiling_corner	199	3607.73	3267.81	1505.3	3.551	2263.04	-410.611	-4.37114e-08	1	0	1	4.37114e-08	-4.37114e-08	0	0	0	0	45.4444
ceiling_corner	201	3607.79	3305.67	1498.33	3.511	2261.7	-417.951	-4.37114e-08	1	0	1	4.37114e-08	-4.37114e-08	0	0	0	0	45
ceiling_corner	203	3607.85	3343.51	1491.24	3.471	2260.34	-425.221	-4.37114e-08	1	0	1	4.37114e-08	-4.37114e-08	0	0	0	0	44
ceiling_corner	205	3607.91	3381.32	1484.03	3.431	2258.98	-432.421	-4.37114e-08	1	0	1	4.37114e-08	-4.37114e-08	0	0	0	0	43.4444
ceiling_corner	207	3607.97	3419.11	1476.7	3.391	2257.6	-439.561	-4.37114e-08	1	0	1	4.37114e-08	-4.37114e-08	0	0	0	0	43
ceiling_corner	209	3608.03	3456.88	1469.25	3.351	2256.21	-446.641	-4.37114e-08	1	0	1	4.37114e-08	-4.37114e-08	0	0	0	0	42.4444
ceiling_corner	211	3608.09	3494.63	1461.68	3.311	2254.81	-453.651	-4.37114e-08	1	0	1	4.37114e-08	-4.37114e-08	0	0	0	0	42
ceiling_corner	213	3608.15	3532.35	1454	3.271	2253.4	-460.601	-4.37114e-08	1	0	1	4.37114e-08	-4.37114e-08	0	0	0	0	41.4444
ceiling_corner	215	3608.21	3570.05	1446.21	3.231	2251.98	-467.491	-4.37114e-08	1	0	1	4.37114e-08	-4.37114e-08	0	0	0	0	41
ceiling_corner	217	3608.27	3607.72	1438.3	3.191	2250.55	-474.311	-4.37114e-08	1	0	1	4.37114e-08	-4.37114e-08	0	0	0	0	40.4444
ceiling_corner	219	3608.33	3645.37	1430.27	3.151	2249.12	-481.071	-4.37114e-08	1	0	1	4.37114e-08	-4.37114e-08	0	0	0	0	40
ceiling_corner	221	3608.39	3683	1422.14	3.111	2247.67	-487.771	-4.37114e-08	1	0	1	4.37114e-08	-4.37114e-08	0	0	0	0	39
ceiling_corner	223	3608.45	3720.6	1413.89	3.071	2246.22	-494.411	-4.37114e-08	1	0	1	4.37114e-08	-4.37114e-08	0	0	0	0	38.4444
ceiling_corner	225	3608.51	3758.18	1405.53	3.031	2244.77	-500.991	-4.37114e-08	1	0	1	4.37114e-08	-4.37114e-08	0	0	0	0	38
ceiling_corner	227	3608.57	3795.73	1397.06	2.991	2243.3	-507.511	-4.37114e-08	1	0	1	4.37114e-08	-4.37114e-08	0	0	0	0	37.4444
ceiling_corner	229	3608.61	3833.26	1388.49	2.951	2241.83	-513.971	-4.37114e-08	1	0	1	4.37114e-08	-4.37114e-08	0	0	0	0	37
ceiling_corner	231	3608.65	3870.77	1379.81	2.911	2240.35	-520.371	-4.37114e-08	1	0	1	4.37114e-08	-4.37114e-08	0	0	0	0	36.4444
ceiling_corner	233	3608.69	3908.25	1371.02	2.871	2238.87	-526.711	-4.37114e-08	1	0	1	4.37114e-08	-4.37114e-08	0	0	0	0	36
ceiling_corner	235	3608.73	3945.7	1362.13	2.831	2237.38	-532.991	-4.37114e-08	1	0	1	4.37114e-08	-4.37114e-08	0	0	0	0	35.4444
ceiling_corner	237	3608.77	3983.13	1353.13	2.791	2235.89	-539.221	-4.37114e-08	1	0	1	4.37114e-08	-4.37114e-08	0	0	0	0	35
ceiling_corner	239	3608.81	4020.54	1344.03	2.751	2234.39	-545.391	-4.37114e-08	1	0	1	4.37114e-08	-4.37114e-08	0	0	0	0	34
goalpost_glance	0	700	3624.9	17.04	0	1491.8	1.941	-4.37114e-08	1	-0.000862864	-3.7717e-11	0.000862864	1	-0.07011	0	0	1	100
goalpost_glance	2	699.94	3649.97	17.05	-5.251	1508.17	0.521	-0.00182156	0.999995	-0.00249272	-4.54063e-06	0.00249271	0.999997	-0.09911	0	0.14281	1	99.4444
goalpost_glance	4	699.8	3675.31	17.05	-9.981	1524.57	-0.341	-0.00546476	0.999977	-0.00412256	-2.2529e-05	0.0041225	0.999991	-0.10151	0	0.24291	1	99
goalpost_glance	6	699.57	3700.92	17.03	-15.201	1540.96	-0.751	-0.0104499	0.999929	-0.0057524	-6.01131e-05	0.00575208	0.999983	-0.09011	-0.00011	0.31371	1	98.4444
goalpost_glance	8	699.24	3726.81	17.01	-21.371	1557.31	-0.781	-0.0162975	0.999843	-0.00699873	-0.000114064	0.0069978	0.999976	-0.07291	-0.00031	0.36411	1	98
goalpost_glance	10	698.79	3752.97	16.99	-28.681	1573.61	-0.601	-0.0229111	0.999706	-0.00795744	-0.00018232	0.00795535	0.999968	-0.05471	-0.00051	0.40041	1	97.4444
goalpost_glance	12	698.21	3779.4	16.99	-37.141	1589.83	-0.341	-0.029907	0.999515	-0.0087244	-0.0001651	0.00872337	0.999962	-0.03791	-0.00061	0.42661	1	97
goalpost_glance	14	697.47	3806.1	16.99	-46.681	1605.96	-0.141	-0.0371889	0.999267	-0.00910788	-0.000242919	0.00910515	0.999959	-0.02421	-0.00061	0.44571	1	96.4444
goalpost_glance	16	696.56	3833.07	16.99	-57.211	1621.97	0	-0.0448518	0.998949	-0.00939549	-0.000325646	0.00939034	0.999956	-0.01401	-0.00061	0.45961	1	96
goalpost_glance	18	695.47	3860.3	16.99	-68.601	1637.86	0.111	-0.052608	0.998569	-0.00958723	-0.000408648	0.009579	0.999954	-0.00711	-0.00061	0.46961	1	95.4444
goalpost_glance	20	694.18	3887.79	16.99	-80.761	1653.63	0.191	-0.0605524	0.998119	-0.00958723	-0.000580556	0.00956964	0.999954	-0.00281	-0.00051	0.47681	1	95
goalpost_glance	22	692.67	3915.55	16.99	-93.591	1669.26	0.241	-0.0684929	0.997605	-0.0096831	-0.000663255	0.00966036	0.999953	-0.00061	-0.00041	0.48181	1	94
goalpost_glance	24	690.94	3943.57	16.99	-107.001	1684.76	0.261	-0.0765246	0.997021	-0.0096831	-0.00074103	0.00965471	0.999953	0.00021	-0.00031	0.48521	1	93.4444
goalpost_glance	26	688.98	3971.84	16.99	-120.921	1700.12	0.261	-0.0846472	0.996365	-0.00958723	-0.000811569	0.00955282	0.999954	0.00031	-0.00031	0.48731	1	93
goalpost_glance	28	686.78	4000.36	16.99	-135.301	1715.33	0.261	-0.0927639	0.995642	-0.00958723	-0.00088939	0.00954589	0.999954	0.00031	-0.00021	0.48831	1	92.4444
goalpost_glance	30	684.34	4029.14	16.99	-150.081	1730.4	0.261	-0.100874	0.994853	-0.00958723	-0.000967152	0.00953833	0.999954	0.00011	-0.00011	0.48861	1	92
goalpost_glance	32	681.65	4058.16	16.99	-165.221	1745.32	0.261	-0.108978	0.993998	-0.00958723	-0.00104485	0.00953013	0.999954	0	-0.00011	0.48821	1	91.4444
goalpost_glance	34	678.7	4087.44	16.99	-180.691	1760.1	0.261	-0.117075	0.993077	-0.00958723	-0.00112248	0.0095213	0.999954	0	-0.00011	0.48781	1	91
goalpost_glance	36	675.49	4116.96	16.99	-196.491	1774.72	0.261	-0.125069	0.992102	-0.00958723	-0.00119912	0.00951195	0.999954	0	-0.00021	0.48791	1	90.4444
goalpost_glance	38	672.02	4146.72	16.99	-212.581	1789.2	0.261	-0.133149	0.99105	-0.00958723	-0.00127659	0.00950186	0.999954	0	-0.00021	0.48831	1	90
goalpost_glance	40	668.27	4176.72	16.99	-228.971	1803.52	0.261	-0.141221	0.989932	-0.00958723	-0.00135398	0.00949114	0.999954	0	-0.00021	0.48891	1	89
goalpost_glance	42	664.24	4206.96	16.99	-245.631	1817.68	0.261	-0.149284	0.988748	-0.00958723	-0.00143128	0.00947979	0.999954	0	-0.00021	0.48971	1	88.4444
goalpost_glance	44	659.93	4237.43	16.99	-262.561	1831.68	0.261	-0.157431	0.987484	-0.00958723	-0.0015094	0.00946767	0.999954	0	-0.00021	0.49051	1	88
goalpost_glance	46	655.34	4268.13	16.99	-279.771	1845.52	0.261	-0.165473	0.986168	-0.00958723	-0.0015865	0.00945505	0.999954	0	-0.00031	0.49131	1	87.4444
goalpost_glance	48	650.46	4299.06	16.99	-297.241	1859.18	0.261	-0.173504	0.984787	-0.00958723	-0.0016635	0.00944181	0.999954	0	-0.00031	0.49211	1	87
goalpost_glance	50	645.29	4330.22	16.99	-314.971	1872.67	0.261	-0.181617	0.983323	-0.00958723	-0.00174129	0.00942778	0.999954	-0.00011	-0.00031	0.49291	1	86.4444
goalpost_glance	52	639.82	4361.6	16.99	-332.971	1885.99	0.261	-0.189719	0.981792	-0.00958723	-0.00181896	0.0094131	0.999954	-0.00011	-0.00041	0.49351	1	86
goalpost_glance	54	634.04	4393.2	16.99	-351.231	1899.13	0.261	-0.197807	0.980194	-0.00958723	-0.00189651	0.00939778	0.999954	-0.00011	-0.00041	0.49411	1	85.4444
goalpost_glance	56	627.96	4425.01	16.99	-369.751	1912.09	0.261	-0.205882	0.97853	-0.00958723	-0.00197393	0.00938182	0.999954	-0.00011	-0.00041	0.49471	1	85
goalpost_glance	58	621.56	4457.04	16.99	-388.521	1924.86	0.261	-0.213943	0.976799	-0.00958723	-0.00205122	0.00936523	0.999954	-0.00021	-0.00031	0.49531	1	84
goalpost_glance	60	614.84	4489.28	16.99	-407.541	1937.45	0.261	-0.22199	0.975002	-0.00958723	-0.00212837	0.009348	0.999954	-0.00011	-0.00031	0.49591	1	83.4444
goalpost_glance	62	607.8	4521.73	16.99	-426.821	1949.84	0.261	-0.230021	0.973138	-0.00958723	-0.00220537	0.00933013	0.999954	-0.00011	-0.00031	0.49631	1	83
goalpost_glance	64	600.44	4554.38	16.99	-446.341	1962.03	0.261	-0.238037	0.971209	-0.00958723	-0.00228222	0.00931163	0.999954	-0.00011	-0.00031	0.49671	1	82.4444
goalpost_glance	66	592.76	4587.23	16.99	-466.111	1974.03	0.261	-0.24613	0.96919	-0.00958723	-0.00235981	0.00929227	0.999954	-0.00011	-0.00031	0.49711	1	82
goalpost_glance	68	584.74	4620.28	16.99	-486.121	1985.82	0.261	-0.254112	0.967127	-0.00958723	-0.00243634	0.0092725	0.999954	-0.00021	-0.00031	0.49731	1	81.4444
goalpost_glance	70	576.38	4653.53	16.99	-506.361	1997.41	0.261	-0.26217	0.964974	-0.00958723	-0.0025136	0.00925186	0.999954	-0.00021	-0.00041	0.49751	1	81
goalpost_glance	72	567.69	4686.96	16.99	-526.841	2008.8	0.261	-0.270117	0.96278	-0.00958723	-0.0025898	0.00923082	0.999954	-0.00021	-0.00041	0.49771	1	80.4444
goalpost_glance	74	558.65	4720.58	16.99	-547.561	2019.98	0.261	-0.278139	0.960493	-0.00958723	-0.0026667	0.00920889	0.999954	-0.00021	-0.00041	0.49771	1	80
goalpost_glance	76	549.26	4754.38	16.99	-568.501	2030.95	0.261	-0.286048	0.958167	-0.00958723	-0.00274254	0.00918659	0.999954	-0.00021	-0.00041	0.49771	1	79
goalpost_glance	78	539.52	4788.36	16.99	-589.661	2041.7	0.261	-0.294031	0.955748	-0.00958723	-0.00281907	0.0091634	0.999954	-0.00021	-0.00031	0.49771	1	78.4444
goalpost_glance	80	529.43	4822.52	16.99	-611.041	2052.24	0.261	-0.301901	0.953291	-0.00958723	-0.00289452	0.00913984	0.999954	-0.00021	-0.00031	0.49761	1	78
goalpost_glance	82	518.98	4856.86	16.99	-632.631	2062.56	0.261	-0.309842	0.95074	-0.00958723	-0.00297066	0.00911538	0.999954	-0.00021	-0.00031	0.49741	1	77.4444
goalpost_glance	84	508.17	4891.36	16.99	-654.441	2072.66	0.261	-0.31767	0.948153	-0.00958723	-0.00304571	0.00909058	0.999954	-0.00021	-0.00031	0.49721	1	77
goalpost_glance	86	496.98	4926.02	16.99	-676.441	2082.54	0.261	-0.325567	0.94547	-0.00958723	-0.00312143	0.00906486	0.999954	-0.00021	-0.00031	0.49681	1	76.4444
goalpost_glance	88	485.43	4960.85	16.99	-698.631	2092.2	0.261	-0.333352	0.942754	-0.00958723	-0.00319607	0.00903882	0.999954	-0.00021	-0.00041	0.49641	1	76
goalpost_glance	90	473.5	4995.83	16.99	-721.021	2101.64	0.261	-0.341113	0.939973	-0.00958723	-0.00327048	0.00901216	0.999954	-0.00031	-0.00041	0.49591	1	75.4444
goalpost_glance	92	461.2	5030.97	16.99	-743.611	2110.85	0.261	-0.348852	0.937129	-0.00958723	-0.00334468	0.00898489	0.999954	-0.00031	-0.00041	0.49531	1	75
goalpost_glance	94	448.52	5066.27	16.99	-766.381	2119.83	0.261	-0.356567	0.934221	-0.00958723	-0.00341865	0.008957	0.999954	-0.00021	-0.00041	0.49471	1	74
goalpost_glance	96	435.46	5101.71	16.99	-789.321	2128.59	0.261	-0.364257	0.931249	-0.00958723	-0.00349238	0.00892851	0.999954	-0.00031	-0.00041	0.49401	1	73.4444
goalpost_glance	98	422.02	5137.29	16.99	-812.441	2137.11	0.261	-0.371923	0.928214	-0.00958723	-0.00356588	0.00889941	0.999954	-0.00031	-0.00041	0.49321	1	73
goalpost_glance	100	408.19	5173.01	16.99	-834.841	2143.13	0.261	-0.379564	0.925116	-0.00958723	-0.00363913	0.00886971	0.999954	-0.00031	-0.00041	0.49241	1	72.4444
goalpost_glance	102	394.01	5208.76	16.99	-852.331	2136.24	0.261	-0.38709	0.921992	-0.00958723	-0.00371129	0.00883976	0.999954	-0.00031	-0.00041	0.49171	1	72
goalpost_glance	104	379.54	5244.4	16.99	-869.781	2129.19	0.261	-0.394679	0.918769	-0.00958723	-0.00378405	0.00880886	0.999954	-0.00031	-0.00041	0.49121	1	71.4444
goalpost_glance	106	364.77	5279.93	16.99	-887.171	2122	0.261	-0.402153	0.915522	-0.00958723	-0.00385571	0.00877773	0.999954	-0.00031	-0.00041	0.49081	1	71
goalpost_glance	108	349.71	5315.32	17.02	-904.881	2114.51	3.721	-0.409604	0.912224	-0.00843679	-0.00433049	0.0073038	0.999964	0.16681	-0.05521	0.49121	1	70.4444
goalpost_glance	110	334.33	5350.58	17.27	-924.201	2106.05	19.721	-0.417126	0.908848	0.00105461	-0.00644368	-0.00411775	0.999971	0.82571	-0.06601	0.49821	1	70
goalpost_glance	112	318.65	5385.7	17.77	-941.981	2098.01	31.711	-0.424708	0.905143	0.0184067	-0.0023364	-0.0214273	0.999768	1.05431	0.30451	0.50831	1	69
goalpost_glance	114	302.67	5420.68	18.64	-960.031	2089.03	65.131	-0.432219	0.901298	0.0291415	-0.00149106	-0.0330302	0.999453	0.40341	-0.02961	0.49351	1	68.4444
goalpost_glance	116	286.4	5455.51	20.02	-976.901	2080.43	86.321	-0.439539	0.897725	0.0299082	-0.00226262	-0.0344035	0.999405	0.02071	-0.06301	0.48751	1	68
goalpost_glance	118	269.85	5490.2	21.53	-993.481	2072.38	90.571	-0.446851	0.894134	0.0291415	-0.00283947	-0.033992	0.999418	-0.02831	-0.04971	0.48481	1	67.4444
goalpost_glance	120	253.02	5524.76	23.05	-1009.99	2064.37	90.921	-0.454048	0.890528	0.028279	-0.00329903	-0.0334195	0.999436	-0.03281	-0.04121	0.48331	1	67
goalpost_glance	122	235.93	5559.18	24.56	-1026.43	2056.29	89.801	-0.461214	0.886859	0.0276081	-0.00359446	-0.0329824	0.999449	-0.03001	-0.03471	0.48271	1	66.4444
goalpost_glance	124	218.56	5593.47	26.04	-1042.82	2048.11	88.131	-0.468349	0.883133	0.0269373	-0.00389711	-0.0325523	0.999462	-0.02521	-0.03031	0.48261	1	66
goalpost_glance	126	200.91	5627.62	27.49	-1059.15	2039.78	86.361	-0.475453	0.879343	0.0264581	-0.00411573	-0.0322978	0.99947	-0.02021	-0.02721	0.48291	1	65.4444
goalpost_glance	128	183	5661.63	28.92	-1075.44	2031.31	84.721	-0.482525	0.875497	0.0259789	-0.00425471	-0.0320028	0.999479	-0.01581	-0.02501	0.48341	1	65
goalpost_glance	130	164.81	5695.49	30.32	-1091.68	2022.69	83.261	-0.489564	0.871591	0.0255955	-0.00443535	-0.0318425	0.999483	-0.01231	-0.02361	0.48401	1	64
goalpost_glance	132	146.34	5729.19	31.81	-1109.37	2012.48	95.851	-0.496679	0.867429	0.0296207	-0.00575102	-0.0374162	0.999283	0.67751	-0.17371	0.48371	1	63.4444
goalpost_glance	134	127.56	5762.69	33.7	-1128.04	2000.97	116.651	-0.503943	0.862385	0.0483016	-0.00394799	-0.0582209	0.998296	1.36441	0.17451	0.51561	1	63
goalpost_glance	136	108.41	5795.6	37.31	-1155.6	1963.99	258.411	-0.512467	0.85037	0.119365	0.0085628	-0.133938	0.990953	5.26721	1.35791	0.81371	1	62.4444
goalpost_glance	138	88.81	5827.5	43.57	-1181.91	1900.41	408.361	-0.519177	0.821089	0.23721	0.0328386	-0.258177	0.965539	5.40221	0.91341	0.48121	1	62
goalpost_glance	140	68.95	5857.07	53.86	-1196.32	1753.82	651.861	-0.521139	0.771744	0.364453	0.0323097	-0.408878	0.912017	5.49881	-0.06861	0.08911	1	61.4444
goalpost_glance	142	49.18	5883.68	67.65	-1184.35	1558.52	879.691	-0.517554	0.704028	0.486294	0.0266637	-0.554786	0.831565	5.49321	-0.17341	-0.21131	1	61
goalpost_glance	144	29.57	5907.7	84.24	-1169.01	1382.24	1041.59	-0.515456	0.621981	0.589444	0.0213211	-0.678345	0.734434	5.49431	0.01041	-0.24961	1	60.4444
goalpost_glance	146	10.29	5928.72	103.58	-1154.37	1230.19	1186.88	-0.515312	0.540937	0.664711	0.0141188	-0.770159	0.637696	5.48981	-0.26571	-0.20231	1	60
goalpost_glance	148	-8.74	5947.07	125.22	-1136.8	1037.58	1342.59	-0.516681	0.458196	0.723255	0.0199531	-0.838075	0.54519	5.49961	-0.04341	0.03821	1	59
goalpost_glance	150	-27.48	5961.9	148.69	-1116.59	819.891	1430.45	-0.516485	0.347689	0.782531	0.014943	-0.910057	0.414213	5.49701	0.07121	-0.16401	1	58.4444
goalpost_glance	152	-45.84	5972.89	173.62	-1099.15	628.011	1505.46	-0.517301	0.249661	0.818577	0.0118527	-0.95432	0.298551	5.49451	-0.16881	-0.17661	1	58
goalpost_glance	154	-63.94	5980.64	199.49	-1078.47	375.241	1567.08	-0.519146	0.155256	0.840466	0.0220661	-0.9806	0.194772	5.48471	-0.01311	0.40891	1	57.4444
goalpost_glance	156	-81.81	5985.64	225.87	-1070.98	255.611	1590.63	-0.521262	0.0652049	0.850902	0.0298202	-0.995076	0.0945209	5.44261	-0.06341	0.78941	1	57
goalpost_glance	158	-99.53	5987.18	252.24	-1061.78	61.131	1581.56	-0.521875	-0.0309574	0.85246	0.00986625	-0.999493	-0.0302568	5.47651	-0.10151	-0.49751	1	56.4444
goalpost_glance	160	-117.15	5985.97	278.54	-1056.56	-99.361	1578.03	-0.524589	-0.119333	0.84295	0.0228734	-0.991746	-0.126163	5.42411	-0.26831	0.86971	1	56
goalpost_glance	162	-134.68	5981.96	304.34	-1051.54	-264.391	1542.31	-0.527095	-0.216733	0.821704	0.0239007	-0.970329	-0.240603	5.49751	-0.13961	-0.08931	1	55.4444
goalpost_glance	164	-152.15	5974.94	329.2	-1046.62	-480.301	1464.18	-0.528712	-0.304554	0.792282	0.0162807	-0.93688	-0.349273	5.37641	0.37371	-1.09731	1	55
goalpost_glance	166	-169.59	5965.48	352.95	-1046.91	-594.761	1408.45	-0.532112	-0.391015	0.750975	0.00955507	-0.889688	-0.456469	5.49241	-0.09721	-0.27061	1	54
goalpost_glance	168	-186.87	5953.34	374.86	-1035.95	-771.141	1292.43	-0.532629	-0.477195	0.698994	0.0113102	-0.829832	-0.557898	5.49631	-0.19411	0.05341	1	53.4444
goalpost_glance	170	-204.12	5938.95	395.27	-1034.1	-897.081	1202.13	-0.536194	-0.549835	0.640451	0.0161747	-0.765296	-0.643475	5.38821	-0.65421	0.43331	1	53
goalpost_glance	172	-221.31	5922.16	413.64	-1031.75	-1023.63	1090.71	-0.5398	-0.612359	0.57761	0.018864	-0.694793	-0.718962	5.49251	-0.25831	-0.12371	1	52.4444
goalpost_glance	174	-238.56	5904.12	430.69	-1035.36	-1107.5	998.551	-0.543942	-0.669443	0.505939	0.0235562	-0.614882	-0.788268	5.38071	-0.66021	0.19971	1	52
goalpost_glance	176	-255.83	5884.14	445.16	-1038.36	-1217.52	835.351	-0.54822	-0.721399	0.42313	0.0243712	-0.519499	-0.854123	5.49341	-0.04581	-0.26381	1	51.4444
goalpost_glance	178	-273.19	5862.71	457.37	-1043.67	-1309.68	694.891	-0.552046	-0.753974	0.356046	0.0234276	-0.440866	-0.897267	5.38001	0.57681	-0.61461	1	51
goalpost_glance	180	-290.69	5840.26	467.84	-1052.38	-1353.72	616.761	-0.557766	-0.780783	0.281557	0.0216189	-0.352778	-0.935457	5.48471	-0.20261	-0.35511	1	50.4444
goalpost_glance	182	-308.32	5816.93	476.73	-1060.51	-1415.29	500.081	-0.563118	-0.792926	0.232737	0.0257821	-0.298356	-0.954107	3.05061	0.47681	-0.55011	1	50
goalpost_glance	184	-326.16	5792.91	484.02	-1073.27	-1453.15	407.971	-0.569236	-0.7941	0.213017	0.0050069	-0.262433	-0.964937	1.43261	0.85611	-0.71131	1	49
goalpost_glance	186	-344.18	5768.41	490.35	-1083.86	-1473.48	375.361	-0.575593	-0.789781	0.211986	-0.0045321	-0.25615	-0.966626	0.22101	0.36851	-0.58011	1	48.4444
goalpost_glance	188	-362.4	5743.73	496.53	-1097.02	-1483.09	370.171	-0.581854	-0.784697	0.213766	-0.0122146	-0.254379	-0.967027	0.09251	0.31861	-0.56491	1	48
goalpost_glance	190	-380.87	5718.92	502.66	-1112.54	-1490.04	367.511	-0.588131	-0.779488	0.215639	-0.0197162	-0.252729	-0.967336	0.09251	0.31861	-0.56451	1	47.4444
goalpost_glance	192	-399.62	5694.02	508.75	-1129.61	-1495.78	364.681	-0.594273	-0.774266	0.217604	-0.0272235	-0.251043	-0.967593	0.09241	0.31831	-0.56541	1	47
goalpost_glance	194	-418.67	5669.02	514.79	-1147.69	-1500.66	361.771	-0.600439	-0.768936	0.219569	-0.0347285	-0.249241	-0.967818	0.09221	0.31761	-0.56751	1	46.4444
goalpost_glance	196	-438.03	5643.96	520.78	-1166.45	-1504.89	358.851	-0.606543	-0.763536	0.221626	-0.0421865	-0.247456	-0.96798	0.09201	0.31671	-0.57081	1	46
goalpost_glance	198	-457.71	5618.83	526.73	-1185.69	-1508.61	355.941	-0.612595	-0.758086	0.223682	-0.0496166	-0.245559	-0.968111	0.09171	0.31541	-0.57551	1	45.4444
crossbar_land	0	0	5005.02	793.25	0	300.901	-408.001	-4.37114e-08	1	0	0	-0	1	0	0	0	0	100
crossbar_land	2	0	5010.05	786.31	0	302.001	-418.821	-4.37114e-08	1	0	0	-0	1	0	0	0	0	100
crossbar_land	4	0	5015.1	779.19	0	303.101	-429.641	-4.37114e-08	1	0	0	-0	1	0	0	0	0	100
crossbar_land	6	0	5020.16	771.89	0	304.201	-440.461	-4.37114e-08	1	0	0	-0	1	0	0	0	0	100
crossbar_land	8	0	5025.24	764.41	0	305.301	-451.281	-4.37114e-08	1	0	0	-0	1	0	0	0	0	100
crossbar_land	10	0	5030.34	756.75	0	306.401	-462.101	-4.37114e-08	1	0	0	-0	1	0	0	0	0	100
crossbar_land	12	0	5035.46	748.91	0	307.501	-472.921	-4.37114e-08	1	0	0	-0	1	0	0	0	0	100
crossbar_land	14	0	5040.6	740.89	0	308.601	-483.741	-4.37114e-08	1	0	0	-0	1	0	0	0	0	100
crossbar_land	16	0	5045.76	732.69	0	309.701	-494.561	-4.37114e-08	1	0	0	-0	1	0	0	0	0	100
crossbar_land	18	0	5046.35	724.79	0	-23.701	-447.691	-4.36526e-08	0.998655	0.0518445	-9.58715e-05	-0.0518445	0.998655	5.49991	-0.01391	-0.00061	0	100
crossbar_land	20	0	5045.83	717.19	0	-20.921	-458.431	0.000379017	0.988433	0.15166	0.00454377	-0.15166	0.988422	5.49961	-0.05241	-0.03371	0	100
crossbar_land	22	0	5045.52	709.42	0	-18.151	-469.061	0.000464245	0.968355	0.249578	-0.000694894	-0.249577	0.968355	5.49991	-0.00931	0.00131	0	100
crossbar_land	24	0	5045.23	701.47	0	-17.071	-479.581	0.00036142	0.942541	0.33409	-0.000895098	-0.33409	0.942541	5.23931	-0.00861	0.00131	0	100
crossbar_land	26	0	5044.96	693.35	0	-16.021	-490.011	0.000349354	0.911075	0.412241	-0.00102094	-0.412241	0.911074	4.99111	-0.00801	0.00131	0	100
crossbar_land	28	0	5044.83	689.22	0	-15.511	-495.191	0.00025701	0.893612	0.44884	-0.000991954	-0.44884	0.893612	4.87141	-0.00771	0.00131	0	100
crossbar_land	29	0	5044.58	680.84	0	-14.521	-505.491	0.000164102	0.855751	0.517388	-0.00105795	-0.517388	0.85575	4.64061	-0.00711	0.00131	0	100
crossbar_land	31	0	5044.35	672.28	0	-13.571	-515.731	7.81569e-05	0.814815	0.579721	-0.00101434	-0.57972	0.814815	4.42071	-0.00651	0.00131	0	100
crossbar_land	33	0	5044.13	663.56	0	-12.671	-525.891	-3.37281e-08	0.77161	0.636096	-0.00124633	-0.636096	0.771609	4.21121	-0.00601	0.00131	0	100
crossbar_land	35	0	5043.93	654.67	0	-11.821	-535.991	-6.96933e-05	0.72682	0.686828	-0.00127637	-0.686827	0.72682	4.01161	-0.00561	0.00131	0	100
crossbar_land	37	0	5043.74	645.61	0	-11.011	-546.041	-0.000130587	0.681093	0.732197	-0.00129772	-0.732197	0.681092	3.82151	-0.00521	0.00131	0	100
crossbar_land	39	0	5043.56	636.39	0	-10.261	-556.041	-0.000182564	0.634838	0.772645	-0.00121591	-0.772645	0.634837	3.64051	-0.00481	0.00131	0	100
crossbar_land	41	0	5043.4	626.99	0	-9.561	-565.991	-0.000282162	0.588592	0.80843	-0.00143405	-0.80843	0.588591	3.46801	-0.00441	0.00131	0	100
crossbar_land	43	0	5043.25	617.43	0	-8.911	-575.901	-0.000364117	0.54259	0.839998	-0.0012579	-0.839997	0.542589	3.30361	-0.00401	0.00131	0	100
crossbar_land	45	0	5043.11	607.71	0	-8.311	-585.791	-0.000429122	0.497313	0.867571	-0.00145649	-0.867571	0.497312	3.14711	-0.00361	0.00131	0	100
crossbar_land	47	0	5042.98	597.83	0	-7.761	-595.641	-0.000477485	0.452777	0.891624	-0.00126482	-0.891623	0.452776	2.99791	-0.00341	0.00131	0	100
crossbar_land	49	0	5042.86	587.78	0	-7.261	-605.471	-0.00054933	0.409269	0.912414	-0.00136393	-0.912413	0.409268	2.85581	-0.00321	0.00131	0	100
crossbar_land	51	0	5042.74	577.56	0	-6.811	-615.281	-0.000598229	0.36704	0.930205	-0.00145597	-0.930205	0.367039	2.72051	-0.00301	0.00121	0	100
crossbar_land	53	0	5042.63	567.18	0	-6.401	-625.071	-0.00065643	0.326035	0.945358	-0.00145223	-0.945357	0.326034	2.59161	-0.00281	0.00121	0	100
crossbar_land	55	0	5042.53	556.64	0	-6.041	-634.841	-0.000686311	0.286336	0.958129	-0.00144257	-0.958128	0.286335	2.46871	-0.00261	0.00111	0	100
crossbar_land	57	0	5042.43	545.94	0	-5.731	-644.601	-0.000761118	0.248091	0.968737	-0.00153409	-0.968736	0.248089	2.35171	-0.00241	0.00111	0	100
crossbar_land	59	0	5042.33	535.08	0	-5.461	-654.341	-0.000790171	0.211329	0.977415	-0.00123497	-0.977414	0.211328	2.24021	-0.00221	0.00111	0	100
crossbar_land	61	0	5042.25	524.06	0	-5.231	-664.081	-0.000810207	0.176059	0.984379	-0.00151005	-0.984379	0.176057	2.13411	-0.00201	0.00101	0	100
crossbar_land	63	0	5042.17	512.87	0	-5.041	-673.811	-0.000845119	0.142174	0.989841	-0.00130674	-0.989841	0.142173	2.03291	-0.00181	0.00101	0	100
crossbar_land	65	0	5042.09	501.51	0	-4.891	-683.531	-0.000883811	0.109742	0.99396	-0.0014868	-0.993959	0.109741	1.93651	-0.00161	0.00091	0	100
crossbar_land	67	0	5042.01	489.99	0	-4.771	-693.251	-0.000905716	0.0787215	0.996896	-0.00147385	-0.996896	0.0787201	1.84471	-0.00141	0.00091	0	100
crossbar_land	69	0	5041.93	478.31	0	-4.681	-702.971	-0.000937928	0.0491545	0.998791	-0.00117354	-0.998791	0.0491534	1.75721	-0.00121	0.00091	0	100
crossbar_land	71	0	5041.85	466.47	0	-4.631	-712.691	-0.000959799	0.0209729	0.99978	-0.00135227	-0.999779	0.0209716	1.67391	-0.00101	0.00081	0	100
crossbar_land	73	0	5041.77	454.47	0	-4.601	-722.411	-0.000977797	-0.00596034	0.999982	-0.00143511	-0.999981	-0.00596174	1.59451	-0.00081	0.00081	0	100
crossbar_land	75	0	5041.69	442.31	0	-4.611	-732.131	-0.00100368	-0.0316171	0.9995	-0.00132632	-0.999499	-0.0316185	1.51891	-0.00061	0.00081	0	100
crossbar_land	77	0	5041.61	429.99	0	-4.641	-741.851	-0.00100324	-0.0559521	0.998433	-0.0013141	-0.998432	-0.0559533	1.44691	-0.00041	0.00081	0	100
crossbar_land	79	0	5041.53	417.51	0	-4.701	-751.571	-0.00100233	-0.0791982	0.996858	-0.00139828	-0.996858	-0.0791996	1.37831	-0.00021	0.00081	0	100
crossbar_land	81	0	5041.45	404.87	0	-4.791	-761.291	-0.000999931	-0.101256	0.99486	-0.00129155	-0.994859	-0.101257	1.31291	0	0.00081	0	100
crossbar_land	83	0	5041.37	392.06	0	-4.901	-771.011	-0.000996001	-0.122216	0.992503	-0.00108929	-0.992503	-0.122217	1.25061	0	0.00071	0	100
crossbar_land	85	0	5041.29	379.08	0	-5.031	-780.731	-0.000980764	-0.142079	0.989855	-0.00136788	-0.989854	-0.14208	1.19131	0	0.00071	0	100
crossbar_land	87	0	5041.21	365.94	0	-5.181	-790.451	-0.000988082	-0.161032	0.986949	-0.00135783	-0.986948	-0.161033	1.13481	0	0.00071	0	100
crossbar_land	89	0	5041.13	352.64	0	-5.361	-800.181	-0.000978121	-0.178983	0.983852	-0.00106225	-0.983851	-0.178984	1.08101	0	0.00071	0	100
crossbar_land	91	0	5041.03	339.18	0	-5.561	-809.921	-0.000977751	-0.196122	0.980579	-0.00134121	-0.980578	-0.196123	1.02971	0	0.00071	0	100
crossbar_land	93	0	5040.93	325.56	0	-5.771	-819.661	-0.000976825	-0.212265	0.977212	-0.0012372	-0.977211	-0.212266	0.98091	0	0.00061	0	100
crossbar_land	95	0	5040.83	311.78	0	-6.001	-829.401	-0.000982368	-0.227697	0.973732	-0.000941207	-0.973731	-0.227697	0.93431	0	0.00061	0	100
crossbar_land	97	0	5040.73	297.84	0	-6.251	-839.141	-0.000975409	-0.242234	0.970217	-0.00112642	-0.970217	-0.242235	0.89001	0	0.00061	0	100
crossbar_land	99	0	5040.63	283.74	0	-6.511	-848.881	-0.000957804	-0.256162	0.966633	-0.00121731	-0.966633	-0.256163	0.84771	0	0.00061	0	100
crossbar_land	101	0	5040.51	269.47	0	-6.791	-858.641	-0.000981108	-0.269297	0.963057	-0.00111163	-0.963056	-0.269298	0.80741	0	0.00061	0	100
crossbar_land	103	0	5040.39	255.03	0	-7.091	-868.401	-0.000972396	-0.281739	0.959491	-0.00120238	-0.95949	-0.28174	0.76911	0	0.00061	0	100
crossbar_land	105	0	5040.27	240.43	0	-7.401	-878.161	-0.000957001	-0.293584	0.955933	-0.0011027	-0.955932	-0.293585	0.73261	0	0.00051	0	100
crossbar_land	107	0	5040.15	225.67	0	-7.721	-887.921	-0.000935209	-0.304837	0.952404	-0.0012919	-0.952404	-0.304838	0.69781	0	0.00051	0	100
crossbar_land	109	0	5040.01	210.75	0	-8.061	-897.681	-0.000937686	-0.3155	0.948925	-0.00119027	-0.948924	-0.315501	0.66461	0	0.00051	0	100
crossbar_land	111	0	5039.87	195.67	0	-8.401	-907.461	-0.00093644	-0.325581	0.945514	-0.00108951	-0.945513	-0.325582	0.63301	0	0.00051	0	100
crossbar_land	113	0	5039.73	180.43	0	-8.761	-917.241	-0.000964029	-0.335173	0.942156	-0.00107986	-0.942156	-0.335174	0.60301	0	0.00051	0	100
crossbar_land	115	0	5039.58	165.02	0	-9.121	-927.021	-0.000957226	-0.34428	0.938866	-0.000980408	-0.938866	-0.344281	0.57441	0	0.00051	0	100
crossbar_land	117	0	5039.42	149.44	0	-9.501	-936.801	-0.000947585	-0.352996	0.935624	-0.00126522	-0.935623	-0.352997	0.54711	0	0.00051	0	100
crossbar_land	119	0	5039.26	133.7	0	-9.881	-946.581	-0.000969461	-0.361146	0.932509	-0.00125686	-0.932508	-0.361147	0.52111	0	0.00051	0	100
crossbar_land	121	0	5039.09	117.8	0	-10.281	-956.371	-0.000955179	-0.369	0.929429	-0.00106367	-0.929428	-0.369001	0.49641	0	0.00051	0	100
crossbar_land	123	0	5038.91	101.74	0	-10.681	-966.171	-0.00093822	-0.376385	0.926463	-0.000967195	-0.926463	-0.376385	0.47281	0	0.00041	0	100
crossbar_land	125	0	5038.73	85.52	0	-11.101	-975.971	-0.000918938	-0.383391	0.923586	-0.000871502	-0.923586	-0.383392	0.45031	0	0.00041	0	100
crossbar_land	127	0	5038.54	69.14	0	-11.521	-985.771	-0.000935044	-0.39011	0.920768	-0.000864748	-0.920767	-0.390111	0.42891	0	0.00041	0	100
crossbar_land	129	0	5038.34	52.58	0	-11.941	-995.571	-0.000950044	-0.396369	0.918091	-0.000858331	-0.918091	-0.39637	0.40851	0	0.00041	0	100
crossbar_land	131	0.09	5038.56	54.04	11.381	16.711	-123.401	0.0678374	-0.281209	0.957246	-0.0910208	-0.957199	-0.274745	-5.08071	-2.04241	0.51411	0	100
crossbar_land	133	0.29	5038.84	54.41	11.431	16.421	-134.821	0.0356031	-0.184056	0.982271	-0.0883679	-0.979624	-0.180357	-5.30121	-1.31791	-0.63971	0	100
crossbar_land	135	0.49	5039.12	52.2	11.461	16.231	-146.221	0.0156012	-0.0879582	0.996002	-0.110035	-0.990224	-0.0857244	-5.22371	-0.77191	-1.53821	0	100
crossbar_land	137	0.69	5039.39	49.62	11.461	16.151	-157.601	0.00504673	0.00688026	0.999964	-0.147565	-0.989024	0.00754974	-5.02901	-0.40141	-2.19021	0	100
crossbar_land	139	0.84	5039.81	47.92	5.841	34.311	-41.511	0.0258767	0.0808999	0.996386	-0.186563	-0.978818	0.0843186	-3.96151	2.62411	-2.76941	0	100
crossbar_land	141	1.08	5040.65	48.11	14.361	50.771	8.521	0.049458	0.157322	0.986308	-0.227056	-0.959889	0.164494	-4.67531	1.05741	-2.69671	0	100
crossbar_land	143	1.32	5041.49	48.11	14.411	50.961	-2.061	0.0758393	0.233775	0.969328	-0.269612	-0.931109	0.245652	-4.52541	0.97051	-2.67401	0	100
crossbar_land	145	1.56	5042.35	47.95	14.501	51.231	-11.811	0.102332	0.299791	0.948501	-0.303411	-0.898664	0.316774	-4.30261	0.95041	-2.46791	0	100
crossbar_land	147	1.8	5043.21	47.63	14.611	51.571	-21.591	0.129755	0.35992	0.923916	-0.331949	-0.862258	0.38252	-4.08881	0.93421	-2.27991	0	100
crossbar_land	149	2.04	5044.07	47.15	14.761	51.981	-31.401	0.157645	0.414467	0.896307	-0.355924	-0.822801	0.443077	-3.88361	0.92071	-2.10851	0	100
crossbar_land	151	2.28	5044.95	46.51	14.931	52.451	-41.231	0.185641	0.463694	0.866329	-0.375529	-0.781249	0.498626	-3.68711	0.90901	-1.95241	0	100
crossbar_land	153	2.53	5045.84	45.7	14.891	54.001	-51.121	0.213423	0.50766	0.834705	-0.391115	-0.738536	0.549175	-3.48101	0.89181	-1.84341	0	100
crossbar_land	155	2.77	5046.77	44.62	14.791	55.891	-69.071	0.246305	0.555654	0.794092	-0.396168	-0.690037	0.605723	-4.13101	1.58241	-1.46231	0	100
crossbar_land	157	3.03	5047.72	43.25	15.801	58.131	-86.991	0.28448	0.608563	0.740758	-0.387405	-0.63381	0.669479	-4.68021	2.22051	-1.13391	0	100
crossbar_land	159	3.37	5048.82	41.58	24.371	71.921	-104.851	0.324385	0.661568	0.676093	-0.366578	-0.570969	0.734585	-4.78111	2.59331	-0.81551	0	100
crossbar_land	161	3.82	5050.04	39.61	27.941	73.691	-122.631	0.362267	0.710685	0.603067	-0.335429	-0.504262	0.795743	-4.70531	2.79631	-0.53871	0	100
crossbar_land	163	4.34	5051.28	37.34	32.551	74.871	-140.351	0.39532	0.75361	0.525161	-0.297382	-0.435934	0.849426	-4.64051	2.93331	-0.33271	0	100
crossbar_land	165	4.94	5052.54	34.78	37.611	75.821	-157.981	0.423107	0.790301	0.443177	-0.253932	-0.366088	0.895264	-4.58931	3.02581	-0.17891	0	100
crossbar_land	167	5.63	5053.82	31.93	42.641	76.771	-174.751	0.44529	0.820735	0.357926	-0.206352	-0.294918	0.932975	-4.53701	3.10831	-0.05731	0	100
crossbar_land	169	6.39	5055.11	28.83	47.081	78.031	-190.061	0.462005	0.844767	0.270038	-0.155587	-0.222557	0.962425	-4.49311	3.17181	0.02911	0	100
crossbar_land	171	7.22	5056.44	25.51	50.491	79.831	-202.081	0.473166	0.862423	0.179834	-0.103128	-0.148505	0.98352	-4.50301	3.15711	0.06851	0	100
crossbar_land	173	8.09	5057.79	22.02	52.891	82.151	-211.481	0.47915	0.87333	0.0878031	-0.0507213	-0.0723171	0.996091	-4.55041	3.08831	0.07791	0	100
crossbar_land	175	9.14	5059.42	19.11	65.701	103.771	-161.421	0.480398	0.876801	0.020899	-0.0126485	-0.0169001	0.999777	-2.94961	2.03431	0.04781	1	100
crossbar_land	177	10.38	5061.43	17.05	76.801	125.601	-111.751	0.47991	0.877108	-0.0191736	0.0104649	0.0161301	0.999815	-1.68831	1.19121	0.03401	1	100
crossbar_land	179	11.79	5063.8	15.94	87.031	147.351	-44.121	0.479251	0.877101	-0.0318247	0.018625	0.0260886	0.999486	-0.00781	0.12241	0.02681	1	100
crossbar_land	181	13.37	5066.53	15.71	96.621	169.011	-5.731	0.479008	0.877456	-0.0249246	0.0148039	0.020315	0.999684	0.30941	-0.30241	0.02371	1	100
crossbar_land	183	15.11	5069.61	15.83	106.401	190.121	9.321	0.478799	0.877673	-0.0209948	0.0119061	0.0174205	0.999777	0.14881	-0.14711	0.01721	1	100
crossbar_land	185	17.01	5073.03	16.02	116.521	210.601	12.211	0.478656	0.877811	-0.0183109	0.0101128	0.0153418	0.999831	0.11691	-0.10281	0.01251	1	100
crossbar_land	187	19.08	5076.79	16.22	126.751	230.581	12.041	0.478505	0.877935	-0.016202	0.00867974	0.0137214	0.999868	0.09171	-0.07711	0.00911	1	100
crossbar_land	189	21.32	5080.87	16.41	136.971	250.131	10.571	0.478433	0.878003	-0.0145723	0.0076461	0.0124289	0.999894	0.07121	-0.05781	0.00651	1	100
crossbar_land	191	23.73	5085.27	16.56	147.131	269.281	8.681	0.478357	0.878064	-0.0133261	0.00679614	0.0114728	0.999911	0.05491	-0.04321	0.00461	1	100
crossbar_land	193	26.31	5089.99	16.68	157.181	288.071	6.881	0.478362	0.878074	-0.0124633	0.00629919	0.0107611	0.999922	0.04211	-0.03231	0.00331	1	100
crossbar_land	195	29.05	5095.02	16.77	167.111	306.511	5.291	0.478283	0.878128	-0.0116963	0.00584712	0.010134	0.999932	0.03221	-0.02411	0.00231	1	100
crossbar_land	197	31.95	5100.36	16.84	176.901	324.611	3.991	0.478285	0.878133	-0.011217	0.00553365	0.00975892	0.999937	0.02461	-0.01801	0.00161	1	100
crossbar_land	199	35.01	5105.99	16.89	186.541	342.401	2.981	0.478288	0.878137	-0.0107377	0.00522018	0.00938383	0.999942	0.01871	-0.01341	0.00111	1	100
net_flip_out	0	0	5580.07	17.81	0	-1193.89	53.531	-4.371e-08	-0.999968	-0.00795744	-3.47831e-10	-0.00795744	0.999968	0.52131	0	0	1	100
net_flip_out	2	0	5560.09	18.68	0	-1200.38	50.361	-4.37055e-08	-0.999866	-0.0163937	-7.16591e-10	-0.0163937	0.999866	0.48971	0	0	1	100
net_flip_out	4	0	5540.01	19.36	0	-1206.38	37.631	-4.36992e-08	-0.999722	-0.0235828	-1.03084e-09	-0.0235828	0.999722	0.41271	0	0	1	100
net_flip_out	6	0	5519.83	19.8	0	-1212.2	22.831	-4.36922e-08	-0.999561	-0.0296207	-1.29476e-09	-0.0296207	0.999561	0.34791	0	0	1	100
net_flip_out	8	0	5499.4	25.13	0	-1227.27	322.171	-4.36839e-08	-0.999371	-0.0354659	-1.55026e-09	-0.0354659	0.999371	0.34811	0	0	0	100
net_flip_out	10	0	5478.87	30.6	0	-1233.76	329.971	-4.36742e-08	-0.99915	-0.0412141	-1.80152e-09	-0.0412141	0.99915	0.34811	0	0	0	100
net_flip_out	12	0	5458.22	36.19	0	-1240.32	337.771	-4.3663e-08	-0.998892	-0.0470567	-2.05691e-09	-0.0470567	0.998892	0.34791	0	0	0	100
net_flip_out	14	0	5437.54	41.64	0	-1240.76	324.191	-4.36504e-08	-0.998605	-0.0528019	-2.30804e-09	-0.0528019	0.998605	0.33951	0	0	0	100
net_flip_out	16	0	5416.85	46.91	0	-1241.86	313.291	-4.36371e-08	-0.998302	-0.0582583	-2.54655e-09	-0.0582583	0.998302	0.32331	0	0	0	100
net_flip_out	18	0	5396.14	52	0	-1242.96	302.391	-4.36234e-08	-0.997987	-0.0634259	-2.77243e-09	-0.0634259	0.997987	0.30791	0	0	0	100
net_flip_out	20	0	5367.08	56.9	0	-1744.06	291.461	-4.34243e-08	-0.993433	-0.114414	-5.00119e-09	-0.114414	0.993433	3.98181	0	0	0	100
net_flip_out	22	0	5338	61.62	0	-1745.15	280.471	-4.26299e-08	-0.975259	-0.221065	-9.66307e-09	-0.221065	0.975259	5.50001	0	0	0	100
net_flip_out	24	0	5308.9	66.15	0	-1746.22	269.351	-4.11576e-08	-0.941576	-0.3368	-1.4722e-08	-0.3368	0.941576	5.50001	0	0	0	100
net_flip_out	26	0	5279.78	70.5	0	-1747.25	258.101	-3.90892e-08	-0.894256	-0.447555	-1.95632e-08	-0.447555	0.894256	5.50001	0	0	0	100
net_flip_out	28	0	5250.65	74.66	0	-1748.22	246.731	-3.64514e-08	-0.833912	-0.551898	-2.41242e-08	-0.551898	0.833912	5.50001	0	0	0	100
net_flip_out	30	0	5221.5	78.63	0	-1749.12	235.251	-3.32841e-08	-0.761451	-0.648222	-2.83347e-08	-0.648222	0.761451	5.50001	0	0	0	100
net_flip_out	32	0	5192.34	82.4	0	-1749.94	223.661	-2.96362e-08	-0.677998	-0.735064	-3.21307e-08	-0.735064	0.677998	5.50001	0	0	0	100
net_flip_out	34	0	5163.16	85.99	0	-1750.66	211.981	-2.55551e-08	-0.584632	-0.811299	-3.5463e-08	-0.811299	0.584632	5.50001	0	0	0	100
net_flip_out	36	0	5133.98	89.38	0	-1751.27	200.221	-2.11026e-08	-0.482772	-0.875746	-3.82801e-08	-0.875746	0.482772	5.50001	0	0	0	100
net_flip_out	38	0	5104.78	91.04	0	-1751.76	74.831	-1.63436e-08	-0.373897	-0.92747	-4.0541e-08	-0.92747	0.373897	5.50001	0	0	0	100
net_flip_out	40	0	5075.58	91.58	0	-1752.13	21.811	-1.13511e-08	-0.259683	-0.965694	-4.22118e-08	-0.965694	0.259683	5.50001	0	0	0	100
net_flip_out	42	0	5046.38	91.64	0	-1752.38	-0.611	-6.18986e-09	-0.141607	-0.989923	-4.32709e-08	-0.989923	0.141607	5.50001	0	0	0	100
net_flip_out	44	0	5017.18	91.51	0	-1752.49	-10.101	-4.11728e-06	-0.0214741	-0.999769	0.000191807	-0.999769	0.0214741	5.50001	0	0	0	100
net_flip_out	46	0	4987.98	91.29	0	-1752.47	-14.111	-4.322e-09	0.0988758	-0.9951	1.3092e-07	-0.9951	-0.0988758	5.50001	0	0	0	100
net_flip_out	48	0	4958.78	91.03	0	-1752.32	-15.801	-2.08926e-05	0.217885	-0.975974	9.34968e-05	-0.975974	-0.217885	5.50001	0	0	0	100
net_flip_out	50	0	4929.58	90.75	0	-1752.03	-16.491	-1.45877e-08	0.333729	-0.942669	-4.62174e-08	-0.942669	-0.333729	5.50001	0	0	0	100
net_flip_out	52	0	4900.38	90.47	0	-1751.62	-16.751	-1.94357e-08	0.444637	-0.895711	1.26576e-07	-0.895711	-0.444637	5.50001	0	0	0	100
net_flip_out	54	0	4871.2	90.19	0	-1751.09	-16.811	-2.40053e-08	0.549177	-0.835706	1.23953e-07	-0.835706	-0.549177	5.50001	0	0	0	100
net_flip_out	56	0	4842.02	89.91	0	-1750.44	-16.781	-2.82261e-08	0.645737	-0.76356	1.20799e-07	-0.76356	-0.645737	5.50001	0	0	0	100
net_flip_out	58	0	4812.86	89.63	0	-1749.69	-16.701	-3.20367e-08	0.732915	-0.68032	1.17161e-07	-0.68032	-0.732915	5.50001	0	0	0	100
net_flip_out	60	0	4783.71	89.35	0	-1748.85	-16.591	-3.53795e-08	0.809389	-0.587273	1.13093e-07	-0.587273	-0.809389	5.50001	0	0	0	100
net_flip_out	62	0	4754.57	89.07	0	-1747.93	-16.451	-3.82111e-08	0.874168	-0.485624	1.0865e-07	-0.485624	-0.874168	5.50001	0	0	0	100
net_flip_out	64	0	4725.45	88.79	0	-1746.93	-16.291	-4.04875e-08	0.926246	-0.376919	1.03898e-07	-0.376919	-0.926246	5.50001	0	0	0	100
net_flip_out	66	0	4696.35	88.52	0	-1745.88	-16.131	-4.21746e-08	0.964842	-0.26283	9.89114e-08	-0.26283	-0.964842	5.50001	0	0	0	100
net_flip_out	68	0	4667.27	88.26	0	-1744.79	-15.951	-4.32505e-08	0.989456	-0.144833	9.37536e-08	-0.144833	-0.989456	5.50001	0	0	0	100
net_flip_out	70	0	4638.2	88	0	-1743.68	-15.771	-4.3698e-08	0.999694	-0.0247329	8.85039e-08	-0.0247329	-0.999694	5.50001	0	0	0	100
net_flip_out	72	0	4609.15	87.74	0	-1742.56	-15.581	-4.35106e-08	0.995408	0.095727	8.32384e-08	0.095727	-0.995408	5.50001	0	0	0	100
net_flip_out	74	0	4580.12	87.48	0	-1741.45	-15.391	-4.2692e-08	0.97668	0.214702	7.80378e-08	0.214702	-0.97668	5.50001	0	0	0	100
net_flip_out	76	0	4551.11	87.22	0	-1740.36	-15.211	-4.12527e-08	0.943752	0.330654	7.29694e-08	0.330654	-0.943752	5.50001	0	0	0	100
net_flip_out	78	0	4522.12	86.96	0	-1739.31	-15.031	-3.92141e-08	0.897113	0.441801	6.8111e-08	0.441801	-0.897113	5.50001	0	0	0	100
net_flip_out	80	0	4493.14	86.72	0	-1738.32	-14.851	-3.66079e-08	0.837492	0.54645	6.35367e-08	0.54645	-0.837492	5.50001	0	0	0	100
net_flip_out	82	0	4464.18	86.48	0	-1737.4	-14.681	-3.34681e-08	0.765661	0.643245	5.93057e-08	0.643245	-0.765661	5.50001	0	0	0	100
net_flip_out	84	0	4435.23	86.24	0	-1736.56	-14.521	-2.9842e-08	0.682705	0.730694	5.54831e-08	0.730694	-0.682705	5.50001	0	0	0	100
net_flip_out	86	0	4406.29	86	0	-1735.82	-14.371	-2.57857e-08	0.589908	0.80747	5.21271e-08	0.80747	-0.589908	5.50001	0	0	0	100
net_flip_out	88	0	4377.37	85.76	0	-1735.19	-14.241	-4.68385e-05	0.488471	0.87258	-8.35825e-05	0.87258	-0.488471	5.50001	0	0	0	100
net_flip_out	90	0	4348.45	85.52	0	-1734.66	-14.131	-3.64313e-05	0.379936	0.925013	-8.86102e-05	0.925013	-0.379936	5.50001	0	0	0	100
net_flip_out	92	0	4319.55	85.28	0	-1734.26	-14.041	-2.55037e-05	0.265973	0.96398	-9.23467e-05	0.96398	-0.265973	5.50001	0	0	0	100
net_flip_out	94	0	4290.65	85.04	0	-1733.99	-13.971	-1.4197e-05	0.148058	0.988979	-9.47438e-05	0.988979	-0.148058	5.50001	0	0	0	100
net_flip_out	96	0	4261.75	84.8	0	-1733.85	-13.921	-2.14705e-05	0.0279915	0.999608	1.69447e-07	0.999608	-0.0279915	5.50001	0	0	0	100
net_flip_out	98	0	4232.85	84.52	0	-1733.84	-18.761	-2.21177e-05	-0.0769106	0.997038	-9.67705e-05	0.997038	0.0769106	5.36811	0	0	0	100
net_flip_out	100	0	4203.95	84.08	0	-1733.94	-28.481	-3.11658e-05	-0.162549	0.986701	-0.000194313	0.986701	0.162549	5.11381	0	0	0	100
net_flip_out	102	0	4175.05	83.48	0	-1734.14	-38.211	-2.33078e-05	-0.243073	0.970008	-0.000290483	0.970008	0.243073	4.87151	0	0	0	100
net_flip_out	104	0	4146.15	82.72	0	-1734.42	-47.961	-3.05057e-05	-0.318139	0.948044	-0.000292589	0.948044	0.318139	4.64071	0	0	0	100
net_flip_out	106	0	4117.23	81.8	0	-1734.78	-57.741	-3.71953e-05	-0.387903	0.9217	-0.000295115	0.9217	0.387903	4.42081	0	0	0	100
net_flip_out	108	0	4088.31	80.72	0	-1735.22	-67.551	-4.33749e-05	-0.45235	0.891841	-0.000297978	0.891841	0.45235	4.21131	0	0	0	100
net_flip_out	110	0	4059.39	79.47	0	-1735.73	-77.401	-4.90595e-05	-0.511634	0.859204	-0.000301108	0.859204	0.511634	4.01171	0	0	0	100
net_flip_out	112	0	4030.45	78.05	0	-1736.31	-87.281	-5.42696e-05	-0.565969	0.824427	-0.000208569	0.824427	0.565969	3.82161	0	0	0	100
net_flip_out	114	0	4001.51	76.47	0	-1736.94	-97.191	-5.90223e-05	-0.615534	0.78811	-0.000212051	0.78811	0.615534	3.64061	0	0	0	100
net_flip_out	116	0	3972.55	74.73	0	-1737.63	-107.151	-6.33385e-05	-0.660546	0.750785	-0.00021563	0.750785	0.660546	3.46811	0	0	0	100
net_flip_out	118	0	3943.58	72.82	0	-1738.36	-117.161	-3.06557e-08	-0.701321	0.712846	3.11595e-08	0.712846	0.701321	3.30371	0	0	0	100
net_flip_out	120	0	3914.6	70.74	0	-1739.15	-127.211	-3.22667e-08	-0.738176	0.674608	2.9488e-08	0.674608	0.738176	3.14721	0	0	0	100
net_flip_out	122	0	3885.6	68.5	0	-1739.98	-137.301	-3.37175e-08	-0.771366	0.636392	2.78176e-08	0.636392	0.771366	2.99801	0	0	0	100
net_flip_out	124	0	3856.59	66.08	0	-1740.83	-147.431	-3.50167e-08	-0.801089	0.598545	2.61632e-08	0.598545	0.801089	2.85591	0	0	0	100
net_flip_out	126	0	3827.57	63.5	0	-1741.72	-157.601	-3.61809e-08	-0.827722	0.561138	2.45281e-08	0.561138	0.827722	2.72061	0	0	0	100
net_flip_out	128	0	3798.53	60.74	0	-1742.64	-167.811	-3.72183e-08	-0.851456	0.524426	2.29234e-08	0.524426	0.851456	2.59171	0	0	0	100
net_flip_out	130	0	3769.47	57.82	0	-1743.59	-178.061	-3.81417e-08	-0.87258	0.488471	2.13517e-08	0.488471	0.87258	2.46881	0	0	0	100
net_flip_out	132	0	3740.4	54.72	0	-1744.56	-188.351	-3.8957e-08	-0.891233	0.453546	1.98251e-08	0.453546	0.891233	2.35181	0	0	0	100
net_flip_out	134	0	3711.31	51.45	0	-1745.55	-198.681	-3.97025e-08	-0.908288	0.418346	1.82865e-08	0.418346	0.908288	2.39921	0	0	0	100
net_flip_out	136	0	3682.21	48.01	0	-1746.56	-209.051	-4.04463e-08	-0.925304	0.379226	1.65765e-08	0.379226	0.925304	2.60681	0	0	0	100
net_flip_out	138	0	3653.09	44.39	0	-1747.58	-219.461	-4.11661e-08	-0.94177	0.336258	1.46983e-08	0.336258	0.94177	2.81441	0	0	0	100
net_flip_out	140	0	3623.95	40.6	0	-1748.62	-229.931	-4.18426e-08	-0.957246	0.289275	1.26446e-08	0.289275	0.957246	3.02201	0	0	0	100
net_flip_out	142	0	3594.79	36.64	0	-1749.68	-240.451	-4.24538e-08	-0.971231	0.238141	1.04095e-08	0.238141	0.971231	3.22961	0	0	0	100
net_flip_out	144	0	3565.63	32.41	0.031	-1749.68	-258.351	-4.2959e-08	-0.982788	0.184736	0.000191756	0.184736	0.982788	3.29721	0.00371	-0.00191	0	100
net_flip_out	146	0	3536.47	27.97	0	-1749.68	-267.831	-4.33517e-08	-0.991771	0.128023	5.59605e-09	0.128023	0.991771	3.51991	-0.01561	0.00201	0	100
net_flip_out	148	0	3507.31	23.52	-0.021	-1749.68	-266.121	-4.36218e-08	-0.99795	0.0639999	-9.5871e-05	0.0639999	0.99795	3.99211	-0.00311	0.00131	0	100
net_flip_out	150	0	3478.15	19.82	-0.011	-1749.68	-206.221	-4.37064e-08	-0.999887	0.0150516	-9.58731e-05	0.0150516	0.999887	2.60911	0	0.00081	1	100
net_flip_out	152	0	3448.99	17.16	0	-1749.68	-143.851	-4.37067e-08	-0.999894	-0.0145723	-9.58744e-05	-0.0145723	0.999894	1.52191	0.00071	0.00061	1	100
net_flip_out	154	0	3419.83	15.68	0	-1749.68	-63.571	-4.37007e-08	-0.999755	-0.022145	-9.58748e-05	-0.022145	0.999755	-0.17591	0.00111	0.00041	1	100
net_flip_out	156	0	3390.67	15.48	0	-1749.68	-1.611	-4.3704e-08	-0.999831	-0.0184067	-9.58746e-05	-0.0184067	0.999831	-0.21051	0.00111	0.00021	1	100
net_flip_out	158	0	3361.51	15.66	0	-1749.68	12.701	-4.37056e-08	-0.999867	-0.0162978	-9.58745e-05	-0.0162978	0.999867	-0.10691	0.00081	0	1	100
net_flip_out	160	0	3332.35	15.9	0.011	-1749.68	14.671	-4.37066e-08	-0.999891	-0.014764	-6.45356e-10	-0.014764	0.999891	-0.08581	0.00061	0	1	100
net_flip_out	162	0	3303.19	16.14	0.031	-1749.68	13.871	-4.37073e-08	-0.999907	-0.0136137	-5.95072e-10	-0.0136137	0.999907	-0.06761	0.00041	0	1	100
net_flip_out	164	0	3274.03	16.35	0.041	-1749.68	11.891	9.59121e-05	-0.99992	-0.012655	1.21386e-06	-0.012655	0.99992	-0.05261	0.00021	0	1	100
net_flip_out	166	0	3244.87	16.52	0.051	-1749.68	9.641	9.5913e-05	-0.999929	-0.0118881	1.1403e-06	-0.0118881	0.999929	-0.04061	0.00021	0	1	100
net_flip_out	168	0	3215.71	16.65	0.061	-1749.68	7.541	9.59135e-05	-0.999935	-0.0114087	1.09432e-06	-0.0114087	0.999935	-0.03121	0.00021	0	1	100
net_flip_out	170	0	3186.55	16.76	0.061	-1749.68	5.741	9.5914e-05	-0.99994	-0.0109294	1.04834e-06	-0.0109294	0.99994	-0.02381	0.00021	0	1	100
net_flip_out	172	0	3157.39	16.84	0.061	-1749.68	4.261	9.59143e-05	-0.999943	-0.0106418	1.02076e-06	-0.0106418	0.999943	-0.01821	0.00021	0	1	100
net_flip_out	174	0	3128.23	16.9	0.071	-1749.68	3.091	9.59146e-05	-0.999946	-0.0103542	9.93171e-07	-0.0103542	0.999946	-0.01381	0.00021	0	1	100
net_flip_out	176	0	3099.07	16.94	0.071	-1749.68	2.191	9.59148e-05	-0.999948	-0.0101624	9.7478e-07	-0.0101624	0.999948	-0.01041	0	0	1	100
net_flip_out	178	0	3069.91	16.97	0.071	-1749.68	1.521	9.59149e-05	-0.999949	-0.0100666	9.65584e-07	-0.0100666	0.999949	-0.00781	0	0	1	100
net_flip_out	180	0	3040.75	16.99	0.071	-1749.68	1.061	9.5915e-05	-0.99995	-0.00997071	9.56388e-07	-0.00997071	0.99995	-0.00591	0	0	1	100
net_flip_out	182	0	3011.59	17.01	0.071	-1749.68	0.711	9.59151e-05	-0.999951	-0.00987484	9.47192e-07	-0.00987484	0.999951	-0.00451	0	0	1	100
net_flip_out	184	0	2982.43	17.01	0.071	-1749.68	0.461	9.59152e-05	-0.999952	-0.00977897	9.37997e-07	-0.00977897	0.999952	-0.00351	0	0	1	100
net_flip_out	186	0	2953.27	17.01	0.071	-1749.68	0.351	9.59152e-05	-0.999952	-0.00977897	9.37997e-07	-0.00977897	0.999952	-0.00271	0	0	1	100
net_flip_out	188	0	2924.11	17.01	0.071	-1749.68	0.301	9.59153e-05	-0.999953	-0.0096831	9.28801e-07	-0.0096831	0.999953	-0.00211	0	0	1	100
net_flip_out	190	0	2894.95	17.01	0.071	-1749.68	0.281	9.59153e-05	-0.999953	-0.0096831	9.28801e-07	-0.0096831	0.999953	-0.00161	0	0	1	100
net_flip_out	192	0	2865.79	17.01	0.071	-1749.68	0.271	9.59153e-05	-0.999953	-0.0096831	9.28801e-07	-0.0096831	0.999953	-0.00121	0	0	1	100
net_flip_out	194	0	2836.63	17.01	0.071	-1749.68	0.271	9.59153e-05	-0.999953	-0.0096831	9.28801e-07	-0.0096831	0.999953	-0.00081	0	0	1	100
net_flip_out	196	0	2807.47	17.01	0.071	-1749.68	0.271	9.59153e-05	-0.999953	-0.0096831	9.28801e-07	-0.0096831	0.999953	-0.00061	0	0	1	100
net_flip_out	198	0	2778.31	17.01	0.071	-1749.68	0.271	9.59153e-05	-0.999953	-0.0096831	9.28801e-07	-0.0096831	0.999953	-0.00061	0	0	1	100
net_flip_out	200	0	2749.15	17.01	0.071	-1749.68	0.271	9.59153e-05	-0.999953	-0.0096831	9.28801e-07	-0.0096831	0.999953	-0.00061	0	0	1	100
net_flip_out	202	0	2719.99	17.01	0.071	-1749.68	0.271	9.59153e-05	-0.999953	-0.0096831	9.28801e-07	-0.0096831	0.999953	-0.00061	0	0	1	100
net_flip_out	204	0	2690.83	17.01	0.071	-1749.68	0.271	9.59153e-05	-0.999953	-0.0096831	9.28801e-07	-0.0096831	0.999953	-0.00061	0	0	1	100
net_flip_out	206	0	2661.67	17.01	0.071	-1749.68	0.271	9.59153e-05	-0.999953	-0.0096831	9.28801e-07	-0.0096831	0.999953	-0.00061	0	0	1	100
net_flip_out	208	0	2632.51	17.01	0.071	-1749.68	0.271	9.59153e-05	-0.999953	-0.0096831	9.28801e-07	-0.0096831	0.999953	-0.00061	0	0	1	100
net_flip_out	210	0	2603.35	17.01	0.071	-1749.68	0.271	9.59153e-05	-0.999953	-0.0096831	9.28801e-07	-0.0096831	0.999953	-0.00061	0	0	1	100
net_flip_out	212	0	2574.19	17.01	0.071	-1749.68	0.271	9.59153e-05	-0.999953	-0.0096831	9.28801e-07	-0.0096831	0.999953	-0.00061	0	0	1	100
net_flip_out	214	0	2545.03	17.01	0.071	-1749.68	0.271	9.59153e-05	-0.999953	-0.0096831	9.28801e-07	-0.0096831	0.999953	-0.00061	0	0	1	100
net_flip_out	216	0	2515.87	17.01	0.071	-1749.68	0.271	9.59153e-05	-0.999953	-0.0096831	9.28801e-07	-0.0096831	0.999953	-0.00061	0	0	1	100
net_flip_out	218	0	2486.71	17.01	0.071	-1749.68	0.271	9.59153e-05	-0.999953	-0.0096831	9.28801e-07	-0.0096831	0.999953	-0.00061	0	0	1	100
backwall_land	0	0	4615	694.82	0	900.001	-313.531	-4.37114e-08	1	0	0	-0	1	0	0	0	0	100
backwall_land	2	0	4630.01	689.46	0	901.101	-324.351	-4.37114e-08	1	0	0	-0	1	0	0	0	0	100
backwall_land	4	0	4645.04	683.92	0	902.201	-335.171	-4.37114e-08	1	0	0	-0	1	0	0	0	0	100
backwall_land	6	0	4660.09	678.2	0	903.301	-345.991	-4.37114e-08	1	0	0	-0	1	0	0	0	0	100
backwall_land	8	0	4675.16	672.3	0	904.401	-356.811	-4.37114e-08	1	0	0	-0	1	0	0	0	0	100
backwall_land	10	0	4690.25	666.22	0	905.501	-367.631	-4.37114e-08	1	0	0	-0	1	0	0	0	0	100
backwall_land	12	0	4705.35	659.96	0	906.601	-378.451	-4.37114e-08	1	0	0	-0	1	0	0	0	0	100
backwall_land	14	0	4720.47	653.52	0	907.701	-389.271	-4.37114e-08	1	0	0	-0	1	0	0	0	0	100
backwall_land	16	0	4735.61	646.9	0	908.801	-400.091	-4.37114e-08	1	0	0	-0	1	0	0	0	0	100
backwall_land	18	0	4750.77	640.1	0	909.901	-410.911	-4.37114e-08	1	0	0	-0	1	0	0	0	0	100
backwall_land	20	0	4765.95	633.12	0	911.001	-421.731	-4.37114e-08	1	0	0	-0	1	0	0	0	0	100
backwall_land	22	0	4781.15	625.96	0	912.101	-432.551	-4.37114e-08	1	0	0	-0	1	0	0	0	0	100
backwall_land	24	0	4796.37	618.62	0	913.201	-443.371	-4.37114e-08	1	0	0	-0	1	0	0	0	0	100
backwall_land	26	0	4811.6	611.09	0	914.301	-454.191	-4.37114e-08	1	0	0	-0	1	0	0	0	0	100
backwall_land	28	0	4826.85	603.38	0	915.401	-465.011	-4.37114e-08	1	0	0	-0	1	0	0	0	0	100
backwall_land	30	0	4842.12	595.49	0	916.501	-475.831	-4.37114e-08	1	0	0	-0	1	0	0	0	0	100
backwall_land	32	0	4857.41	587.42	0	917.601	-486.651	-4.37114e-08	1	0	0	-0	1	0	0	0	0	100
backwall_land	34	0	4872.72	579.17	0	918.701	-497.471	-4.37114e-08	1	0	0	-0	1	0	0	0	0	100
backwall_land	36	0	4888.05	570.74	0	919.801	-508.291	-4.37114e-08	1	0	0	-0	1	0	0	0	0	100
backwall_land	38	0	4903.39	562.13	0	920.901	-519.111	-4.37114e-08	1	0	0	-0	1	0	0	0	0	100
backwall_land	40	0	4918.75	553.34	0	922.001	-529.931	-4.37114e-08	1	0	0	-0	1	0	0	0	0	100
backwall_land	42	0	4934.13	544.37	0	923.101	-540.751	-4.37114e-08	1	0	0	-0	1	0	0	0	0	100
backwall_land	44	0	4949.53	535.22	0	924.201	-551.571	-4.37114e-08	1	0	0	-0	1	0	0	0	0	100
backwall_land	46	0	4964.95	525.89	0	925.301	-562.391	-4.37114e-08	1	0	0	-0	1	0	0	0	0	100
backwall_land	48	0	4980.39	516.38	0	926.401	-573.211	-4.37114e-08	1	0	0	-0	1	0	0	0	0	100
backwall_land	50	0	4995.84	506.69	0	927.501	-584.031	-4.37114e-08	1	0	0	-0	1	0	0	0	0	100
backwall_land	52	0	5011.31	496.82	0	928.601	-594.851	-4.37114e-08	1	0	0	-0	1	0	0	0	0	100
backwall_land	54	0	5026.8	486.77	0	929.701	-605.671	-4.37114e-08	1	0	0	-0	1	0	0	0	0	100
backwall_land	56	0	5042.31	476.54	0	930.801	-616.491	-4.37114e-08	1	0	0	-0	1	0	0	0	0	100
backwall_land	58	0	5057.84	466.13	0	931.901	-627.311	-4.37114e-08	1	0	0	-0	1	0	0	0	0	100
backwall_land	60	0	5073.38	455.54	0	933.001	-638.131	-4.37114e-08	1	0	0	-0	1	0	0	0	0	100
backwall_land	62	0	5088.94	444.77	0	934.101	-648.951	-4.37114e-08	1	0	0	-0	1	0	0	0	0	100
backwall_land	64	0	5104.52	433.82	0	935.201	-659.771	-4.37114e-08	1	0	0	-0	1	0	0	0	0	100
backwall_land	66	0	5120.12	422.69	0	936.301	-670.591	-4.37114e-08	1	0	0	-0	1	0	0	0	0	100
backwall_land	68	0	5135.74	411.38	0	937.401	-681.411	-4.37114e-08	1	0	0	-0	1	0	0	0	0	100
backwall_land	70	0	5151.38	399.89	0	938.501	-692.231	-4.37114e-08	1	0	0	-0	1	0	0	0	0	100
backwall_land	72	0	5167.04	388.22	0	939.601	-703.051	-4.37114e-08	1	0	0	-0	1	0	0	0	0	100
backwall_land	74	0	5182.71	376.37	0	940.701	-713.871	-4.37114e-08	1	0	0	-0	1	0	0	0	0	100
backwall_land	76	0	5198.4	364.34	0	941.801	-724.691	-4.37114e-08	1	0	0	-0	1	0	0	0	0	100
backwall_land	78	0	5214.11	352.13	0	942.901	-735.511	-4.37114e-08	1	0	0	-0	1	0	0	0	0	100
backwall_land	80	0	5229.84	339.74	0	944.001	-746.331	-4.37114e-08	1	0	0	-0	1	0	0	0	0	100
backwall_land	82	0	5245.59	327.17	0	945.101	-757.151	-4.37114e-08	1	0	0	-0	1	0	0	0	0	100
backwall_land	84	0	5261.35	314.42	0	946.201	-767.971	-4.37114e-08	1	0	0	-0	1	0	0	0	0	100
backwall_land	86	0	5277.13	301.49	0	947.301	-778.791	-4.37114e-08	1	0	0	-0	1	0	0	0	0	100
backwall_land	88	0	5292.93	288.37	0	948.401	-789.611	-4.37114e-08	1	0	0	-0	1	0	0	0	0	100
backwall_land	90	0	5308.75	275.07	0	949.501	-800.431	-4.37114e-08	1	0	0	-0	1	0	0	0	0	100
backwall_land	92	0	5324.59	261.59	0	950.601	-811.251	-4.37114e-08	1	0	0	-0	1	0	0	0	0	100
backwall_land	94	0	5340.45	247.93	0	951.701	-822.071	-4.37114e-08	1	0	0	-0	1	0	0	0	0	100
backwall_land	96	0	5356.33	234.09	0	952.801	-832.891	-4.37114e-08	1	0	0	-0	1	0	0	0	0	100
backwall_land	98	0	5372.22	220.07	0	953.901	-843.711	-4.37114e-08	1	0	0	-0	1	0	0	0	0	100
backwall_land	100	0	5388.13	205.87	0	955.001	-854.531	-4.37114e-08	1	0	0	-0	1	0	0	0	0	100
backwall_land	102	0	5404.06	191.49	0	956.101	-865.351	-4.37114e-08	1	0	0	-0	1	0	0	0	0	100
backwall_land	104	0	5420.01	176.93	0	957.201	-876.171	-4.37114e-08	1	0	0	-0	1	0	0	0	0	100
backwall_land	106	0	5435.98	162.19	0	958.301	-886.991	-4.37114e-08	1	0	0	-0	1	0	0	0	0	100
backwall_land	108	0	5451.97	147.27	0	959.401	-897.811	-4.37114e-08	1	0	0	-0	1	0	0	0	0	100
backwall_land	110	0	5467.97	132.17	0	960.501	-908.631	-4.37114e-08	1	0	0	-0	1	0	0	0	0	100
backwall_land	112	0	5483.99	116.89	0	961.601	-919.451	-4.37114e-08	1	0	0	-0	1	0	0	0	0	100
backwall_land	114	0	5500.03	101.43	0	962.701	-930.271	-4.37114e-08	1	0	0	-0	1	0	0	0	0	100
backwall_land	116	0	5516.09	85.79	0	963.801	-941.091	-4.37114e-08	1	0	0	-0	1	0	0	0	0	100
backwall_land	118	0	5532.17	69.97	0	964.901	-951.911	-4.37114e-08	1	0	0	-0	1	0	0	0	0	100
backwall_land	120	0	5548.27	53.97	0	966.001	-962.731	-4.37114e-08	1	0	0	-0	1	0	0	0	0	100
backwall_land	122	0	5564.39	37.79	0	967.101	-973.551	-4.37114e-08	1	0	0	-0	1	0	0	0	0	100
backwall_land	124	0	5580.48	25.54	0	964.841	-657.301	-4.37114e-08	1	0.00076699	3.35262e-11	-0.00076699	1	0.06891	0	0	1	100
backwall_land	126	0	5596.44	20.71	0	955.141	-161.631	-4.36683e-08	0.999015	0.044375	1.93969e-09	-0.044375	0.999015	1.58191	0	0	1	100
backwall_land	128	0	5612.36	21.01	0	956.531	55.481	-4.36564e-08	0.998743	0.050121	2.19086e-09	-0.050121	0.998743	0.10351	0	0	1	100
backwall_land	130	0	5628.4	22.59	0	964.541	99.921	-4.36628e-08	0.998888	0.0471524	2.0611e-09	-0.0471524	0.998888	-0.20791	0	0	1	100
backwall_land	132	0	5644.6	24.28	0	974.131	100.261	-4.36696e-08	0.999044	0.0437045	1.91039e-09	-0.0437045	0.999044	-0.20251	0	0	1	100
backwall_land	134	0	5660.96	25.87	0	983.831	93.511	-4.36751e-08	0.99917	0.0407351	1.78059e-09	-0.0407351	0.99917	-0.17291	0	0	1	100
backwall_land	136	0	5677.48	27.31	0	993.471	84.461	-4.36793e-08	0.999265	0.0383401	1.6759e-09	-0.0383401	0.999265	-0.13941	0	0	1	100
backwall_land	138	0	5694.16	28.61	0	1002.95	75.481	-4.36825e-08	0.99934	0.0363282	1.58795e-09	-0.0363282	0.99934	-0.10931	0	0	1	100
backwall_land	140	0	5711	29.76	0	1012.24	67.581	-4.36849e-08	0.999394	0.0347952	1.52094e-09	-0.0347952	0.999394	-0.08431	0	0	1	100
backwall_land	142	0	5727.95	31.07	0	1019.26	80.441	-4.36702e-08	0.999057	0.0434172	1.89783e-09	-0.0434172	0.999057	0.61371	0	0	1	100
backwall_land	144	0	5745.04	32.41	0	1027.63	80.371	-4.36452e-08	0.998486	0.0550038	2.40429e-09	-0.0550038	0.998486	0.71931	0	0	1	100
backwall_land	146	0	5762.27	33.73	0	1036	78.901	-4.36116e-08	0.997717	0.0675396	2.95225e-09	-0.0675396	0.997717	0.76401	0	0	1	100
backwall_land	148	0	5779.32	36.04	0	1021.43	150.001	-4.34132e-08	0.993178	0.116604	5.09694e-09	-0.116604	0.993178	3.33051	0	0	1	100
backwall_land	150	0	5796.39	38.72	0	1026.05	161.691	-4.30264e-08	0.984329	0.176344	7.70823e-09	-0.176344	0.984329	3.64481	0	0	1	100
backwall_land	152	0	5813.31	42.26	0	1003.3	241.401	-4.24278e-08	0.970634	0.240561	1.05153e-08	-0.240561	0.970634	4.73251	0	0	1	100
backwall_land	154	0	5829.89	46.81	0	994.971	276.991	-4.12969e-08	0.944762	0.327757	1.43267e-08	-0.327757	0.944762	5.50001	-0.00011	0	1	100
backwall_land	156	0	5846.37	52	0	979.591	344.411	-4.00525e-08	0.916296	0.400503	1.75065e-08	-0.400503	0.916296	3.80751	-0.00011	0	1	100
backwall_land	158	0	5861.82	59.33	0	917.641	458.601	-3.84488e-08	0.879606	0.475703	2.07937e-08	-0.475703	0.879606	5.20631	-0.00011	0	1	100
backwall_land	160	0	5877.05	67.23	0	913.991	475.761	-3.64653e-08	0.834229	0.551418	2.41032e-08	-0.551418	0.834229	5.30741	0	0	1	100
backwall_land	162	0	5891.29	76.72	0	825.701	601.801	-3.47287e-08	0.7945	0.607264	2.65444e-08	-0.607264	0.7945	4.62131	0	0	1	100
backwall_land	164	0	5904.58	87.37	0	793.791	644.091	-3.23824e-08	0.740822	0.671701	2.9361e-08	-0.671701	0.740822	5.08381	0	0	1	100
backwall_land	166	0	5917.48	98.56	0	753.111	696.871	-3.02075e-08	0.691067	0.722791	3.15942e-08	-0.722791	0.691067	3.45931	0	0	1	100
backwall_land	168	0	5928.65	111.23	0	655.581	772.621	6.06516e-05	0.632316	0.774711	0.000213311	-0.774711	0.632316	4.89251	0	-0.00011	1	100
backwall_land	170	0	5939.45	124.24	0	647.521	781.121	5.42269e-05	0.565336	0.82486	0.000208501	-0.82486	0.565336	5.03601	0	-0.00011	1	100
backwall_land	172	0	5948.8	138.24	0.011	522.691	857.781	4.8886e-05	0.509655	0.860379	0.000205094	-0.860379	0.509655	4.49891	0	0	1	100
backwall_land	174	0	5956.86	152.87	0.011	479.381	880.531	4.19149e-05	0.436978	0.899472	0.000297218	-0.899472	0.436978	5.01201	0	-0.00011	1	100
backwall_land	176	0	5964.38	167.8	0.011	423.811	910.621	3.57106e-05	0.372296	0.928114	0.000294471	-0.928114	0.372296	3.45331	0	0	1	100
backwall_land	178	0	5969.8	183.39	0.011	307.361	940.391	5.7265e-05	0.298622	0.954371	0.000200481	-0.954371	0.298622	4.88991	0	-0.00011	1	100
backwall_land	180	0	5974.74	199.11	0.011	296.331	943.491	6.25579e-05	0.217511	0.976058	0.000102773	-0.976058	0.217511	5.05591	0	-0.00011	1	100
backwall_land	182	0	5978.45	215.2	0.011	207.181	970.131	4.78111e-05	0.166237	0.986086	9.98887e-05	-0.986086	0.166237	2.76761	0	0	1	100
backwall_land	184	0	5980.54	231.33	0.011	111.251	967.701	5.15534e-05	0.0896174	0.995976	0.000194045	-0.995976	0.0896174	4.95071	0	0	1	100
backwall_land	186	0	5982.29	247.45	0.011	105.401	967.251	6.21805e-05	0.00393038	0.999992	0.000287772	-0.999992	0.00393036	5.17421	0	0	1	100
backwall_land	188	0	5982.25	263.57	0.021	-43.191	960.701	5.95256e-05	-0.0620862	0.998071	0.000190002	-0.998071	-0.0620863	4.43271	0	0	1	100
backwall_land	190	0	5980.79	279.5	0.021	-93.471	954.811	6.82073e-05	-0.142272	0.989828	9.10112e-05	-0.989828	-0.142272	4.90141	0	0	1	100
backwall_land	192	0	5978.7	295.36	0.031	-156.331	947.851	8.06757e-05	-0.210393	0.977617	-8.65837e-06	-0.977617	-0.210393	3.37611	0	0	1	100
backwall_land	194	0	5975.07	310.88	0.031	-247.541	917.861	7.62835e-05	-0.265234	0.964184	0.000277395	-0.964184	-0.265234	4.11791	0	-0.00011	1	100
backwall_land	196	0	5970.47	325.98	0.031	-279.121	905.101	6.54336e-05	-0.341219	0.939984	0.000180343	-0.939984	-0.341219	4.86401	0	-0.00021	1	100
backwall_land	198	0	5965.32	340.91	0.031	-338.891	886.461	7.77107e-05	-0.405241	0.91421	0.0001754	-0.91421	-0.405241	3.36211	0	0	1	100
transition_flip_into	0	3423.22	0.07	17.08	1391.24	4.021	3.581	0.999999	-0.000191748	-0.00105461	0.00105461	-2.02219e-07	0.999999	0	0.07511	-0.01281	1	100
transition_flip_into	2	3458.08	0.14	24.66	1395.77	2.181	307.311	0.999996	-0.000479367	-0.00287621	0.00287621	-1.37877e-06	0.999996	0	0.07491	-0.00931	0	100
transition_flip_into	5	3481.37	0.16	29.58	1398.5	1.421	291.051	0.999991	-0.000575238	-0.00412256	0.00412256	-2.37147e-06	0.999991	0	0.07471	-0.00801	1	100
transition_flip_into	7	3504.71	0.18	34.23	1399.85	1.131	274.791	0.999985	-0.000766979	-0.00536891	0.00536891	-4.1179e-06	0.999986	0	0.07461	-0.00751	0	100
transition_flip_into	9	3528.05	0.2	38.67	1400.95	1.131	263.951	0.999978	-0.000862845	-0.00661524	0.00661524	-5.70806e-06	0.999978	0	0.07101	-0.00711	0	100
transition_flip_into	11	3551.41	0.22	42.93	1402.05	1.131	253.111	0.999969	-0.000958709	-0.0077657	0.0077657	-7.44527e-06	0.99997	0	0.06761	-0.00671	0	100
transition_flip_into	13	3574.79	0.24	47.01	1403.15	1.131	242.261	0.999961	-0.00105457	-0.00882027	0.00882027	-9.30196e-06	0.999961	0	0.06431	-0.00651	0	100
transition_flip_into	15	3598.19	0.26	50.91	1404.25	1.131	231.401	0.99995	-0.0012463	-0.00987484	0.00987483	-1.23076e-05	0.999951	0	0.06121	-0.00631	0	100
transition_flip_into	17	3621.61	0.28	54.63	1405.35	1.131	220.541	0.99994	-0.00134215	-0.0108335	0.0108335	-1.45411e-05	0.999941	0	0.05821	-0.00611	0	100
transition_flip_into	19	3645.05	0.3	58.17	1406.45	1.131	209.681	0.999929	-0.00143801	-0.0117922	0.0117922	-1.69584e-05	0.99993	0	0.05541	-0.00591	0	100
transition_flip_into	21	3668.51	0.32	61.53	1407.55	1.131	198.821	0.999919	-0.00153386	-0.012655	0.012655	-1.94125e-05	0.99992	0	0.05271	-0.00571	0	100
transition_flip_into	23	3691.98	0.34	64.71	1408.65	1.131	187.961	0.999907	-0.0016297	-0.0135178	0.0135178	-2.2032e-05	0.999909	0	0.05011	-0.00551	0	100
transition_flip_into	25	3715.47	0.36	67.71	1409.75	1.131	177.101	0.999895	-0.00172555	-0.0143806	0.0143806	-2.4817e-05	0.999897	0	0.04771	-0.00531	0	100
transition_flip_into	27	3738.98	0.38	70.53	1410.85	1.131	166.241	0.999884	-0.00172553	-0.0151475	0.0151475	-2.61404e-05	0.999885	0	0.04531	-0.00511	0	100
transition_flip_into	29	3762.51	0.4	73.16	1411.95	1.121	155.381	0.999873	-0.00182137	-0.0158185	0.0158185	-2.8815e-05	0.999875	0	0.04311	-0.00491	0	100
transition_flip_into	31	3786.06	0.42	75.61	1413.05	1.101	144.521	0.999862	-0.00191721	-0.0164895	0.0164895	-3.16183e-05	0.999864	0	0.04101	-0.00471	0	100
transition_flip_into	33	3817.96	0.42	77.88	1914.15	0.131	133.651	0.997985	-0.00200929	-0.0634259	0.0634257	-0.000127698	0.997987	0.00721	3.72751	-0.00451	0	100
transition_flip_into	35	3849.88	0.42	79.97	1915.25	0.111	122.711	0.985634	-0.00207893	-0.168883	0.168883	-0.000260339	0.985636	0.01081	5.49991	-0.00331	0	100
transition_flip_into	37	3881.81	0.42	81.88	1916.33	0.091	111.651	0.958182	-0.00202102	-0.286153	0.286153	-0.000507688	0.958184	0.01101	5.49991	-0.00191	0	100
transition_flip_into	39	3913.76	0.42	83.6	1917.38	0.071	100.461	0.916792	-0.00202162	-0.399361	0.39936	-0.000784755	0.916794	0.01121	5.49991	-0.00111	0	100
transition_flip_into	41	3935.24	0.42	92.39	712.721	-0.121	895.321	0.910002	-0.00209389	-0.414598	0.414596	-0.0012416	0.910004	0.01121	-5.03221	-0.03631	0	100
transition_flip_into	43	3947.13	0.42	107.17	713.731	-0.121	884.031	0.923803	-0.00247992	-0.382861	0.382857	-0.00179476	0.923806	0.01891	-1.10521	-0.03301	0	100
transition_flip_into	45	3959.04	0.42	121.76	714.751	-0.121	872.761	0.912488	-0.00279949	-0.409094	0.409089	-0.00230969	0.912492	0.02831	2.63561	-0.02851	0	100
transition_flip_into	47	3970.96	0.42	136.17	715.741	-0.121	861.441	0.872669	-0.00292832	-0.488303	0.488296	-0.00298076	0.872673	0.03491	5.49981	-0.02041	0	100
transition_flip_into	49	3982.9	0.42	150.38	716.681	-0.121	850.031	0.807635	-0.0027101	-0.589676	0.589666	-0.00370442	0.807639	0.02901	5.49991	-0.00781	0	100
transition_flip_into	51	3983.54	0.42	159.8	38.631	-0.061	441.911	0.747097	-0.00229207	-0.664711	0.664699	-0.00424438	0.747099	0.03601	5.49981	0.00321	0	100
transition_flip_into	53	3983.62	0.42	164.13	-6.091	-0.131	214.881	0.67411	-0.001745	-0.738629	0.738616	-0.00469233	0.67411	0.04171	5.49981	0.00101	0	100
transition_flip_into	55	3983.42	0.42	166.01	-12.101	-0.141	85.561	0.582136	0.00206504	-0.813089	0.813087	-0.00459383	0.582124	0.11831	5.49771	0.10131	0	100
transition_flip_into	57	3983.22	0.42	166.64	-11.471	-0.121	26.441	0.480146	0.00446537	-0.877177	0.877187	-0.0041142	0.480131	0.07161	5.49911	0.06841	0	100
transition_flip_into	59	3983.04	0.42	166.93	-10.961	-0.101	14.611	0.371091	0.00597761	-0.928577	0.928596	-0.00364286	0.371075	0.04341	5.49951	0.05341	0	100
transition_flip_into	61	3982.86	0.42	167.02	-10.571	-0.081	2.721	0.256718	0.00694243	-0.966461	0.966486	-0.00263201	0.256706	0.02681	5.49971	0.04691	0	100
transition_flip_into	63	3982.68	0.42	166.92	-10.311	-0.061	-8.061	0.138649	0.00754447	-0.990313	0.990341	-0.00158014	0.138641	0.01711	5.49971	0.04441	0	100
transition_flip_into	65	3982.5	0.42	166.72	-10.181	-0.041	-13.251	0.018509	0.00791946	-0.999797	0.999828	-0.000840231	0.0185029	0.01151	5.49981	0.04371	0	100
transition_flip_into	67	3982.34	0.42	166.47	-10.191	-0.021	-15.441	-0.101896	0.00806656	-0.994762	0.994795	2.84397e-05	-0.101899	0.00841	5.49981	0.04361	0	100
transition_flip_into	69	3982.16	0.42	166.2	-10.331	0	-16.361	-0.220824	0.00806987	-0.97528	0.975313	0.00118968	-0.220822	0.00671	5.49981	0.04381	0	100
transition_flip_into	71	3981.98	0.42	165.92	-10.601	0	-16.731	-0.336526	0.00790617	-0.941641	0.941674	0.00223311	-0.336519	0.00571	5.49981	0.04401	0	100
transition_flip_into	73	3981.8	0.42	165.64	-10.991	0	-16.851	-0.447404	0.00763599	-0.894299	0.894332	0.00304968	-0.447394	0.00521	5.49981	0.04421	0	100
transition_flip_into	75	3981.61	0.42	165.36	-11.501	0	-16.851	-0.55169	0.00724667	-0.834018	0.834049	0.00400157	-0.551676	0.00491	5.49981	0.04431	0	100
transition_flip_into	77	3981.41	0.42	165.08	-12.131	0	-16.801	-0.648041	0.00677245	-0.761575	0.761605	0.00479233	-0.648024	0.00481	5.49981	0.04441	0	100
transition_flip_into	79	3981.2	0.42	164.8	-12.871	0	-16.711	-0.734973	0.00613055	-0.678068	0.678095	0.00546547	-0.734954	0.00481	5.49981	0.04441	0	100
transition_flip_into	81	3980.98	0.42	164.52	-13.701	0	-16.591	-0.811168	0.00544396	-0.584787	0.584812	0.00614189	-0.811146	0.00481	5.49981	0.04441	0	100
transition_flip_into	83	3980.74	0.42	164.24	-14.621	0	-16.451	-0.875641	0.00470124	-0.482939	0.482962	0.00670669	-0.875616	0.00481	5.49981	0.04441	0	100
transition_flip_into	85	3980.48	0.42	163.96	-15.601	0	-16.291	-0.927355	0.00382318	-0.374164	0.374183	0.00727777	-0.927326	0.00481	5.49981	0.04441	0	100
transition_flip_into	87	3980.21	0.42	163.69	-16.631	0	-16.131	-0.965639	0.00296248	-0.259868	0.259884	0.00763947	-0.96561	0.00481	5.49981	0.04441	0	100
transition_flip_into	89	3979.92	0.42	163.43	-17.701	0	-15.951	-0.989894	0.00199301	-0.141797	0.141809	0.00795955	-0.989862	0.00481	5.49981	0.04441	0	100
transition_flip_into	91	3979.61	0.42	163.17	-18.801	0	-15.771	-0.999765	0.00105443	-0.0216658	0.0216736	0.00812635	-0.999732	0.00481	5.49981	0.04441	0	100
transition_flip_into	93	3979.28	0.42	162.91	-19.901	0	-15.581	-0.995119	9.55267e-05	0.098685	-0.0986809	0.00815868	-0.995086	0.00481	5.49981	0.04441	0	100
transition_flip_into	95	3978.93	0.42	162.65	-20.991	0	-15.391	-0.976016	-0.000935836	0.217698	-0.217698	0.00803632	-0.975983	0.00481	5.49981	0.04441	0	100
transition_flip_into	97	3978.57	0.42	162.39	-22.061	0	-15.201	-0.942731	-0.00189806	0.333548	-0.333552	0.00795711	-0.942698	0.00481	5.49981	0.04441	0	100
transition_flip_into	99	3978.19	0.42	162.13	-23.091	0	-15.021	-0.895791	-0.00283426	0.444466	-0.444474	0.00760575	-0.89576	0.00481	5.49981	0.04441	0	100
transition_flip_into	101	3977.79	0.42	161.89	-24.061	0	-14.841	-0.835803	-0.00368607	0.549016	-0.549028	0.00716606	-0.835773	0.00481	5.49981	0.04441	0	100
transition_flip_into	103	3977.38	0.42	161.65	-24.961	0	-14.671	-0.76367	-0.00453944	0.64559	-0.645606	0.00670848	-0.763641	0.00481	5.49981	0.04441	0	100
transition_flip_into	105	3976.96	0.42	161.41	-25.781	0	-14.511	-0.68051	-0.00535012	0.732719	-0.732739	0.00603193	-0.680483	0.00481	5.49981	0.04441	0	100
transition_flip_into	107	3976.52	0.42	161.17	-26.501	0	-14.371	-0.587397	-0.00602608	0.809276	-0.809298	0.00531184	-0.587374	0.00481	5.49981	0.04441	0	100
transition_flip_into	109	3976.07	0.42	160.93	-27.111	0	-14.241	-0.485746	-0.00665996	0.874075	-0.8741	0.00450657	-0.485725	0.00481	5.49981	0.04441	0	100
transition_flip_into	111	3975.61	0.42	160.65	-27.621	0	-19.091	-0.391459	-0.00709409	0.920168	-0.920195	0.00393885	-0.39144	0.00461	5.36791	0.04331	0	100
transition_flip_into	113	3975.15	0.42	160.21	-28.021	0	-28.881	-0.310679	-0.00738832	0.950486	-0.950514	0.0033819	-0.310662	0.00431	5.11361	0.04111	0	100
transition_flip_into	115	3974.68	0.42	159.61	-28.341	0	-38.641	-0.231585	-0.00764058	0.972785	-0.972814	0.00281446	-0.23157	0.00411	4.87131	0.03911	0	100
transition_flip_into	117	3974.2	0.42	158.85	-28.561	0	-48.381	-0.154873	-0.00783171	0.987903	-0.987934	0.00185633	-0.154863	0.00391	4.64051	0.03711	0	100
transition_flip_into	119	3973.72	0.42	157.93	-28.701	0	-58.101	-0.0808189	-0.00797563	0.996697	-0.996728	0.00137732	-0.0808105	0.00371	4.42061	0.03531	0	100
transition_flip_into	121	3973.24	0.42	156.84	-28.761	0	-67.821	-0.00978629	-0.00802355	0.99992	-0.999952	0.000710375	-0.0097809	0.00351	4.21111	0.03351	0	100
transition_flip_into	123	3972.76	0.42	155.58	-28.741	0	-77.541	0.0577902	-0.00809163	0.998296	-0.998328	0.000437075	0.0577956	0.00331	4.01151	0.03191	0	100
transition_flip_into	125	3972.28	0.42	154.16	-28.651	0	-87.261	0.122047	-0.00809733	0.992491	-0.992524	-0.000112515	0.12205	0.00311	3.82141	0.03031	0	100
transition_flip_into	127	3971.8	0.42	152.58	-28.491	0	-96.981	0.182767	-0.00808317	0.983123	-0.983156	-0.000744955	0.182767	0.00291	3.64041	0.02881	0	100
transition_flip_into	129	3971.32	0.42	150.84	-28.261	0	-106.721	0.239869	-0.008006	0.970772	-0.970805	-0.000974437	0.239869	0.00271	3.46791	0.02741	0	100
transition_flip_into	131	3970.86	0.42	148.94	-27.971	0	-116.471	0.293662	-0.00794149	0.955876	-0.955909	-0.00157584	0.293659	0.00251	3.30351	0.02601	0	100
transition_flip_into	133	3970.4	0.42	146.88	-27.621	0	-126.241	0.343922	-0.00784896	0.938965	-0.938998	-0.00196743	0.343917	0.00231	3.14701	0.02471	0	100
transition_flip_into	135	3969.94	0.42	144.66	-27.211	0	-136.031	0.391006	-0.00772337	0.920356	-0.920388	-0.00233953	0.391	0.00211	2.99781	0.02351	0	100
transition_flip_into	137	3969.5	0.42	142.27	-26.761	0	-145.841	0.434841	-0.00763002	0.900475	-0.900507	-0.00260864	0.434834	0.00191	2.85571	0.02231	0	100
transition_flip_into	139	3969.06	0.42	139.71	-26.251	0	-155.671	0.475729	-0.00748065	0.87956	-0.879591	-0.00285211	0.475721	0.00171	2.72041	0.02121	0	100
transition_flip_into	141	3968.63	0.42	136.99	-25.701	0	-165.521	0.513721	-0.00733911	0.857926	-0.857957	-0.00346735	0.51371	0.00151	2.59151	0.02021	0	100
transition_flip_into	143	3968.21	0.42	134.11	-25.111	0	-175.401	0.54897	-0.00715833	0.835812	-0.835842	-0.00348278	0.54896	0.00131	2.46861	0.01921	0	100
transition_flip_into	145	3967.8	0.42	131.07	-24.481	0	-185.301	0.581708	-0.00702743	0.813368	-0.813397	-0.00388412	0.581695	0.00111	2.35161	0.01821	0	100
transition_flip_into	147	3967.4	0.42	127.85	-23.811	0	-195.231	0.612014	-0.00686539	0.790817	-0.790847	-0.00426367	0.611999	0.00091	2.24011	0.01731	0	100
transition_flip_into	149	3967.01	0.42	124.47	-23.121	0	-205.181	0.640048	-0.0066889	0.768306	-0.768335	-0.00443437	0.640033	0.00071	2.13401	0.01651	0	100
transition_flip_into	151	3966.63	0.42	120.93	-22.391	0	-215.161	0.666039	-0.00651349	0.745889	-0.745916	-0.004594	0.666024	0.00061	2.03281	0.01571	0	100
transition_flip_into	153	3966.27	0.42	117.22	-21.641	0	-225.161	0.690067	-0.00635147	0.723718	-0.723745	-0.00465189	0.690052	0.00061	1.93641	0.01491	0	100
transition_flip_into	155	3965.92	0.42	113.34	-20.861	0	-235.191	0.712213	-0.00621387	0.701936	-0.701963	-0.00490124	0.712197	0.00061	1.84461	0.01411	0	100
transition_flip_into	157	3965.58	0.42	109.3	-20.051	0	-245.241	0.73276	-0.00604185	0.680461	-0.680487	-0.00512718	0.732742	0.00061	1.75711	0.01331	0	100
transition_flip_into	159	3965.26	0.42	105.08	-19.221	0	-255.311	0.751648	-0.00590932	0.659538	-0.659564	-0.00526501	0.75163	0.00061	1.67381	0.01271	0	100
transition_flip_into	161	3964.95	0.42	100.7	-18.371	0	-265.411	0.769143	-0.00575188	0.639051	-0.639076	-0.00538353	0.769125	0.00061	1.59441	0.01211	0	100
transition_flip_into	163	3964.65	0.42	96.15	-17.501	0	-275.531	0.78525	-0.00557117	0.619154	-0.619178	-0.00548215	0.785231	0.00061	1.51881	0.01151	0	100
transition_flip_into	165	3964.37	0.42	91.43	-16.621	0	-285.671	0.800152	-0.00544675	0.599773	-0.599797	-0.00560042	0.800133	0.00061	1.44681	0.01091	0	100
transition_flip_into	167	3964.11	0.42	86.54	-15.721	0	-295.831	0.813852	-0.00530592	0.581048	-0.581071	-0.00560739	0.813833	0.00061	1.37821	0.01031	0	100
transition_flip_into	169	3963.86	0.42	81.48	-14.801	0	-306.011	0.826521	-0.00515078	0.562882	-0.562905	-0.00588772	0.826501	0.00061	1.31281	0.00971	0	100
transition_flip_into	171	3963.62	0.42	76.25	-13.871	0	-316.211	0.838209	-0.00506289	0.545325	-0.545347	-0.00581409	0.83819	0.00061	1.25051	0.00911	0	100
transition_flip_into	173	3963.46	0.42	70.96	-5.881	0.051	-313.341	0.847852	-0.00495855	0.53021	-0.530232	-0.00600705	0.847831	-0.00651	0.93161	0.00661	0	100
transition_flip_into	175	3963.76	0.42	66.09	26.151	0.421	-281.041	0.850847	-0.00293667	0.525406	-0.525414	-0.0048977	0.850833	-0.11641	0.15871	0.05691	1	100
transition_flip_into	177	3964.48	0.44	62.16	47.511	0.841	-219.391	0.849083	-0.00146529	0.528258	-0.528259	-0.00378617	0.849075	-0.10331	-0.29751	0.03031	1	100
transition_flip_into	179	3965.47	0.46	59.39	63.451	1.031	-148.121	0.844699	-0.000485907	0.535241	-0.53524	-0.00266419	0.844696	-0.08521	-0.54811	0.01361	1	100
transition_flip_into	181	3966.43	0.48	57.65	55.231	1.051	-91.381	0.839373	0	0.543556	-0.543555	-0.00162985	0.839372	-0.06121	-0.58561	-0.00811	1	100
transition_flip_into	183	3967.07	0.5	57.03	32.121	0.911	-16.751	0.832427	0.00039904	0.554134	-0.554134	-0.00103262	0.832427	-0.03481	-0.55431	-0.00141	1	100
transition_flip_into	185	3967.58	0.52	57.3	31.881	0.711	23.591	0.829761	0.000556866	0.558119	-0.558118	-0.000853931	0.829761	-0.01921	-0.23121	0.00171	1	100
transition_flip_into	187	3968.26	0.53	57.92	44.761	0.541	41.251	0.827991	0.000714444	0.560741	-0.560741	-0.000579717	0.827991	-0.01161	-0.19431	0.00181	1	100
transition_flip_into	189	3969.21	0.53	58.76	60.761	0.431	53.031	0.825943	0.000791863	0.563754	-0.563753	-0.000540492	0.825943	-0.00831	-0.22681	0.00071	1	100
transition_flip_into	191	3970.4	0.53	59.79	73.751	0.361	65.601	0.822849	0.000867787	0.568259	-0.568259	-0.000503419	0.82285	-0.00651	-0.41161	-0.00041	1	100
transition_flip_into	193	3971.07	0.53	60.39	80.351	0.331	71.711	0.82039	0.000943847	0.571804	-0.571804	-0.000274357	0.82039	-0.00551	-0.51241	-0.00051	1	100
transition_flip_into	194	3972.59	0.53	61.73	94.571	0.291	82.811	0.81437	0.000936921	0.580346	-0.580346	-0.00018831	0.81437	-0.00381	-0.66061	-0.00051	1	100
transition_flip_into	196	3974.35	0.53	63.24	109.411	0.271	93.021	0.80713	0.000928592	0.590373	-0.590373	-0.000199847	0.807131	-0.00251	-0.76801	-0.00041	1	100
transition_flip_into	198	3976.36	0.53	64.92	124.441	0.251	102.701	0.798845	0.000995649	0.601536	-0.601536	-0.000174487	0.798846	-0.00151	-0.85571	-0.00021	1	100
transition_flip_early	0	3423.26	0	17	1393.75	0	-0.131	0.999999	0	-0.00115049	0.00115049	0	0.999999	0	0.08271	0	1	100
transition_flip_early	2	3446.53	0	21.96	1396.86	0	299.581	0.999997	0	-0.00249272	0.00249272	0	0.999997	0	0.08251	0	0	100
transition_flip_early	4	3469.84	0	26.95	1399.6	0	295.471	0.999993	0	-0.00383494	0.00383494	0	0.999993	0	0.08231	0	1	100
transition_flip_early	6	3493.2	0	31.67	1402.27	0	279.211	0.999986	0	-0.00527303	0.00527303	0	0.999986	0	0.08211	0	1	100
transition_flip_early	8	3516.58	0	36.14	1402.82	0	265.661	0.999978	0	-0.00661524	0.00661524	0	0.999978	0	0.08011	0	0	100
transition_flip_early	10	3539.97	0	40.43	1403.92	0	254.821	0.999969	0	-0.00786157	0.00786157	0	0.999969	0	0.07621	0	0	100
transition_flip_early	12	3563.38	0	44.54	1405.02	0	243.961	0.999959	0	-0.00910788	0.00910788	0	0.999959	0	0.07251	0	0	100
transition_flip_early	14	3586.81	0	48.47	1406.12	0	233.101	0.999947	0	-0.0102583	0.0102583	0	0.999947	0	0.06901	0	0	100
transition_flip_early	16	3618.59	0	52.22	1907.22	0	222.231	0.998335	0	-0.057684	0.057684	0	0.998335	0	3.75431	0	0	100
transition_flip_early	18	3650.39	0	55.79	1908.32	0	211.301	0.986576	0	-0.163305	0.163305	0	0.986576	0	5.50001	0	0	100
transition_flip_early	20	3682.21	0	59.17	1909.4	0	200.251	0.95976	0	-0.280821	0.280821	0	0.95976	0	5.50001	0	0	100
transition_flip_early	22	3714.05	0	62.37	1910.45	0	189.061	0.919001	0	-0.394256	0.394256	0	0.919001	0	5.50001	0	0	100
transition_flip_early	24	3745.91	0	65.38	1911.45	0	177.751	0.864937	0	-0.501881	0.501881	0	0.864937	0	5.50001	0	0	100
transition_flip_early	26	3777.78	0	68.2	1912.39	0	166.321	0.798269	0	-0.602302	0.602302	0	0.798269	0	5.50001	0	0	100
transition_flip_early	28	3809.66	0	70.83	1913.25	0	154.781	0.720003	0	-0.693971	0.693971	0	0.720003	0	5.50001	0	0	100
transition_flip_early	30	3841.56	0	73.26	1914.02	0	143.141	0.63135	0	-0.775498	0.775498	0	0.63135	0	5.50001	0	0	100
transition_flip_early	32	3873.47	0	75.5	1914.69	0	131.421	0.533458	0	-0.845827	0.845827	0	0.533458	0	5.50001	0	0	100
transition_flip_early	34	3897.37	0	86.36	1434.57	0	509.631	0.430895	-0.00566001	-0.902384	0.902397	-0.000539566	0.430905	-0.18371	5.49511	-0.14071	0	100
transition_flip_early	36	3915.13	0.04	97.11	776.271	5.101	815.861	0.340163	-0.00662122	-0.940343	0.940365	0.000969032	0.340164	-0.05501	4.95711	0.24501	0	100
transition_flip_early	38	3925.61	0.09	106.51	551.561	2.081	533.821	0.228983	-0.00726905	-0.973403	0.973429	0.0030485	0.228967	-0.05721	5.49941	0.05121	0	100
transition_flip_early	40	3932.77	0.12	112.95	395.701	1.561	343.441	0.0995001	-0.00810733	-0.995005	0.995035	0.00328046	0.0994764	-0.03181	5.49991	-0.00921	0	100
transition_flip_early	42	3939.37	0.14	118.52	395.771	1.541	331.491	-0.020883	-0.00870402	-0.999744	0.999777	0.00307281	-0.0209104	-0.02411	5.49981	-0.02671	0	100
transition_flip_early	44	3945.97	0.16	123.89	395.701	1.521	319.541	-0.140934	-0.00910614	-0.989977	0.990013	0.00213541	-0.140959	-0.02101	5.49981	-0.03641	0	100
transition_flip_early	46	3952.57	0.18	129.06	395.501	1.501	307.611	-0.259051	-0.00936733	-0.965818	0.965857	0.00116231	-0.259073	-0.01991	5.49981	-0.04181	0	100
transition_flip_early	48	3959.15	0.2	134.03	395.171	1.481	295.701	-0.373333	-0.00945133	-0.927649	0.927691	-9.02693e-06	-0.37335	-0.01961	5.49971	-0.04471	0	100
transition_flip_early	50	3965.73	0.22	138.81	394.721	1.461	283.841	-0.482259	-0.0094334	-0.875978	0.876021	-0.00108282	-0.482272	-0.01961	5.49971	-0.04631	0	100
transition_flip_early	52	3972.3	0.24	143.4	394.151	1.441	272.041	-0.584092	-0.00924065	-0.811635	0.811679	-0.00211649	-0.5841	-0.01961	5.49971	-0.04711	0	100
transition_flip_early	54	3978.86	0.26	147.79	393.461	1.421	260.321	-0.677516	-0.00889944	-0.735454	0.735498	-0.0031868	-0.677519	-0.01971	5.49971	-0.04751	0	100
transition_flip_early	56	3985.41	0.28	151.98	392.681	1.401	248.681	-0.761031	-0.0084641	-0.64866	0.648705	-0.00429044	-0.761028	-0.01981	5.49971	-0.04771	0	100
transition_flip_early	58	3991.94	0.3	155.98	391.801	1.381	237.151	-0.833557	-0.00791202	-0.552378	0.552421	-0.0051112	-0.833549	-0.01981	5.49971	-0.04781	0	100
transition_flip_early	60	3998.46	0.32	159.79	390.851	1.361	225.721	-0.893927	-0.00719935	-0.448155	0.448198	-0.00616967	-0.893913	-0.01981	5.49971	-0.04781	0	100
transition_flip_early	62	4004.96	0.34	163.41	389.841	1.341	214.411	-0.941361	-0.00640794	-0.337341	0.337382	-0.00690731	-0.941343	-0.01981	5.49971	-0.04781	0	100
transition_flip_early	64	4011.44	0.36	166.84	388.771	1.321	203.221	-0.975116	-0.00551593	-0.221626	0.221664	-0.00766243	-0.975093	-0.01991	5.49971	-0.04781	0	100
transition_flip_early	66	4013.05	0.38	172.54	96.131	0.961	339.461	-0.994927	-0.0044832	-0.100498	0.100532	-0.00827158	-0.994899	-0.01971	5.49971	-0.04831	0	100
transition_flip_early	68	4014.64	0.4	178.06	95.011	0.941	328.541	-0.999795	-0.00345081	0.0199404	-0.0199094	-0.00879326	-0.999763	-0.01981	5.49971	-0.04811	0	100
transition_flip_early	70	4016.21	0.42	183.4	93.891	0.921	317.751	-0.990149	-0.00237337	0.139994	-0.139967	-0.00915585	-0.990114	-0.01981	5.49971	-0.04791	0	100
transition_flip_early	72	4017.76	0.44	188.56	92.791	0.901	307.101	-0.966115	-0.00129673	0.258109	-0.258086	-0.00935843	-0.966077	-0.01981	5.49971	-0.04791	0	100
transition_flip_early	74	4019.29	0.46	193.55	91.721	0.901	296.571	-0.928043	-8.90877e-05	0.372474	-0.372457	-0.00943137	-0.928002	-0.01981	5.49971	-0.04781	0	100
transition_flip_early	76	4020.81	0.48	198.36	90.691	0.901	286.181	-0.876531	0.00100847	0.481344	-0.481331	-0.00941688	-0.876488	-0.01981	5.49971	-0.04781	0	100
transition_flip_early	78	4022.31	0.5	203	89.731	0.901	275.911	-0.812248	0.00210264	0.583309	-0.583301	-0.00922767	-0.812204	-0.01981	5.49971	-0.04781	0	100
transition_flip_early	80	4023.79	0.52	207.47	88.841	0.901	265.741	-0.736226	0.00317635	0.676728	-0.676725	-0.00906445	-0.73618	-0.01981	5.49971	-0.04781	0	100
transition_flip_early	82	4025.26	0.54	211.77	88.041	0.901	255.681	-0.649449	0.00423412	0.760394	-0.760397	-0.00836899	-0.649405	-0.01981	5.49971	-0.04771	0	100
transition_flip_early	84	4026.72	0.56	215.91	87.341	0.901	245.701	-0.553232	0.00519818	0.833011	-0.833019	-0.0079922	-0.553187	-0.01981	5.49971	-0.04771	0	100
transition_flip_early	86	4028.17	0.58	219.89	86.751	0.901	235.801	-0.449056	0.00611386	0.893483	-0.893496	-0.00729819	-0.449012	-0.01981	5.49971	-0.04771	0	100
transition_flip_early	88	4029.61	0.6	223.69	86.281	0.901	225.971	-0.338263	0.00694111	0.941026	-0.941044	-0.0065784	-0.33822	-0.01981	5.49971	-0.04771	0	100
transition_flip_early	90	4031.05	0.62	227.33	85.931	0.901	216.181	-0.222617	0.00764385	0.974876	-0.974899	-0.00565512	-0.222578	-0.01981	5.49971	-0.04771	0	100
transition_flip_early	92	4032.47	0.64	230.81	85.711	0.901	206.431	-0.103795	0.00824692	0.994565	-0.994592	-0.00464733	-0.103759	-0.01981	5.49971	-0.04761	0	100
transition_flip_early	94	4033.89	0.66	234.13	85.621	0.901	196.691	0.00108871	0.00865622	0.999962	-0.999992	-0.00392594	0.00112273	-0.01931	5.36781	-0.04641	0	100
transition_flip_early	96	4035.31	0.68	237.29	85.641	0.901	186.951	0.087249	0.00895661	0.996146	-0.996179	-0.00315571	0.0872802	-0.01831	5.11351	-0.04411	0	100
transition_flip_early	98	4036.73	0.7	240.29	85.751	0.901	177.211	0.16873	0.00914883	0.98562	-0.985655	-0.00219453	0.168756	-0.01731	4.87121	-0.04191	0	100
transition_flip_early	100	4038.17	0.72	243.13	85.951	0.901	167.461	0.245314	0.00929453	0.969399	-0.969436	-0.00171833	0.24534	-0.01641	4.64041	-0.03991	0	100
transition_flip_early	102	4039.61	0.74	245.79	86.231	0.901	157.691	0.31691	0.00936079	0.948409	-0.948449	-0.000682462	0.31693	-0.01561	4.42051	-0.03791	0	100
transition_flip_early	104	4041.05	0.76	248.29	86.591	0.901	147.901	0.383366	0.00937433	0.923549	-0.923588	-0.000336688	0.383386	-0.01481	4.21101	-0.03611	0	100
transition_flip_early	106	4042.5	0.78	250.63	87.031	0.901	138.071	0.444968	0.00938676	0.895497	-0.895539	0.000573758	0.444982	-0.01401	4.01141	-0.03431	0	100
transition_flip_early	108	4043.96	0.8	252.81	87.531	0.901	128.221	0.501711	0.00933266	0.864985	-0.865027	0.000976724	0.501725	-0.01321	3.82131	-0.03261	0	100
transition_flip_early	110	4045.5	0.82	254.84	96.751	0.951	120.111	0.552777	0.00938135	0.833276	-0.833324	0.00263696	0.552779	-0.08041	3.49761	-0.12131	0	100
transition_flip_early	112	4047.22	0.84	256.75	104.581	1.411	112.271	0.593774	0.00945075	0.804576	-0.804631	0.00771132	0.593725	-0.21631	2.79631	-0.28741	0	100
transition_flip_early	114	4048.92	0.87	258.52	100.401	1.811	104.441	0.620957	0.00982385	0.783783	-0.783843	0.00993875	0.62088	-0.05291	1.78771	-0.02301	0	100
transition_flip_early	116	4050.19	0.89	260.08	56.971	1.001	86.811	0.625407	0.0158329	0.780138	-0.780211	-0.00229815	0.625512	0.32721	-0.49321	1.50251	0	100
transition_flip_early	118	4050.98	0.82	261.35	50.811	-4.781	74.661	0.60363	0.0182933	0.797054	-0.797031	-0.0103426	0.60385	0.13351	-1.81981	0.37791	0	100
transition_flip_early	120	4052.01	0.74	262.5	65.881	-5.191	66.961	0.572724	0.0196652	0.819512	-0.819464	-0.0125973	0.572992	-0.02991	-2.43771	0.08881	0	100
transition_flip_early	122	4053.32	0.66	263.52	83.331	-4.731	59.251	0.533532	0.020983	0.84552	-0.845539	-0.010612	0.533808	-0.16431	-2.94451	-0.10351	0	100
transition_flip_early	124	4054.93	0.59	264.41	101.231	-3.861	51.531	0.486768	0.022744	0.873235	-0.873389	-0.0054	0.486994	-0.27841	-3.37541	-0.25351	0	100
transition_flip_early	126	4056.84	0.54	265.18	119.131	-2.871	43.811	0.432876	0.0252615	0.9011	-0.901413	0.00268503	0.432951	-0.37151	-3.73541	-0.37481	0	100
transition_flip_early	128	4059.05	0.5	265.81	137.031	-1.941	36.091	0.37279	0.0287567	0.92747	-0.927916	0.0120783	0.372594	-0.44221	-4.02231	-0.46881	0	100
transition_flip_early	130	4061.56	0.48	266.32	154.941	-1.291	28.381	0.307518	0.0332378	0.950962	-0.951495	0.0206648	0.306968	-0.42511	-4.23261	-0.37431	0	100
transition_flip_early	132	4064.37	0.46	266.69	172.851	-1.031	20.711	0.238043	0.0383951	0.970495	-0.971084	0.0281064	0.237076	-0.41301	-4.37851	-0.31221	0	100
transition_flip_early	134	4067.48	0.44	266.94	190.751	-0.961	13.081	0.165672	0.044074	0.985196	-0.98583	0.034034	0.164256	-0.40511	-4.46921	-0.27611	0	100
transition_flip_early	136	4070.61	0.44	267.32	183.191	-0.051	27.211	0.0984466	0.0487168	0.993949	-0.994737	0.0333296	0.096891	-0.25581	-3.85021	0.11261	1	100
transition_flip_early	138	4073.33	0.44	268	156.381	0.431	45.801	0.0474501	0.052535	0.997491	-0.998488	0.030253	0.0459042	-0.20251	-2.79301	0.22041	1	100
transition_flip_early	140	4075.56	0.46	269	125.931	0.831	64.581	0.0145274	0.055528	0.998351	-0.999584	0.0256725	0.0131174	-0.16351	-1.69151	0.29381	1	100
transition_flip_early	142	4077.17	0.47	270.32	82.501	-0.481	84.161	-4.41723e-05	0.0575882	0.99834	-0.999861	0.0166523	-0.00100481	-0.09431	-0.48801	0.78591	1	100
transition_flip_early	144	4078.09	0.44	271.95	48.441	-2.031	101.991	-0.00024737	0.0586406	0.998279	-0.999999	0.00133273	-0.000326083	-0.05701	0.15431	0.90281	1	100
transition_flip_early	146	4078.55	0.43	273.86	22.231	-0.421	118.321	0.00610972	0.0595728	0.998205	-0.999961	-0.00603852	0.00648084	-0.05771	0.42951	0.30901	1	100
transition_flip_early	148	4078.78	0.46	276.02	12.311	2.561	132.611	0.0118395	0.0604595	0.9981	-0.999891	-0.00806315	0.0123491	-0.05001	0.31231	0.07651	1	100
transition_flip_early	150	4078.93	0.54	278.4	7.891	5.491	146.201	0.0147441	0.0611963	0.998017	-0.999848	-0.0083522	0.0152833	-0.03921	0.13161	0.00681	1	100
transition_flip_early	152	4079.03	0.67	281	5.521	8.071	159.501	0.0150384	0.0617158	0.99798	-0.999846	-0.00805189	0.0155644	-0.02961	-0.01791	-0.02481	1	100
transition_flip_early	154	4079.11	0.84	283.82	4.511	10.281	172.561	0.0132275	0.0621291	0.99798	-0.999881	-0.00714807	0.0136977	-0.02141	-0.13491	-0.04011	1	100
transition_flip_early	156	4079.19	1.03	286.86	5.211	12.061	185.411	0.0102213	0.062306	0.998005	-0.999922	-0.0065706	0.0106512	-0.01491	-0.19441	-0.03241	1	100
transition_flip_early	158	4079.28	1.25	290.11	4.821	13.681	197.821	0.00699354	0.0624615	0.998023	-0.999957	-0.0056182	0.00735871	-0.00761	-0.18261	-0.10011	1	100
transition_flip_early	160	4079.32	1.5	293.56	1.201	15.571	209.941	0.00533035	0.0625293	0.998029	-0.999981	-0.00260806	0.00550418	-0.00361	-0.07541	-0.16771	1	100
transition_flip_early	162	4079.31	1.78	297.21	-1.431	16.811	222.071	0.00522843	0.0625379	0.998029	-0.999986	-0.000697505	0.00528239	-0.00221	0.00291	-0.10571	1	100
transition_flip_early	164	4079.27	2.07	301.06	-2.831	17.601	234.021	0.00578265	0.0625852	0.998023	-0.999983	0.000276903	0.00577664	-0.00081	0.03551	-0.05291	1	100
transition_flip_early	166	4079.21	2.37	305.11	-3.221	18.171	245.781	0.00649417	0.0626115	0.998017	-0.999979	0.000873339	0.00645215	0.00021	0.04051	-0.02141	1	100
transition_flip_early	168	4079.16	2.68	309.35	-2.981	18.681	257.351	0.00713012	0.0625423	0.998017	-0.999974	0.00118011	0.00707015	0.00091	0.03631	-0.00531	1	100
transition_flip_early	170	4079.12	3	313.78	-2.561	19.201	268.721	0.00765716	0.0625763	0.998011	-0.999971	0.00100531	0.00760916	0.00141	0.03001	0.00201	1	100
transition_flip_early	172	4079.08	3.32	318.4	-2.101	19.751	279.891	0.00807694	0.0625235	0.998011	-0.999967	0.0011139	0.00802299	0.00171	0.02391	0.00481	1	100
transition_flip_early	174	4079.05	3.66	323.2	-1.621	20.331	290.861	0.00838854	0.0624825	0.998011	-0.999965	0.00102782	0.00834062	0.00191	0.01871	0.00551	1	100
transition_flip_early	176	4079.03	4	328.18	-1.231	20.931	301.651	0.00864606	0.0624474	0.998011	-0.999963	0.000844411	0.00861014	0.00191	0.01451	0.00521	1	100
transition_flip_early	178	4079.01	4.36	333.34	-0.921	21.541	312.251	0.00884359	0.0624197	0.998011	-0.999961	0.000850344	0.00880769	0.00191	0.01111	0.00451	1	100
transition_flip_early	180	4078.99	4.72	338.68	-0.651	22.161	322.671	0.00899317	0.0623983	0.998011	-0.99996	0.00056783	0.00897523	0.00191	0.00851	0.00371	1	100
transition_flip_early	182	4078.99	5.1	344.18	-0.431	22.781	332.911	0.00910085	0.0623827	0.998011	-0.999959	0.000666884	0.00907692	0.00191	0.00651	0.00291	1	100
transition_flip_early	184	4078.99	5.48	349.86	-0.331	23.391	342.971	0.00919653	0.0623687	0.998011	-0.999958	0.000669837	0.00917261	0.00191	0.00501	0.00231	1	100
transition_flip_early	186	4078.99	5.88	355.7	-0.291	23.991	352.861	0.0092623	0.062359	0.998011	-0.999957	0.000480381	0.00925034	0.00191	0.00391	0.00181	1	100
transition_flip_early	188	4078.99	6.28	361.7	-0.271	24.591	362.581	0.00930794	0.0622555	0.998017	-0.999957	0.000672761	0.00928406	0.00191	0.00291	0.00131	1	100
transition_flip_early	190	4078.99	6.7	367.86	-0.271	25.181	372.141	0.00934374	0.0622501	0.998017	-0.999956	0.000482416	0.00933181	0.00191	0.00221	0.00091	1	100
transition_flip_early	192	4078.99	7.12	374.18	-0.271	25.761	381.541	0.00937956	0.0622447	0.998017	-0.999956	0.000674943	0.00935568	0.00191	0.00171	0.00061	1	100
transition_flip_early	194	4078.99	7.56	380.66	-0.271	26.321	390.781	0.00940105	0.0621447	0.998023	-0.999956	0.000483723	0.00938914	0.00191	0.00131	0.00041	1	100
transition_flip_early	196	4078.99	8	387.28	-0.271	26.881	399.861	0.00941892	0.062142	0.998023	-0.999956	0.000388622	0.00941297	0.00191	0.00091	0.00041	1	100
transition_flip_early	198	4078.99	8.46	394.06	-0.271	27.421	408.781	0.00942488	0.0621411	0.998023	-0.999956	0.000484447	0.00941297	0.00191	0.00071	0.00041	1	100
transition_drive_along	0	3900.01	-1475.05	39.79	0.891	1495.96	-16.351	0.000766949	1	0	-0	0	1	0.00011	0	-0.05881	0	100
transition_drive_along	2	3900.09	-1449.92	39.29	6.351	1512.36	-34.411	0.00278039	0.999996	0	-0.000766987	2.13253e-06	1	0	-0.06001	-0.14241	0	99.4444
transition_drive_along	4	3900.26	-1424.51	38.49	11.421	1528.78	-52.471	0.00604002	0.999982	0	-0.00249267	1.5056e-05	0.999997	0	-0.11961	-0.21471	0	99
transition_drive_along	6	3900.51	-1398.82	37.41	15.941	1545.2	-68.901	0.010546	0.999944	-0.000383495	-0.00565216	0.000443121	0.999984	-0.04161	-0.22781	-0.28631	0	99
transition_drive_along	8	3900.82	-1372.86	36.13	18.681	1561.61	-79.291	0.0161061	0.999869	-0.00172573	-0.0128173	0.00193227	0.999916	-0.09981	-0.51221	-0.35101	0	98.4444
transition_drive_along	10	3901.15	-1346.63	34.74	20.031	1578	-84.271	0.0226242	0.999738	-0.00345145	-0.0267565	0.00405659	0.999634	-0.12391	-0.95871	-0.39911	0	98
transition_drive_along	12	3901.5	-1320.12	33.32	21.051	1594.31	-85.171	0.0301952	0.999532	-0.00488954	-0.0492807	0.00637453	0.998765	-0.11881	-1.48581	-0.46331	1	97
transition_drive_along	14	3901.87	-1293.35	31.91	22.341	1610.55	-84.041	0.0386269	0.999239	-0.00546478	-0.080845	0.00857601	0.99669	-0.09271	-2.03951	-0.50901	1	96.4444
transition_drive_along	16	3902.27	-1266.3	30.6	23.941	1626.65	-74.641	0.0477266	0.998851	-0.00441018	-0.121587	0.0101919	0.992528	-0.00851	-2.61731	-0.53111	1	96
transition_drive_along	18	3902.74	-1238.99	29.54	30.211	1642.45	-60.171	0.0570139	0.998372	-0.00143811	-0.165791	0.0108882	0.986101	0.04341	-2.65831	-0.55511	1	95.4444
transition_drive_along	20	3903.39	-1211.42	28.73	42.491	1657.8	-44.491	0.0665829	0.997779	0.0018216	-0.205366	0.0119177	0.978613	0.04201	-2.33171	-0.58651	1	95
transition_drive_along	22	3904.3	-1183.6	28.2	59.031	1672.68	-27.121	0.0766231	0.997049	0.0046978	-0.237698	0.0136908	0.971243	0.02971	-1.87841	-0.61451	1	94.4444
transition_drive_along	24	3905.52	-1155.54	27.97	78.281	1687.13	-9.371	0.0869412	0.996188	0.00719047	-0.262346	0.0159317	0.964842	0.02831	-1.42401	-0.63371	1	94
transition_drive_along	26	3907.07	-1127.24	28.15	96.881	1701.14	17.351	0.097346	0.995218	0.00805331	-0.277308	0.0193515	0.960586	0.00941	-0.86641	-0.60671	1	93.4444
transition_drive_along	28	3908.91	-1098.72	28.68	115.271	1714.83	36.061	0.105734	0.994315	0.0125591	-0.287739	0.0185032	0.95753	0.26281	-0.61391	-0.49061	1	93
transition_drive_along	30	3911.08	-1069.97	29.42	135.021	1728.4	46.871	0.112962	0.993395	0.0201321	-0.296154	0.014322	0.955033	0.43371	-0.52741	-0.43041	1	92
transition_drive_along	32	3913.55	-1040.99	30.33	152.131	1741.96	56.671	0.120078	0.992359	0.0283748	-0.306239	0.00983773	0.951904	0.41711	-0.67451	-0.45841	1	91.4444
transition_drive_along	34	3916.3	-1011.79	31.36	168.831	1755.5	64.131	0.127652	0.991146	0.0365198	-0.318875	0.00614691	0.947777	0.38261	-0.84501	-0.49081	1	91
transition_drive_along	36	3919.32	-982.36	32.51	185.251	1768.93	70.391	0.135491	0.989776	0.0445665	-0.334198	0.00331072	0.942497	0.34871	-1.02001	-0.52241	1	90.4444
transition_drive_along	38	3922.58	-952.71	33.89	199.711	1781.93	85.851	0.14456	0.988245	0.049738	-0.347149	0.00358129	0.937803	0.17261	-0.80331	-0.60341	1	90
transition_drive_along	40	3926.11	-922.85	35.45	216.581	1794.6	96.391	0.154087	0.986578	0.0540465	-0.359751	0.00507398	0.933035	0.12801	-0.82151	-0.62701	1	89.4444
transition_drive_along	42	3929.94	-892.78	37.16	234.501	1807	104.561	0.163784	0.98478	0.0581626	-0.373308	0.0072969	0.927679	0.10691	-0.89801	-0.63871	1	89
transition_drive_along	44	3934.08	-862.51	38.99	252.871	1819.16	111.971	0.173362	0.982881	0.0623733	-0.388004	0.00995223	0.921604	0.08411	-0.98201	-0.64941	1	88.4444
transition_drive_along	46	3938.52	-832.04	40.95	271.441	1831.05	119.411	0.18301	0.980854	0.066583	-0.403868	0.0132608	0.914721	0.06531	-1.06061	-0.65751	1	88
transition_drive_along	48	3943.28	-801.37	43.04	290.241	1842.68	126.941	0.192534	0.97872	0.0709827	-0.420545	0.0169405	0.907113	0.05231	-1.13151	-0.66311	1	87
transition_drive_along	50	3948.29	-770.52	45.33	301.611	1853.97	144.141	0.199919	0.976645	0.0787267	-0.43987	0.0176629	0.897888	0.38241	-1.42861	-0.43731	1	86.4444
transition_drive_along	52	3953.45	-739.48	47.99	312.851	1864.92	163.851	0.202078	0.974819	0.0942954	-0.46315	0.0102849	0.88622	0.69411	-1.59201	-0.23381	1	86
transition_drive_along	54	3958.83	-708.26	50.93	325.021	1875.79	180.651	0.202828	0.972806	0.111842	-0.487968	0.00138905	0.872861	0.67861	-1.76671	-0.26301	1	85.4444
transition_drive_along	56	3964.4	-676.86	54.13	336.741	1886.68	195.211	0.204864	0.970457	0.127452	-0.51678	-0.00334239	0.856112	0.50511	-2.07421	-0.40821	1	85
transition_drive_along	58	3970.07	-645.3	57.79	341.801	1896.54	227.141	0.211217	0.967904	0.136196	-0.539205	-0.000837795	0.842174	0.13941	-1.50911	-0.65271	1	84.4444
transition_drive_along	60	3975.91	-613.58	61.85	354.141	1905.9	248.191	0.219375	0.965226	0.142177	-0.560016	0.00524732	0.828465	0.01831	-1.50041	-0.73381	1	84
transition_drive_along	62	3982.02	-581.7	66.17	370.631	1915.02	262.901	0.227685	0.962427	0.147963	-0.581024	0.0123426	0.813793	0.00161	-1.56321	-0.74751	1	83.4444
transition_drive_along	64	3988.16	-549.67	70.94	369.101	1923.77	292.971	0.227231	0.960099	0.163022	-0.608021	0.00910659	0.793869	0.56391	-2.09691	-0.20291	1	83
transition_drive_along	66	3994.43	-517.5	76.08	379.041	1932.38	313.391	0.221836	0.957768	0.182946	-0.636453	8.29519e-05	0.771316	0.78051	-2.19651	-0.02031	1	82
transition_drive_along	68	4000.88	-485.18	81.52	387.931	1941.05	332.321	0.21543	0.95507	0.203546	-0.665823	-0.00881453	0.746058	0.69141	-2.43011	-0.15271	1	81.4444
transition_drive_along	70	4007.15	-452.73	87.63	375.511	1948.93	375.111	0.219151	0.951986	0.213766	-0.690768	-0.00334565	0.723069	0.09471	-1.97001	-0.76511	1	81
transition_drive_along	72	4013.49	-420.16	94.19	383.241	1956.22	399.001	0.225519	0.948805	0.221159	-0.713512	0.00628497	0.700615	0.00641	-1.91581	-0.85641	1	80.4444
transition_drive_along	74	4019.7	-387.47	101.27	370.741	1963.06	432.581	0.220495	0.946198	0.236837	-0.741562	0.00488734	0.670867	0.50781	-2.54661	-0.14551	1	80
transition_drive_along	76	4025.92	-354.66	108.78	374.911	1969.86	456.181	0.208667	0.943616	0.256997	-0.770423	-0.00326412	0.637525	0.72111	-2.66791	0.10691	1	79.4444
transition_drive_along	78	4032.24	-321.75	116.64	378.581	1976.86	477.401	0.19545	0.940578	0.277691	-0.799329	-0.0112739	0.600787	0.65761	-2.91771	-0.06481	1	79
transition_drive_along	80	4038.16	-288.73	125.19	352.101	1982.87	521.951	0.196231	0.937115	0.288633	-0.822524	-0.00293198	0.568723	0.12621	-2.28531	-0.88281	1	78.4444
transition_drive_along	82	4043.87	-255.61	134.29	333.131	1988.1	555.291	0.194815	0.933924	0.29972	-0.845198	0.00479408	0.534432	0.31591	-2.72281	-0.40401	1	78
transition_drive_along	84	4049.24	-222.41	143.93	320.441	1993.03	585.671	0.17894	0.931283	0.317321	-0.870919	-0.000104706	0.491427	0.58351	-3.05161	0.12891	1	77
transition_drive_along	86	4054.61	-189.13	153.97	323.971	1998.23	607.701	0.157509	0.928341	0.336709	-0.895208	-0.00971055	0.445542	0.71441	-3.13481	0.31381	1	76.4444
transition_drive_along	88	4059.66	-155.76	164.5	288.541	2003.34	644.581	0.145427	0.924732	0.351742	-0.91702	-0.00746716	0.398772	0.32111	-2.77481	-0.74221	1	76
transition_drive_along	90	4063.99	-122.33	175.7	245.311	2006.93	680.951	0.140109	0.921397	0.362488	-0.934611	0.00219535	0.355666	0.32351	-3.05391	-0.42331	1	75.4444
transition_drive_along	92	4067.72	-88.84	187.44	220.021	2010.2	711.021	0.118149	0.918753	0.376741	-0.952983	-0.00170419	0.30302	0.49681	-3.40591	0.20761	1	75
transition_drive_along	94	4071.34	-55.29	199.57	217.711	2014.08	733.681	0.0898374	0.915735	0.391612	-0.969017	-0.0104662	0.246771	0.60031	-3.52211	0.42441	1	74.4444
transition_drive_along	96	4074.06	-21.68	212.26	152.281	2017.13	769.481	0.0824141	0.912002	0.40182	-0.979631	5.19192e-05	0.200806	0.37331	-2.72421	-0.94641	1	74
transition_drive_along	98	4076.17	11.97	225.45	117.641	2019.15	797.601	0.0729608	0.908347	0.411804	-0.987672	0.00846864	0.156309	0.44381	-2.89791	-0.38681	1	73.4444
transition_drive_along	100	4077.91	45.64	239.06	100.621	2021.1	822.981	0.0514943	0.904767	0.422782	-0.994348	0.00709382	0.105929	0.53901	-3.06521	0.15251	1	73
transition_drive_along	102	4079.47	79.35	253.06	87.881	2023.36	845.361	0.0285059	0.90069	0.433526	-0.998588	0.00621055	0.0527577	0.58451	-3.35161	-0.22411	1	72
transition_drive_along	104	4080.13	113.06	267.54	25.881	2022.51	877.051	0.0213112	0.896138	0.443263	-0.99968	0.0130623	0.0216549	0.59821	-1.49891	-0.24571	1	71.4444
transition_drive_along	106	4080.29	146.73	282.55	7.531	2019.81	908.631	0.0131647	0.89157	0.452692	-0.99991	0.0129847	0.00350503	0.62311	-1.04921	0.04441	1	71
transition_drive_along	108	4080.37	180.36	298.07	4.511	2017.31	938.081	0.00416564	0.886701	0.462325	-0.99985	0.0114787	-0.0130064	0.64331	-1.00331	0.10161	1	70.4444
transition_drive_along	110	4080.18	213.94	314.09	-13.841	2013.49	969.061	0.00177493	0.881558	0.472073	-0.999792	0.0111549	-0.0170717	0.66521	-0.08141	0.01021	1	70
transition_drive_along	112	4079.92	247.44	330.64	-15.081	2009.19	1000.26	0.00252005	0.876159	0.482016	-0.999821	0.0112398	-0.0152034	0.67871	0.14081	0.01041	1	69.4444
transition_drive_along	114	4079.69	280.88	347.69	-13.351	2004.9	1030.54	0.00375611	0.870598	0.49198	-0.999868	0.0110587	-0.0119356	0.68811	0.19351	0.02201	1	69
transition_drive_along	116	4079.5	314.24	365.23	-10.951	2000.59	1060	0.00497516	0.864874	0.501964	-0.999904	0.0108051	-0.00870651	0.69501	0.19161	0.02861	1	68.4444
transition_drive_along	118	4079.35	347.52	383.25	-8.531	1996.14	1088.87	0.00601167	0.858937	0.512045	-0.999931	0.0103368	-0.00559982	0.70011	0.16791	0.03011	1	68
transition_drive_along	120	4079.24	380.74	401.75	-6.391	1991.45	1117.33	0.00686874	0.852883	0.522057	-0.999946	0.00995513	-0.00310732	0.70391	0.13831	0.02831	1	67
transition_drive_along	122	4079.15	413.86	420.73	-4.641	1986.42	1145.54	0.00746852	0.846713	0.531997	-0.999954	0.00953428	-0.00113652	0.70691	0.10971	0.02471	1	66.4444
transition_drive_along	124	4079.09	446.9	440.17	-3.241	1978.79	1172.33	0.00797668	0.840376	0.541945	-0.999958	0.00912769	0.000564005	0.70921	0.08541	0.02051	1	66
transition_drive_along	126	4079.05	479.78	460.04	-2.181	1964.89	1195.47	0.0083946	0.833869	0.551898	-0.999959	0.00879669	0.00191877	0.71121	0.06591	0.01641	1	65.4444
transition_drive_along	128	4079.03	512.42	480.29	-1.431	1950.71	1218.48	0.00872459	0.827246	0.561773	-0.999959	0.00855319	0.00293472	0.71291	0.05061	0.01301	1	65
transition_drive_along	130	4079.01	544.82	500.93	-0.931	1936.21	1241.39	0.00896821	0.820506	0.571568	-0.999958	0.00835397	0.00369746	0.71441	0.03831	0.01011	1	64.4444
transition_drive_along	132	4079	576.97	521.95	-0.551	1921.4	1264.2	0.00920534	0.81365	0.581282	-0.999957	0.00819212	0.00436867	0.71571	0.02871	0.00781	1	64
transition_drive_along	134	4079	608.87	543.34	-0.341	1906.26	1286.91	0.0092805	0.806624	0.590992	-0.999956	0.00804831	0.00471772	0.71681	0.02121	0.00601	1	63.4444
transition_drive_along	136	4079	640.51	565.11	-0.241	1890.8	1309.52	0.009429	0.799539	0.60054	-0.999955	0.00787712	0.00521284	0.71771	0.01541	0.00461	1	63
transition_drive_along	138	4079	671.88	587.26	-0.191	1875.03	1332	0.00949533	0.792284	0.610079	-0.999955	0.00771409	0.00554543	0.71841	0.01091	0.00361	1	62
transition_drive_along	140	4079	702.99	609.78	-0.171	1858.95	1354.35	0.00955758	0.784914	0.619531	-0.999954	0.0076616	0.00571956	0.71901	0.00731	0.00271	1	61.4444
transition_drive_along	142	4079	733.82	632.67	-0.171	1842.57	1376.56	0.00954101	0.777433	0.628893	-0.999954	0.0075686	0.00581418	0.71941	0.00481	0.00201	1	61
transition_drive_along	144	4079	764.37	655.93	-0.171	1825.88	1398.61	0.0095955	0.76984	0.638165	-0.999954	0.00738515	0.00612644	0.71971	0.00311	0.00151	1	60.4444
transition_drive_along	146	4079	794.64	679.56	-0.171	1808.91	1420.5	0.00957255	0.762136	0.647346	-0.999954	0.0073459	0.00613819	0.71991	0.00201	0.00101	1	60
transition_drive_along	148	4079	824.63	703.55	-0.161	1791.64	1442.22	0.00961822	0.75426	0.656506	-0.999954	0.00714903	0.00643642	0.72001	0.00131	0.00071	1	59.4444
transition_drive_along	150	4079	854.32	727.9	-0.161	1774.09	1463.75	0.00958883	0.746338	0.665498	-0.999954	0.00710448	0.00644036	0.72001	0.00081	0.00051	1	59
transition_drive_along	152	4079	883.72	752.61	-0.161	1756.28	1485.08	0.00962721	0.738308	0.674396	-0.999954	0.00715476	0.00644185	0.72001	0.00041	0.00031	1	58.4444
transition_drive_along	154	4079	912.82	777.67	-0.161	1738.19	1506.21	0.00959113	0.730172	0.683196	-0.999954	0.00691181	0.00665091	0.71991	0.00021	0.00031	1	58
transition_drive_along	156	4079	941.61	803.08	-0.161	1719.84	1527.13	0.00962138	0.721931	0.691898	-0.999954	0.00689173	0.00671425	0.71971	0	0.00031	1	57
transition_drive_along	158	4079	970.09	828.83	-0.161	1701.23	1547.83	0.00957858	0.713588	0.7005	-0.999954	0.00684035	0.00670514	0.71951	0	0.00021	1	56.4444
transition_drive_along	160	4079	998.25	854.93	-0.161	1682.37	1568.31	0.00960047	0.705141	0.709002	-0.999954	0.00668036	0.00689622	0.71931	0	0.00021	1	56
transition_drive_along	162	4079	1026.09	881.37	-0.161	1663.26	1588.56	0.00961764	0.696592	0.717403	-0.999954	0.00672114	0.0068794	0.71911	0	0	1	55.4444
transition_drive_along	164	4079	1053.61	908.14	-0.161	1643.91	1608.58	0.00963021	0.687944	0.7257	-0.999954	0.0065527	0.00705785	0.71891	0	0	1	55
transition_drive_along	166	4079	1080.81	935.24	-0.161	1624.31	1628.37	0.00963799	0.679197	0.733893	-0.999954	0.00651965	0.00709833	0.71861	0	0	1	54.4444
transition_drive_along	168	4079	1107.67	962.66	-0.161	1604.48	1647.91	0.00957676	0.670353	0.74198	-0.999954	0.00624642	0.007263	0.71821	0	0	1	54
transition_drive_along	170	4079	1134.2	990.41	-0.161	1584.42	1667.21	0.00957591	0.661412	0.749961	-0.999954	0.0062798	0.00722962	0.71781	0	0	1	53.4444
transition_drive_along	172	4079	1160.39	1018.47	-0.161	1564.13	1686.26	0.00963385	0.652448	0.757772	-0.999954	0.00619146	0.0073819	0.71751	0	0	1	53
transition_drive_along	174	4079	1186.24	1046.85	-0.161	1543.62	1705.06	0.0096224	0.643319	0.765538	-0.999954	0.00614855	0.00740195	0.71711	0	0	1	52
transition_drive_along	176	4079	1211.75	1075.55	-0.161	1522.89	1723.6	0.00960613	0.634098	0.773193	-0.999954	0.00595576	0.00753906	0.71671	0	0	1	51.4444
transition_drive_along	178	4079	1236.9	1104.55	-0.161	1501.94	1741.88	0.009586	0.624861	0.780677	-0.999954	0.00598365	0.00748915	0.71631	0	0	1	51
transition_drive_along	180	4079	1261.71	1133.85	-0.161	1480.79	1759.9	0.00961884	0.615459	0.78811	-0.999954	0.00587997	0.00761253	0.71591	0	0	1	50.4444
transition_drive_along	182	4079	1286.16	1163.45	-0.161	1459.42	1777.66	0.00958792	0.606045	0.795372	-0.999954	0.00560048	0.00778671	0.71551	-0.00011	0	1	50
transition_drive_along	184	4079	1310.25	1193.34	-0.161	1437.85	1795.15	0.00960803	0.596469	0.802579	-0.999954	0.00571863	0.00772087	0.71511	-0.00011	0	1	49.4444
transition_drive_along	186	4079	1333.98	1223.51	-0.161	1416.08	1812.37	0.0096225	0.586884	0.809614	-0.999954	0.00560472	0.00782192	0.71471	0	0	1	49
transition_drive_along	188	4079	1357.34	1253.98	-0.161	1394.11	1829.32	0.00963007	0.577216	0.816535	-0.999954	0.00540873	0.0079698	0.71431	0	0	1	48.4444
transition_drive_along	190	4079	1380.33	1284.72	-0.161	1371.96	1846	0.00963063	0.567467	0.82334	-0.999954	0.00528656	0.00805286	0.71391	0	0	1	48
transition_drive_along	192	4079	1402.95	1315.73	-0.161	1349.61	1862.4	0.00962427	0.557638	0.830029	-0.999954	0.00539975	0.00796686	0.71351	0	0	1	47
transition_drive_along	194	4079	1425.19	1347.02	-0.161	1327.07	1878.52	0.00961087	0.54773	0.8366	-0.999954	0.00519239	0.00808797	0.71311	0	0	1	46.4444
transition_drive_along	196	4079	1447.05	1378.57	-0.161	1304.36	1894.37	0.00964193	0.537743	0.843054	-0.999954	0.00507648	0.00819834	0.71271	-0.00011	0	1	46
transition_drive_along	198	4079	1468.53	1410.38	-0.161	1281.46	1909.93	0.00961336	0.527682	0.849388	-0.999954	0.00494183	0.00824736	0.71231	-0.00011	0	1	45.4444
transition_drive_along	200	4079	1489.63	1442.44	-0.161	1258.38	1925.21	0.00957756	0.517546	0.855602	-0.999954	0.00472211	0.00833707	0.71191	-0.00011	0	1	45
transition_drive_along	202	4079	1510.34	1474.76	-0.161	1235.14	1940.21	0.00963351	0.507418	0.861646	-0.999954	0.00477376	0.00836859	0.71151	0	0	1	44.4444
transition_drive_along	204	4078.81	1530.67	1507.29	-23.161	1214.34	1953.16	0.00247847	0.49714	0.867667	-0.999977	0.00673229	-0.00100094	0.70451	-1.12541	-0.23381	1	44
transition_drive_along	206	4077.85	1550.68	1540.01	-69.741	1193.87	1964.63	-0.0305453	0.487263	0.872721	-0.999376	0.000592052	-0.0353088	0.65981	-2.23941	0.70961	1	43.4444
transition_drive_along	208	4076.34	1570.31	1572.95	-99.641	1170.87	1977.14	-0.0701199	0.476803	0.876209	-0.997233	-0.0117528	-0.0734095	0.69871	-2.25551	0.52511	1	43
transition_drive_along	210	4073.42	1589.62	1605.88	-222.231	1153.84	1969.79	-0.103346	0.466069	0.878692	-0.993017	0.00218068	-0.117949	0.82631	-3.16261	-0.93731	1	42.4444
transition_drive_along	212	4067.77	1608.53	1638.5	-362.221	1128.39	1956.75	-0.177852	0.457275	0.87136	-0.981549	-0.0192601	-0.190236	0.30321	-4.55711	1.76021	1	42
transition_drive_along	214	4060.82	1627.05	1671.12	-449.881	1107.08	1951.34	-0.247661	0.445813	0.860183	-0.964561	-0.0300422	-0.262143	0.98201	-4.22381	-0.48231	1	41
transition_drive_along	216	4051.59	1645.31	1703.23	-615.411	1090.65	1907.47	-0.293218	0.4344	0.851657	-0.94504	0.00307767	-0.326939	1.29631	-3.92731	-1.57561	1	40.4444
transition_drive_along	218	4039.12	1663.1	1734.34	-774.831	1059.77	1860.86	-0.36472	0.425609	0.828153	-0.917402	-0.0121587	-0.397777	0.00331	-4.60051	1.55051	1	40
transition_land_on	0	3708.42	0	484.91	505.201	0	-908.321	1	0	0	-0	0	1	0	0	0	0	100
transition_land_on	2	3716.84	0	469.64	505.201	0	-919.141	1	0	0	-0	0	1	0	0	0	0	100
transition_land_on	4	3725.26	0	454.19	505.201	0	-929.961	1	0	0	-0	0	1	0	0	0	0	100
transition_land_on	6	3733.68	0	438.56	505.201	0	-940.781	1	0	0	-0	0	1	0	0	0	0	100
transition_land_on	8	3742.1	0	422.75	505.201	0	-951.601	1	0	0	-0	0	1	0	0	0	0	100
transition_land_on	10	3750.52	0	406.75	505.201	0	-962.421	1	0	0	-0	0	1	0	0	0	0	100
transition_land_on	12	3758.94	0	390.57	505.201	0	-973.241	1	0	0	-0	0	1	0	0	0	0	100
transition_land_on	14	3767.36	0	374.21	505.201	0	-984.061	1	0	0	-0	0	1	0	0	0	0	100
transition_land_on	16	3775.78	0	357.67	505.201	0	-994.881	1	0	0	-0	0	1	0	0	0	0	100
transition_land_on	18	3784.2	0	340.95	505.201	0	-1005.7	1	0	0	-0	0	1	0	0	0	0	100
transition_land_on	20	3792.62	0	324.05	505.201	0	-1016.52	1	0	0	-0	0	1	0	0	0	0	100
transition_land_on	22	3801.04	0	306.97	505.201	0	-1027.34	1	0	0	-0	0	1	0	0	0	0	100
transition_land_on	24	3809.46	0	289.71	505.201	0	-1038.16	1	0	0	-0	0	1	0	0	0	0	100
transition_land_on	26	3817.88	0	272.27	505.201	0	-1048.98	1	0	0	-0	0	1	0	0	0	0	100
transition_land_on	28	3826.3	0	254.65	505.201	0	-1059.8	1	0	0	-0	0	1	0	0	0	0	100
transition_land_on	30	3834.72	0	236.85	505.201	0	-1070.62	1	0	0	-0	0	1	0	0	0	0	100
transition_land_on	32	3843.14	0	218.87	505.201	0	-1081.44	1	0	0	-0	0	1	0	0	0	0	100
transition_land_on	34	3851.56	0	200.71	505.201	0	-1092.26	1	0	0	-0	0	1	0	0	0	0	100
transition_land_on	36	3859.98	0	182.37	505.201	0	-1103.08	1	0	0	-0	0	1	0	0	0	0	100
transition_land_on	38	3868.4	0	163.85	505.201	0	-1113.9	1	0	0	-0	0	1	0	0	0	0	100
transition_land_on	40	3876.82	0	145.15	505.201	0	-1124.72	1	0	0	-0	0	1	0	0	0	0	100
transition_land_on	42	3885.24	0	126.27	505.201	0	-1135.54	1	0	0	-0	0	1	0	0	0	0	100
transition_land_on	44	3893.66	0	107.21	505.201	0	-1146.36	1	0	0	-0	0	1	0	0	0	0	100
transition_land_on	46	3902.08	0	87.97	505.201	0	-1157.18	1	0	0	-0	0	1	0	0	0	0	100
transition_land_on	48	3910.5	0	68.55	505.201	0	-1168	1	0	0	-0	0	1	0	0	0	0	100
transition_land_on	50	3918.5	0	49.75	454.781	0	-1082.37	0.999735	0	0.0230077	-0.0230077	0	0.999735	0	-2.75751	0	0	100
transition_land_on	52	3922.07	0	37.67	176.941	0	-660.411	0.974166	0	0.225831	-0.225831	0	0.974166	0	-5.50001	0	0	100
transition_land_on	54	3923.11	0	30.95	33.261	0	-336.551	0.944132	0	0.329568	-0.329568	0	0.944132	0	-5.50001	0	1	100
transition_land_on	56	3922.27	0	29.27	-66.821	0	-50.371	0.933234	0	0.359269	-0.359269	0	0.933234	0	-1.19411	0	1	100
transition_land_on	58	3920.84	0	29.48	-88.561	0	23.631	0.93171	0	0.363202	-0.363202	0	0.93171	0	-0.07031	0	1	100
transition_land_on	60	3919.37	0	29.99	-87.151	0	30.961	0.931919	0	0.362666	-0.362666	0	0.931919	0	0.04271	0	1	100
transition_land_on	62	3917.98	0	30.47	-81.711	0	27.451	0.932301	0	0.361683	-0.361683	0	0.932301	0	0.07031	0	1	100
transition_land_on	64	3916.71	0	30.87	-74.651	0	23.841	0.932958	0	0.359984	-0.359984	0	0.932958	0	0.14211	0	1	100
transition_land_on	66	3915.56	0	31.23	-67.531	0	20.481	0.934127	0	0.356941	-0.356941	0	0.934127	0	0.20811	0	1	100
transition_land_on	68	3914.53	0	31.51	-60.361	0	15.661	0.935455	0	0.353446	-0.353446	0	0.935455	0	0.22811	0	1	100
transition_land_on	70	3913.62	0	31.71	-53.381	0	10.881	0.93677	0	0.349946	-0.349946	0	0.93677	0	0.22381	0	1	100
transition_land_on	72	3912.81	0	31.84	-46.671	0	6.831	0.938005	0	0.346621	-0.346621	0	0.938005	0	0.20721	0	1	100
transition_land_on	74	3912.11	0	31.91	-40.231	0	3.691	0.939097	0	0.343651	-0.343651	0	0.939097	0	0.18451	0	1	100
transition_land_on	76	3911.52	0	31.94	-34.051	0	1.501	0.940049	0	0.341039	-0.341039	0	0.940049	0	0.15941	0	1	100
transition_land_on	78	3911.03	0	31.95	-28.091	0	0.151	0.940831	0	0.338875	-0.338875	0	0.940831	0	0.13271	0	1	100
transition_land_on	80	3910.81	0	32	-1.511	0	5.631	0.941091	0	0.338153	-0.338153	0	0.941091	0	-0.02691	0	1	100
transition_land_on	82	3910.76	0	32.06	-2.021	0	3.241	0.941091	0	0.338153	-0.338153	0	0.941091	0	-0.00131	0	1	100
transition_land_on	84	3910.73	0	32.1	-1.561	0	2.041	0.941123	0	0.338063	-0.338063	0	0.941123	0	0.00571	0	1	100
transition_land_on	86	3910.71	0	32.12	-1.281	0	1.321	0.941156	0	0.337973	-0.337973	0	0.941156	0	0.00781	0	1	100
transition_land_on	88	3910.69	0	32.14	-1.131	0	0.881	0.941188	0	0.337883	-0.337883	0	0.941188	0	0.00811	0	1	100
transition_land_on	90	3910.67	0	32.15	-1.041	0	0.541	0.941253	0	0.337702	-0.337702	0	0.941253	0	0.00781	0	1	100
transition_land_on	92	3910.65	0	32.15	-1.001	0	0.351	0.941285	0	0.337612	-0.337612	0	0.941285	0	0.00741	0	1	100
transition_land_on	94	3910.63	0	32.15	-0.981	0	0.241	0.941318	0	0.337522	-0.337522	0	0.941318	0	0.00701	0	1	100
transition_land_on	96	3910.61	0	32.15	-0.961	0	0.161	0.94135	0	0.337431	-0.337431	0	0.94135	0	0.00671	0	1	100
transition_land_on	98	3910.59	0	32.15	-0.951	0	0.101	0.941415	0	0.337251	-0.337251	0	0.941415	0	0.00661	0	1	100
transition_land_on	100	3910.57	0	32.15	-0.941	0	0.041	0.941447	0	0.337161	-0.337161	0	0.941447	0	0.00641	0	1	100
transition_land_on	102	3910.55	0	32.15	-0.921	0	-0.011	0.941479	0	0.33707	-0.33707	0	0.941479	0	0.00621	0	1	100
transition_land_on	104	3910.53	0	32.15	-0.911	0	-0.051	0.941512	0	0.33698	-0.33698	0	0.941512	0	0.00621	0	1	100
transition_land_on	106	3910.51	0	32.15	-0.901	0	-0.111	0.941544	0	0.33689	-0.33689	0	0.941544	0	0.00611	0	1	100
transition_land_on	108	3910.49	0	32.15	-0.891	0	-0.161	0.941576	0	0.3368	-0.3368	0	0.941576	0	0.00601	0	1	100
transition_land_on	110	3910.47	0	32.15	-0.881	0	-0.221	0.941609	0	0.336709	-0.336709	0	0.941609	0	0.00591	0	1	100
transition_land_on	112	3910.45	0	32.15	-0.861	0	-0.281	0.941673	0	0.336529	-0.336529	0	0.941673	0	0.00601	0	1	100
transition_land_on	114	3910.43	0	32.15	-0.841	0	-0.341	0.941705	0	0.336438	-0.336438	0	0.941705	0	0.00601	0	1	100
transition_land_on	116	3910.41	0	32.15	-0.821	0	-0.411	0.941738	0	0.336348	-0.336348	0	0.941738	0	0.00601	0	1	100
transition_land_on	118	3910.39	0	32.15	-0.801	0	-0.491	0.94177	0	0.336258	-0.336258	0	0.94177	0	0.00591	0	1	100
transition_land_on	120	3910.37	0	32.15	-0.781	0	-0.571	0.941802	0	0.336168	-0.336168	0	0.941802	0	0.00591	0	1	100
transition_land_on	122	3910.35	0	32.13	-0.761	0	-0.611	0.941834	0	0.336077	-0.336077	0	0.941834	0	0.00591	0	1	100
transition_land_on	124	3910.33	0	32.13	-0.771	0	-0.571	0.941867	0	0.335987	-0.335987	0	0.941867	0	0.00601	0	1	100
transition_land_on	126	3910.31	0	32.13	-0.771	0	-0.581	0.941899	0	0.335897	-0.335897	0	0.941899	0	0.00601	0	1	100
transition_land_on	128	3910.29	0	32.12	-0.771	0	-0.581	0.941963	0	0.335716	-0.335716	0	0.941963	0	0.00601	0	1	100
transition_land_on	130	3910.27	0	32.12	-0.771	0	-0.591	0.941995	0	0.335626	-0.335626	0	0.941995	0	0.00601	0	1	100
transition_land_on	132	3910.25	0	32.11	-0.771	0	-0.581	0.942028	0	0.335535	-0.335535	0	0.942028	0	0.00591	0	1	100
transition_land_on	134	3910.23	0	32.11	-0.771	0	-0.591	0.94206	0	0.335445	-0.335445	0	0.94206	0	0.00591	0	1	100
transition_land_on	136	3910.21	0	32.1	-0.771	0	-0.581	0.942092	0	0.335355	-0.335355	0	0.942092	0	0.00591	0	1	100
transition_land_on	138	3910.19	0	32.1	-0.771	0	-0.591	0.942124	0	0.335265	-0.335265	0	0.942124	0	0.00591	0	1	100
transition_land_on	140	3910.17	0	32.09	-0.771	0	-0.591	0.942156	0	0.335174	-0.335174	0	0.942156	0	0.00591	0	1	100
transition_land_on	142	3910.15	0	32.08	-0.771	0	-0.601	0.94222	0	0.334994	-0.334994	0	0.94222	0	0.00591	0	1	100
transition_land_on	144	3910.13	0	32.08	-0.781	0	-0.561	0.942253	0	0.334903	-0.334903	0	0.942253	0	0.00591	0	1	100
transition_land_on	146	3910.11	0	32.08	-0.781	0	-0.571	0.942285	0	0.334813	-0.334813	0	0.942285	0	0.00591	0	1	100
transition_land_on	148	3910.09	0	32.07	-0.771	0	-0.621	0.942317	0	0.334722	-0.334722	0	0.942317	0	0.00581	0	1	100
transition_land_on	150	3910.07	0	32.06	-0.781	0	-0.571	0.942349	0	0.334632	-0.334632	0	0.942349	0	0.00591	0	1	100
transition_land_on	152	3910.05	0	32.06	-0.781	0	-0.551	0.942381	0	0.334542	-0.334542	0	0.942381	0	0.00611	0	1	100
transition_land_on	154	3910.03	0	32.06	-0.771	0	-0.581	0.942413	0	0.334451	-0.334451	0	0.942413	0	0.00621	0	1	100
transition_land_on	156	3910.01	0	32.05	-0.761	0	-0.591	0.942445	0	0.334361	-0.334361	0	0.942445	0	0.00621	0	1	100
transition_land_on	158	3909.99	0	32.04	-0.761	0	-0.601	0.942477	0	0.334271	-0.334271	0	0.942477	0	0.00621	0	1	100
transition_land_on	160	3909.97	0	32.04	-0.771	0	-0.571	0.942509	0	0.33418	-0.33418	0	0.942509	0	0.00621	0	1	100
transition_land_on	162	3909.95	0	32.04	-0.771	0	-0.581	0.942573	0	0.334	-0.334	0	0.942573	0	0.00621	0	1	100
transition_land_on	164	3909.93	0	32.03	-0.771	0	-0.591	0.942605	0	0.333909	-0.333909	0	0.942605	0	0.00611	0	1	100
transition_land_on	166	3909.91	0	32.02	-0.761	0	-0.601	0.942637	0	0.333819	-0.333819	0	0.942637	0	0.00611	0	1	100
transition_land_on	168	3909.89	0	32.02	-0.771	0	-0.571	0.942669	0	0.333729	-0.333729	0	0.942669	0	0.00611	0	1	100
transition_land_on	170	3909.87	0	32.02	-0.771	0	-0.591	0.942701	0	0.333638	-0.333638	0	0.942701	0	0.00611	0	1	100
transition_land_on	172	3909.85	0	32	-0.761	0	-0.601	0.942733	0	0.333548	-0.333548	0	0.942733	0	0.00611	0	1	100
transition_land_on	174	3909.83	0	32	-0.781	0	-0.541	0.942765	0	0.333457	-0.333457	0	0.942765	0	0.00611	0	1	100
transition_land_on	176	3909.81	0	32	-0.781	0	-0.551	0.942829	0	0.333277	-0.333277	0	0.942829	0	0.00611	0	1	100
transition_land_on	178	3909.79	0	32	-0.771	0	-0.581	0.942861	0	0.333186	-0.333186	0	0.942861	0	0.00601	0	1	100
transition_land_on	180	3909.77	0	31.98	-0.771	0	-0.601	0.942893	0	0.333096	-0.333096	0	0.942893	0	0.00601	0	1	100
transition_land_on	182	3909.75	0	31.98	-0.781	0	-0.541	0.942925	0	0.333005	-0.333005	0	0.942925	0	0.00601	0	1	100
transition_land_on	184	3909.73	0	31.98	-0.781	0	-0.551	0.942957	0	0.332915	-0.332915	0	0.942957	0	0.00601	0	1	100
transition_land_on	186	3909.71	0	31.98	-0.771	0	-0.581	0.942989	0	0.332825	-0.332825	0	0.942989	0	0.00601	0	1	100
transition_land_on	188	3909.69	0	31.96	-0.771	0	-0.601	0.943021	0	0.332734	-0.332734	0	0.943021	0	0.00591	0	1	100
transition_land_on	190	3909.67	0	31.96	-0.791	0	-0.541	0.943084	0	0.332553	-0.332553	0	0.943084	0	0.00591	0	1	100
transition_land_on	192	3909.65	0	31.96	-0.791	0	-0.551	0.943116	0	0.332463	-0.332463	0	0.943116	0	0.00591	0	1	100
transition_land_on	194	3909.63	0	31.96	-0.781	0	-0.581	0.943148	0	0.332373	-0.332373	0	0.943148	0	0.00591	0	1	100
transition_land_on	196	3909.61	0	31.94	-0.771	0	-0.601	0.94318	0	0.332282	-0.332282	0	0.94318	0	0.00591	0	1	100
transition_land_on	198	3909.59	0	31.94	-0.781	0	-0.551	0.943212	0	0.332192	-0.332192	0	0.943212	0	0.00591	0	1	100
transition_land_tilted	0	3708.34	0	484.82	500.861	0	-913.641	1	0	0	0	-0.717336	0.696728	0	0	0	0	100
transition_land_tilted	2	3716.68	0	469.46	500.861	0	-924.461	1	0	0	0	-0.717336	0.696728	0	0	0	0	100
transition_land_tilted	4	3725.02	0	453.92	500.861	0	-935.281	1	0	0	0	-0.717336	0.696728	0	0	0	0	100
transition_land_tilted	6	3733.36	0	438.2	500.861	0	-946.101	1	0	0	0	-0.717336	0.696728	0	0	0	0	100
transition_land_tilted	8	3741.7	0	422.3	500.861	0	-956.921	1	0	0	0	-0.717336	0.696728	0	0	0	0	100
transition_land_tilted	10	3750.04	0	406.22	500.861	0	-967.741	1	0	0	0	-0.717336	0.696728	0	0	0	0	100
transition_land_tilted	12	3758.38	0	389.96	500.861	0	-978.561	1	0	0	0	-0.717336	0.696728	0	0	0	0	100
transition_land_tilted	14	3766.72	0	373.52	500.861	0	-989.381	1	0	0	0	-0.717336	0.696728	0	0	0	0	100
transition_land_tilted	16	3775.06	0	356.89	500.861	0	-1000.2	1	0	0	0	-0.717336	0.696728	0	0	0	0	100
transition_land_tilted	18	3783.4	0	340.08	500.861	0	-1011.02	1	0	0	0	-0.717336	0.696728	0	0	0	0	100
transition_land_tilted	20	3791.74	0	323.09	500.861	0	-1021.84	1	0	0	0	-0.717336	0.696728	0	0	0	0	100
transition_land_tilted	22	3800.08	0	305.92	500.861	0	-1032.66	1	0	0	0	-0.717336	0.696728	0	0	0	0	100
transition_land_tilted	24	3808.42	0	288.57	500.861	0	-1043.48	1	0	0	0	-0.717336	0.696728	0	0	0	0	100
transition_land_tilted	26	3816.76	0	271.04	500.861	0	-1054.3	1	0	0	0	-0.717336	0.696728	0	0	0	0	100
transition_land_tilted	28	3825.1	0	253.33	500.861	0	-1065.12	1	0	0	0	-0.717336	0.696728	0	0	0	0	100
transition_land_tilted	30	3833.44	0	235.44	500.861	0	-1075.94	1	0	0	0	-0.717336	0.696728	0	0	0	0	100
transition_land_tilted	32	3841.78	0	217.37	500.861	0	-1086.76	1	0	0	0	-0.717336	0.696728	0	0	0	0	100
transition_land_tilted	34	3850.12	0	199.12	500.861	0	-1097.58	1	0	0	0	-0.717336	0.696728	0	0	0	0	100
transition_land_tilted	36	3858.46	0	180.69	500.861	0	-1108.4	1	0	0	0	-0.717336	0.696728	0	0	0	0	100
transition_land_tilted	38	3866.8	0	162.08	500.861	0	-1119.22	1	0	0	0	-0.717336	0.696728	0	0	0	0	100
transition_land_tilted	40	3875.14	0	143.29	500.861	0	-1130.04	1	0	0	0	-0.717336	0.696728	0	0	0	0	100
transition_land_tilted	42	3883.48	0	124.32	500.861	0	-1140.86	1	0	0	0	-0.717336	0.696728	0	0	0	0	100
transition_land_tilted	44	3891.82	0	105.17	500.861	0	-1151.68	1	0	0	0	-0.717336	0.696728	0	0	0	0	100
transition_land_tilted	46	3900.16	0	85.84	500.861	0	-1162.5	1	0	0	0	-0.717336	0.696728	0	0	0	0	100
transition_land_tilted	48	3908.5	0	66.33	500.861	0	-1173.32	1	0	0	0	-0.717336	0.696728	0	0	0	0	100
transition_land_tilted	50	3910.5	-0.34	54.83	119.111	-2.641	-686.311	0.980668	-0.0889984	0.174267	-0.193784	-0.565301	0.8018	-3.79311	-3.69021	-1.49801	0	100
transition_land_tilted	52	3911.73	0.06	45.1	62.111	31.001	-544.071	0.957428	-0.095967	0.272252	-0.284419	-0.474887	0.83282	-4.23531	-3.30001	-1.19201	0	100
transition_land_tilted	54	3912.13	0.76	38.34	11.071	46.191	-343.531	0.940934	-0.0923096	0.325764	-0.336238	-0.367938	0.866929	-5.18641	-1.13211	-1.43851	0	100
transition_land_tilted	56	3911.94	1.76	34.48	-17.871	63.041	-202.111	0.936104	-0.0842302	0.34149	-0.351583	-0.251613	0.90171	-5.29511	-0.16811	-1.47761	1	100
transition_land_tilted	58	3911.43	2.92	32.33	-32.771	70.691	-110.751	0.935637	-0.0765975	0.344551	-0.352654	-0.162058	0.921614	-5.11171	0.36751	-1.40781	1	100
transition_land_tilted	60	3910.84	4.12	31.02	-36.021	71.921	-69.541	0.93682	-0.0703684	0.342661	-0.348034	-0.0888805	0.933259	-3.97941	0.45671	-1.08931	1	100
transition_land_tilted	62	3910.22	5.29	30.21	-37.111	69.411	-41.661	0.938288	-0.065957	0.339506	-0.342272	-0.0361649	0.938905	-2.77521	0.41391	-0.74901	1	100
transition_land_tilted	64	3909.57	6.38	29.91	-40.691	63.891	-6.401	0.939752	-0.0630727	0.335987	-0.337042	-0.00658607	0.941467	-1.23151	0.29811	-0.29041	1	100
transition_land_tilted	66	3908.9	7.35	30.04	-39.631	55.811	10.521	0.941125	-0.0612617	0.332463	-0.332945	0.00245862	0.942943	-0.40481	0.25591	-0.02991	1	100
transition_land_tilted	68	3908.3	8.18	30.24	-34.671	47.801	11.621	0.94248	-0.0594446	0.328934	-0.329181	0.00587286	0.944249	-0.18871	0.23561	0.05021	1	100
transition_land_tilted	70	3907.79	8.89	30.42	-29.161	40.611	10.241	0.943731	-0.0575253	0.325673	-0.325813	0.00718153	0.945407	-0.08951	0.20341	0.09261	1	100
transition_land_tilted	72	3907.55	9.48	30.62	-2.991	33.131	14.371	0.944415	-0.055477	0.324041	-0.324136	0.00751605	0.945981	-0.04501	0.03431	0.11191	1	100
transition_land_tilted	74	3907.52	9.99	30.81	-1.381	30.331	10.451	0.944679	-0.0546746	0.323406	-0.323498	0.00739113	0.9462	-0.00591	0.04061	0.03501	1	100
transition_land_tilted	76	3907.5	10.46	30.94	-0.691	27.911	7.681	0.944912	-0.0544154	0.322771	-0.322867	0.00726157	0.946417	0.01051	0.03771	0.01551	1	100
transition_land_tilted	78	3907.5	10.89	31.05	-0.381	25.751	5.721	0.945102	-0.0543355	0.322226	-0.322339	0.00691217	0.946599	0.01551	0.03141	0.01061	1	100
transition_land_tilted	80	3907.5	11.3	31.13	-0.261	23.791	4.281	0.945231	-0.0542519	0.321863	-0.321993	0.00657328	0.946719	0.01531	0.02441	0.00951	1	100
transition_land_tilted	82	3907.5	11.67	31.19	-0.231	22.011	3.191	0.945359	-0.0541684	0.3215	-0.321646	0.00623444	0.946839	0.01301	0.01811	0.00951	1	100
transition_land_tilted	84	3907.5	12.02	31.23	-0.241	20.371	2.391	0.945456	-0.054083	0.321228	-0.32138	0.00609232	0.946931	0.01021	0.01311	0.00971	1	100
transition_land_tilted	86	3907.5	12.34	31.26	-0.271	18.841	1.791	0.945492	-0.0539941	0.321137	-0.3213	0.00586487	0.946959	0.00771	0.00931	0.00951	1	100
transition_land_tilted	88	3907.5	12.63	31.28	-0.321	17.381	1.371	0.945559	-0.053907	0.320955	-0.321124	0.005728	0.94702	0.00591	0.00661	0.00871	1	100
transition_land_tilted	90	3907.5	12.9	31.3	-0.371	15.991	1.071	0.945595	-0.0538181	0.320864	-0.321039	0.00559632	0.947049	0.00461	0.00471	0.00791	1	100
transition_land_tilted	92	3907.5	13.15	31.32	-0.411	14.671	0.801	0.9456	-0.0537274	0.320864	-0.32104	0.00556554	0.947049	0.00351	0.00341	0.00721	1	100
transition_land_tilted	94	3907.5	13.38	31.33	-0.441	13.431	0.561	0.945636	-0.0536385	0.320774	-0.320955	0.00543388	0.947079	0.00261	0.00241	0.00661	1	100
transition_land_tilted	96	3907.5	13.59	31.33	-0.491	12.261	0.431	0.945641	-0.0535478	0.320774	-0.320955	0.00540311	0.947079	0.00191	0.00181	0.00601	1	100
transition_land_tilted	98	3907.5	13.78	31.33	-0.541	11.161	0.371	0.945646	-0.0534572	0.320774	-0.320961	0.0052766	0.947078	0.00131	0.00151	0.00561	1	100
transition_land_tilted	100	3907.5	13.95	31.33	-0.601	10.131	0.331	0.945682	-0.0533682	0.320683	-0.320866	0.00533645	0.94711	0.00091	0.00141	0.00531	1	100
transition_land_tilted	102	3907.48	14.11	31.33	-0.651	9.161	0.301	0.945687	-0.0532776	0.320683	-0.320871	0.00520995	0.947108	0.00051	0.00151	0.00511	1	100
transition_land_tilted	104	3907.46	14.25	31.33	-0.671	8.251	0.251	0.945692	-0.0531869	0.320683	-0.320872	0.00517919	0.947108	0.00031	0.00221	0.00491	1	100
transition_land_tilted	106	3907.44	14.38	31.33	-0.681	7.411	0.201	0.945728	-0.0530979	0.320592	-0.320782	0.00514333	0.947139	0.00011	0.00311	0.00471	1	100
transition_land_tilted	108	3907.42	14.5	31.33	-0.681	6.631	0.141	0.945733	-0.0530073	0.320592	-0.320777	0.00520832	0.94714	0	0.00391	0.00451	1	100
transition_land_tilted	110	3907.4	14.6	31.33	-0.691	5.901	0.081	0.945764	-0.053009	0.320501	-0.320686	0.00520324	0.947171	0	0.00451	0.00431	1	100
transition_land_tilted	112	3907.38	14.69	31.33	-0.701	5.231	0.021	0.945799	-0.05292	0.32041	-0.320596	0.00516742	0.947202	0	0.00511	0.00421	1	100
transition_land_tilted	114	3907.36	14.77	31.33	-0.721	4.291	-0.021	0.945835	-0.0528311	0.32032	-0.320511	0.00503588	0.947231	-0.00181	0.00551	0.00951	1	100
transition_land_tilted	116	3907.34	14.82	31.33	-0.771	2.961	-0.081	0.945871	-0.0527421	0.320229	-0.320421	0.00500009	0.947262	-0.00041	0.00591	0.00461	1	100
transition_land_tilted	118	3907.32	14.86	31.33	-0.791	2.001	-0.141	0.945907	-0.0526531	0.320138	-0.320326	0.00506007	0.947294	0.00021	0.00631	0.00361	1	100
transition_land_tilted	120	3907.3	14.88	31.33	-0.801	1.321	-0.211	0.945942	-0.0525641	0.320047	-0.320236	0.00502432	0.947325	0.00041	0.00651	0.00321	1	100
transition_land_tilted	122	3907.28	14.9	31.33	-0.801	0.841	-0.271	0.945973	-0.0525658	0.319956	-0.320145	0.00501928	0.947355	0.00041	0.00681	0.00291	1	100
transition_land_tilted	124	3907.26	14.91	31.33	-0.801	0.491	-0.341	0.946009	-0.0524768	0.319865	-0.320055	0.00498355	0.947386	0.00031	0.00711	0.00271	1	100
transition_land_tilted	126	3907.24	14.91	31.33	-0.791	0.251	-0.421	0.94607	-0.0524802	0.319684	-0.319873	0.00497349	0.947447	0.00031	0.00721	0.00251	1	100
transition_land_tilted	128	3907.22	14.91	31.33	-0.781	0.071	-0.501	0.946105	-0.0523912	0.319593	-0.319783	0.0049378	0.947478	0.00031	0.00701	0.00251	1	100
transition_land_tilted	130	3907.2	14.91	31.33	-0.771	-0.051	-0.581	0.946136	-0.0523929	0.319502	-0.319692	0.00493278	0.947509	0.00031	0.00681	0.00241	1	100
transition_land_tilted	132	3907.18	14.91	31.31	-0.761	-0.131	-0.621	0.946172	-0.0523039	0.319411	-0.319597	0.00499286	0.94754	0.00031	0.00671	0.00241	1	100
transition_land_tilted	134	3907.16	14.91	31.31	-0.781	-0.181	-0.581	0.946202	-0.0523056	0.31932	-0.319507	0.00498784	0.947571	0.00031	0.00671	0.00231	1	100
transition_land_tilted	136	3907.14	14.91	31.31	-0.781	-0.221	-0.591	0.946238	-0.0522166	0.319229	-0.319416	0.0049522	0.947602	0.00031	0.00671	0.00231	1	100
transition_land_tilted	138	3907.12	14.91	31.29	-0.781	-0.251	-0.601	0.946299	-0.0522199	0.319048	-0.319235	0.00494219	0.947663	0.00031	0.00661	0.00231	1	100
transition_land_tilted	140	3907.1	14.91	31.29	-0.791	-0.271	-0.541	0.946334	-0.0521309	0.318957	-0.319145	0.00490659	0.947693	0.00031	0.00671	0.00231	1	100
transition_land_tilted	142	3907.08	14.91	31.29	-0.791	-0.291	-0.541	0.946365	-0.0521326	0.318866	-0.319054	0.00490159	0.947724	0.00031	0.00671	0.00231	1	100
transition_land_tilted	144	3907.05	14.91	31.29	-0.781	-0.291	-0.591	0.946431	-0.0520452	0.318684	-0.318873	0.00486102	0.947785	0.00031	0.00661	0.00231	1	100
transition_land_tilted	147	3907.03	14.91	31.27	-0.781	-0.291	-0.611	0.946461	-0.0520469	0.318593	-0.318782	0.00485603	0.947816	0.00031	0.00661	0.00231	1	100
transition_land_tilted	149	3907.01	14.91	31.27	-0.791	-0.291	-0.561	0.946497	-0.0519578	0.318503	-0.318687	0.00491623	0.947847	0.00031	0.00661	0.00231	1	100
transition_land_tilted	151	3906.99	14.91	31.27	-0.791	-0.291	-0.571	0.946527	-0.0519595	0.318412	-0.318596	0.00491125	0.947878	0.00031	0.00661	0.00231	1	100
transition_land_tilted	153	3906.97	14.91	31.26	-0.781	-0.291	-0.611	0.946563	-0.0518704	0.318321	-0.318506	0.00487573	0.947908	0.00031	0.00651	0.00231	1	100
transition_land_tilted	155	3906.95	14.91	31.25	-0.791	-0.291	-0.561	0.946593	-0.0518721	0.31823	-0.318415	0.00487076	0.947939	0.00031	0.00651	0.00231	1	100
transition_land_tilted	157	3906.93	14.91	31.25	-0.801	-0.291	-0.541	0.946629	-0.051783	0.318139	-0.318325	0.00483527	0.947969	0.00031	0.00651	0.00231	1	100
transition_land_tilted	159	3906.91	14.91	31.25	-0.791	-0.291	-0.561	0.94669	-0.0517863	0.317957	-0.318143	0.00482534	0.94803	0.00031	0.00651	0.00231	1	100
transition_land_tilted	161	3906.89	14.91	31.24	-0.781	-0.291	-0.611	0.946725	-0.0516972	0.317866	-0.318053	0.00478988	0.948061	0.00031	0.00641	0.00231	1	100
transition_land_tilted	163	3906.87	14.91	31.23	-0.791	-0.291	-0.561	0.946756	-0.0516989	0.317775	-0.317967	0.00468918	0.94809	0.00031	0.00641	0.00231	1	100
transition_land_tilted	165	3906.85	14.91	31.23	-0.801	-0.291	-0.551	0.946791	-0.0516098	0.317684	-0.317867	0.00484524	0.948123	0.00031	0.00651	0.00231	1	100
transition_land_tilted	167	3906.83	14.91	31.23	-0.791	-0.291	-0.571	0.946821	-0.0516114	0.317594	-0.317777	0.00484029	0.948153	0.00031	0.00641	0.00231	1	100
transition_land_tilted	169	3906.81	14.91	31.22	-0.781	-0.291	-0.621	0.946857	-0.0515223	0.317503	-0.317686	0.00480488	0.948184	0.00031	0.00631	0.00231	1	100
transition_land_tilted	171	3906.79	14.91	31.21	-0.791	-0.291	-0.571	0.946887	-0.051524	0.317412	-0.317595	0.00479994	0.948214	0.00031	0.00631	0.00231	1	100
transition_land_tilted	173	3906.77	14.91	31.21	-0.801	-0.291	-0.551	0.946922	-0.0514348	0.317321	-0.317505	0.00476457	0.948245	0.00031	0.00631	0.00231	1	100
transition_land_tilted	175	3906.75	14.91	31.21	-0.801	-0.291	-0.581	0.946983	-0.0514381	0.317139	-0.317324	0.0047547	0.948305	0.00031	0.00631	0.00231	1	100
transition_land_tilted	177	3906.73	14.91	31.2	-0.791	-0.291	-0.591	0.947018	-0.051349	0.317048	-0.317238	0.00462361	0.948335	0.00031	0.00621	0.00231	1	100
transition_land_tilted	179	3906.71	14.91	31.19	-0.791	-0.291	-0.601	0.947049	-0.0513506	0.316957	-0.317147	0.00461869	0.948365	0.00031	0.00621	0.00231	1	100
transition_land_tilted	181	3906.69	14.91	31.19	-0.801	-0.291	-0.571	0.947084	-0.0512615	0.316866	-0.317047	0.00477486	0.948398	0.00031	0.00621	0.00221	1	100
transition_land_tilted	183	3906.67	14.91	31.19	-0.791	-0.291	-0.591	0.947114	-0.0512631	0.316775	-0.316956	0.00476995	0.948428	0.00031	0.00611	0.00221	1	100
transition_land_tilted	185	3906.65	14.91	31.17	-0.801	-0.291	-0.601	0.947145	-0.0512648	0.316684	-0.316866	0.00476504	0.948458	0.00031	0.00611	0.00221	1	100
transition_land_tilted	187	3906.63	14.91	31.17	-0.811	-0.291	-0.541	0.94718	-0.0511756	0.316593	-0.316775	0.00472975	0.948489	0.00031	0.00621	0.00221	1	100
transition_land_tilted	189	3906.61	14.91	31.17	-0.811	-0.291	-0.541	0.94724	-0.0511789	0.316411	-0.316599	0.00462419	0.948548	0.00031	0.00621	0.00221	1	100
transition_land_tilted	191	3906.59	14.91	31.17	-0.801	-0.291	-0.571	0.947276	-0.0510897	0.316321	-0.316508	0.00458894	0.948579	0.00031	0.00611	0.00221	1	100
transition_land_tilted	193	3906.57	14.91	31.16	-0.801	-0.291	-0.591	0.947306	-0.0510913	0.31623	-0.316417	0.00458404	0.948609	0.00031	0.00601	0.00221	1	100
transition_land_tilted	195	3906.55	14.91	31.15	-0.801	-0.291	-0.601	0.947341	-0.0510021	0.316139	-0.316327	0.00454881	0.948639	0.00031	0.00601	0.00221	1	100
transition_land_tilted	197	3906.53	14.91	31.15	-0.801	-0.291	-0.581	0.947371	-0.0510038	0.316048	-0.316236	0.00454392	0.94867	0.00031	0.00601	0.00221	1	100
transition_land_tilted	199	3906.51	14.91	31.14	-0.801	-0.291	-0.601	0.947406	-0.0509145	0.315957	-0.316136	0.00470022	0.948702	0.00031	0.00591	0.00221	1	100
transition_backwall_flip	0	0	4423.22	17.04	0	1391.24	1.851	-4.37113e-08	0.999999	-0.00162985	-7.12432e-11	0.00162985	0.999999	-0.10151	0.00021	0	1	100
transition_backwall_flip	2	0	4446.45	22.03	0	1394.55	301.561	-4.37112e-08	0.999995	-0.0032597	-1.42486e-10	0.0032597	0.999995	-0.10131	0.00021	0	0	100
transition_backwall_flip	4	0	4469.72	27.06	0	1397.34	297.451	-4.37108e-08	0.999988	-0.00498542	-2.1792e-10	0.00498542	0.999988	-0.10111	0.00021	0	1	100
transition_backwall_flip	6	0	4493.05	31.81	0	1400.06	281.191	-4.37104e-08	0.999978	-0.00661524	-2.89162e-10	0.00661524	0.999978	-0.10091	0.00021	0	1	100
transition_backwall_flip	8	0	4516.39	36.32	0	1400.61	267.641	-4.37099e-08	0.999965	-0.00834092	-3.64593e-10	0.00834092	0.999965	-0.09841	0.00021	0	0	100
transition_backwall_flip	10	0	4539.75	40.65	0	1401.71	256.781	-4.37093e-08	0.999951	-0.00987484	-4.31643e-10	0.00987484	0.999951	-0.09371	0.00021	0	0	100
transition_backwall_flip	12	0	4563.13	44.79	0	1402.81	245.921	-4.37085e-08	0.999935	-0.0114087	-4.98692e-10	0.0114087	0.999935	-0.08921	0.00021	0	0	100
transition_backwall_flip	14	0	4586.52	48.75	0	1403.91	235.061	-4.37078e-08	0.999917	-0.0128467	-5.61549e-10	0.0128467	0.999917	-0.08491	0.00021	0	0	100
transition_backwall_flip	16	0	4609.93	52.53	0	1405.01	224.201	-4.3707e-08	0.999899	-0.0141888	-6.20214e-10	0.0141888	0.999899	-0.08081	0.00021	0	0	100
transition_backwall_flip	18	0	4633.36	56.13	0	1406.11	213.341	-4.37062e-08	0.999881	-0.0154351	-6.74688e-10	0.0154351	0.999881	-0.07691	0.00021	0	0	100
transition_backwall_flip	20	0	4656.81	59.55	0	1407.21	202.481	-4.37053e-08	0.999861	-0.0166813	-7.29161e-10	0.0166813	0.999861	-0.07321	0.00021	0	0	100
transition_backwall_flip	22	0	4680.28	62.79	0	1408.31	191.621	-4.37044e-08	0.999839	-0.0179274	-7.83633e-10	0.0179274	0.999839	-0.06961	0.00021	0	0	100
transition_backwall_flip	24	0	4703.77	65.85	0	1409.41	180.761	-4.37035e-08	0.99982	-0.0189819	-8.29724e-10	0.0189819	0.99982	-0.06621	0.00021	0	0	100
transition_backwall_flip	26	0	4727.27	68.73	0	1410.51	169.901	-4.37026e-08	0.999799	-0.0200363	9.58729e-05	0.0200363	0.999799	-0.06301	0.00021	0	0	100
transition_backwall_flip	28	0	4750.79	71.43	0	1411.61	159.041	-4.37017e-08	0.999778	-0.0210907	9.58729e-05	0.0210907	0.999778	-0.05991	0.00021	0	0	100
transition_backwall_flip	30	0	4774.33	73.94	0	1412.71	148.181	-4.37008e-08	0.999757	-0.0220492	9.58728e-05	0.0220492	0.999757	-0.05701	0.00021	0	0	100
transition_backwall_flip	32	0	4806.22	76.27	0	1913.81	137.311	-4.36067e-08	0.997605	-0.0691656	9.58708e-05	0.0691656	0.997605	-3.74291	0.00011	0.00021	0	100
transition_backwall_flip	34	0	4838.13	78.42	0	1914.91	126.371	-4.30396e-08	0.984632	-0.174645	9.58662e-05	0.174645	0.984632	-5.50001	0	0.00031	0	100
transition_backwall_flip	36	0	4870.06	80.39	0	1915.99	115.301	-4.18085e-08	0.956466	-0.291844	9.5861e-05	0.291844	0.956466	-5.50001	0	0.00031	0	100
transition_backwall_flip	38	0	4902.01	82.17	0	1917.04	104.111	-3.99716e-08	0.914443	-0.404715	9.58561e-05	0.404715	0.914443	-5.50001	0	0.00031	0	100
transition_backwall_flip	40	0	4933.97	83.76	0	1918.03	92.781	-8.23779e-05	0.859106	-0.511798	4.67985e-05	0.511798	0.859106	-5.50001	0	0.00031	0	100
transition_backwall_flip	42	0	4965.95	85.17	0	1918.96	81.341	-7.58749e-05	0.791287	-0.611445	3.72435e-05	0.611445	0.791287	-5.50001	0	0.00031	0	100
transition_backwall_flip	44	0	4997.94	86.38	0	1919.81	69.791	-6.82695e-05	0.711971	-0.702209	-6.73334e-05	0.702209	0.711971	-5.50001	0	0.00031	0	100
transition_backwall_flip	46	0	5029.94	87.39	0	1920.57	58.151	-5.96794e-05	0.622386	-0.78271	-7.50525e-05	0.78271	0.622386	-5.50001	0	0.00031	0	100
transition_backwall_flip	48	0	5061.96	88.22	0	1921.22	46.411	-5.02157e-05	0.523692	-0.851908	-8.16877e-05	0.851908	0.523692	-5.50001	0	0.00031	0	100
transition_backwall_flip	50	0	5093.98	88.5	0	1921.77	9.861	-8.00268e-05	0.417388	-0.908728	-0.000174233	0.908728	0.417388	-5.50001	0	0.00031	0	100
transition_backwall_flip	52	0	5126.02	88.45	0	1922.2	-5.621	-5.84998e-05	0.305112	-0.952317	-0.00018259	0.952317	0.305112	-5.50001	0	0.00031	0	100
transition_backwall_flip	54	0	5158.06	88.27	0	1922.5	-12.181	-7.22265e-05	0.188315	-0.982109	6.81729e-06	0.982109	0.188315	-5.50001	0	0.00031	0	100
transition_backwall_flip	56	0	5190.1	88.03	0	1922.67	-14.981	-7.91371e-05	0.068783	-0.997632	2.67785e-06	0.997632	0.068783	-5.50001	0	0.00031	0	100
transition_backwall_flip	58	0	5222.14	87.77	0	1922.7	-16.171	-7.9231e-05	-0.0516529	-0.998665	-2.03579e-06	0.998665	-0.0516529	-5.50001	0	0.00031	0	100
transition_backwall_flip	60	0	5254.18	87.49	0	1922.6	-16.681	-8.21829e-05	-0.171434	-0.985196	-0.000294618	0.985196	-0.171434	-5.50001	0	0.00031	0	100
transition_backwall_flip	62	0	5286.22	87.21	0	1922.37	-16.871	-8.30304e-05	-0.288725	-0.957412	-0.000108199	0.957412	-0.288725	-5.50001	0	0.00031	0	100
transition_backwall_flip	64	0	5318.26	86.93	0	1922.01	-16.931	-7.70419e-05	-0.40182	-0.915719	-0.000207955	0.915719	-0.40182	-5.50001	0	0.00031	0	100
transition_backwall_flip	66	0	5350.29	86.65	0	1921.52	-16.911	-9.75908e-05	-0.508995	-0.860769	-0.000218491	0.860769	-0.508995	-5.50001	0	0.00031	0	100
transition_backwall_flip	68	0	5382.31	86.37	0	1920.91	-16.841	-5.83826e-05	-0.608863	-0.793275	-0.000211618	0.793275	-0.608863	-5.50001	0	0.00031	0	100
transition_backwall_flip	70	0	5414.32	86.09	0	1920.2	-16.751	-6.71105e-05	-0.699884	-0.714256	-0.000219195	0.714256	-0.699884	-5.50001	0	0.00031	0	100
transition_backwall_flip	72	0	5446.31	85.81	0	1919.39	-16.641	-7.48576e-05	-0.780677	-0.624934	-0.00022776	0.624934	-0.780677	-5.50001	0	0.00031	0	100
transition_backwall_flip	74	0	5478.29	85.53	0	1918.49	-16.511	-8.15236e-05	-0.850196	-0.526466	-0.000237202	0.526466	-0.850196	-5.50001	0	0.00031	0	100
transition_backwall_flip	76	0	5510.25	85.25	0	1917.52	-16.361	-3.96621e-08	-0.907363	-0.420348	1.05797e-07	0.420348	-0.907363	-5.50001	0	0.00031	0	100
transition_backwall_flip	78	0	5542.2	84.97	0	1916.49	-16.201	-4.15834e-08	-0.951317	-0.308214	1.00895e-07	0.308214	-0.951317	-5.50001	0	0.00031	0	100
transition_backwall_flip	80	0	5574.13	84.71	0	1915.42	-16.021	-4.29023e-08	-0.98149	-0.191516	-9.59869e-05	0.191516	-0.98149	-5.50001	0	0.00031	0	100
transition_backwall_flip	82	0	5606.04	84.45	0	1914.32	-15.841	-4.35978e-08	-0.997402	-0.0720346	-9.59921e-05	0.0720346	-0.997402	-5.50001	0	0.00031	0	100
transition_backwall_flip	84	0	5637.93	84.19	0	1913.2	-15.661	-4.366e-08	-0.998824	0.0484931	-9.59974e-05	-0.0484931	-0.998824	-5.50001	0	0.00031	0	100
transition_backwall_flip	86	0	5669.8	83.93	0	1912.08	-15.471	-4.30885e-08	-0.985749	0.168222	8.00696e-08	-0.168222	-0.985749	-5.50001	0	0.00031	0	100
transition_backwall_flip	88	0	5701.66	83.67	0	1910.99	-15.281	-4.18907e-08	-0.958348	0.285602	7.49387e-08	-0.285602	-0.958348	-5.50001	0	0.00021	0	100
transition_backwall_flip	90	0	5733.5	83.41	0	1909.92	-15.101	-4.00844e-08	-0.917024	0.398833	6.99892e-08	-0.398833	-0.917024	-5.50001	0	0.00021	0	100
transition_backwall_flip	92	0	5765.32	83.16	0	1908.91	-14.921	-3.76977e-08	-0.862424	0.506187	6.52967e-08	-0.506187	-0.862424	-5.50001	0	0.00021	0	100
transition_backwall_flip	94	0	5797.12	82.92	0	1907.96	-14.741	-3.47617e-08	-0.795256	0.606274	-9.60218e-05	-0.606274	-0.795256	-5.50001	0	0.00021	0	100
transition_backwall_flip	96	0	5825.66	88.32	0	1573.16	481.151	6.19389e-05	-0.645737	0.76356	-2.27548e-05	-0.76356	-0.645737	-5.49991	0.00161	0.00051	0	100
transition_backwall_flip	98	0	5851.87	96.22	0	1572.46	471.171	5.26846e-05	-0.549257	0.835654	-1.58396e-05	-0.835654	-0.549257	-5.50001	0.00091	0.00041	0	100
transition_backwall_flip	100	0	5878.07	103.95	0	1571.87	461.271	4.26578e-05	-0.444723	0.895668	-1.0083e-05	-0.895668	-0.444723	-5.50001	0.00051	0.00041	0	100
transition_backwall_flip	102	0	5896.01	117.03	0	1076.27	782.551	6.98029e-05	-0.242701	0.970101	0.000183014	-0.970101	-0.242701	-5.50001	0.00021	0.00011	0	100
transition_backwall_flip	104	0	5913.45	130.39	0	1036.71	807.591	7.14032e-05	-0.124123	0.992267	9.14394e-05	-0.992267	-0.124123	-5.50001	0	0.00021	0	100
transition_backwall_flip	106	0	5930.24	144.15	0.021	998.001	831.021	7.84582e-05	0.00124394	0.999999	0.000191807	-0.999999	0.00124392	-5.50001	0	0.00031	0	100
transition_backwall_flip	108	0	5946.48	158.21	0.031	967.231	847.481	7.37558e-05	0.128213	0.991747	0.000100604	-0.991747	0.128213	-5.50001	0	0.00031	0	100
transition_backwall_flip	110	0	5961.34	172.88	0.031	853.451	898.791	4.91407e-05	0.256256	0.966609	0.000102261	-0.966609	0.256256	-5.50001	0	0.00041	0	100
transition_backwall_flip	112	0	5971.59	188.72	0.061	506.371	967.431	5.28271e-05	0.27548	0.961307	0.000390899	-0.961307	0.27548	1.78271	0.00181	0.00791	1	100
transition_backwall_flip	114	0	5977.84	205.27	0.051	350.221	998.731	5.73261e-05	0.19932	0.979934	0.000293405	-0.979934	0.19932	5.17131	-0.00011	-0.00051	1	100
transition_backwall_flip	116	0	5981.3	222.35	0.041	156.251	1027.51	6.20599e-05	0.129449	0.991586	0.000483356	-0.991586	0.129449	4.86031	0	-0.00221	1	100
transition_backwall_flip	118	0	5983.01	239.54	0.041	96.601	1031.53	5.88565e-05	0.0409266	0.999162	0.000192962	-0.999162	0.0409266	5.38721	0.00021	-0.00221	1	100
transition_backwall_flip	120	0	5984.01	256.77	0.031	24.291	1037.02	7.15726e-05	-0.0339327	0.999424	0.000286362	-0.999424	-0.0339327	3.57621	0.00021	-0.00181	1	100
transition_backwall_flip	122	0	5982.63	273.77	0.031	-102.231	1017.43	8.76766e-05	-0.114319	0.993444	9.086e-05	-0.993444	-0.114319	5.04741	0.00021	-0.00151	1	100
transition_backwall_flip	124	0	5980.77	290.69	0.041	-111.861	1015.16	9.56472e-05	-0.199508	0.979896	0.000182094	-0.979896	-0.199508	5.19321	0.00021	-0.00141	1	100
transition_backwall_flip	126	0	5977.11	307.23	0.051	-259.441	977.921	0.000101102	-0.263662	0.964615	-1.36439e-05	-0.964615	-0.263662	4.45091	0.00011	-0.00101	1	100
transition_backwall_flip	128	0	5972.12	323.3	0.051	-304.141	962.071	9.8293e-05	-0.34176	0.939787	0.000270203	-0.939787	-0.34176	4.98021	0.00011	-0.00081	1	100
transition_backwall_flip	130	0	5966.52	339.16	0.051	-366.641	941.601	7.80131e-05	-0.406818	0.913509	0.000175091	-0.913509	-0.406818	3.41031	0	-0.00051	1	100
transition_backwall_flip	132	0	5959	354.01	0.051	-467.111	882.051	9.09963e-05	-0.474522	0.880244	0.000168886	-0.880244	-0.474522	4.71151	0	-0.00051	1	100
transition_backwall_flip	134	0	5951.04	368.62	0.051	-478.331	875.941	5.21995e-05	-0.544199	0.838956	8.05599e-05	-0.838956	-0.544199	4.87801	0	-0.00031	1	100
transition_backwall_flip	136	0	5942.37	382.69	0.051	-563.631	810.601	5.85405e-05	-0.610307	0.792165	7.60717e-05	-0.792165	-0.610307	4.81111	0	-0.00021	1	100
transition_backwall_flip	138	0	5932.08	395.57	0.051	-626.841	766.201	6.42589e-05	-0.669923	0.74243	7.13012e-05	-0.74243	-0.669923	4.63061	0	-0.00021	1	100
transition_backwall_flip	140	0	5921.53	408.29	0.051	-633.661	762.981	6.95773e-05	-0.72537	0.688359	6.61147e-05	-0.688359	-0.72537	4.65351	0	-0.00021	1	100
transition_backwall_flip	142	0	5909.72	419.8	0.051	-733.241	658.951	7.34006e-05	-0.765229	0.643758	6.18366e-05	-0.643758	-0.765229	4.08251	0	0	1	100
transition_backwall_flip	144	0	5897.05	430.26	0.051	-763.991	624.081	7.78733e-05	-0.811859	0.583854	5.60905e-05	-0.583854	-0.811859	4.61711	0	0	1	100
transition_backwall_flip	146	0	5883.92	440.24	0.051	-808.361	574.581	8.13807e-05	-0.848425	0.529316	5.08593e-05	-0.529316	-0.848425	3.19431	0	0	1	100
transition_backwall_flip	148	0	5869.7	448.43	0.051	-861.661	476.341	8.48481e-05	-0.884574	0.466401	4.48245e-05	-0.466401	-0.884574	4.55301	0	0	1	100
transition_backwall_flip	150	0	5855.19	456.21	0.051	-872.211	465.921	8.8074e-05	-0.918205	0.396106	3.80818e-05	-0.396106	-0.918205	4.70901	0	0	1	100
transition_backwall_flip	152	0	5839.99	462.87	0.051	-920.601	386.751	8.9829e-05	-0.936501	0.350664	3.37231e-05	-0.350664	-0.936501	2.60111	0	0	1	100
transition_backwall_flip	154	0	5824.47	469.11	0.051	-933.841	372.561	9.10612e-05	-0.949348	0.314228	3.02281e-05	-0.314228	-0.949348	2.28251	0	0	1	100
transition_backwall_flip	156	0	5808.82	475.29	0.051	-940.401	370.471	9.21396e-05	-0.960591	0.277967	2.675e-05	-0.277967	-0.960591	2.28611	0	0	1	100
transition_backwall_flip	158	0	5792.7	480.28	0.051	-973.691	285.321	9.23439e-05	-0.96272	0.270499	2.60336e-05	-0.270499	-0.96272	0.11281	-0.00011	0	1	100
transition_backwall_flip	160	0	5776.32	484.82	0.051	-984.761	270.181	9.22639e-05	-0.961886	0.273451	2.63168e-05	-0.273451	-0.961886	-0.22271	-0.00011	0	1	100
transition_backwall_flip	162	0	5759.82	489.29	0.051	-991.851	267.131	9.216e-05	-0.960804	0.27723	2.66793e-05	-0.27723	-0.960804	-0.24111	0	0	1	100
transition_backwall_flip	164	0	5743.21	493.72	0.051	-998.641	264.691	9.20522e-05	-0.959679	0.281097	2.70502e-05	-0.281097	-0.959679	-0.24261	0	0	1	100
transition_backwall_flip	166	0	5726.48	498.11	0.051	-1005.34	262.221	9.19403e-05	-0.958512	0.285051	2.74294e-05	-0.285051	-0.958512	-0.24391	0	0	1	100
transition_backwall_flip	168	0	5709.64	502.44	0.051	-1011.95	259.721	9.18294e-05	-0.957357	0.288908	2.77994e-05	-0.288908	-0.957357	-0.24501	0	0	1	100
transition_backwall_flip	170	0	5692.69	506.73	0.051	-1018.47	257.191	9.17144e-05	-0.956158	0.292853	2.81778e-05	-0.292853	-0.956158	-0.24581	0	0	1	100
transition_backwall_flip	172	0	5675.64	510.98	0.051	-1024.91	254.641	9.15978e-05	-0.954942	0.296792	2.85556e-05	-0.296792	-0.954942	-0.24631	0	0	1	100
transition_backwall_flip	174	0	5658.48	515.19	0.051	-1031.26	252.061	9.14797e-05	-0.953711	0.300726	2.8933e-05	-0.300726	-0.953711	-0.24661	0	0	1	100
transition_backwall_flip	176	0	5641.21	519.36	0.051	-1037.52	249.451	9.136e-05	-0.952463	0.304655	2.93099e-05	-0.304655	-0.952463	-0.24671	0	0	1	100
transition_backwall_flip	178	0	5623.84	523.49	0.051	-1043.7	246.821	9.12387e-05	-0.951199	0.308579	2.96863e-05	-0.308579	-0.951199	-0.24661	0	0	1	100
transition_backwall_flip	180	0	5606.37	527.57	0.051	-1049.82	244.161	9.11188e-05	-0.949948	0.312407	3.00534e-05	-0.312407	-0.949948	-0.24621	0	0	1	100
transition_backwall_flip	182	0	5588.8	531.6	0.051	-1055.86	241.481	9.09945e-05	-0.948652	0.316321	3.04288e-05	-0.316321	-0.948652	-0.24561	0	0	1	100
transition_backwall_flip	184	0	5571.13	535.59	0.051	-1061.82	238.781	9.08687e-05	-0.94734	0.320229	3.08037e-05	-0.320229	-0.94734	-0.24481	0	0	1	100
transition_backwall_flip	186	0	5553.39	539.53	0.051	-1064.35	234.981	9.07442e-05	-0.946043	0.324041	3.11693e-05	-0.324041	-0.946043	-0.24391	0	0	0	100
transition_backwall_flip	188	0	5535.67	543.37	0.051	-1063.71	227.941	9.06183e-05	-0.944731	0.327848	3.15345e-05	-0.327848	-0.944731	-0.23771	-0.00011	0	0	100
transition_backwall_flip	190	0	5517.93	547.04	0.051	-1064.75	217.461	9.04971e-05	-0.943466	0.331468	3.18818e-05	-0.331468	-0.943466	-0.22641	-0.00011	0	0	100
transition_backwall_flip	192	0	5500.17	550.53	0.051	-1065.79	206.981	9.03806e-05	-0.942253	0.334903	3.22113e-05	-0.334903	-0.942253	-0.21561	-0.00011	0	0	100
transition_backwall_flip	194	0	5482.39	553.85	0.051	-1066.83	196.521	9.02692e-05	-0.941091	0.338153	3.23482e-05	-0.338153	-0.941091	-0.20531	-0.00011	0	0	100
transition_backwall_flip	196	0	5464.59	556.99	0.051	-1067.87	186.061	9.0163e-05	-0.939984	0.341219	3.26422e-05	-0.341219	-0.939984	-0.19551	-0.00011	0	0	100
transition_backwall_flip	198	0	5446.78	559.96	0.051	-1068.91	175.601	9.0059e-05	-0.9389	0.344191	3.29273e-05	-0.344191	-0.9389	-0.18621	-0.00011	0	0	100
transition_backflip_into	0	3423.22	0	17.04	1391.24	-0.021	1.871	0.999999	-0.000191747	-0.00153398	0.00153398	-2.94137e-07	0.999999	0	0.09661	-0.01171	1	100
transition_backflip_into	2	3446.45	0	22.03	1394.52	-0.111	301.581	0.999995	-0.000383493	-0.00316383	0.00316383	-1.21331e-06	0.999995	0	0.09641	-0.00831	0	100
transition_backflip_into	4	3469.72	0	27.06	1397.31	-0.221	297.471	0.999989	-0.000479364	-0.0046978	0.0046978	-2.25198e-06	0.999989	0	0.09621	-0.00621	1	100
transition_backflip_into	6	3493.05	0	31.81	1400.02	-0.331	281.211	0.99998	-0.000575231	-0.00632763	0.00632763	-3.63992e-06	0.99998	0	0.09601	-0.00481	1	100
transition_backflip_into	8	3516.39	0	36.32	1400.57	-0.331	267.661	0.999969	-0.000671096	-0.00786157	0.00786157	-5.27603e-06	0.999969	0	0.09371	-0.00471	0	100
transition_backflip_into	10	3539.75	0	40.65	1401.67	-0.331	256.801	0.999956	-0.000766956	-0.00939549	0.00939549	-7.20625e-06	0.999956	0	0.08921	-0.00451	0	100
transition_backflip_into	12	3563.13	0	44.79	1402.77	-0.331	245.941	0.999941	-0.000766945	-0.0108335	0.0108335	-8.30921e-06	0.999941	0	0.08491	-0.00431	0	100
transition_backflip_into	14	3586.52	0	48.75	1403.87	-0.331	235.081	0.999925	-0.0008628	-0.0121757	0.0121757	-1.05059e-05	0.999926	0	0.08081	-0.00411	0	100
transition_backflip_into	16	3609.93	0	52.53	1404.97	-0.331	224.221	0.999908	-0.00095865	-0.0135178	0.0135178	-1.296e-05	0.999909	0	0.07691	-0.00391	0	100
transition_backflip_into	18	3633.36	0	56.13	1406.07	-0.331	213.361	0.999891	-0.000958633	-0.014764	0.014764	-1.41548e-05	0.999891	0	0.07321	-0.00371	0	100
transition_backflip_into	20	3656.81	0	59.55	1407.17	-0.331	202.501	0.999873	-0.00105448	-0.0159144	0.0159144	-1.67835e-05	0.999873	0	0.06961	-0.00351	0	100
transition_backflip_into	22	3680.28	0	62.79	1408.27	-0.331	191.641	0.999854	-0.00115032	-0.0170647	0.0170647	-1.96327e-05	0.999854	0	0.06621	-0.00331	0	100
transition_backflip_into	24	3703.76	0	65.85	1409.37	-0.331	180.781	0.999835	-0.0011503	-0.0181192	0.0181191	-2.08458e-05	0.999836	0	0.06301	-0.00311	0	100
transition_backflip_into	26	3727.26	0	68.73	1410.47	-0.331	169.921	0.999817	-0.00124613	-0.0190777	0.0190777	-2.37777e-05	0.999818	0	0.05991	-0.00291	0	100
transition_backflip_into	28	3750.78	0	71.43	1411.57	-0.331	159.061	0.999798	-0.00124611	-0.0200363	0.0200363	-2.49724e-05	0.999799	0	0.05701	-0.00271	0	100
transition_backflip_into	30	3762.55	0	72.71	1412.12	-0.331	153.631	0.999789	-0.0012461	-0.0205156	0.0205155	-2.55697e-05	0.99979	0	0.05561	-0.00261	0	100
transition_backflip_into	31	3769.04	0.02	75.14	389.921	1.231	142.781	0.999691	-0.00134182	0.0248288	-0.0248287	3.3326e-05	0.999692	-0.00461	-3.63551	-0.00241	0	100
transition_backflip_into	33	3775.55	0.04	77.38	391.021	1.231	131.991	0.99161	-0.00133097	0.129259	-0.129259	0.000173495	0.991611	-0.00711	-5.49991	-0.00171	0	100
transition_backflip_into	35	3782.08	0.06	79.45	392.111	1.231	121.321	0.968854	-0.00139332	0.247627	-0.247627	0.000356115	0.968855	-0.00731	-5.49991	-0.00091	0	100
transition_backflip_into	37	3788.63	0.08	81.34	393.171	1.231	110.791	0.932057	-0.0013404	0.362309	-0.362309	0.000521039	0.932058	-0.00741	-5.49991	-0.00041	0	100
transition_backflip_into	39	3795.19	0.1	83.06	394.181	1.231	100.381	0.881694	-0.00126797	0.471819	-0.471819	0.000582653	0.881695	-0.00751	-5.49991	-0.00021	0	100
transition_backflip_into	41	3801.77	0.12	84.6	395.141	1.231	90.091	0.818521	-0.00117712	0.574475	-0.574474	0.000730282	0.818522	-0.00751	-5.49991	0	0	100
transition_backflip_into	43	3808.37	0.14	85.98	396.021	1.231	79.921	0.74352	-0.00106926	0.668712	-0.668712	0.000865806	0.743521	-0.00751	-5.49991	0	0	100
transition_backflip_into	45	3814.98	0.16	87.18	396.821	1.231	69.851	0.657662	-0.000945788	0.753313	-0.753312	0.00098747	0.657662	-0.00761	-5.49991	0	0	100
transition_backflip_into	47	3821.6	0.18	88.22	397.521	1.231	59.871	0.562248	-0.000808573	0.826968	-0.826968	0.0010934	0.562248	-0.00761	-5.49991	0	0	100
transition_backflip_into	49	3828.24	0.2	88.64	398.111	1.231	17.121	0.45875	-0.000659732	0.888565	-0.888564	0.00118198	0.458751	-0.00761	-5.49991	0	0	100
transition_backflip_into	51	3834.88	0.22	88.68	398.581	1.231	-0.871	0.348508	-0.000501192	0.937306	-0.937305	0.00125207	0.348509	-0.00761	-5.49991	0	0	100
transition_backflip_into	53	3841.52	0.24	88.56	398.931	1.231	-8.431	0.233203	-0.000357729	0.972428	-0.972427	0.00139581	0.233203	-0.00761	-5.49991	0	0	100
transition_backflip_into	55	3848.18	0.26	88.37	399.151	1.231	-11.591	0.114604	-0.000197776	0.993411	-0.99341	0.00123499	0.114604	-0.00761	-5.49991	0	0	100
transition_backflip_into	57	3854.84	0.28	88.16	399.241	1.231	-12.911	-0.00575234	-1.87516e-05	0.999983	-0.999983	0.00124627	-0.00575231	-0.00761	-5.49991	0	0	100
transition_backflip_into	59	3861.5	0.3	87.94	399.191	1.231	-13.471	-0.126026	0.000157074	0.992027	-0.992026	0.00114043	-0.126026	-0.00761	-5.49991	0	0	100
transition_backflip_into	61	3868.15	0.32	87.72	399.011	1.231	-13.721	-0.244468	0.000304696	0.969657	-0.969657	0.00111255	-0.244468	-0.00761	-5.49991	0	0	100
transition_backflip_into	63	3874.79	0.34	87.49	398.701	1.231	-13.851	-0.359268	0.000482214	0.933234	-0.933233	0.0011566	-0.359269	-0.00761	-5.49991	0	0	100
transition_backflip_into	65	3881.43	0.36	87.25	398.271	1.231	-13.941	-0.468943	0.000629419	0.883228	-0.883228	0.00108948	-0.468943	-0.00761	-5.49991	0	0	100
transition_backflip_into	67	3888.06	0.38	87.01	397.721	1.231	-14.031	-0.571803	0.00076748	0.82039	-0.82039	0.00100514	-0.571804	-0.00761	-5.49991	0	0	100
transition_backflip_into	69	3894.68	0.4	86.77	397.051	1.231	-14.131	-0.666285	0.000894294	0.745697	-0.745696	0.000904886	-0.666285	-0.00761	-5.49991	0	0	100
transition_backflip_into	71	3901.29	0.42	86.53	396.281	1.231	-14.241	-0.751164	0.00100822	0.660114	-0.660114	0.000790016	-0.751165	-0.00761	-5.49991	0	0	100
transition_backflip_into	73	3907.89	0.44	86.29	395.421	1.231	-14.371	-0.825131	0.0011075	0.564941	-0.564941	0.000662274	-0.825131	-0.00751	-5.49991	0	0	100
transition_backflip_into	75	3914.47	0.46	86.05	394.481	1.231	-14.511	-0.887064	0.00119063	0.461645	-0.461644	0.000523628	-0.887065	-0.00751	-5.49991	0	0	100
transition_backflip_into	77	3921.03	0.48	85.81	393.471	1.231	-14.671	-0.936164	0.00125653	0.351562	-0.351562	0.000471957	-0.936165	-0.00751	-5.49991	0	0	100
transition_backflip_into	79	3927.57	0.5	85.57	392.421	1.231	-14.841	-0.971662	0.00130417	0.236372	-0.236371	0.000317347	-0.971663	-0.00751	-5.49991	0	0	100
transition_backflip_into	81	3934.1	0.52	85.32	391.331	1.231	-15.021	-0.993031	0.00133286	0.117842	-0.117842	0.000158256	-0.993032	-0.00751	-5.49991	0	0	100
transition_backflip_into	83	3938.92	0.54	86.7	288.921	1.181	80.041	-0.999999	0.00134221	0.000383495	-0.000383495	4.27308e-07	-1	-0.00751	-5.49991	0.00021	0	100
transition_backflip_into	85	3942.58	0.56	88.66	219.391	1.151	114.911	-0.993244	0.00133314	-0.116033	0.116033	-0.000155653	-0.993245	-0.00941	-5.49991	-0.00051	0	100
transition_backflip_into	87	3946.22	0.58	90.44	218.281	1.151	103.901	-0.972068	0.00130472	-0.234694	0.234694	-0.000314921	-0.972069	-0.00851	-5.49991	-0.00011	0	100
transition_backflip_into	89	3949.84	0.6	92.03	217.201	1.151	92.771	-0.936769	0.00125734	-0.349946	0.349946	-0.000469613	-0.93677	-0.00801	-5.49991	0.00011	0	100
transition_backflip_into	91	3953.45	0.62	93.44	216.171	1.151	81.501	-0.887904	0.00119175	-0.460028	0.460028	-0.000617366	-0.887904	-0.00781	-5.49991	0.00021	0	100
transition_backflip_into	93	3957.04	0.64	94.65	215.191	1.151	70.111	-0.826104	0.00110881	-0.563516	0.563516	-0.000756269	-0.826105	-0.00761	-5.49991	0.00021	0	100
transition_backflip_into	95	3960.62	0.66	95.68	214.291	1.151	58.621	-0.752303	0.00100975	-0.658817	0.658816	-0.000884357	-0.752303	-0.00761	-5.49991	0.00021	0	100
transition_backflip_into	97	3962.92	0.68	98.42	137.491	1.121	159.811	-0.73701	0.000918584	-0.675881	0.67588	-0.000746399	-0.737011	-0.00451	-2.22651	0.00491	0	100
transition_backflip_into	99	3964.53	0.7	101.57	87.141	1.091	193.601	-0.715061	0.000754158	-0.699062	0.699061	-0.00102497	-0.715061	-0.02151	-2.16501	-0.00841	0	100
transition_backflip_into	101	3965.51	0.72	105.12	48.981	1.091	219.061	-0.682705	0.000589166	-0.730694	0.730693	-0.000918263	-0.682705	-0.01071	-2.90951	0.00571	0	100
transition_backflip_into	103	3965.86	0.74	109.08	12.221	1.091	243.141	-0.638018	0.000366998	-0.770022	0.770021	-0.000922301	-0.638018	-0.00951	-3.79511	0.01091	0	100
transition_backflip_into	105	3965.62	0.76	113.42	-23.111	1.091	265.831	-0.577688	0.000110823	-0.816258	0.816257	-0.000923496	-0.577688	-0.01091	-4.83861	0.01331	0	100
transition_backflip_into	107	3964.83	0.78	118.1	-55.331	1.091	285.441	-0.495898	-0.000190191	-0.868381	0.86838	-0.000913316	-0.495898	-0.01051	-5.49991	0.01421	0	100
transition_backflip_into	109	3963.79	0.8	122.82	-62.531	1.091	280.261	-0.405416	-0.00046644	-0.914132	0.914132	-0.000769941	-0.405416	-0.00871	-5.36801	0.01231	0	100
transition_backflip_into	111	3962.75	0.82	127.33	-62.551	1.091	267.661	-0.321498	-0.00114047	-0.94691	0.946853	-0.0114054	-0.321465	-0.26711	-5.32981	-0.57021	0	100
transition_backflip_into	113	3961.71	0.84	131.64	-62.871	1.081	255.761	-0.239243	-0.00268377	-0.970956	0.970754	-0.0212246	-0.239135	-0.24861	-5.07731	-0.52441	0	100
transition_backflip_into	115	3960.66	0.86	135.75	-63.111	1.061	243.831	-0.159351	-0.00490564	-0.98721	0.9868	-0.0300135	-0.159135	-0.23291	-4.83661	-0.48181	0	100
transition_backflip_into	117	3959.6	0.88	139.66	-63.251	1.041	231.891	-0.0822868	-0.00768258	-0.996579	0.995924	-0.0376973	-0.0819421	-0.21961	-4.60741	-0.44241	0	100
transition_backflip_into	119	3958.54	0.9	143.37	-63.311	1.021	219.941	-0.00837016	-0.0108578	-0.999906	0.998961	-0.0448967	-0.00787472	-0.20831	-4.38901	-0.40611	0	100
transition_backflip_into	121	3957.48	0.92	146.88	-63.291	1.001	207.981	0.0620614	-0.0144122	-0.997968	0.996712	-0.0512963	0.0627241	-0.19861	-4.18091	-0.37271	0	100
transition_backflip_into	123	3956.42	0.94	150.19	-63.191	0.981	196.031	0.12884	-0.0181658	-0.991499	0.989946	-0.0565012	0.129673	-0.19031	-3.98261	-0.34201	0	100
transition_backflip_into	125	3955.36	0.96	153.3	-63.021	0.951	184.091	0.191854	-0.0220399	-0.981176	0.97931	-0.0612803	0.192865	-0.18301	-3.79371	-0.31391	0	100
transition_backflip_into	127	3954.32	0.98	156.21	-62.781	0.911	172.161	0.251202	-0.0260307	-0.967585	0.965408	-0.0654439	0.252398	-0.17661	-3.61371	-0.28821	0	100
transition_backflip_into	129	3953.28	1	158.94	-62.481	0.871	160.251	0.306745	-0.0300633	-0.951317	0.948832	-0.0691042	0.308127	-0.17091	-3.44221	-0.26471	0	100
transition_backflip_into	131	3952.24	1.02	161.47	-62.121	0.831	148.361	0.35873	-0.0340474	-0.93282	0.930048	-0.0720932	0.360296	-0.16581	-3.27881	-0.24321	0	100
transition_backflip_into	133	3951.21	1.04	163.8	-61.701	0.791	136.491	0.407236	-0.0380209	-0.912531	0.909494	-0.0745142	0.408985	-0.16111	-3.12311	-0.22361	0	100
transition_backflip_into	135	3950.19	1.06	165.93	-61.231	0.731	124.641	0.45238	-0.0418857	-0.890841	0.887546	-0.0765932	0.454308	-0.15681	-2.97471	-0.20581	0	100
transition_backflip_into	137	3949.17	1.08	167.86	-60.701	0.671	112.811	0.494292	-0.0456708	-0.868095	0.864588	-0.0779591	0.496397	-0.15271	-2.83341	-0.18951	0	100
transition_backflip_into	139	3948.17	1.1	169.59	-60.131	0.611	101.011	0.533127	-0.0493105	-0.844597	0.840865	-0.0793147	0.535402	-0.14891	-2.69881	-0.17461	0	100
transition_backflip_into	141	3947.17	1.1	171.12	-59.521	0.551	89.241	0.569118	-0.0528596	-0.820555	0.816622	-0.0802769	0.571562	-0.14521	-2.57061	-0.16111	0	100
transition_backflip_into	143	3946.19	1.1	172.46	-58.871	0.491	77.491	0.602357	-0.0562381	-0.796243	0.792125	-0.0809846	0.604962	-0.14161	-2.44851	-0.14881	0	100
transition_backflip_into	145	3945.22	1.1	173.61	-58.181	0.411	65.771	0.633081	-0.0595352	-0.771793	0.767518	-0.0813257	0.635848	-0.13811	-2.33211	-0.13751	0	100
transition_backflip_into	147	3944.26	1.1	174.56	-57.461	0.331	54.081	0.661464	-0.0626522	-0.747355	0.74295	-0.0813487	0.664385	-0.13471	-2.22131	-0.12721	0	100
transition_backflip_into	149	3943.31	1.1	175.31	-56.711	0.251	42.411	0.68753	-0.0655866	-0.723188	0.718631	-0.0815549	0.690593	-0.13131	-2.11581	-0.11781	0	100
transition_backflip_into	151	3942.37	1.1	175.87	-55.931	0.171	30.771	0.711644	-0.0684378	-0.699199	0.694529	-0.0813352	0.714852	-0.12791	-2.01521	-0.10921	0	100
transition_backflip_into	153	3941.45	1.1	176.24	-55.121	0.091	19.161	0.733765	-0.0711333	-0.675669	0.670895	-0.0810274	0.737112	-0.12451	-1.91941	-0.10141	0	100
transition_backflip_into	155	3940.54	1.1	176.41	-54.291	0.011	7.571	0.754118	-0.0736902	-0.652592	0.647734	-0.0805369	0.757598	-0.12111	-1.82811	-0.09421	0	100
transition_backflip_into	157	3939.64	1.1	176.39	-53.441	-0.061	-3.981	0.772854	-0.0760447	-0.630011	0.625085	-0.0799043	0.776456	-0.11771	-1.74121	-0.08761	0	100
transition_backflip_into	159	3938.76	1.1	176.18	-52.571	-0.141	-15.501	0.7901	-0.0783535	-0.60795	0.602958	-0.079255	0.793827	-0.11431	-1.65841	-0.08151	0	100
transition_backflip_into	161	3937.9	1.1	175.78	-51.681	-0.221	-26.991	0.805888	-0.0804654	-0.586575	0.581533	-0.0784891	0.809728	-0.11111	-1.57961	-0.07601	0	100
transition_backflip_into	163	3937.05	1.1	175.19	-50.771	-0.301	-38.461	0.8204	-0.0824705	-0.565811	0.560728	-0.0776603	0.82435	-0.10791	-1.50451	-0.07091	0	100
transition_backflip_into	165	3936.21	1.1	174.4	-49.851	-0.381	-49.911	0.833757	-0.0843784	-0.545646	0.540511	-0.0769592	0.83781	-0.10471	-1.43301	-0.06621	0	100
transition_backflip_into	167	3935.39	1.1	173.43	-48.911	-0.461	-61.341	0.846019	-0.086193	-0.52614	0.520981	-0.076012	0.850177	-0.10151	-1.36481	-0.06191	0	100
transition_backflip_into	169	3934.59	1.1	172.26	-47.961	-0.541	-72.741	0.857247	-0.0879182	-0.507344	0.502161	-0.0751112	0.861506	-0.09831	-1.29991	-0.05781	0	100
transition_backflip_into	171	3933.8	1.09	170.91	-47.001	-0.631	-84.121	0.867603	-0.0894847	-0.48914	0.483938	-0.0741994	0.871951	-0.09511	-1.23811	-0.05411	0	100
transition_backflip_into	173	3933.03	1.07	169.36	-46.021	-0.731	-95.481	0.87708	-0.0909721	-0.47165	0.466438	-0.0732453	0.881516	-0.09201	-1.17921	-0.05061	0	100
transition_backflip_into	175	3932.27	1.05	167.63	-45.041	-0.831	-106.821	0.885774	-0.0923889	-0.454827	0.449603	-0.0723402	0.890294	-0.08901	-1.12311	-0.04741	0	100
transition_backflip_into	177	3931.53	1.03	165.71	-44.041	-0.931	-118.151	0.893781	-0.0936571	-0.438616	0.433406	-0.0712476	0.898378	-0.08601	-1.06971	-0.04441	0	100
transition_backflip_into	179	3930.81	1.01	163.6	-43.041	-1.031	-129.461	0.901121	-0.0949504	-0.423043	0.417827	-0.0703416	0.905799	-0.08301	-1.01891	-0.04171	0	100
transition_backflip_into	181	3930.11	0.99	161.3	-42.031	-1.131	-140.751	0.907851	-0.0960996	-0.408132	0.402915	-0.0694487	0.912599	-0.08011	-0.97051	-0.03911	0	100
transition_backflip_into	183	3929.42	0.97	158.81	-41.011	-1.231	-152.031	0.914036	-0.0971974	-0.393816	0.388617	-0.0684142	0.918856	-0.07731	-0.92431	-0.03671	0	100
transition_backflip_into	185	3928.75	0.95	156.14	-39.991	-1.331	-163.291	0.919753	-0.098162	-0.380025	0.374838	-0.067481	0.924631	-0.07451	-0.88041	-0.03451	0	100
transition_backflip_into	187	3928.1	0.93	153.28	-38.961	-1.431	-174.531	0.924975	-0.0991678	-0.366862	0.361678	-0.0666388	0.929918	-0.07171	-0.83851	-0.03241	0	100
transition_backflip_into	189	3927.46	0.91	150.23	-37.921	-1.531	-185.761	0.929783	-0.100044	-0.354253	0.349088	-0.0657146	0.934783	-0.06911	-0.79861	-0.03041	0	100
transition_backflip_into	191	3926.84	0.89	147	-36.881	-1.631	-196.981	0.934225	-0.100884	-0.34212	0.336971	-0.0648319	0.93928	-0.06651	-0.76061	-0.02861	0	100
transition_backflip_into	193	3926.24	0.87	143.58	-35.841	-1.731	-208.181	0.93829	-0.101687	-0.330563	0.325427	-0.064002	0.943399	-0.06391	-0.72441	-0.02691	0	100
transition_backflip_into	195	3925.66	0.84	139.97	-34.781	-1.831	-219.371	0.942009	-0.102365	-0.319593	0.314484	-0.0631013	0.947163	-0.06151	-0.69001	-0.02531	0	100
transition_backflip_into	197	3925.09	0.8	136.18	-33.721	-1.931	-230.551	0.945475	-0.103108	-0.308944	0.303856	-0.0622583	0.950682	-0.05911	-0.65721	-0.02381	0	100
transition_backflip_into	199	3924.54	0.76	132.2	-32.661	-2.031	-241.711	0.948631	-0.103728	-0.298897	0.293821	-0.0615395	0.953878	-0.05681	-0.62601	-0.02241	0	100
transition_diag_flip	0	3423.22	-394.16	17.04	1390.98	349.921	1.931	0.968973	0.247163	-0.00115049	0.0010674	0.000470156	0.999999	-0.02681	0.07561	0.00561	1	100
transition_diag_flip	2	3446.4	-388.31	22.03	1390.94	351.491	301.641	0.968947	0.247255	-0.00249272	0.0023442	0.000895029	0.999997	-0.02681	0.07561	0.00521	0	100
transition_diag_flip	4	3469.58	-382.44	27.06	1390.72	352.451	297.531	0.968919	0.247347	-0.00383494	0.00362092	0.00132015	0.999993	-0.02681	0.07561	0.00501	1	100
transition_diag_flip	6	3492.76	-376.56	31.81	1390.54	353.111	281.271	0.96889	0.247438	-0.00517716	0.00489755	0.00174551	0.999986	-0.02681	0.07561	0.00491	1	100
transition_diag_flip	8	3515.94	-370.68	36.32	1391.07	353.241	267.721	0.968858	0.247529	-0.00651937	0.00617409	0.00217111	0.999979	-0.02601	0.07381	0.00481	0	100
transition_diag_flip	10	3539.14	-364.79	40.65	1392.13	353.501	256.881	0.96885	0.247527	-0.0077657	0.0073579	0.00257251	0.99997	-0.02451	0.07031	0.00461	0	100
transition_diag_flip	12	3562.36	-358.89	44.8	1393.19	353.761	246.031	0.968817	0.247618	-0.00891615	0.00844852	0.00295098	0.99996	-0.02311	0.06691	0.00441	0	100
transition_diag_flip	14	3585.59	-352.99	48.77	1394.25	354.021	235.171	0.968782	0.247708	-0.0100666	0.00953907	0.00332966	0.999949	-0.02171	0.06371	0.00421	0	100
transition_diag_flip	16	3608.84	-347.09	52.55	1395.31	354.281	224.311	0.968772	0.247705	-0.0111211	0.010537	0.00368378	0.999938	-0.02051	0.06071	0.00401	0	100
transition_diag_flip	18	3632.11	-341.19	56.15	1396.37	354.541	213.451	0.968736	0.247795	-0.0121757	0.0115345	0.00403901	0.999925	-0.01931	0.05781	0.00381	0	100
transition_diag_flip	20	3655.4	-335.27	59.57	1397.43	354.801	202.591	0.968701	0.247885	-0.0131343	0.0124391	0.00437065	0.999913	-0.01811	0.05501	0.00361	0	100
transition_diag_flip	22	3678.7	-329.35	62.81	1398.49	355.061	191.731	0.968664	0.247974	-0.014093	0.0133674	0.00460959	0.9999	-0.01711	0.05241	0.00341	0	100
transition_diag_flip	24	3702.02	-323.43	65.87	1399.55	355.321	180.871	0.968652	0.247971	-0.0149558	0.0141794	0.00491643	0.999887	-0.01611	0.04981	0.00321	0	100
transition_diag_flip	26	3725.36	-317.51	68.75	1400.61	355.581	170.011	0.968615	0.248061	-0.0158185	0.014991	0.00522471	0.999874	-0.01511	0.04741	0.00301	0	100
transition_diag_flip	28	3748.72	-311.58	71.45	1401.67	355.841	159.151	0.968603	0.248058	-0.0165854	0.0157339	0.00541497	0.999862	-0.01431	0.04511	0.00281	0	100
transition_diag_flip	30	3772.1	-305.64	73.97	1402.73	356.101	148.291	0.968591	0.248054	-0.0173523	0.0164768	0.00560523	0.999849	-0.01351	0.04291	0.00261	0	100
transition_diag_flip	32	3803.48	-307.2	76.31	1883.11	-93.161	137.421	0.967657	0.247123	-0.0506955	0.0580757	-0.0226626	0.998055	2.25061	3.30621	-0.15991	0	100
transition_diag_flip	34	3834.88	-308.75	78.46	1884.17	-92.881	126.501	0.960804	0.248221	-0.123457	0.148423	-0.084448	0.985312	3.07701	4.55321	-0.22431	0	100
transition_diag_flip	36	3866.3	-310.29	80.43	1885.23	-92.601	115.501	0.945218	0.255733	-0.202889	0.246513	-0.151748	0.957185	3.07701	4.55601	-0.15461	0	100
transition_diag_flip	38	3897.73	-311.83	82.22	1886.26	-92.301	104.421	0.921475	0.269715	-0.279532	0.340927	-0.216697	0.914774	3.08091	4.55451	-0.11701	0	100
transition_diag_flip	40	3921.48	-313.48	88.99	969.521	-105.491	707.231	0.941098	0.187384	-0.281465	0.318447	-0.211273	0.924097	-3.28461	-2.59351	-3.56851	0	100
transition_diag_flip	42	3937.65	-315.24	100.64	970.561	-105.291	696.081	0.95142	0.124391	-0.281649	0.302757	-0.211557	0.929291	-0.49311	0.57401	-3.66371	0	100
transition_diag_flip	44	3953.84	-317	112.1	971.601	-105.161	684.911	0.943807	0.0730775	-0.322317	0.330118	-0.255178	0.908794	2.22451	3.37231	-3.73211	0	100
transition_diag_flip	46	3965.16	-318.16	125.55	679.621	-69.291	804.531	0.92202	-0.017328	-0.386754	0.361846	-0.31662	0.876824	1.80561	3.23961	-4.06131	0	100
transition_diag_flip	48	3976.33	-319.3	138.89	670.681	-68.121	797.681	0.88784	-0.0518974	-0.457217	0.402672	-0.393258	0.826561	3.13401	3.55761	-2.78751	0	100
transition_diag_flip	50	3982.36	-319.74	147.6	197.371	9.761	471.431	0.858471	-0.0388744	-0.511386	0.445086	-0.43893	0.780538	2.46591	0.73311	4.73591	0	100
transition_diag_flip	52	3983.83	-320.16	152.6	64.431	-32.291	244.951	0.840825	0.00257963	-0.541301	0.480488	-0.46408	0.744151	3.81361	1.87671	0.72691	0	100
transition_diag_flip	54	3983.77	-320.63	155.21	-38.581	-30.801	149.821	0.821589	0.0599705	-0.566917	0.511441	-0.516836	0.686519	4.96421	1.71761	0.28991	0	100
transition_diag_flip	56	3982.93	-321.16	156.68	-62.991	-32.811	84.671	0.796762	0.110626	-0.594081	0.535665	-0.584331	0.609606	4.94281	2.22921	-0.92111	0	100
transition_diag_flip	58	3981.55	-321.76	158.49	-85.091	-36.181	109.051	0.772184	0.144382	-0.618778	0.5449	-0.651383	0.528	4.68941	2.52501	-1.37241	0	100
transition_diag_flip	60	3980.14	-322.36	160.16	-84.241	-36.001	97.521	0.736125	0.192059	-0.649025	0.559575	-0.712149	0.423932	4.57701	2.91091	-0.90931	0	100
transition_diag_flip	62	3978.74	-322.96	161.64	-83.431	-35.761	85.951	0.694664	0.247579	-0.675386	0.573123	-0.757891	0.311659	4.51381	3.07751	-0.63571	0	100
transition_diag_flip	64	3977.36	-323.56	162.93	-82.661	-35.461	74.351	0.650099	0.30839	-0.694454	0.581823	-0.789863	0.193903	4.48481	3.14721	-0.48011	0	100
transition_diag_flip	66	3975.99	-324.14	164.02	-81.941	-35.091	62.731	0.603851	0.372322	-0.704798	0.584031	-0.808413	0.0733235	4.47381	3.17481	-0.39361	0	100
transition_diag_flip	68	3974.63	-324.72	164.92	-81.271	-34.651	51.111	0.55707	0.43793	-0.705614	0.578348	-0.814329	-0.0488072	4.47071	3.18461	-0.34641	0	100
transition_diag_flip	70	3973.29	-325.29	165.63	-80.661	-34.131	39.491	0.510722	0.503815	-0.696659	0.564712	-0.80758	-0.170041	4.47071	3.18731	-0.32111	0	100
transition_diag_flip	72	3971.95	-325.85	166.14	-80.091	-33.551	27.881	0.465652	0.568843	-0.677927	0.542895	-0.788584	-0.288793	4.47161	3.18741	-0.30771	0	100
transition_diag_flip	74	3970.62	-326.4	166.46	-79.581	-32.891	16.291	0.422565	0.632019	-0.649608	0.513116	-0.757642	-0.40335	4.47251	3.18681	-0.30071	0	100
transition_diag_flip	76	3969.3	-326.94	166.59	-79.111	-32.161	4.741	0.382192	0.692196	-0.612204	0.475836	-0.715333	-0.511741	4.47321	3.18611	-0.29711	0	100
transition_diag_flip	78	3967.98	-327.46	166.53	-78.681	-31.371	-6.401	0.345092	0.748487	-0.566285	0.431386	-0.662333	-0.612553	4.47371	3.18561	-0.29521	0	100
transition_diag_flip	80	3966.68	-327.97	166.35	-78.291	-30.521	-12.141	0.311981	0.800087	-0.512375	0.380528	-0.599373	-0.704237	4.47401	3.18521	-0.29431	0	100
transition_diag_flip	82	3965.38	-328.47	166.12	-77.941	-29.611	-14.511	0.283137	0.84616	-0.451494	0.323973	-0.527468	-0.785378	4.47421	3.18501	-0.29381	0	100
transition_diag_flip	84	3964.08	-328.95	165.86	-77.631	-28.651	-15.451	0.259153	0.886022	-0.384454	0.262596	-0.447696	-0.854758	4.47431	3.18491	-0.29361	0	100
transition_diag_flip	86	3962.79	-329.41	165.6	-77.341	-27.641	-15.791	0.240363	0.919098	-0.312225	0.197325	-0.361204	-0.91137	4.47431	3.18491	-0.29341	0	100
transition_diag_flip	88	3961.51	-329.86	165.34	-77.071	-26.611	-15.871	0.226983	0.944895	-0.235906	0.129083	-0.26928	-0.954372	4.47431	3.18491	-0.29341	0	100
transition_diag_flip	90	3960.23	-330.29	165.08	-76.811	-25.551	-15.831	0.219351	0.962983	-0.156681	0.0588851	-0.173366	-0.983095	4.47431	3.18491	-0.29341	0	100
transition_diag_flip	92	3958.95	-330.7	164.82	-76.561	-24.471	-15.741	0.217447	0.973135	-0.0756679	-0.0121033	-0.0748287	-0.997123	4.47431	3.18491	-0.29341	0	100
transition_diag_flip	94	3957.67	-331.09	164.56	-76.311	-23.381	-15.631	0.221248	0.9752	0.00584827	-0.0829407	0.0247917	-0.996246	4.47431	3.18491	-0.29341	0	100
transition_diag_flip	96	3956.41	-331.47	164.3	-76.051	-22.291	-15.511	0.230932	0.969103	0.086657	-0.152597	0.124037	-0.980474	4.47431	3.18491	-0.29341	0	100
transition_diag_flip	98	3955.15	-331.83	164.04	-75.781	-21.211	-15.381	0.246133	0.954989	0.165575	-0.219894	0.221396	-0.950069	4.47431	3.18491	-0.29341	0	100
transition_diag_flip	100	3953.89	-332.17	163.78	-75.491	-20.151	-15.261	0.26679	0.933009	0.241492	-0.283995	0.315556	-0.905412	4.47431	3.18491	-0.29341	0	100
transition_diag_flip	102	3952.63	-332.49	163.52	-75.181	-19.121	-15.141	0.292454	0.903558	0.313135	-0.343857	0.404913	-0.847236	4.47431	3.18491	-0.29341	0	100
transition_diag_flip	104	3951.38	-332.8	163.26	-74.841	-18.111	-15.021	0.322771	0.867067	0.379492	-0.398525	0.488181	-0.776439	4.47431	3.18491	-0.29341	0	100
transition_diag_flip	106	3950.14	-333.09	163.02	-74.471	-17.151	-14.911	0.357351	0.82402	0.43965	-0.447118	0.56422	-0.694076	4.47431	3.18491	-0.29341	0	100
transition_diag_flip	108	3948.9	-333.37	162.78	-74.061	-16.241	-14.811	0.395581	0.775122	0.492648	-0.489261	0.631804	-0.601205	4.47431	3.18491	-0.29341	0	100
transition_diag_flip	110	3947.67	-333.63	162.49	-73.601	-15.391	-19.901	0.431313	0.728603	0.532078	-0.519303	0.682755	-0.513974	4.33981	3.05951	-0.32011	0	100
transition_diag_flip	112	3946.45	-333.87	162.03	-73.111	-14.581	-30.131	0.461746	0.688191	0.559629	-0.538005	0.718902	-0.440149	4.08091	2.82721	-0.37041	0	100
transition_diag_flip	114	3945.23	-334.11	161.4	-72.581	-13.811	-40.331	0.491696	0.647921	0.58175	-0.551092	0.748814	-0.368205	3.83491	2.61721	-0.41621	0	100
transition_diag_flip	116	3944.03	-334.33	160.6	-72.011	-13.101	-50.501	0.5207	0.608102	0.599236	-0.559198	0.773302	-0.298834	3.60161	2.42731	-0.45701	0	100
transition_diag_flip	118	3942.84	-334.54	159.63	-71.421	-12.431	-60.661	0.54871	0.569074	0.612431	-0.563049	0.79306	-0.232449	3.38071	2.25531	-0.49271	0	100
transition_diag_flip	120	3941.66	-334.74	158.49	-70.791	-11.801	-70.801	0.575409	0.531044	0.622011	-0.563344	0.808693	-0.169287	3.17181	2.09931	-0.52321	0	100
transition_diag_flip	122	3940.49	-334.93	157.19	-70.141	-11.211	-80.941	0.600814	0.494233	0.628297	-0.560498	0.820855	-0.109724	2.97441	1.95761	-0.54881	0	100
transition_diag_flip	124	3939.33	-335.11	155.71	-69.461	-10.661	-91.061	0.624844	0.458698	0.631796	-0.555332	0.829918	-0.0533161	2.78821	1.82861	-0.56961	0	100
transition_diag_flip	126	3938.18	-335.28