seg	tick	x	y	z	vx	vy	vz	fx	fy	fz	ux	uy	uz	avx	avy	avz	ground	boost
land_flat_drop	0	0.0000	0.0000	299.9549	0.0000	0.0000	-5.4167	1.00000	0.00000	0.00000	0.00000	0.00000	1.00000	0.00000	0.00000	0.00000	0	100.00
land_flat_drop	1	0.0000	0.0000	299.8598	0.0000	0.0000	-10.8277	1.00000	0.00000	0.00000	0.00000	0.00000	1.00000	0.00000	0.00000	0.00000	0	100.00
land_flat_drop	2	0.0000	0.0000	299.7247	0.0000	0.0000	-16.2377	1.00000	0.00000	0.00000	0.00000	0.00000	1.00000	0.00000	0.00000	0.00000	0	100.00
land_flat_drop	3	0.0000	0.0000	299.5396	0.0000	0.0000	-21.6477	1.00000	0.00000	0.00000	0.00000	0.00000	1.00000	0.00000	0.00000	0.00000	0	100.00
land_flat_drop	4	0.0000	0.0000	299.3145	0.0000	0.0000	-27.0577	1.00000	0.00000	0.00000	0.00000	0.00000	1.00000	0.00000	0.00000	0.00000	0	100.00
land_flat_drop	5	0.0000	0.0000	299.0394	0.0000	0.0000	-32.4677	1.00000	0.00000	0.00000	0.00000	0.00000	1.00000	0.00000	0.00000	0.00000	0	100.00
land_flat_drop	6	0.0000	0.0000	298.7244	0.0000	0.0000	-37.8777	1.00000	0.00000	0.00000	0.00000	0.00000	1.00000	0.00000	0.00000	0.00000	0	100.00
land_flat_drop	7	0.0000	0.0000	298.3593	0.0000	0.0000	-43.2877	1.00000	0.00000	0.00000	0.00000	0.00000	1.00000	0.00000	0.00000	0.00000	0	100.00
land_flat_drop	8	0.0000	0.0000	297.9542	0.0000	0.0000	-48.6977	1.00000	0.00000	0.00000	0.00000	0.00000	1.00000	0.00000	0.00000	0.00000	0	100.00
land_flat_drop	9	0.0000	0.0000	297.4991	0.0000	0.0000	-54.1077	1.00000	0.00000	0.00000	0.00000	0.00000	1.00000	0.00000	0.00000	0.00000	0	100.00
land_flat_drop	10	0.0000	0.0000	297.0040	0.0000	0.0000	-59.5177	1.00000	0.00000	0.00000	0.00000	0.00000	1.00000	0.00000	0.00000	0.00000	0	100.00
land_flat_drop	11	0.0000	0.0000	296.4589	0.0000	0.0000	-64.9277	1.00000	0.00000	0.00000	0.00000	0.00000	1.00000	0.00000	0.00000	0.00000	0	100.00
land_flat_drop	12	0.0000	0.0000	295.8738	0.0000	0.0000	-70.3377	1.00000	0.00000	0.00000	0.00000	0.00000	1.00000	0.00000	0.00000	0.00000	0	100.00
land_flat_drop	13	0.0000	0.0000	295.2388	0.0000	0.0000	-75.7477	1.00000	0.00000	0.00000	0.00000	0.00000	1.00000	0.00000	0.00000	0.00000	0	100.00
land_flat_drop	14	0.0000	0.0000	294.5637	0.0000	0.0000	-81.1577	1.00000	0.00000	0.00000	0.00000	0.00000	1.00000	0.00000	0.00000	0.00000	0	100.00
land_flat_drop	15	0.0000	0.0000	293.8386	0.0000	0.0000	-86.5677	1.00000	0.00000	0.00000	0.00000	0.00000	1.00000	0.00000	0.00000	0.00000	0	100.00
land_flat_drop	16	0.0000	0.0000	293.0735	0.0000	0.0000	-91.9777	1.00000	0.00000	0.00000	0.00000	0.00000	1.00000	0.00000	0.00000	0.00000	0	100.00
land_flat_drop	17	0.0000	0.0000	292.2585	0.0000	0.0000	-97.3877	1.00000	0.00000	0.00000	0.00000	0.00000	1.00000	0.00000	0.00000	0.00000	0	100.00
land_flat_drop	18	0.0000	0.0000	291.4034	0.0000	0.0000	-102.7977	1.00000	0.00000	0.00000	0.00000	0.00000	1.00000	0.00000	0.00000	0.00000	0	100.00
land_flat_drop	19	0.0000	0.0000	290.4983	0.0000	0.0000	-108.2077	1.00000	0.00000	0.00000	0.00000	0.00000	1.00000	0.00000	0.00000	0.00000	0	100.00
land_flat_drop	20	0.0000	0.0000	289.5532	0.0000	0.0000	-113.6177	1.00000	0.00000	0.00000	0.00000	0.00000	1.00000	0.00000	0.00000	0.00000	0	100.00
land_flat_drop	21	0.0000	0.0000	288.5581	0.0000	0.0000	-119.0277	1.00000	0.00000	0.00000	0.00000	0.00000	1.00000	0.00000	0.00000	0.00000	0	100.00
land_flat_drop	22	0.0000	0.0000	287.5230	0.0000	0.0000	-124.4377	1.00000	0.00000	0.00000	0.00000	0.00000	1.00000	0.00000	0.00000	0.00000	0	100.00
land_flat_drop	23	0.0000	0.0000	286.4379	0.0000	0.0000	-129.8477	1.00000	0.00000	0.00000	0.00000	0.00000	1.00000	0.00000	0.00000	0.00000	0	100.00
land_flat_drop	24	0.0000	0.0000	285.3128	0.0000	0.0000	-135.2577	1.00000	0.00000	0.00000	0.00000	0.00000	1.00000	0.00000	0.00000	0.00000	0	100.00
land_flat_drop	25	0.0000	0.0000	284.1378	0.0000	0.0000	-140.6677	1.00000	0.00000	0.00000	0.00000	0.00000	1.00000	0.00000	0.00000	0.00000	0	100.00
land_flat_drop	26	0.0000	0.0000	282.9227	0.0000	0.0000	-146.0777	1.00000	0.00000	0.00000	0.00000	0.00000	1.00000	0.00000	0.00000	0.00000	0	100.00
land_flat_drop	27	0.0000	0.0000	281.6576	0.0000	0.0000	-151.4877	1.00000	0.00000	0.00000	0.00000	0.00000	1.00000	0.00000	0.00000	0.00000	0	100.00
land_flat_drop	28	0.0000	0.0000	280.3525	0.0000	0.0000	-156.8977	1.00000	0.00000	0.00000	0.00000	0.00000	1.00000	0.00000	0.00000	0.00000	0	100.00
land_flat_drop	29	0.0000	0.0000	278.9974	0.0000	0.0000	-162.3077	1.00000	0.00000	0.00000	0.00000	0.00000	1.00000	0.00000	0.00000	0.00000	0	100.00
land_flat_drop	30	0.0000	0.0000	277.6023	0.0000	0.0000	-167.7177	1.00000	0.00000	0.00000	0.00000	0.00000	1.00000	0.00000	0.00000	0.00000	0	100.00
land_flat_drop	31	0.0000	0.0000	276.1573	0.0000	0.0000	-173.1277	1.00000	0.00000	0.00000	0.00000	0.00000	1.00000	0.00000	0.00000	0.00000	0	100.00
land_flat_drop	32	0.0000	0.0000	274.6722	0.0000	0.0000	-178.5377	1.00000	0.00000	0.00000	0.00000	0.00000	1.00000	0.00000	0.00000	0.00000	0	100.00
land_flat_drop	33	0.0000	0.0000	273.1371	0.0000	0.0000	-183.9477	1.00000	0.00000	0.00000	0.00000	0.00000	1.00000	0.00000	0.00000	0.00000	0	100.00
land_flat_drop	34	0.0000	0.0000	271.5620	0.0000	0.0000	-189.3577	1.00000	0.00000	0.00000	0.00000	0.00000	1.00000	0.00000	0.00000	0.00000	0	100.00
land_flat_drop	35	0.0000	0.0000	269.9370	0.0000	0.0000	-194.7677	1.00000	0.00000	0.00000	0.00000	0.00000	1.00000	0.00000	0.00000	0.00000	0	100.00
land_flat_drop	36	0.0000	0.0000	268.2719	0.0000	0.0000	-200.1777	1.00000	0.00000	0.00000	0.00000	0.00000	1.00000	0.00000	0.00000	0.00000	0	100.00
land_flat_drop	37	0.0000	0.0000	266.5568	0.0000	0.0000	-205.5876	1.00000	0.00000	0.00000	0.00000	0.00000	1.00000	0.00000	0.00000	0.00000	0	100.00
land_flat_drop	38	0.0000	0.0000	264.8017	0.0000	0.0000	-210.9977	1.00000	0.00000	0.00000	0.00000	0.00000	1.00000	0.00000	0.00000	0.00000	0	100.00
land_flat_drop	39	0.0000	0.0000	262.9966	0.0000	0.0000	-216.4077	1.00000	0.00000	0.00000	0.00000	0.00000	1.00000	0.00000	0.00000	0.00000	0	100.00
land_flat_drop	40	0.0000	0.0000	261.1515	0.0000	0.0000	-221.8177	1.00000	0.00000	0.00000	0.00000	0.00000	1.00000	0.00000	0.00000	0.00000	0	100.00
land_flat_drop	41	0.0000	0.0000	259.2564	0.0000	0.0000	-227.2277	1.00000	0.00000	0.00000	0.00000	0.00000	1.00000	0.00000	0.00000	0.00000	0	100.00
land_flat_drop	42	0.0000	0.0000	257.3214	0.0000	0.0000	-232.6377	1.00000	0.00000	0.00000	0.00000	0.00000	1.00000	0.00000	0.00000	0.00000	0	100.00
land_flat_drop	43	0.0000	0.0000	255.3363	0.0000	0.0000	-238.0477	1.00000	0.00000	0.00000	0.00000	0.00000	1.00000	0.00000	0.00000	0.00000	0	100.00
land_flat_drop	44	0.0000	0.0000	253.3112	0.0000	0.0000	-243.4577	1.00000	0.00000	0.00000	0.00000	0.00000	1.00000	0.00000	0.00000	0.00000	0	100.00
land_flat_drop	45	0.0000	0.0000	251.2361	0.0000	0.0000	-248.8677	1.00000	0.00000	0.00000	0.00000	0.00000	1.00000	0.00000	0.00000	0.00000	0	100.00
land_flat_drop	46	0.0000	0.0000	249.1210	0.0000	0.0000	-254.2777	1.00000	0.00000	0.00000	0.00000	0.00000	1.00000	0.00000	0.00000	0.00000	0	100.00
land_flat_drop	47	0.0000	0.0000	246.9559	0.0000	0.0000	-259.6877	1.00000	0.00000	0.00000	0.00000	0.00000	1.00000	0.00000	0.00000	0.00000	0	100.00
land_flat_drop	48	0.0000	0.0000	244.7509	0.0000	0.0000	-265.0977	1.00000	0.00000	0.00000	0.00000	0.00000	1.00000	0.00000	0.00000	0.00000	0	100.00
land_flat_drop	49	0.0000	0.0000	242.4958	0.0000	0.0000	-270.5077	1.00000	0.00000	0.00000	0.00000	0.00000	1.00000	0.00000	0.00000	0.00000	0	100.00
land_flat_drop	50	0.0000	0.0000	240.2007	0.0000	0.0000	-275.9177	1.00000	0.00000	0.00000	0.00000	0.00000	1.00000	0.00000	0.00000	0.00000	0	100.00
land_flat_drop	51	0.0000	0.0000	237.8556	0.0000	0.0000	-281.3277	1.00000	0.00000	0.00000	0.00000	0.00000	1.00000	0.00000	0.00000	0.00000	0	100.00
land_flat_drop	52	0.0000	0.0000	235.4705	0.0000	0.0000	-286.7377	1.00000	0.00000	0.00000	0.00000	0.00000	1.00000	0.00000	0.00000	0.00000	0	100.00
land_flat_drop	53	0.0000	0.0000	233.0354	0.0000	0.0000	-292.1476	1.00000	0.00000	0.00000	0.00000	0.00000	1.00000	0.00000	0.00000	0.00000	0	100.00
land_flat_drop	54	0.0000	0.0000	230.5603	0.0000	0.0000	-297.5576	1.00000	0.00000	0.00000	0.00000	0.00000	1.00000	0.00000	0.00000	0.00000	0	100.00
land_flat_drop	55	0.0000	0.0000	228.0353	0.0000	0.0000	-302.9677	1.00000	0.00000	0.00000	0.00000	0.00000	1.00000	0.00000	0.00000	0.00000	0	100.00
land_flat_drop	56	0.0000	0.0000	225.4702	0.0000	0.0000	-308.3777	1.00000	0.00000	0.00000	0.00000	0.00000	1.00000	0.00000	0.00000	0.00000	0	100.00
land_flat_drop	57	0.0000	0.0000	222.8551	0.0000	0.0000	-313.7877	1.00000	0.00000	0.00000	0.00000	0.00000	1.00000	0.00000	0.00000	0.00000	0	100.00
land_flat_drop	58	0.0000	0.0000	220.2000	0.0000	0.0000	-319.1977	1.00000	0.00000	0.00000	0.00000	0.00000	1.00000	0.00000	0.00000	0.00000	0	100.00
land_flat_drop	59	0.0000	0.0000	217.4949	0.0000	0.0000	-324.6077	1.00000	0.00000	0.00000	0.00000	0.00000	1.00000	0.00000	0.00000	0.00000	0	100.00
land_flat_drop	60	0.0000	0.0000	214.7399	0.0000	0.0000	-330.0177	1.00000	0.00000	0.00000	0.00000	0.00000	1.00000	0.00000	0.00000	0.00000	0	100.00
land_flat_drop	61	0.0000	0.0000	211.9448	0.0000	0.0000	-335.4276	1.00000	0.00000	0.00000	0.00000	0.00000	1.00000	0.00000	0.00000	0.00000	0	100.00
land_flat_drop	62	0.0000	0.0000	209.0997	0.0000	0.0000	-340.8376	1.00000	0.00000	0.00000	0.00000	0.00000	1.00000	0.00000	0.00000	0.00000	0	100.00
land_flat_drop	63	0.0000	0.0000	206.2146	0.0000	0.0000	-346.2477	1.00000	0.00000	0.00000	0.00000	0.00000	1.00000	0.00000	0.00000	0.00000	0	100.00
land_flat_drop	64	0.0000	0.0000	203.2795	0.0000	0.0000	-351.6577	1.00000	0.00000	0.00000	0.00000	0.00000	1.00000	0.00000	0.00000	0.00000	0	100.00
land_flat_drop	65	0.0000	0.0000	200.3044	0.0000	0.0000	-357.0677	1.00000	0.00000	0.00000	0.00000	0.00000	1.00000	0.00000	0.00000	0.00000	0	100.00
land_flat_drop	66	0.0000	0.0000	197.2794	0.0000	0.0000	-362.4777	1.00000	0.00000	0.00000	0.00000	0.00000	1.00000	0.00000	0.00000	0.00000	0	100.00
land_flat_drop	67	0.0000	0.0000	194.2143	0.0000	0.0000	-367.8877	1.00000	0.00000	0.00000	0.00000	0.00000	1.00000	0.00000	0.00000	0.00000	0	100.00
land_flat_drop	68	0.0000	0.0000	191.0992	0.0000	0.0000	-373.2977	1.00000	0.00000	0.00000	0.00000	0.00000	1.00000	0.00000	0.00000	0.00000	0	100.00
land_flat_drop	69	0.0000	0.0000	187.9441	0.0000	0.0000	-378.7076	1.00000	0.00000	0.00000	0.00000	0.00000	1.00000	0.00000	0.00000	0.00000	0	100.00
land_flat_drop	70	0.0000	0.0000	184.7390	0.0000	0.0000	-384.1176	1.00000	0.00000	0.00000	0.00000	0.00000	1.00000	0.00000	0.00000	0.00000	0	100.00
land_flat_drop	71	0.0000	0.0000	181.4939	0.0000	0.0000	-389.5276	1.00000	0.00000	0.00000	0.00000	0.00000	1.00000	0.00000	0.00000	0.00000	0	100.00
land_flat_drop	72	0.0000	0.0000	178.1989	0.0000	0.0000	-394.9376	1.00000	0.00000	0.00000	0.00000	0.00000	1.00000	0.00000	0.00000	0.00000	0	100.00
land_flat_drop	73	0.0000	0.0000	174.8638	0.0000	0.0000	-400.3477	1.00000	0.00000	0.00000	0.00000	0.00000	1.00000	0.00000	0.00000	0.00000	0	100.00
land_flat_drop	74	0.0000	0.0000	171.4787	0.0000	0.0000	-405.7577	1.00000	0.00000	0.00000	0.00000	0.00000	1.00000	0.00000	0.00000	0.00000	0	100.00
land_flat_drop	75	0.0000	0.0000	168.0536	0.0000	0.0000	-411.1677	1.00000	0.00000	0.00000	0.00000	0.00000	1.00000	0.00000	0.00000	0.00000	0	100.00
land_flat_drop	76	0.0000	0.0000	164.5785	0.0000	0.0000	-416.5777	1.00000	0.00000	0.00000	0.00000	0.00000	1.00000	0.00000	0.00000	0.00000	0	100.00
land_flat_drop	77	0.0000	0.0000	161.0634	0.0000	0.0000	-421.9877	1.00000	0.00000	0.00000	0.00000	0.00000	1.00000	0.00000	0.00000	0.00000	0	100.00
land_flat_drop	78	0.0000	0.0000	157.4984	0.0000	0.0000	-427.3977	1.00000	0.00000	0.00000	0.00000	0.00000	1.00000	0.00000	0.00000	0.00000	0	100.00
land_flat_drop	79	0.0000	0.0000	153.8932	0.0000	0.0000	-432.8077	1.00000	0.00000	0.00000	0.00000	0.00000	1.00000	0.00000	0.00000	0.00000	0	100.00
land_flat_drop	80	0.0000	0.0000	150.2382	0.0000	0.0000	-438.2177	1.00000	0.00000	0.00000	0.00000	0.00000	1.00000	0.00000	0.00000	0.00000	0	100.00
land_flat_drop	81	0.0000	0.0000	146.5431	0.0000	0.0000	-443.6277	1.00000	0.00000	0.00000	0.00000	0.00000	1.00000	0.00000	0.00000	0.00000	0	100.00
land_flat_drop	82	0.0000	0.0000	142.7980	0.0000	0.0000	-449.0377	1.00000	0.00000	0.00000	0.00000	0.00000	1.00000	0.00000	0.00000	0.00000	0	100.00
land_flat_drop	83	0.0000	0.0000	139.0129	0.0000	0.0000	-454.4477	1.00000	0.00000	0.00000	0.00000	0.00000	1.00000	0.00000	0.00000	0.00000	0	100.00
land_flat_drop	84	0.0000	0.0000	135.1778	0.0000	0.0000	-459.8577	1.00000	0.00000	0.00000	0.00000	0.00000	1.00000	0.00000	0.00000	0.00000	0	100.00
land_flat_drop	85	0.0000	0.0000	131.3027	0.0000	0.0000	-465.2677	1.00000	0.00000	0.00000	0.00000	0.00000	1.00000	0.00000	0.00000	0.00000	0	100.00
land_flat_drop	86	0.0000	0.0000	127.3777	0.0000	0.0000	-470.6777	1.00000	0.00000	0.00000	0.00000	0.00000	1.00000	0.00000	0.00000	0.00000	0	100.00
land_flat_drop	87	0.0000	0.0000	123.4126	0.0000	0.0000	-476.0877	1.00000	0.00000	0.00000	0.00000	0.00000	1.00000	0.00000	0.00000	0.00000	0	100.00
land_flat_drop	88	0.0000	0.0000	119.3975	0.0000	0.0000	-481.4977	1.00000	0.00000	0.00000	0.00000	0.00000	1.00000	0.00000	0.00000	0.00000	0	100.00
land_flat_drop	89	0.0000	0.0000	115.3424	0.0000	0.0000	-486.9077	1.00000	0.00000	0.00000	0.00000	0.00000	1.00000	0.00000	0.00000	0.00000	0	100.00
land_flat_drop	90	0.0000	0.0000	111.2374	0.0000	0.0000	-492.3177	1.00000	0.00000	0.00000	0.00000	0.00000	1.00000	0.00000	0.00000	0.00000	0	100.00
land_flat_drop	91	0.0000	0.0000	107.0923	0.0000	0.0000	-497.7277	1.00000	0.00000	0.00000	0.00000	0.00000	1.00000	0.00000	0.00000	0.00000	0	100.00
land_flat_drop	92	0.0000	0.0000	102.8972	0.0000	0.0000	-503.1377	1.00000	0.00000	0.00000	0.00000	0.00000	1.00000	0.00000	0.00000	0.00000	0	100.00
land_flat_drop	93	0.0000	0.0000	98.6621	0.0000	0.0000	-508.5476	1.00000	0.00000	0.00000	0.00000	0.00000	1.00000	0.00000	0.00000	0.00000	0	100.00
land_flat_drop	94	0.0000	0.0000	94.3770	0.0000	0.0000	-513.9576	1.00000	0.00000	0.00000	0.00000	0.00000	1.00000	0.00000	0.00000	0.00000	0	100.00
land_flat_drop	95	0.0000	0.0000	90.0519	0.0000	0.0000	-519.3677	1.00000	0.00000	0.00000	0.00000	0.00000	1.00000	0.00000	0.00000	0.00000	0	100.00
land_flat_drop	96	0.0000	0.0000	85.6769	0.0000	0.0000	-524.7776	1.00000	0.00000	0.00000	0.00000	0.00000	1.00000	0.00000	0.00000	0.00000	0	100.00
land_flat_drop	97	0.0000	0.0000	81.2618	0.0000	0.0000	-530.1876	1.00000	0.00000	0.00000	0.00000	0.00000	1.00000	0.00000	0.00000	0.00000	0	100.00
land_flat_drop	98	0.0000	0.0000	76.7967	0.0000	0.0000	-535.5977	1.00000	0.00000	0.00000	0.00000	0.00000	1.00000	0.00000	0.00000	0.00000	0	100.00
land_flat_drop	99	0.0000	0.0000	72.2916	0.0000	0.0000	-541.0076	1.00000	0.00000	0.00000	0.00000	0.00000	1.00000	0.00000	0.00000	0.00000	0	100.00
land_flat_drop	100	0.0000	0.0000	67.7365	0.0000	0.0000	-546.4177	1.00000	0.00000	0.00000	0.00000	0.00000	1.00000	0.00000	0.00000	0.00000	0	100.00
land_flat_drop	101	0.0000	0.0000	63.1414	0.0000	0.0000	-551.8276	1.00000	0.00000	0.00000	0.00000	0.00000	1.00000	0.00000	0.00000	0.00000	0	100.00
land_flat_drop	102	0.0000	0.0000	58.4963	0.0000	0.0000	-557.2377	1.00000	0.00000	0.00000	0.00000	0.00000	1.00000	0.00000	0.00000	0.00000	0	100.00
land_flat_drop	103	0.0000	0.0000	53.8113	0.0000	0.0000	-562.6476	1.00000	0.00000	0.00000	0.00000	0.00000	1.00000	0.00000	0.00000	0.00000	0	100.00
land_flat_drop	104	0.0000	0.0000	49.0762	0.0000	0.0000	-568.0577	1.00000	0.00000	0.00000	0.00000	0.00000	1.00000	0.00000	0.00000	0.00000	0	100.00
land_flat_drop	105	0.0000	0.0000	44.3011	0.0000	0.0000	-573.4677	1.00000	0.00000	0.00000	0.00000	0.00000	1.00000	0.00000	0.00000	0.00000	0	100.00
land_flat_drop	106	0.0000	0.0000	39.4760	0.0000	0.0000	-578.8776	1.00000	0.00000	0.00000	0.00000	0.00000	1.00000	0.00000	0.00000	0.00000	0	100.00
land_flat_drop	107	0.0000	0.0000	34.6109	0.0000	0.0000	-584.2877	1.00000	0.00000	0.00000	0.00000	0.00000	1.00000	0.00000	0.00000	0.00000	0	100.00
land_flat_drop	108	0.0000	0.0000	29.6959	0.0000	0.0000	-589.6976	1.00000	0.00000	0.00000	0.00000	0.00000	1.00000	0.00000	0.00000	0.00000	0	100.00
land_flat_drop	109	0.0000	0.0000	24.7408	0.0000	0.0000	-495.1039	1.00000	0.00000	0.00000	0.00000	0.00000	1.00000	0.00000	0.05035	0.00000	1	100.00
land_flat_drop	110	0.0000	0.0000	20.5464	1.3073	0.0000	-404.8882	1.00000	0.00000	-0.00042	0.00042	0.00000	1.00000	0.00000	0.08544	0.00000	1	100.00
land_flat_drop	111	0.0108	0.0000	17.1083	1.5040	0.0000	-319.1393	1.00000	0.00000	-0.00113	0.00113	0.00000	1.00000	0.00000	0.10792	0.00000	1	100.00
land_flat_drop	112	0.0225	0.0000	14.3829	1.5657	0.0000	-128.6344	1.00000	0.00000	-0.00203	0.00203	0.00000	1.00000	0.00000	-0.14471	0.00000	1	100.00
land_flat_drop	113	0.0330	0.0000	13.2404	-2.8331	0.0000	-21.4351	1.00000	0.00000	-0.00082	0.00082	0.00000	1.00000	0.00000	-0.08597	0.00000	1	100.00
land_flat_drop	114	0.0064	0.0000	12.9937	-0.6650	0.0000	34.6390	1.00000	0.00000	-0.00011	0.00011	0.00000	1.00000	0.00000	0.02238	0.00000	1	100.00
land_flat_drop	115	0.0045	0.0000	13.2109	0.5479	0.0000	56.8516	1.00000	0.00000	-0.00030	0.00030	0.00000	1.00000	0.00000	0.09960	0.00000	1	100.00
land_flat_drop	116	0.0045	0.0000	13.6161	1.5712	0.0000	60.6565	1.00000	0.00000	-0.00113	0.00113	0.00000	1.00000	0.00000	0.12520	0.00000	1	100.00
land_flat_drop	117	0.0131	0.0000	14.0577	1.8098	0.0000	57.1542	1.00000	0.00000	-0.00217	0.00217	0.00000	1.00000	0.00000	0.12515	0.00000	1	100.00
land_flat_drop	118	0.0250	0.0000	14.4685	1.8133	0.0000	51.5058	0.99999	0.00000	-0.00321	0.00321	0.00000	0.99999	0.00000	0.10498	0.00000	1	100.00
land_flat_drop	119	0.0451	0.0000	14.8315	1.4901	0.0000	46.2107	0.99999	0.00000	-0.00409	0.00409	0.00000	0.99999	0.00000	0.08846	0.00000	1	100.00
land_flat_drop	120	0.0624	0.0000	15.1474	1.3001	0.0000	41.3675	0.99999	0.00000	-0.00482	0.00482	0.00000	0.99999	0.00000	0.07515	0.00000	1	100.00
land_flat_drop	121	0.0708	0.0000	15.4270	1.1219	0.0000	36.9691	0.99999	0.00000	-0.00545	0.00545	0.00000	0.99999	0.00000	0.06427	0.00000	1	100.00
land_flat_drop	122	0.0793	0.0000	15.6703	0.9770	0.0000	33.0219	0.99998	0.00000	-0.00599	0.00599	0.00000	0.99998	0.00000	0.05525	0.00000	1	100.00
land_flat_drop	123	0.0881	0.0000	15.8775	0.8526	0.0000	29.5320	0.99998	0.00000	-0.00645	0.00645	0.00000	0.99998	0.00000	0.04771	0.00000	1	100.00
land_flat_drop	124	0.0971	0.0000	16.0584	0.7438	0.0000	26.4516	0.99998	0.00000	-0.00684	0.00684	0.00000	0.99998	0.00000	0.04134	0.00000	1	100.00
land_flat_drop	125	0.1062	0.0000	16.2127	0.6515	0.0000	23.7552	0.99997	0.00000	-0.00719	0.00719	0.00000	0.99997	0.00000	0.03592	0.00000	1	100.00
land_flat_drop	126	0.1154	0.0000	16.3402	0.5700	0.0000	21.4240	0.99997	0.00000	-0.00749	0.00749	0.00000	0.99997	0.00000	0.03128	0.00000	1	100.00
land_flat_drop	127	0.1247	0.0000	16.4508	0.5023	0.0000	19.4100	0.99997	0.00000	-0.00775	0.00775	0.00000	0.99997	0.00000	0.02729	0.00000	1	100.00
land_flat_drop	128	0.1242	0.0000	16.5440	0.4384	0.0000	17.6752	0.99997	0.00000	-0.00797	0.00797	0.00000	0.99997	0.00000	0.02384	0.00000	1	100.00
land_flat_drop	129	0.1236	0.0000	16.6195	0.3871	0.0000	16.2070	0.99997	0.00000	-0.00817	0.00817	0.00000	0.99997	0.00000	0.02086	0.00000	1	100.00
land_flat_drop	130	0.1232	0.0000	16.6873	0.3393	0.0000	14.9447	0.99997	0.00000	-0.00835	0.00835	0.00000	0.99997	0.00000	0.01826	0.00000	1	100.00
land_flat_drop	131	0.1228	0.0000	16.7468	0.2992	0.0000	13.8568	0.99996	0.00000	-0.00850	0.00850	0.00000	0.99996	0.00000	0.01600	0.00000	1	100.00
land_flat_drop	132	0.1224	0.0000	16.7977	0.2629	0.0000	12.9181	0.99996	0.00000	-0.00863	0.00863	0.00000	0.99996	0.00000	0.01402	0.00000	1	100.00
land_flat_drop	133	0.1222	0.0000	16.8399	0.2296	0.0000	12.1158	0.99996	0.00000	-0.00875	0.00875	0.00000	0.99996	0.00000	0.01230	0.00000	1	100.00
land_flat_drop	134	0.1218	0.0000	16.8732	0.2040	0.0000	11.4436	0.99996	0.00000	-0.00885	0.00885	0.00000	0.99996	0.00000	0.01079	0.00000	1	100.00
land_flat_drop	135	0.1217	0.0000	16.8976	0.1774	0.0000	10.8952	0.99996	0.00000	-0.00894	0.00894	0.00000	0.99996	0.00000	0.00947	0.00000	1	100.00
land_flat_drop	136	0.1214	0.0000	16.9230	0.1574	0.0000	10.4227	0.99996	0.00000	-0.00902	0.00902	0.00000	0.99996	0.00000	0.00831	0.00000	1	100.00
land_flat_drop	137	0.1213	0.0000	16.9391	0.1381	0.0000	10.0424	0.99996	0.00000	-0.00909	0.00909	0.00000	0.99996	0.00000	0.00730	0.00000	1	100.00
land_flat_drop	138	0.1211	0.0000	16.9560	0.1218	0.0000	9.7189	0.99996	0.00000	-0.00915	0.00915	0.00000	0.99996	0.00000	0.00641	0.00000	1	100.00
land_flat_drop	139	0.1210	0.0000	16.9732	0.1055	0.0000	9.4271	0.99996	0.00000	-0.00920	0.00920	0.00000	0.99996	0.00000	0.00562	0.00000	1	100.00
land_flat_drop	140	0.1208	0.0000	16.9808	0.0940	0.0000	9.2021	0.99996	0.00000	-0.00925	0.00925	0.00000	0.99996	0.00000	0.00494	0.00000	1	100.00
land_flat_drop	141	0.1208	0.0000	16.9890	0.0820	0.0000	9.0215	0.99996	0.00000	-0.00929	0.00929	0.00000	0.99996	0.00000	0.00433	0.00000	1	100.00
land_flat_drop	142	0.1207	0.0000	16.9975	0.0717	0.0000	8.8661	0.99996	0.00000	-0.00933	0.00933	0.00000	0.99996	0.00000	0.00381	0.00000	1	100.00
land_flat_drop	143	0.1206	0.0000	17.0061	0.0630	0.0000	8.7233	0.99996	0.00000	-0.00936	0.00936	0.00000	0.99996	0.00000	0.00334	0.00000	1	100.00
land_flat_drop	144	0.1205	0.0000	17.0150	0.0557	0.0000	8.5932	0.99996	0.00000	-0.00939	0.00939	0.00000	0.99996	0.00000	0.00293	0.00000	1	100.00
land_flat_drop	145	0.1204	0.0000	17.0139	0.0495	0.0000	8.5110	0.99996	0.00000	-0.00941	0.00941	0.00000	0.99996	0.00000	0.00257	0.00000	1	100.00
land_flat_drop	146	0.1203	0.0000	17.0132	0.0444	0.0000	8.4605	0.99996	0.00000	-0.00943	0.00943	0.00000	0.99996	0.00000	0.00226	0.00000	1	100.00
land_flat_drop	147	0.1203	0.0000	17.0128	0.0377	0.0000	8.4289	0.99996	0.00000	-0.00945	0.00945	0.00000	0.99996	0.00000	0.00198	0.00000	1	100.00
land_flat_drop	148	0.1203	0.0000	17.0125	0.0344	0.0000	8.4036	0.99996	0.00000	-0.00947	0.00947	0.00000	0.99996	0.00000	0.00174	0.00000	1	100.00
land_flat_drop	149	0.1203	0.0000	17.0123	0.0292	0.0000	8.3910	0.99996	0.00000	-0.00948	0.00948	0.00000	0.99996	0.00000	0.00153	0.00000	1	100.00
land_fast_drop	0	0.0000	0.0000	892.4323	0.0000	0.0000	-908.1260	1.00000	0.00000	0.00000	0.00000	0.00000	1.00000	0.00000	0.00000	0.00000	0	100.00
land_fast_drop	1	0.0000	0.0000	884.8172	0.0000	0.0000	-913.5376	1.00000	0.00000	0.00000	0.00000	0.00000	1.00000	0.00000	0.00000	0.00000	0	100.00
land_fast_drop	2	0.0000	0.0000	877.1620	0.0000	0.0000	-918.9476	1.00000	0.00000	0.00000	0.00000	0.00000	1.00000	0.00000	0.00000	0.00000	0	100.00
land_fast_drop	3	0.0000	0.0000	869.4570	0.0000	0.0000	-924.3576	1.00000	0.00000	0.00000	0.00000	0.00000	1.00000	0.00000	0.00000	0.00000	0	100.00
land_fast_drop	4	0.0000	0.0000	861.7120	0.0000	0.0000	-929.7676	1.00000	0.00000	0.00000	0.00000	0.00000	1.00000	0.00000	0.00000	0.00000	0	100.00
land_fast_drop	5	0.0000	0.0000	853.9168	0.0000	0.0000	-935.1776	1.00000	0.00000	0.00000	0.00000	0.00000	1.00000	0.00000	0.00000	0.00000	0	100.00
land_fast_drop	6	0.0000	0.0000	846.0817	0.0000	0.0000	-940.5876	1.00000	0.00000	0.00000	0.00000	0.00000	1.00000	0.00000	0.00000	0.00000	0	100.00
land_fast_drop	7	0.0000	0.0000	838.1967	0.0000	0.0000	-945.9976	1.00000	0.00000	0.00000	0.00000	0.00000	1.00000	0.00000	0.00000	0.00000	0	100.00
land_fast_drop	8	0.0000	0.0000	830.2716	0.0000	0.0000	-951.4076	1.00000	0.00000	0.00000	0.00000	0.00000	1.00000	0.00000	0.00000	0.00000	0	100.00
land_fast_drop	9	0.0000	0.0000	822.2965	0.0000	0.0000	-956.8176	1.00000	0.00000	0.00000	0.00000	0.00000	1.00000	0.00000	0.00000	0.00000	0	100.00
land_fast_drop	10	0.0000	0.0000	814.2814	0.0000	0.0000	-962.2277	1.00000	0.00000	0.00000	0.00000	0.00000	1.00000	0.00000	0.00000	0.00000	0	100.00
land_fast_drop	11	0.0000	0.0000	806.2164	0.0000	0.0000	-967.6376	1.00000	0.00000	0.00000	0.00000	0.00000	1.00000	0.00000	0.00000	0.00000	0	100.00
land_fast_drop	12	0.0000	0.0000	798.1113	0.0000	0.0000	-973.0476	1.00000	0.00000	0.00000	0.00000	0.00000	1.00000	0.00000	0.00000	0.00000	0	100.00
land_fast_drop	13	0.0000	0.0000	789.9561	0.0000	0.0000	-978.4576	1.00000	0.00000	0.00000	0.00000	0.00000	1.00000	0.00000	0.00000	0.00000	0	100.00
land_fast_drop	14	0.0000	0.0000	781.7611	0.0000	0.0000	-983.8676	1.00000	0.00000	0.00000	0.00000	0.00000	1.00000	0.00000	0.00000	0.00000	0	100.00
land_fast_drop	15	0.0000	0.0000	773.5160	0.0000	0.0000	-989.2776	1.00000	0.00000	0.00000	0.00000	0.00000	1.00000	0.00000	0.00000	0.00000	0	100.00
land_fast_drop	16	0.0000	0.0000	765.2310	0.0000	0.0000	-994.6876	1.00000	0.00000	0.00000	0.00000	0.00000	1.00000	0.00000	0.00000	0.00000	0	100.00
land_fast_drop	17	0.0000	0.0000	756.8958	0.0000	0.0000	-1000.0977	1.00000	0.00000	0.00000	0.00000	0.00000	1.00000	0.00000	0.00000	0.00000	0	100.00
land_fast_drop	18	0.0000	0.0000	748.5208	0.0000	0.0000	-1005.5076	1.00000	0.00000	0.00000	0.00000	0.00000	1.00000	0.00000	0.00000	0.00000	0	100.00
land_fast_drop	19	0.0000	0.0000	740.0956	0.0000	0.0000	-1010.9177	1.00000	0.00000	0.00000	0.00000	0.00000	1.00000	0.00000	0.00000	0.00000	0	100.00
land_fast_drop	20	0.0000	0.0000	731.6306	0.0000	0.0000	-1016.3276	1.00000	0.00000	0.00000	0.00000	0.00000	1.00000	0.00000	0.00000	0.00000	0	100.00
land_fast_drop	21	0.0000	0.0000	723.1155	0.0000	0.0000	-1021.7377	1.00000	0.00000	0.00000	0.00000	0.00000	1.00000	0.00000	0.00000	0.00000	0	100.00
land_fast_drop	22	0.0000	0.0000	714.5604	0.0000	0.0000	-1027.1476	1.00000	0.00000	0.00000	0.00000	0.00000	1.00000	0.00000	0.00000	0.00000	0	100.00
land_fast_drop	23	0.0000	0.0000	705.9553	0.0000	0.0000	-1032.5576	1.00000	0.00000	0.00000	0.00000	0.00000	1.00000	0.00000	0.00000	0.00000	0	100.00
land_fast_drop	24	0.0000	0.0000	697.3102	0.0000	0.0000	-1037.9675	1.00000	0.00000	0.00000	0.00000	0.00000	1.00000	0.00000	0.00000	0.00000	0	100.00
land_fast_drop	25	0.0000	0.0000	688.6152	0.0000	0.0000	-1043.3776	1.00000	0.00000	0.00000	0.00000	0.00000	1.00000	0.00000	0.00000	0.00000	0	100.00
land_fast_drop	26	0.0000	0.0000	679.8801	0.0000	0.0000	-1048.7876	1.00000	0.00000	0.00000	0.00000	0.00000	1.00000	0.00000	0.00000	0.00000	0	100.00
land_fast_drop	27	0.0000	0.0000	671.0950	0.0000	0.0000	-1054.1978	1.00000	0.00000	0.00000	0.00000	0.00000	1.00000	0.00000	0.00000	0.00000	0	100.00
land_fast_drop	28	0.0000	0.0000	662.2699	0.0000	0.0000	-1059.6075	1.00000	0.00000	0.00000	0.00000	0.00000	1.00000	0.00000	0.00000	0.00000	0	100.00
land_fast_drop	29	0.0000	0.0000	653.3949	0.0000	0.0000	-1065.0176	1.00000	0.00000	0.00000	0.00000	0.00000	1.00000	0.00000	0.00000	0.00000	0	100.00
land_fast_drop	30	0.0000	0.0000	644.4697	0.0000	0.0000	-1070.4276	1.00000	0.00000	0.00000	0.00000	0.00000	1.00000	0.00000	0.00000	0.00000	0	100.00
land_fast_drop	31	0.0000	0.0000	635.5047	0.0000	0.0000	-1075.8375	1.00000	0.00000	0.00000	0.00000	0.00000	1.00000	0.00000	0.00000	0.00000	0	100.00
land_fast_drop	32	0.0000	0.0000	626.4896	0.0000	0.0000	-1081.2476	1.00000	0.00000	0.00000	0.00000	0.00000	1.00000	0.00000	0.00000	0.00000	0	100.00
land_fast_drop	33	0.0000	0.0000	617.4345	0.0000	0.0000	-1086.6576	1.00000	0.00000	0.00000	0.00000	0.00000	1.00000	0.00000	0.00000	0.00000	0	100.00
land_fast_drop	34	0.0000	0.0000	608.3294	0.0000	0.0000	-1092.0676	1.00000	0.00000	0.00000	0.00000	0.00000	1.00000	0.00000	0.00000	0.00000	0	100.00
land_fast_drop	35	0.0000	0.0000	599.1844	0.0000	0.0000	-1097.4775	1.00000	0.00000	0.00000	0.00000	0.00000	1.00000	0.00000	0.00000	0.00000	0	100.00
land_fast_drop	36	0.0000	0.0000	589.9893	0.0000	0.0000	-1102.8876	1.00000	0.00000	0.00000	0.00000	0.00000	1.00000	0.00000	0.00000	0.00000	0	100.00
land_fast_drop	37	0.0000	0.0000	580.7542	0.0000	0.0000	-1108.2976	1.00000	0.00000	0.00000	0.00000	0.00000	1.00000	0.00000	0.00000	0.00000	0	100.00
land_fast_drop	38	0.0000	0.0000	571.4691	0.0000	0.0000	-1113.7075	1.00000	0.00000	0.00000	0.00000	0.00000	1.00000	0.00000	0.00000	0.00000	0	100.00
land_fast_drop	39	0.0000	0.0000	562.1440	0.0000	0.0000	-1119.1176	1.00000	0.00000	0.00000	0.00000	0.00000	1.00000	0.00000	0.00000	0.00000	0	100.00
land_fast_drop	40	0.0000	0.0000	552.7689	0.0000	0.0000	-1124.5276	1.00000	0.00000	0.00000	0.00000	0.00000	1.00000	0.00000	0.00000	0.00000	0	100.00
land_fast_drop	41	0.0000	0.0000	543.3538	0.0000	0.0000	-1129.9376	1.00000	0.00000	0.00000	0.00000	0.00000	1.00000	0.00000	0.00000	0.00000	0	100.00
land_fast_drop	42	0.0000	0.0000	533.8888	0.0000	0.0000	-1135.3475	1.00000	0.00000	0.00000	0.00000	0.00000	1.00000	0.00000	0.00000	0.00000	0	100.00
land_fast_drop	43	0.0000	0.0000	524.3837	0.0000	0.0000	-1140.7576	1.00000	0.00000	0.00000	0.00000	0.00000	1.00000	0.00000	0.00000	0.00000	0	100.00
land_fast_drop	44	0.0000	0.0000	514.8286	0.0000	0.0000	-1146.1676	1.00000	0.00000	0.00000	0.00000	0.00000	1.00000	0.00000	0.00000	0.00000	0	100.00
land_fast_drop	45	0.0000	0.0000	505.2335	0.0000	0.0000	-1151.5776	1.00000	0.00000	0.00000	0.00000	0.00000	1.00000	0.00000	0.00000	0.00000	0	100.00
land_fast_drop	46	0.0000	0.0000	495.5884	0.0000	0.0000	-1156.9875	1.00000	0.00000	0.00000	0.00000	0.00000	1.00000	0.00000	0.00000	0.00000	0	100.00
land_fast_drop	47	0.0000	0.0000	485.9033	0.0000	0.0000	-1162.3976	1.00000	0.00000	0.00000	0.00000	0.00000	1.00000	0.00000	0.00000	0.00000	0	100.00
land_fast_drop	48	0.0000	0.0000	476.1682	0.0000	0.0000	-1167.8076	1.00000	0.00000	0.00000	0.00000	0.00000	1.00000	0.00000	0.00000	0.00000	0	100.00
land_fast_drop	49	0.0000	0.0000	466.3932	0.0000	0.0000	-1173.2175	1.00000	0.00000	0.00000	0.00000	0.00000	1.00000	0.00000	0.00000	0.00000	0	100.00
land_fast_drop	50	0.0000	0.0000	456.5681	0.0000	0.0000	-1178.6276	1.00000	0.00000	0.00000	0.00000	0.00000	1.00000	0.00000	0.00000	0.00000	0	100.00
land_fast_drop	51	0.0000	0.0000	446.7030	0.0000	0.0000	-1184.0376	1.00000	0.00000	0.00000	0.00000	0.00000	1.00000	0.00000	0.00000	0.00000	0	100.00
land_fast_drop	52	0.0000	0.0000	436.7879	0.0000	0.0000	-1189.4476	1.00000	0.00000	0.00000	0.00000	0.00000	1.00000	0.00000	0.00000	0.00000	0	100.00
land_fast_drop	53	0.0000	0.0000	426.8328	0.0000	0.0000	-1194.8575	1.00000	0.00000	0.00000	0.00000	0.00000	1.00000	0.00000	0.00000	0.00000	0	100.00
land_fast_drop	54	0.0000	0.0000	416.8277	0.0000	0.0000	-1200.2676	1.00000	0.00000	0.00000	0.00000	0.00000	1.00000	0.00000	0.00000	0.00000	0	100.00
land_fast_drop	55	0.0000	0.0000	406.7827	0.0000	0.0000	-1205.6776	1.00000	0.00000	0.00000	0.00000	0.00000	1.00000	0.00000	0.00000	0.00000	0	100.00
land_fast_drop	56	0.0000	0.0000	396.6876	0.0000	0.0000	-1211.0875	1.00000	0.00000	0.00000	0.00000	0.00000	1.00000	0.00000	0.00000	0.00000	0	100.00
land_fast_drop	57	0.0000	0.0000	386.5525	0.0000	0.0000	-1216.4976	1.00000	0.00000	0.00000	0.00000	0.00000	1.00000	0.00000	0.00000	0.00000	0	100.00
land_fast_drop	58	0.0000	0.0000	376.3674	0.0000	0.0000	-1221.9076	1.00000	0.00000	0.00000	0.00000	0.00000	1.00000	0.00000	0.00000	0.00000	0	100.00
land_fast_drop	59	0.0000	0.0000	366.1423	0.0000	0.0000	-1227.3176	1.00000	0.00000	0.00000	0.00000	0.00000	1.00000	0.00000	0.00000	0.00000	0	100.00
land_fast_drop	60	0.0000	0.0000	355.8673	0.0000	0.0000	-1232.7275	1.00000	0.00000	0.00000	0.00000	0.00000	1.00000	0.00000	0.00000	0.00000	0	100.00
land_fast_drop	61	0.0000	0.0000	345.5522	0.0000	0.0000	-1238.1376	1.00000	0.00000	0.00000	0.00000	0.00000	1.00000	0.00000	0.00000	0.00000	0	100.00
land_fast_drop	62	0.0000	0.0000	335.1871	0.0000	0.0000	-1243.5476	1.00000	0.00000	0.00000	0.00000	0.00000	1.00000	0.00000	0.00000	0.00000	0	100.00
land_fast_drop	63	0.0000	0.0000	324.7820	0.0000	0.0000	-1248.9575	1.00000	0.00000	0.00000	0.00000	0.00000	1.00000	0.00000	0.00000	0.00000	0	100.00
land_fast_drop	64	0.0000	0.0000	314.3269	0.0000	0.0000	-1254.3676	1.00000	0.00000	0.00000	0.00000	0.00000	1.00000	0.00000	0.00000	0.00000	0	100.00
land_fast_drop	65	0.0000	0.0000	303.8318	0.0000	0.0000	-1259.7776	1.00000	0.00000	0.00000	0.00000	0.00000	1.00000	0.00000	0.00000	0.00000	0	100.00
land_fast_drop	66	0.0000	0.0000	293.2867	0.0000	0.0000	-1265.1876	1.00000	0.00000	0.00000	0.00000	0.00000	1.00000	0.00000	0.00000	0.00000	0	100.00
land_fast_drop	67	0.0000	0.0000	282.7017	0.0000	0.0000	-1270.5975	1.00000	0.00000	0.00000	0.00000	0.00000	1.00000	0.00000	0.00000	0.00000	0	100.00
land_fast_drop	68	0.0000	0.0000	272.0666	0.0000	0.0000	-1276.0076	1.00000	0.00000	0.00000	0.00000	0.00000	1.00000	0.00000	0.00000	0.00000	0	100.00
land_fast_drop	69	0.0000	0.0000	261.3915	0.0000	0.0000	-1281.4176	1.00000	0.00000	0.00000	0.00000	0.00000	1.00000	0.00000	0.00000	0.00000	0	100.00
land_fast_drop	70	0.0000	0.0000	250.6665	0.0000	0.0000	-1286.8275	1.00000	0.00000	0.00000	0.00000	0.00000	1.00000	0.00000	0.00000	0.00000	0	100.00
land_fast_drop	71	0.0000	0.0000	239.9014	0.0000	0.0000	-1292.2375	1.00000	0.00000	0.00000	0.00000	0.00000	1.00000	0.00000	0.00000	0.00000	0	100.00
land_fast_drop	72	0.0000	0.0000	229.0863	0.0000	0.0000	-1297.6476	1.00000	0.00000	0.00000	0.00000	0.00000	1.00000	0.00000	0.00000	0.00000	0	100.00
land_fast_drop	73	0.0000	0.0000	218.2312	0.0000	0.0000	-1303.0576	1.00000	0.00000	0.00000	0.00000	0.00000	1.00000	0.00000	0.00000	0.00000	0	100.00
land_fast_drop	74	0.0000	0.0000	207.3261	0.0000	0.0000	-1308.4675	1.00000	0.00000	0.00000	0.00000	0.00000	1.00000	0.00000	0.00000	0.00000	0	100.00
land_fast_drop	75	0.0000	0.0000	196.3810	0.0000	0.0000	-1313.8776	1.00000	0.00000	0.00000	0.00000	0.00000	1.00000	0.00000	0.00000	0.00000	0	100.00
land_fast_drop	76	0.0000	0.0000	185.3859	0.0000	0.0000	-1319.2876	1.00000	0.00000	0.00000	0.00000	0.00000	1.00000	0.00000	0.00000	0.00000	0	100.00
land_fast_drop	77	0.0000	0.0000	174.3508	0.0000	0.0000	-1324.6976	1.00000	0.00000	0.00000	0.00000	0.00000	1.00000	0.00000	0.00000	0.00000	0	100.00
land_fast_drop	78	0.0000	0.0000	163.2658	0.0000	0.0000	-1330.1075	1.00000	0.00000	0.00000	0.00000	0.00000	1.00000	0.00000	0.00000	0.00000	0	100.00
land_fast_drop	79	0.0000	0.0000	152.1407	0.0000	0.0000	-1335.5176	1.00000	0.00000	0.00000	0.00000	0.00000	1.00000	0.00000	0.00000	0.00000	0	100.00
land_fast_drop	80	0.0000	0.0000	140.9656	0.0000	0.0000	-1340.9276	1.00000	0.00000	0.00000	0.00000	0.00000	1.00000	0.00000	0.00000	0.00000	0	100.00
land_fast_drop	81	0.0000	0.0000	129.7505	0.0000	0.0000	-1346.3375	1.00000	0.00000	0.00000	0.00000	0.00000	1.00000	0.00000	0.00000	0.00000	0	100.00
land_fast_drop	82	0.0000	0.0000	118.4854	0.0000	0.0000	-1351.7476	1.00000	0.00000	0.00000	0.00000	0.00000	1.00000	0.00000	0.00000	0.00000	0	100.00
land_fast_drop	83	0.0000	0.0000	107.1803	0.0000	0.0000	-1357.1576	1.00000	0.00000	0.00000	0.00000	0.00000	1.00000	0.00000	0.00000	0.00000	0	100.00
land_fast_drop	84	0.0000	0.0000	95.8253	0.0000	0.0000	-1362.5676	1.00000	0.00000	0.00000	0.00000	0.00000	1.00000	0.00000	0.00000	0.00000	0	100.00
land_fast_drop	85	0.0000	0.0000	84.4302	0.0000	0.0000	-1367.9775	1.00000	0.00000	0.00000	0.00000	0.00000	1.00000	0.00000	0.00000	0.00000	0	100.00
land_fast_drop	86	0.0000	0.0000	72.9851	0.0000	0.0000	-1373.3876	1.00000	0.00000	0.00000	0.00000	0.00000	1.00000	0.00000	0.00000	0.00000	0	100.00
land_fast_drop	87	0.0000	0.0000	61.5000	0.0000	0.0000	-1378.7976	1.00000	0.00000	0.00000	0.00000	0.00000	1.00000	0.00000	0.00000	0.00000	0	100.00
land_fast_drop	88	0.0000	0.0000	49.9649	0.0000	0.0000	-1384.2075	1.00000	0.00000	0.00000	0.00000	0.00000	1.00000	0.00000	0.00000	0.00000	0	100.00
land_fast_drop	89	0.0000	0.0000	38.3799	0.0000	0.0000	-1389.6176	1.00000	0.00000	0.00000	0.00000	0.00000	1.00000	0.00000	0.00000	0.00000	0	100.00
land_fast_drop	90	0.0000	0.0000	26.7548	0.0000	0.0000	-1136.7393	1.00000	0.00000	0.00000	0.00000	0.00000	1.00000	0.00000	0.04937	0.00000	1	100.00
land_fast_drop	91	0.0000	0.0000	17.2095	1.0737	0.0000	-898.9169	1.00000	0.00000	-0.00041	0.00041	0.00000	1.00000	0.00000	0.08452	0.00000	1	100.00
land_fast_drop	92	0.0089	0.0000	9.6514	0.7484	0.0000	-363.5188	1.00000	0.00000	-0.00112	0.00112	0.00000	1.00000	0.00000	-0.67729	0.00000	1	100.00
land_fast_drop	93	0.0162	0.0000	6.5530	-5.8045	0.0000	-65.8795	0.99999	0.00000	0.00453	-0.00453	-0.00000	0.99999	0.00000	-0.55202	0.00000	1	100.00
land_fast_drop	94	-0.0283	0.0000	5.9334	-2.6091	0.0000	86.8610	0.99996	0.00000	0.00913	-0.00913	-0.00000	0.99996	0.00000	-0.26454	0.00000	1	100.00
land_fast_drop	95	-0.0517	0.0000	6.5861	-1.5158	0.0000	147.4138	0.99994	0.00000	0.01133	-0.01133	-0.00000	0.99994	0.00000	0.06996	0.00000	1	100.00
land_fast_drop	96	-0.0626	0.0000	7.7507	1.0838	0.0000	154.7153	0.99994	0.00000	0.01075	-0.01075	-0.00000	0.99994	0.00000	0.46039	0.00000	1	100.00
land_fast_drop	97	-0.0510	0.0000	8.9715	4.9348	0.0000	146.5860	0.99998	0.00000	0.00691	-0.00691	-0.00000	0.99998	0.00000	0.46057	0.00000	1	100.00
land_fast_drop	98	-0.0089	0.0000	10.1238	4.5919	0.0000	138.4560	1.00000	0.00000	0.00308	-0.00308	-0.00000	1.00000	0.00000	0.46056	0.00000	1	100.00
land_fast_drop	99	0.0283	0.0000	11.2060	5.3114	0.0000	130.3260	1.00000	0.00000	-0.00076	0.00076	0.00000	1.00000	0.00000	0.46055	0.00000	1	100.00
land_fast_drop	100	0.0743	0.0000	12.2283	5.7164	0.0000	122.1960	0.99999	0.00000	-0.00460	0.00460	0.00000	0.99999	0.00000	0.46054	0.00000	1	100.00
land_fast_drop	101	0.1176	0.0000	13.1805	6.1649	0.0000	114.0660	0.99996	0.00000	-0.00844	0.00844	0.00000	0.99996	0.00000	0.46051	0.00000	1	100.00
land_fast_drop	102	0.1713	0.0000	14.0628	6.5592	0.0000	105.9360	0.99992	0.00000	-0.01228	0.01228	0.00000	0.99992	0.00000	0.46048	0.00000	1	100.00
land_fast_drop	103	0.2246	0.0000	14.8750	6.9284	0.0000	97.8060	0.99987	0.00000	-0.01611	0.01611	0.00000	0.99987	0.00000	0.46044	0.00000	1	100.00
land_fast_drop	104	0.2777	0.0000	15.6273	7.2678	0.0000	89.6760	0.99980	0.00000	-0.01995	0.01995	0.00000	0.99980	0.00000	0.46039	0.00000	1	100.00
land_fast_drop	105	0.3405	0.0000	16.3095	7.5742	0.0000	81.5460	0.99972	0.00000	-0.02378	0.02378	0.00000	0.99972	0.00000	0.46035	0.00000	1	100.00
land_fast_drop	106	0.4031	0.0000	16.9218	7.8476	0.0000	73.4160	0.99962	0.00000	-0.02762	0.02762	0.00000	0.99962	0.00000	0.46029	0.00000	1	100.00
land_fast_drop	107	0.4653	0.0000	17.4641	8.0907	0.0000	65.2860	0.99951	0.00000	-0.03145	0.03145	0.00000	0.99951	0.00000	0.46024	0.00000	1	100.00
land_fast_drop	108	0.5374	0.0000	17.9363	8.2983	0.0000	57.1560	0.99938	0.00000	-0.03529	0.03529	0.00000	0.99938	0.00000	0.46019	0.00000	1	100.00
land_fast_drop	109	0.6091	0.0000	18.3485	8.4842	0.0000	49.1643	0.99923	0.00000	-0.03912	0.03912	0.00000	0.99923	0.00000	0.45489	0.00000	1	100.00
land_fast_drop	110	0.6807	0.0000	18.6920	8.5085	0.0000	41.9413	0.99908	0.00000	-0.04291	0.04291	0.00000	0.99908	0.00000	0.42054	0.00000	1	100.00
land_fast_drop	111	0.7508	0.0000	18.9718	7.8406	0.0000	35.2738	0.99892	0.00000	-0.04641	0.04641	0.00000	0.99892	0.00000	0.36552	0.00000	1	100.00
land_fast_drop	112	0.8153	0.0000	19.1962	6.7992	0.0000	28.9998	0.99878	0.00000	-0.04945	0.04945	0.00000	0.99878	0.00000	0.29572	0.00000	1	100.00
land_fast_drop	113	0.8766	0.0000	19.3739	5.4492	0.0000	22.9957	0.99865	0.00000	-0.05191	0.05191	0.00000	0.99865	0.00000	0.21569	0.00000	1	100.00
land_fast_drop	114	0.9253	0.0000	19.4939	3.8784	0.0000	17.2073	0.99856	0.00000	-0.05371	0.05371	0.00000	0.99856	0.00000	0.12781	0.00000	1	100.00
land_fast_drop	115	0.9623	0.0000	19.5656	2.1392	0.0000	11.5688	0.99850	0.00000	-0.05477	0.05477	0.00000	0.99850	0.00000	0.03432	0.00000	1	100.00
land_fast_drop	116	0.9778	0.0000	19.5986	0.2880	0.0000	6.0228	0.99848	0.00000	-0.05506	0.05506	0.00000	0.99848	0.00000	-0.06265	0.00000	1	100.00
land_fast_drop	117	0.9823	0.0000	19.5825	-1.6247	0.0000	0.5544	0.99851	0.00000	-0.05453	0.05453	0.00000	0.99851	0.00000	-0.16234	0.00000	1	100.00
land_fast_drop	118	0.9665	0.0000	19.5169	-3.5764	0.0000	-4.8594	0.99858	0.00000	-0.05318	0.05318	0.00000	0.99858	0.00000	-0.26420	0.00000	1	100.00
land_fast_drop	119	0.9402	0.0000	19.4119	-5.5394	0.0000	-10.2355	0.99870	0.00000	-0.05098	0.05098	0.00000	0.99870	0.00000	-0.36714	0.00000	1	100.00
land_fast_drop	120	0.8939	0.0000	19.2570	-7.4760	0.0000	-15.5911	0.99885	0.00000	-0.04793	0.04793	0.00000	0.99885	0.00000	-0.47118	0.00000	1	100.00
land_fast_drop	121	0.8277	0.0000	19.0624	-9.3803	0.0000	-19.1005	0.99903	0.00000	-0.04401	0.04401	0.00000	0.99903	0.00000	-0.52762	0.00000	1	100.00
land_fast_drop	122	0.7518	0.0000	18.8331	-10.0832	0.0000	-20.9055	0.99922	0.00000	-0.03961	0.03961	0.00000	0.99922	0.00000	-0.54471	0.00000	1	100.00
land_fast_drop	123	0.6660	0.0000	18.5881	-10.1367	0.0000	-21.3039	0.99938	0.00000	-0.03508	0.03508	0.00000	0.99938	0.00000	-0.53247	0.00000	1	100.00
land_fast_drop	124	0.5856	0.0000	18.3448	-9.6724	0.0000	-20.6072	0.99953	0.00000	-0.03064	0.03064	0.00000	0.99953	0.00000	-0.49967	0.00000	1	100.00
land_fast_drop	125	0.5094	0.0000	18.1006	-8.8790	0.0000	-19.0393	0.99965	0.00000	-0.02648	0.02648	0.00000	0.99965	0.00000	-0.45349	0.00000	1	100.00
land_fast_drop	126	0.4361	0.0000	17.8737	-7.9036	0.0000	-16.8559	0.99974	0.00000	-0.02270	0.02270	0.00000	0.99974	0.00000	-0.39971	0.00000	1	100.00
land_fast_drop	127	0.3742	0.0000	17.6619	-6.8377	0.0000	-14.2525	0.99981	0.00000	-0.01937	0.01937	0.00000	0.99981	0.00000	-0.34285	0.00000	1	100.00
land_fast_drop	128	0.3131	0.0000	17.4735	-5.7691	0.0000	-11.4139	0.99986	0.00000	-0.01652	0.01652	0.00000	0.99986	0.00000	-0.28627	0.00000	1	100.00
land_fast_drop	129	0.2620	0.0000	17.3072	-4.7419	0.0000	-8.4762	0.99990	0.00000	-0.01413	0.01413	0.00000	0.99990	0.00000	-0.23243	0.00000	1	100.00
land_fast_drop	130	0.2205	0.0000	17.1717	-3.7934	0.0000	-5.5870	0.99993	0.00000	-0.01219	0.01219	0.00000	0.99993	0.00000	-0.18296	0.00000	1	100.00
land_fast_drop	131	0.1884	0.0000	17.0558	-2.9438	0.0000	-2.8181	0.99994	0.00000	-0.01067	0.01067	0.00000	0.99994	0.00000	-0.13886	0.00000	1	100.00
land_fast_drop	132	0.1655	0.0000	16.9689	-2.2022	0.0000	-0.2647	0.99995	0.00000	-0.00951	0.00951	0.00000	0.99995	0.00000	-0.10062	0.00000	1	100.00
land_fast_drop	133	0.1517	0.0000	16.9001	-1.5685	0.0000	2.0394	0.99996	0.00000	-0.00867	0.00867	0.00000	0.99996	0.00000	-0.06833	0.00000	1	100.00
land_fast_drop	134	0.1370	0.0000	16.8492	-1.0432	0.0000	4.0652	0.99997	0.00000	-0.00810	0.00810	0.00000	0.99997	0.00000	-0.04179	0.00000	1	100.00
land_fast_drop	135	0.1313	0.0000	16.8161	-0.6135	0.0000	5.8094	0.99997	0.00000	-0.00776	0.00776	0.00000	0.99997	0.00000	-0.02062	0.00000	1	100.00
land_fast_drop	136	0.1249	0.0000	16.8006	-0.2766	0.0000	7.2510	0.99997	0.00000	-0.00758	0.00758	0.00000	0.99997	0.00000	-0.00430	0.00000	1	100.00
land_fast_drop	137	0.1177	0.0000	16.7927	-0.0197	0.0000	8.4314	0.99997	0.00000	-0.00755	0.00755	0.00000	0.99997	0.00000	0.00778	0.00000	1	100.00
land_fast_drop	138	0.1199	0.0000	16.7926	0.1679	0.0000	9.3230	0.99997	0.00000	-0.00761	0.00761	0.00000	0.99997	0.00000	0.01512	0.00000	1	100.00
land_fast_drop	139	0.1213	0.0000	16.8000	0.2786	0.0000	9.8895	0.99997	0.00000	-0.00774	0.00774	0.00000	0.99997	0.00000	0.01842	0.00000	1	100.00
land_fast_drop	140	0.1223	0.0000	16.8146	0.3199	0.0000	10.2015	0.99997	0.00000	-0.00789	0.00789	0.00000	0.99997	0.00000	0.01945	0.00000	1	100.00
land_fast_drop	141	0.1226	0.0000	16.8273	0.3316	0.0000	10.3619	0.99997	0.00000	-0.00805	0.00805	0.00000	0.99997	0.00000	0.01916	0.00000	1	100.00
land_fast_drop	142	0.1228	0.0000	16.8486	0.3207	0.0000	10.3796	0.99997	0.00000	-0.00821	0.00821	0.00000	0.99997	0.00000	0.01814	0.00000	1	100.00
land_fast_drop	143	0.1227	0.0000	16.8687	0.3020	0.0000	10.3025	0.99997	0.00000	-0.00837	0.00837	0.00000	0.99997	0.00000	0.01675	0.00000	1	100.00
land_fast_drop	144	0.1225	0.0000	16.8881	0.2781	0.0000	10.1749	0.99996	0.00000	-0.00850	0.00850	0.00000	0.99996	0.00000	0.01522	0.00000	1	100.00
land_fast_drop	145	0.1223	0.0000	16.9070	0.2536	0.0000	10.0094	0.99996	0.00000	-0.00863	0.00863	0.00000	0.99996	0.00000	0.01367	0.00000	1	100.00
land_fast_drop	146	0.1221	0.0000	16.9256	0.2262	0.0000	9.8186	0.99996	0.00000	-0.00875	0.00875	0.00000	0.99996	0.00000	0.01219	0.00000	1	100.00
land_fast_drop	147	0.1218	0.0000	16.9440	0.2027	0.0000	9.6152	0.99996	0.00000	-0.00885	0.00885	0.00000	0.99996	0.00000	0.01081	0.00000	1	100.00
land_fast_drop	148	0.1217	0.0000	16.9524	0.1785	0.0000	9.4472	0.99996	0.00000	-0.00894	0.00894	0.00000	0.99996	0.00000	0.00955	0.00000	1	100.00
land_fast_drop	149	0.1214	0.0000	16.9610	0.1596	0.0000	9.2981	0.99996	0.00000	-0.00902	0.00902	0.00000	0.99996	0.00000	0.00842	0.00000	1	100.00
land_nose_down	0	0.0000	0.0000	319.9323	0.0000	0.0000	-8.1250	0.90045	0.00000	-0.43497	0.43497	0.00000	0.90045	0.00000	0.00000	0.00000	0	100.00
land_nose_down	1	0.0000	0.0000	319.8172	0.0000	0.0000	-13.5377	0.90045	0.00000	-0.43497	0.43497	0.00000	0.90045	0.00000	0.00000	0.00000	0	100.00
land_nose_down	2	0.0000	0.0000	319.6621	0.0000	0.0000	-18.9477	0.90045	0.00000	-0.43497	0.43497	0.00000	0.90045	0.00000	0.00000	0.00000	0	100.00
land_nose_down	3	0.0000	0.0000	319.4570	0.0000	0.0000	-24.3577	0.90045	0.00000	-0.43497	0.43497	0.00000	0.90045	0.00000	0.00000	0.00000	0	100.00
land_nose_down	4	0.0000	0.0000	319.2119	0.0000	0.0000	-29.7677	0.90045	0.00000	-0.43497	0.43497	0.00000	0.90045	0.00000	0.00000	0.00000	0	100.00
land_nose_down	5	0.0000	0.0000	318.9168	0.0000	0.0000	-35.1777	0.90045	0.00000	-0.43497	0.43497	0.00000	0.90045	0.00000	0.00000	0.00000	0	100.00
land_nose_down	6	0.0000	0.0000	318.5818	0.0000	0.0000	-40.5877	0.90045	0.00000	-0.43497	0.43497	0.00000	0.90045	0.00000	0.00000	0.00000	0	100.00
land_nose_down	7	0.0000	0.0000	318.1967	0.0000	0.0000	-45.9977	0.90045	0.00000	-0.43497	0.43497	0.00000	0.90045	0.00000	0.00000	0.00000	0	100.00
land_nose_down	8	0.0000	0.0000	317.7716	0.0000	0.0000	-51.4077	0.90045	0.00000	-0.43497	0.43497	0.00000	0.90045	0.00000	0.00000	0.00000	0	100.00
land_nose_down	9	0.0000	0.0000	317.2965	0.0000	0.0000	-56.8177	0.90045	0.00000	-0.43497	0.43497	0.00000	0.90045	0.00000	0.00000	0.00000	0	100.00
land_nose_down	10	0.0000	0.0000	316.7814	0.0000	0.0000	-62.2277	0.90045	0.00000	-0.43497	0.43497	0.00000	0.90045	0.00000	0.00000	0.00000	0	100.00
land_nose_down	11	0.0000	0.0000	316.2163	0.0000	0.0000	-67.6377	0.90045	0.00000	-0.43497	0.43497	0.00000	0.90045	0.00000	0.00000	0.00000	0	100.00
land_nose_down	12	0.0000	0.0000	315.6113	0.0000	0.0000	-73.0477	0.90045	0.00000	-0.43497	0.43497	0.00000	0.90045	0.00000	0.00000	0.00000	0	100.00
land_nose_down	13	0.0000	0.0000	314.9562	0.0000	0.0000	-78.4577	0.90045	0.00000	-0.43497	0.43497	0.00000	0.90045	0.00000	0.00000	0.00000	0	100.00
land_nose_down	14	0.0000	0.0000	314.2611	0.0000	0.0000	-83.8677	0.90045	0.00000	-0.43497	0.43497	0.00000	0.90045	0.00000	0.00000	0.00000	0	100.00
land_nose_down	15	0.0000	0.0000	313.5160	0.0000	0.0000	-89.2777	0.90045	0.00000	-0.43497	0.43497	0.00000	0.90045	0.00000	0.00000	0.00000	0	100.00
land_nose_down	16	0.0000	0.0000	312.7309	0.0000	0.0000	-94.6877	0.90045	0.00000	-0.43497	0.43497	0.00000	0.90045	0.00000	0.00000	0.00000	0	100.00
land_nose_down	17	0.0000	0.0000	311.8958	0.0000	0.0000	-100.0977	0.90045	0.00000	-0.43497	0.43497	0.00000	0.90045	0.00000	0.00000	0.00000	0	100.00
land_nose_down	18	0.0000	0.0000	311.0208	0.0000	0.0000	-105.5077	0.90045	0.00000	-0.43497	0.43497	0.00000	0.90045	0.00000	0.00000	0.00000	0	100.00
land_nose_down	19	0.0000	0.0000	310.0957	0.0000	0.0000	-110.9177	0.90045	0.00000	-0.43497	0.43497	0.00000	0.90045	0.00000	0.00000	0.00000	0	100.00
land_nose_down	20	0.0000	0.0000	309.1306	0.0000	0.0000	-116.3277	0.90045	0.00000	-0.43497	0.43497	0.00000	0.90045	0.00000	0.00000	0.00000	0	100.00
land_nose_down	21	0.0000	0.0000	308.1155	0.0000	0.0000	-121.7377	0.90045	0.00000	-0.43497	0.43497	0.00000	0.90045	0.00000	0.00000	0.00000	0	100.00
land_nose_down	22	0.0000	0.0000	307.0604	0.0000	0.0000	-127.1477	0.90045	0.00000	-0.43497	0.43497	0.00000	0.90045	0.00000	0.00000	0.00000	0	100.00
land_nose_down	23	0.0000	0.0000	305.9554	0.0000	0.0000	-132.5577	0.90045	0.00000	-0.43497	0.43497	0.00000	0.90045	0.00000	0.00000	0.00000	0	100.00
land_nose_down	24	0.0000	0.0000	304.8103	0.0000	0.0000	-137.9677	0.90045	0.00000	-0.43497	0.43497	0.00000	0.90045	0.00000	0.00000	0.00000	0	100.00
land_nose_down	25	0.0000	0.0000	303.6152	0.0000	0.0000	-143.3777	0.90045	0.00000	-0.43497	0.43497	0.00000	0.90045	0.00000	0.00000	0.00000	0	100.00
land_nose_down	26	0.0000	0.0000	302.3801	0.0000	0.0000	-148.7877	0.90045	0.00000	-0.43497	0.43497	0.00000	0.90045	0.00000	0.00000	0.00000	0	100.00
land_nose_down	27	0.0000	0.0000	301.0950	0.0000	0.0000	-154.1977	0.90045	0.00000	-0.43497	0.43497	0.00000	0.90045	0.00000	0.00000	0.00000	0	100.00
land_nose_down	28	0.0000	0.0000	299.7699	0.0000	0.0000	-159.6077	0.90045	0.00000	-0.43497	0.43497	0.00000	0.90045	0.00000	0.00000	0.00000	0	100.00
land_nose_down	29	0.0000	0.0000	298.3948	0.0000	0.0000	-165.0177	0.90045	0.00000	-0.43497	0.43497	0.00000	0.90045	0.00000	0.00000	0.00000	0	100.00
land_nose_down	30	0.0000	0.0000	296.9698	0.0000	0.0000	-170.4277	0.90045	0.00000	-0.43497	0.43497	0.00000	0.90045	0.00000	0.00000	0.00000	0	100.00
land_nose_down	31	0.0000	0.0000	295.5047	0.0000	0.0000	-175.8377	0.90045	0.00000	-0.43497	0.43497	0.00000	0.90045	0.00000	0.00000	0.00000	0	100.00
land_nose_down	32	0.0000	0.0000	293.9896	0.0000	0.0000	-181.2477	0.90045	0.00000	-0.43497	0.43497	0.00000	0.90045	0.00000	0.00000	0.00000	0	100.00
land_nose_down	33	0.0000	0.0000	292.4345	0.0000	0.0000	-186.6577	0.90045	0.00000	-0.43497	0.43497	0.00000	0.90045	0.00000	0.00000	0.00000	0	100.00
land_nose_down	34	0.0000	0.0000	290.8294	0.0000	0.0000	-192.0677	0.90045	0.00000	-0.43497	0.43497	0.00000	0.90045	0.00000	0.00000	0.00000	0	100.00
land_nose_down	35	0.0000	0.0000	289.1843	0.0000	0.0000	-197.4777	0.90045	0.00000	-0.43497	0.43497	0.00000	0.90045	0.00000	0.00000	0.00000	0	100.00
land_nose_down	36	0.0000	0.0000	287.4893	0.0000	0.0000	-202.8876	0.90045	0.00000	-0.43497	0.43497	0.00000	0.90045	0.00000	0.00000	0.00000	0	100.00
land_nose_down	37	0.0000	0.0000	285.7542	0.0000	0.0000	-208.2977	0.90045	0.00000	-0.43497	0.43497	0.00000	0.90045	0.00000	0.00000	0.00000	0	100.00
land_nose_down	38	0.0000	0.0000	283.9691	0.0000	0.0000	-213.7077	0.90045	0.00000	-0.43497	0.43497	0.00000	0.90045	0.00000	0.00000	0.00000	0	100.00
land_nose_down	39	0.0000	0.0000	282.1440	0.0000	0.0000	-219.1177	0.90045	0.00000	-0.43497	0.43497	0.00000	0.90045	0.00000	0.00000	0.00000	0	100.00
land_nose_down	40	0.0000	0.0000	280.2690	0.0000	0.0000	-224.5277	0.90045	0.00000	-0.43497	0.43497	0.00000	0.90045	0.00000	0.00000	0.00000	0	100.00
land_nose_down	41	0.0000	0.0000	278.3538	0.0000	0.0000	-229.9377	0.90045	0.00000	-0.43497	0.43497	0.00000	0.90045	0.00000	0.00000	0.00000	0	100.00
land_nose_down	42	0.0000	0.0000	276.3888	0.0000	0.0000	-235.3477	0.90045	0.00000	-0.43497	0.43497	0.00000	0.90045	0.00000	0.00000	0.00000	0	100.00
land_nose_down	43	0.0000	0.0000	274.3837	0.0000	0.0000	-240.7577	0.90045	0.00000	-0.43497	0.43497	0.00000	0.90045	0.00000	0.00000	0.00000	0	100.00
land_nose_down	44	0.0000	0.0000	272.3286	0.0000	0.0000	-246.1677	0.90045	0.00000	-0.43497	0.43497	0.00000	0.90045	0.00000	0.00000	0.00000	0	100.00
land_nose_down	45	0.0000	0.0000	270.2335	0.0000	0.0000	-251.5776	0.90045	0.00000	-0.43497	0.43497	0.00000	0.90045	0.00000	0.00000	0.00000	0	100.00
land_nose_down	46	0.0000	0.0000	268.0884	0.0000	0.0000	-256.9876	0.90045	0.00000	-0.43497	0.43497	0.00000	0.90045	0.00000	0.00000	0.00000	0	100.00
land_nose_down	47	0.0000	0.0000	265.9033	0.0000	0.0000	-262.3976	0.90045	0.00000	-0.43497	0.43497	0.00000	0.90045	0.00000	0.00000	0.00000	0	100.00
land_nose_down	48	0.0000	0.0000	263.6682	0.0000	0.0000	-267.8076	0.90045	0.00000	-0.43497	0.43497	0.00000	0.90045	0.00000	0.00000	0.00000	0	100.00
land_nose_down	49	0.0000	0.0000	261.3932	0.0000	0.0000	-273.2177	0.90045	0.00000	-0.43497	0.43497	0.00000	0.90045	0.00000	0.00000	0.00000	0	100.00
land_nose_down	50	0.0000	0.0000	259.0681	0.0000	0.0000	-278.6277	0.90045	0.00000	-0.43497	0.43497	0.00000	0.90045	0.00000	0.00000	0.00000	0	100.00
land_nose_down	51	0.0000	0.0000	256.7030	0.0000	0.0000	-284.0377	0.90045	0.00000	-0.43497	0.43497	0.00000	0.90045	0.00000	0.00000	0.00000	0	100.00
land_nose_down	52	0.0000	0.0000	254.2880	0.0000	0.0000	-289.4477	0.90045	0.00000	-0.43497	0.43497	0.00000	0.90045	0.00000	0.00000	0.00000	0	100.00
land_nose_down	53	0.0000	0.0000	251.8328	0.0000	0.0000	-294.8577	0.90045	0.00000	-0.43497	0.43497	0.00000	0.90045	0.00000	0.00000	0.00000	0	100.00
land_nose_down	54	0.0000	0.0000	249.3278	0.0000	0.0000	-300.2677	0.90045	0.00000	-0.43497	0.43497	0.00000	0.90045	0.00000	0.00000	0.00000	0	100.00
land_nose_down	55	0.0000	0.0000	246.7827	0.0000	0.0000	-305.6776	0.90045	0.00000	-0.43497	0.43497	0.00000	0.90045	0.00000	0.00000	0.00000	0	100.00
land_nose_down	56	0.0000	0.0000	244.1876	0.0000	0.0000	-311.0876	0.90045	0.00000	-0.43497	0.43497	0.00000	0.90045	0.00000	0.00000	0.00000	0	100.00
land_nose_down	57	0.0000	0.0000	241.5525	0.0000	0.0000	-316.4977	0.90045	0.00000	-0.43497	0.43497	0.00000	0.90045	0.00000	0.00000	0.00000	0	100.00
land_nose_down	58	0.0000	0.0000	238.8674	0.0000	0.0000	-321.9077	0.90045	0.00000	-0.43497	0.43497	0.00000	0.90045	0.00000	0.00000	0.00000	0	100.00
land_nose_down	59	0.0000	0.0000	236.1423	0.0000	0.0000	-327.3177	0.90045	0.00000	-0.43497	0.43497	0.00000	0.90045	0.00000	0.00000	0.00000	0	100.00
land_nose_down	60	0.0000	0.0000	233.3672	0.0000	0.0000	-332.7277	0.90045	0.00000	-0.43497	0.43497	0.00000	0.90045	0.00000	0.00000	0.00000	0	100.00
land_nose_down	61	0.0000	0.0000	230.5522	0.0000	0.0000	-338.1377	0.90045	0.00000	-0.43497	0.43497	0.00000	0.90045	0.00000	0.00000	0.00000	0	100.00
land_nose_down	62	0.0000	0.0000	227.6871	0.0000	0.0000	-343.5477	0.90045	0.00000	-0.43497	0.43497	0.00000	0.90045	0.00000	0.00000	0.00000	0	100.00
land_nose_down	63	0.0000	0.0000	224.7820	0.0000	0.0000	-348.9576	0.90045	0.00000	-0.43497	0.43497	0.00000	0.90045	0.00000	0.00000	0.00000	0	100.00
land_nose_down	64	0.0000	0.0000	221.8269	0.0000	0.0000	-354.3676	0.90045	0.00000	-0.43497	0.43497	0.00000	0.90045	0.00000	0.00000	0.00000	0	100.00
land_nose_down	65	0.0000	0.0000	218.8318	0.0000	0.0000	-359.7776	0.90045	0.00000	-0.43497	0.43497	0.00000	0.90045	0.00000	0.00000	0.00000	0	100.00
land_nose_down	66	0.0000	0.0000	215.7868	0.0000	0.0000	-365.1877	0.90045	0.00000	-0.43497	0.43497	0.00000	0.90045	0.00000	0.00000	0.00000	0	100.00
land_nose_down	67	0.0000	0.0000	212.7017	0.0000	0.0000	-370.5977	0.90045	0.00000	-0.43497	0.43497	0.00000	0.90045	0.00000	0.00000	0.00000	0	100.00
land_nose_down	68	0.0000	0.0000	209.5666	0.0000	0.0000	-376.0077	0.90045	0.00000	-0.43497	0.43497	0.00000	0.90045	0.00000	0.00000	0.00000	0	100.00
land_nose_down	69	0.0000	0.0000	206.3915	0.0000	0.0000	-381.4177	0.90045	0.00000	-0.43497	0.43497	0.00000	0.90045	0.00000	0.00000	0.00000	0	100.00
land_nose_down	70	0.0000	0.0000	203.1664	0.0000	0.0000	-386.8277	0.90045	0.00000	-0.43497	0.43497	0.00000	0.90045	0.00000	0.00000	0.00000	0	100.00
land_nose_down	71	0.0000	0.0000	199.9013	0.0000	0.0000	-392.2376	0.90045	0.00000	-0.43497	0.43497	0.00000	0.90045	0.00000	0.00000	0.00000	0	100.00
land_nose_down	72	0.0000	0.0000	196.5863	0.0000	0.0000	-397.6476	0.90045	0.00000	-0.43497	0.43497	0.00000	0.90045	0.00000	0.00000	0.00000	0	100.00
land_nose_down	73	0.0000	0.0000	193.2312	0.0000	0.0000	-403.0577	0.90045	0.00000	-0.43497	0.43497	0.00000	0.90045	0.00000	0.00000	0.00000	0	100.00
land_nose_down	74	0.0000	0.0000	189.8261	0.0000	0.0000	-408.4677	0.90045	0.00000	-0.43497	0.43497	0.00000	0.90045	0.00000	0.00000	0.00000	0	100.00
land_nose_down	75	0.0000	0.0000	186.3810	0.0000	0.0000	-413.8777	0.90045	0.00000	-0.43497	0.43497	0.00000	0.90045	0.00000	0.00000	0.00000	0	100.00
land_nose_down	76	0.0000	0.0000	182.8859	0.0000	0.0000	-419.2877	0.90045	0.00000	-0.43497	0.43497	0.00000	0.90045	0.00000	0.00000	0.00000	0	100.00
land_nose_down	77	0.0000	0.0000	179.3509	0.0000	0.0000	-424.6977	0.90045	0.00000	-0.43497	0.43497	0.00000	0.90045	0.00000	0.00000	0.00000	0	100.00
land_nose_down	78	0.0000	0.0000	175.7658	0.0000	0.0000	-430.1077	0.90045	0.00000	-0.43497	0.43497	0.00000	0.90045	0.00000	0.00000	0.00000	0	100.00
land_nose_down	79	0.0000	0.0000	172.1407	0.0000	0.0000	-435.5176	0.90045	0.00000	-0.43497	0.43497	0.00000	0.90045	0.00000	0.00000	0.00000	0	100.00
land_nose_down	80	0.0000	0.0000	168.4656	0.0000	0.0000	-440.9276	0.90045	0.00000	-0.43497	0.43497	0.00000	0.90045	0.00000	0.00000	0.00000	0	100.00
land_nose_down	81	0.0000	0.0000	164.7505	0.0000	0.0000	-446.3376	0.90045	0.00000	-0.43497	0.43497	0.00000	0.90045	0.00000	0.00000	0.00000	0	100.00
land_nose_down	82	0.0000	0.0000	160.9854	0.0000	0.0000	-451.7477	0.90045	0.00000	-0.43497	0.43497	0.00000	0.90045	0.00000	0.00000	0.00000	0	100.00
land_nose_down	83	0.0000	0.0000	157.1804	0.0000	0.0000	-457.1577	0.90045	0.00000	-0.43497	0.43497	0.00000	0.90045	0.00000	0.00000	0.00000	0	100.00
land_nose_down	84	0.0000	0.0000	153.3253	0.0000	0.0000	-462.5677	0.90045	0.00000	-0.43497	0.43497	0.00000	0.90045	0.00000	0.00000	0.00000	0	100.00
land_nose_down	85	0.0000	0.0000	149.4302	0.0000	0.0000	-467.9777	0.90045	0.00000	-0.43497	0.43497	0.00000	0.90045	0.00000	0.00000	0.00000	0	100.00
land_nose_down	86	0.0000	0.0000	145.4851	0.0000	0.0000	-473.3877	0.90045	0.00000	-0.43497	0.43497	0.00000	0.90045	0.00000	0.00000	0.00000	0	100.00
land_nose_down	87	0.0000	0.0000	141.5000	0.0000	0.0000	-478.7976	0.90045	0.00000	-0.43497	0.43497	0.00000	0.90045	0.00000	0.00000	0.00000	0	100.00
land_nose_down	88	0.0000	0.0000	137.4649	0.0000	0.0000	-484.2076	0.90045	0.00000	-0.43497	0.43497	0.00000	0.90045	0.00000	0.00000	0.00000	0	100.00
land_nose_down	89	0.0000	0.0000	133.3799	0.0000	0.0000	-489.6176	0.90045	0.00000	-0.43497	0.43497	0.00000	0.90045	0.00000	0.00000	0.00000	0	100.00
land_nose_down	90	0.0000	0.0000	129.2548	0.0000	0.0000	-495.0276	0.90045	0.00000	-0.43497	0.43497	0.00000	0.90045	0.00000	0.00000	0.00000	0	100.00
land_nose_down	91	0.0000	0.0000	125.0797	0.0000	0.0000	-500.4377	0.90045	0.00000	-0.43497	0.43497	0.00000	0.90045	0.00000	0.00000	0.00000	0	100.00
land_nose_down	92	0.0000	0.0000	120.8646	0.0000	0.0000	-505.8477	0.90045	0.00000	-0.43497	0.43497	0.00000	0.90045	0.00000	0.00000	0.00000	0	100.00
land_nose_down	93	0.0000	0.0000	116.5995	0.0000	0.0000	-511.2577	0.90045	0.00000	-0.43497	0.43497	0.00000	0.90045	0.00000	0.00000	0.00000	0	100.00
land_nose_down	94	0.0000	0.0000	112.2944	0.0000	0.0000	-516.6677	0.90045	0.00000	-0.43497	0.43497	0.00000	0.90045	0.00000	0.00000	0.00000	0	100.00
land_nose_down	95	0.0000	0.0000	107.9394	0.0000	0.0000	-522.0776	0.90045	0.00000	-0.43497	0.43497	0.00000	0.90045	0.00000	0.00000	0.00000	0	100.00
land_nose_down	96	0.0000	0.0000	103.5443	0.0000	0.0000	-527.4877	0.90045	0.00000	-0.43497	0.43497	0.00000	0.90045	0.00000	0.00000	0.00000	0	100.00
land_nose_down	97	0.0000	0.0000	99.0992	0.0000	0.0000	-532.8976	0.90045	0.00000	-0.43497	0.43497	0.00000	0.90045	0.00000	0.00000	0.00000	0	100.00
land_nose_down	98	0.0000	0.0000	94.6141	0.0000	0.0000	-538.3077	0.90045	0.00000	-0.43497	0.43497	0.00000	0.90045	0.00000	0.00000	0.00000	0	100.00
land_nose_down	99	0.0000	0.0000	90.0790	0.0000	0.0000	-543.7177	0.90045	0.00000	-0.43497	0.43497	0.00000	0.90045	0.00000	0.00000	0.00000	0	100.00
land_nose_down	100	0.0000	0.0000	85.5039	0.0000	0.0000	-549.1276	0.90045	0.00000	-0.43497	0.43497	0.00000	0.90045	0.00000	0.00000	0.00000	0	100.00
land_nose_down	101	0.0000	0.0000	80.8788	0.0000	0.0000	-554.5377	0.90045	0.00000	-0.43497	0.43497	0.00000	0.90045	0.00000	0.00000	0.00000	0	100.00
land_nose_down	102	0.0000	0.0000	76.2138	0.0000	0.0000	-559.9476	0.90045	0.00000	-0.43497	0.43497	0.00000	0.90045	0.00000	0.00000	0.00000	0	100.00
land_nose_down	103	0.0000	0.0000	71.4987	0.0000	0.0000	-565.3577	0.90045	0.00000	-0.43497	0.43497	0.00000	0.90045	0.00000	0.00000	0.00000	0	100.00
land_nose_down	104	0.0000	0.0000	66.7436	0.0000	0.0000	-570.7676	0.90045	0.00000	-0.43497	0.43497	0.00000	0.90045	0.00000	0.00000	0.00000	0	100.00
land_nose_down	105	0.0000	0.0000	61.9385	0.0000	0.0000	-576.1777	0.90045	0.00000	-0.43497	0.43497	0.00000	0.90045	0.00000	0.00000	0.00000	0	100.00
land_nose_down	106	0.0000	0.0000	57.0934	0.0000	0.0000	-581.5876	0.90045	0.00000	-0.43497	0.43497	0.00000	0.90045	0.00000	0.00000	0.00000	0	100.00
land_nose_down	107	0.0000	0.0000	52.1983	0.0000	0.0000	-586.9977	0.90045	0.00000	-0.43497	0.43497	0.00000	0.90045	0.00000	0.00000	0.00000	0	100.00
land_nose_down	108	0.0000	0.0000	47.2633	0.0000	0.0000	-554.9324	0.90045	0.00000	-0.43497	0.43497	0.00000	0.90045	0.00000	-0.95959	0.00000	0	100.00
land_nose_down	109	0.0000	0.0000	42.5679	-1.6042	0.0000	-522.6659	0.90390	0.00000	-0.42775	0.42775	0.00000	0.90390	0.00000	-2.04232	0.00000	0	100.00
land_nose_down	110	-0.0133	0.0000	38.1468	-3.2052	0.0000	-490.1278	0.91105	0.00000	-0.41231	0.41231	0.00000	0.91105	0.00000	-3.20775	0.00000	0	100.00
land_nose_down	111	-0.0367	0.0000	33.9980	-4.8052	0.0000	-398.0397	0.92174	0.00000	-0.38781	0.38781	0.00000	0.92174	0.00000	-6.29257	0.00000	0	100.00
land_nose_down	112	-0.0800	0.0000	30.6154	-6.4052	0.0000	-348.9389	0.93854	0.00000	-0.34517	0.34517	0.00000	0.93854	0.00000	-7.34185	0.00000	0	100.00
land_nose_down	113	-0.1333	0.0000	27.6445	-8.0052	0.0000	-309.8625	0.95337	0.00000	-0.30181	0.30181	0.00000	0.95337	0.00000	-7.07694	0.00000	0	100.00
land_nose_down	114	-0.1967	0.0000	24.9901	-9.6052	0.0000	-279.5871	0.96620	0.00000	-0.25781	0.25781	0.00000	0.96620	0.00000	-6.82182	0.00000	0	100.00
land_nose_down	115	-0.2800	0.0000	22.5924	-11.2052	0.0000	-257.0121	0.97699	0.00000	-0.21327	0.21327	0.00000	0.97699	0.00000	-6.58267	0.00000	0	100.00
land_nose_down	116	-0.3733	0.0000	20.3805	-14.4093	0.0000	-199.1274	0.98574	0.00000	-0.16828	0.16828	0.00000	0.98574	0.00000	-5.17929	0.00000	1	100.00
land_nose_down	117	-0.4900	0.0000	18.6529	-43.5677	0.0000	-157.3649	0.99208	0.00000	-0.12559	0.12559	0.00000	0.99208	0.00000	-4.39315	0.00000	1	100.00
land_nose_down	118	-0.8530	0.0000	17.2710	-72.7277	0.0000	-122.0407	0.99601	0.00000	-0.08920	0.08920	0.00000	0.99601	0.00000	-3.58021	0.00000	1	100.00
land_nose_down	119	-1.4560	0.0000	16.1853	-69.5127	0.0000	-90.8620	0.99823	0.00000	-0.05945	0.05945	0.00000	0.99823	0.00000	-2.84577	0.00000	1	100.00
land_nose_down	120	-2.0393	0.0000	15.3651	-66.3027	0.0000	-30.3342	0.99936	0.00000	-0.03576	0.03576	0.00000	0.99936	0.00000	-1.33062	0.00000	1	100.00
land_nose_down	121	-2.5925	0.0000	15.0495	-63.0927	0.0000	5.0891	0.99970	0.00000	-0.02468	0.02468	0.00000	0.99970	0.00000	-0.66301	0.00000	1	100.00
land_nose_down	122	-3.1158	0.0000	15.0246	-59.8827	0.0000	23.3622	0.99982	0.00000	-0.01915	0.01915	0.00000	0.99982	0.00000	-0.33296	0.00000	1	100.00
land_nose_down	123	-3.6190	0.0000	15.1470	-56.6727	0.0000	30.9454	0.99987	0.00000	-0.01638	0.01638	0.00000	0.99987	0.00000	-0.17177	0.00000	1	100.00
land_nose_down	124	-4.0923	0.0000	15.3401	-53.4627	0.0000	31.7068	0.99989	0.00000	-0.01495	0.01495	0.00000	0.99989	0.00000	-0.11442	0.00000	1	100.00
land_nose_down	125	-4.5355	0.0000	15.5365	-50.2527	0.0000	30.0787	0.99990	0.00000	-0.01399	0.01399	0.00000	0.99990	0.00000	-0.08893	0.00000	1	100.00
land_nose_down	126	-4.9588	0.0000	15.7229	-47.0427	0.0000	28.2137	0.99991	0.00000	-0.01325	0.01325	0.00000	0.99991	0.00000	-0.07053	0.00000	1	100.00
land_nose_down	127	-5.3520	0.0000	15.8874	-43.8327	0.0000	26.2872	0.99992	0.00000	-0.01266	0.01266	0.00000	0.99992	0.00000	-0.05696	0.00000	1	100.00
land_nose_down	128	-5.7153	0.0000	16.0413	-40.6227	0.0000	24.3586	0.99993	0.00000	-0.01219	0.01219	0.00000	0.99993	0.00000	-0.04671	0.00000	1	100.00
land_nose_down	129	-6.0585	0.0000	16.1752	-37.4127	0.0000	22.5135	0.99993	0.00000	-0.01180	0.01180	0.00000	0.99993	0.00000	-0.03880	0.00000	1	100.00
land_nose_down	130	-6.3718	0.0000	16.2999	-34.2027	0.0000	20.7670	0.99993	0.00000	-0.01148	0.01148	0.00000	0.99993	0.00000	-0.03256	0.00000	1	100.00
land_nose_down	131	-6.6550	0.0000	16.4053	-30.9927	0.0000	19.1609	0.99994	0.00000	-0.01121	0.01121	0.00000	0.99994	0.00000	-0.02755	0.00000	1	100.00
land_nose_down	132	-6.9183	0.0000	16.5020	-27.7827	0.0000	17.6913	0.99994	0.00000	-0.01098	0.01098	0.00000	0.99994	0.00000	-0.02345	0.00000	1	100.00
land_nose_down	133	-7.1515	0.0000	16.5797	-24.5727	0.0000	16.3872	0.99994	0.00000	-0.01078	0.01078	0.00000	0.99994	0.00000	-0.02006	0.00000	1	100.00
land_nose_down	134	-7.3548	0.0000	16.6488	4.5957	0.0000	15.2260	0.99994	0.00000	-0.01061	0.01061	0.00000	0.99994	0.00000	-0.01903	0.00000	1	100.00
land_nose_down	135	-7.3117	0.0000	16.7091	-1.6129	0.0000	14.2013	0.99995	0.00000	-0.01045	0.01045	0.00000	0.99995	0.00000	-0.01512	0.00000	1	100.00
land_nose_down	136	-7.3234	0.0000	16.7606	0.1046	0.0000	13.3066	0.99995	0.00000	-0.01033	0.01033	0.00000	0.99995	0.00000	-0.01276	0.00000	1	100.00
land_nose_down	137	-7.3192	0.0000	16.8031	-0.2976	0.0000	12.5294	0.99995	0.00000	-0.01022	0.01022	0.00000	0.99995	0.00000	-0.01070	0.00000	1	100.00
land_nose_down	138	-7.3224	0.0000	16.8366	-0.1508	0.0000	11.8698	0.99995	0.00000	-0.01013	0.01013	0.00000	0.99995	0.00000	-0.00907	0.00000	1	100.00
land_nose_down	139	-7.3213	0.0000	16.8711	-0.1536	0.0000	11.2860	0.99995	0.00000	-0.01006	0.01006	0.00000	0.99995	0.00000	-0.00773	0.00000	1	100.00
land_nose_down	140	-7.3213	0.0000	16.8963	-0.1251	0.0000	10.7945	0.99995	0.00000	-0.00999	0.00999	0.00000	0.99995	0.00000	-0.00661	0.00000	1	100.00
land_nose_down	141	-7.3210	0.0000	16.9222	-0.1095	0.0000	10.3598	0.99995	0.00000	-0.00994	0.00994	0.00000	0.99995	0.00000	-0.00568	0.00000	1	100.00
land_nose_down	142	-7.3208	0.0000	16.9386	-0.0949	0.0000	9.9984	0.99995	0.00000	-0.00989	0.00989	0.00000	0.99995	0.00000	-0.00489	0.00000	1	100.00
land_nose_down	143	-7.3208	0.0000	16.9555	-0.0807	0.0000	9.6875	0.99995	0.00000	-0.00985	0.00985	0.00000	0.99995	0.00000	-0.00422	0.00000	1	100.00
land_nose_down	144	-7.3207	0.0000	16.9730	-0.0690	0.0000	9.4083	0.99995	0.00000	-0.00982	0.00982	0.00000	0.99995	0.00000	-0.00364	0.00000	1	100.00
land_nose_down	145	-7.3205	0.0000	16.9806	-0.0621	0.0000	9.1897	0.99995	0.00000	-0.00978	0.00978	0.00000	0.99995	0.00000	-0.00315	0.00000	1	100.00
land_nose_down	146	-7.3205	0.0000	16.9888	-0.0515	0.0000	9.0090	0.99995	0.00000	-0.00976	0.00976	0.00000	0.99995	0.00000	-0.00273	0.00000	1	100.00
land_nose_down	147	-7.3204	0.0000	16.9973	-0.0451	0.0000	8.8536	0.99995	0.00000	-0.00974	0.00974	0.00000	0.99995	0.00000	-0.00236	0.00000	1	100.00
land_nose_down	148	-7.3203	0.0000	17.0061	-0.0399	0.0000	8.7171	0.99995	0.00000	-0.00972	0.00972	0.00000	0.99995	0.00000	-0.00205	0.00000	1	100.00
land_nose_down	149	-7.3203	0.0000	17.0149	-0.0358	0.0000	8.5870	0.99995	0.00000	-0.00970	0.00970	0.00000	0.99995	0.00000	-0.00178	0.00000	1	100.00
land_nose_up	0	0.0000	0.0000	319.9323	0.0000	0.0000	-8.1250	0.90045	0.00000	0.43497	-0.43497	-0.00000	0.90045	0.00000	0.00000	0.00000	0	100.00
land_nose_up	1	0.0000	0.0000	319.8172	0.0000	0.0000	-13.5377	0.90045	0.00000	0.43497	-0.43497	-0.00000	0.90045	0.00000	0.00000	0.00000	0	100.00
land_nose_up	2	0.0000	0.0000	319.6621	0.0000	0.0000	-18.9477	0.90045	0.00000	0.43497	-0.43497	-0.00000	0.90045	0.00000	0.00000	0.00000	0	100.00
land_nose_up	3	0.0000	0.0000	319.4570	0.0000	0.0000	-24.3577	0.90045	0.00000	0.43497	-0.43497	-0.00000	0.90045	0.00000	0.00000	0.00000	0	100.00
land_nose_up	4	0.0000	0.0000	319.2119	0.0000	0.0000	-29.7677	0.90045	0.00000	0.43497	-0.43497	-0.00000	0.90045	0.00000	0.00000	0.00000	0	100.00
land_nose_up	5	0.0000	0.0000	318.9168	0.0000	0.0000	-35.1777	0.90045	0.00000	0.43497	-0.43497	-0.00000	0.90045	0.00000	0.00000	0.00000	0	100.00
land_nose_up	6	0.0000	0.0000	318.5818	0.0000	0.0000	-40.5877	0.90045	0.00000	0.43497	-0.43497	-0.00000	0.90045	0.00000	0.00000	0.00000	0	100.00
land_nose_up	7	0.0000	0.0000	318.1967	0.0000	0.0000	-45.9977	0.90045	0.00000	0.43497	-0.43497	-0.00000	0.90045	0.00000	0.00000	0.00000	0	100.00
land_nose_up	8	0.0000	0.0000	317.7716	0.0000	0.0000	-51.4077	0.90045	0.00000	0.43497	-0.43497	-0.00000	0.90045	0.00000	0.00000	0.00000	0	100.00
land_nose_up	9	0.0000	0.0000	317.2965	0.0000	0.0000	-56.8177	0.90045	0.00000	0.43497	-0.43497	-0.00000	0.90045	0.00000	0.00000	0.00000	0	100.00
land_nose_up	10	0.0000	0.0000	316.7814	0.0000	0.0000	-62.2277	0.90045	0.00000	0.43497	-0.43497	-0.00000	0.90045	0.00000	0.00000	0.00000	0	100.00
land_nose_up	11	0.0000	0.0000	316.2163	0.0000	0.0000	-67.6377	0.90045	0.00000	0.43497	-0.43497	-0.00000	0.90045	0.00000	0.00000	0.00000	0	100.00
land_nose_up	12	0.0000	0.0000	315.6113	0.0000	0.0000	-73.0477	0.90045	0.00000	0.43497	-0.43497	-0.00000	0.90045	0.00000	0.00000	0.00000	0	100.00
land_nose_up	13	0.0000	0.0000	314.9562	0.0000	0.0000	-78.4577	0.90045	0.00000	0.43497	-0.43497	-0.00000	0.90045	0.00000	0.00000	0.00000	0	100.00
land_nose_up	14	0.0000	0.0000	314.2611	0.0000	0.0000	-83.8677	0.90045	0.00000	0.43497	-0.43497	-0.00000	0.90045	0.00000	0.00000	0.00000	0	100.00
land_nose_up	15	0.0000	0.0000	313.5160	0.0000	0.0000	-89.2777	0.90045	0.00000	0.43497	-0.43497	-0.00000	0.90045	0.00000	0.00000	0.00000	0	100.00
land_nose_up	16	0.0000	0.0000	312.7309	0.0000	0.0000	-94.6877	0.90045	0.00000	0.43497	-0.43497	-0.00000	0.90045	0.00000	0.00000	0.00000	0	100.00
land_nose_up	17	0.0000	0.0000	311.8958	0.0000	0.0000	-100.0977	0.90045	0.00000	0.43497	-0.43497	-0.00000	0.90045	0.00000	0.00000	0.00000	0	100.00
land_nose_up	18	0.0000	0.0000	311.0208	0.0000	0.0000	-105.5077	0.90045	0.00000	0.43497	-0.43497	-0.00000	0.90045	0.00000	0.00000	0.00000	0	100.00
land_nose_up	19	0.0000	0.0000	310.0957	0.0000	0.0000	-110.9177	0.90045	0.00000	0.43497	-0.43497	-0.00000	0.90045	0.00000	0.00000	0.00000	0	100.00
land_nose_up	20	0.0000	0.0000	309.1306	0.0000	0.0000	-116.3277	0.90045	0.00000	0.43497	-0.43497	-0.00000	0.90045	0.00000	0.00000	0.00000	0	100.00
land_nose_up	21	0.0000	0.0000	308.1155	0.0000	0.0000	-121.7377	0.90045	0.00000	0.43497	-0.43497	-0.00000	0.90045	0.00000	0.00000	0.00000	0	100.00
land_nose_up	22	0.0000	0.0000	307.0604	0.0000	0.0000	-127.1477	0.90045	0.00000	0.43497	-0.43497	-0.00000	0.90045	0.00000	0.00000	0.00000	0	100.00
land_nose_up	23	0.0000	0.0000	305.9554	0.0000	0.0000	-132.5577	0.90045	0.00000	0.43497	-0.43497	-0.00000	0.90045	0.00000	0.00000	0.00000	0	100.00
land_nose_up	24	0.0000	0.0000	304.8103	0.0000	0.0000	-137.9677	0.90045	0.00000	0.43497	-0.43497	-0.00000	0.90045	0.00000	0.00000	0.00000	0	100.00
land_nose_up	25	0.0000	0.0000	303.6152	0.0000	0.0000	-143.3777	0.90045	0.00000	0.43497	-0.43497	-0.00000	0.90045	0.00000	0.00000	0.00000	0	100.00
land_nose_up	26	0.0000	0.0000	302.3801	0.0000	0.0000	-148.7877	0.90045	0.00000	0.43497	-0.43497	-0.00000	0.90045	0.00000	0.00000	0.00000	0	100.00
land_nose_up	27	0.0000	0.0000	301.0950	0.0000	0.0000	-154.1977	0.90045	0.00000	0.43497	-0.43497	-0.00000	0.90045	0.00000	0.00000	0.00000	0	100.00
land_nose_up	28	0.0000	0.0000	299.7699	0.0000	0.0000	-159.6077	0.90045	0.00000	0.43497	-0.43497	-0.00000	0.90045	0.00000	0.00000	0.00000	0	100.00
land_nose_up	29	0.0000	0.0000	298.3948	0.0000	0.0000	-165.0177	0.90045	0.00000	0.43497	-0.43497	-0.00000	0.90045	0.00000	0.00000	0.00000	0	100.00
land_nose_up	30	0.0000	0.0000	296.9698	0.0000	0.0000	-170.4277	0.90045	0.00000	0.43497	-0.43497	-0.00000	0.90045	0.00000	0.00000	0.00000	0	100.00
land_nose_up	31	0.0000	0.0000	295.5047	0.0000	0.0000	-175.8377	0.90045	0.00000	0.43497	-0.43497	-0.00000	0.90045	0.00000	0.00000	0.00000	0	100.00
land_nose_up	32	0.0000	0.0000	293.9896	0.0000	0.0000	-181.2477	0.90045	0.00000	0.43497	-0.43497	-0.00000	0.90045	0.00000	0.00000	0.00000	0	100.00
land_nose_up	33	0.0000	0.0000	292.4345	0.0000	0.0000	-186.6577	0.90045	0.00000	0.43497	-0.43497	-0.00000	0.90045	0.00000	0.00000	0.00000	0	100.00
land_nose_up	34	0.0000	0.0000	290.8294	0.0000	0.0000	-192.0677	0.90045	0.00000	0.43497	-0.43497	-0.00000	0.90045	0.00000	0.00000	0.00000	0	100.00
land_nose_up	35	0.0000	0.0000	289.1843	0.0000	0.0000	-197.4777	0.90045	0.00000	0.43497	-0.43497	-0.00000	0.90045	0.00000	0.00000	0.00000	0	100.00
land_nose_up	36	0.0000	0.0000	287.4893	0.0000	0.0000	-202.8876	0.90045	0.00000	0.43497	-0.43497	-0.00000	0.90045	0.00000	0.00000	0.00000	0	100.00
land_nose_up	37	0.0000	0.0000	285.7542	0.0000	0.0000	-208.2977	0.90045	0.00000	0.43497	-0.43497	-0.00000	0.90045	0.00000	0.00000	0.00000	0	100.00
land_nose_up	38	0.0000	0.0000	283.9691	0.0000	0.0000	-213.7077	0.90045	0.00000	0.43497	-0.43497	-0.00000	0.90045	0.00000	0.00000	0.00000	0	100.00
land_nose_up	39	0.0000	0.0000	282.1440	0.0000	0.0000	-219.1177	0.90045	0.00000	0.43497	-0.43497	-0.00000	0.90045	0.00000	0.00000	0.00000	0	100.00
land_nose_up	40	0.0000	0.0000	280.2690	0.0000	0.0000	-224.5277	0.90045	0.00000	0.43497	-0.43497	-0.00000	0.90045	0.00000	0.00000	0.00000	0	100.00
land_nose_up	41	0.0000	0.0000	278.3538	0.0000	0.0000	-229.9377	0.90045	0.00000	0.43497	-0.43497	-0.00000	0.90045	0.00000	0.00000	0.00000	0	100.00
land_nose_up	42	0.0000	0.0000	276.3888	0.0000	0.0000	-235.3477	0.90045	0.00000	0.43497	-0.43497	-0.00000	0.90045	0.00000	0.00000	0.00000	0	100.00
land_nose_up	43	0.0000	0.0000	274.3837	0.0000	0.0000	-240.7577	0.90045	0.00000	0.43497	-0.43497	-0.00000	0.90045	0.00000	0.00000	0.00000	0	100.00
land_nose_up	44	0.0000	0.0000	272.3286	0.0000	0.0000	-246.1677	0.90045	0.00000	0.43497	-0.43497	-0.00000	0.90045	0.00000	0.00000	0.00000	0	100.00
land_nose_up	45	0.0000	0.0000	270.2335	0.0000	0.0000	-251.5776	0.90045	0.00000	0.43497	-0.43497	-0.00000	0.90045	0.00000	0.00000	0.00000	0	100.00
land_nose_up	46	0.0000	0.0000	268.0884	0.0000	0.0000	-256.9876	0.90045	0.00000	0.43497	-0.43497	-0.00000	0.90045	0.00000	0.00000	0.00000	0	100.00
land_nose_up	47	0.0000	0.0000	265.9033	0.0000	0.0000	-262.3976	0.90045	0.00000	0.43497	-0.43497	-0.00000	0.90045	0.00000	0.00000	0.00000	0	100.00
land_nose_up	48	0.0000	0.0000	263.6682	0.0000	0.0000	-267.8076	0.90045	0.00000	0.43497	-0.43497	-0.00000	0.90045	0.00000	0.00000	0.00000	0	100.00
land_nose_up	49	0.0000	0.0000	261.3932	0.0000	0.0000	-273.2177	0.90045	0.00000	0.43497	-0.43497	-0.00000	0.90045	0.00000	0.00000	0.00000	0	100.00
land_nose_up	50	0.0000	0.0000	259.0681	0.0000	0.0000	-278.6277	0.90045	0.00000	0.43497	-0.43497	-0.00000	0.90045	0.00000	0.00000	0.00000	0	100.00
land_nose_up	51	0.0000	0.0000	256.7030	0.0000	0.0000	-284.0377	0.90045	0.00000	0.43497	-0.43497	-0.00000	0.90045	0.00000	0.00000	0.00000	0	100.00
land_nose_up	52	0.0000	0.0000	254.2880	0.0000	0.0000	-289.4477	0.90045	0.00000	0.43497	-0.43497	-0.00000	0.90045	0.00000	0.00000	0.00000	0	100.00
land_nose_up	53	0.0000	0.0000	251.8328	0.0000	0.0000	-294.8577	0.90045	0.00000	0.43497	-0.43497	-0.00000	0.90045	0.00000	0.00000	0.00000	0	100.00
land_nose_up	54	0.0000	0.0000	249.3278	0.0000	0.0000	-300.2677	0.90045	0.00000	0.43497	-0.43497	-0.00000	0.90045	0.00000	0.00000	0.00000	0	100.00
land_nose_up	55	0.0000	0.0000	246.7827	0.0000	0.0000	-305.6776	0.90045	0.00000	0.43497	-0.43497	-0.00000	0.90045	0.00000	0.00000	0.00000	0	100.00
land_nose_up	56	0.0000	0.0000	244.1876	0.0000	0.0000	-311.0876	0.90045	0.00000	0.43497	-0.43497	-0.00000	0.90045	0.00000	0.00000	0.00000	0	100.00
land_nose_up	57	0.0000	0.0000	241.5525	0.0000	0.0000	-316.4977	0.90045	0.00000	0.43497	-0.43497	-0.00000	0.90045	0.00000	0.00000	0.00000	0	100.00
land_nose_up	58	0.0000	0.0000	238.8674	0.0000	0.0000	-321.9077	0.90045	0.00000	0.43497	-0.43497	-0.00000	0.90045	0.00000	0.00000	0.00000	0	100.00
land_nose_up	59	0.0000	0.0000	236.1423	0.0000	0.0000	-327.3177	0.90045	0.00000	0.43497	-0.43497	-0.00000	0.90045	0.00000	0.00000	0.00000	0	100.00
land_nose_up	60	0.0000	0.0000	233.3672	0.0000	0.0000	-332.7277	0.90045	0.00000	0.43497	-0.43497	-0.00000	0.90045	0.00000	0.00000	0.00000	0	100.00
land_nose_up	61	0.0000	0.0000	230.5522	0.0000	0.0000	-338.1377	0.90045	0.00000	0.43497	-0.43497	-0.00000	0.90045	0.00000	0.00000	0.00000	0	100.00
land_nose_up	62	0.0000	0.0000	227.6871	0.0000	0.0000	-343.5477	0.90045	0.00000	0.43497	-0.43497	-0.00000	0.90045	0.00000	0.00000	0.00000	0	100.00
land_nose_up	63	0.0000	0.0000	224.7820	0.0000	0.0000	-348.9576	0.90045	0.00000	0.43497	-0.43497	-0.00000	0.90045	0.00000	0.00000	0.00000	0	100.00
land_nose_up	64	0.0000	0.0000	221.8269	0.0000	0.0000	-354.3676	0.90045	0.00000	0.43497	-0.43497	-0.00000	0.90045	0.00000	0.00000	0.00000	0	100.00
land_nose_up	65	0.0000	0.0000	218.8318	0.0000	0.0000	-359.7776	0.90045	0.00000	0.43497	-0.43497	-0.00000	0.90045	0.00000	0.00000	0.00000	0	100.00
land_nose_up	66	0.0000	0.0000	215.7868	0.0000	0.0000	-365.1877	0.90045	0.00000	0.43497	-0.43497	-0.00000	0.90045	0.00000	0.00000	0.00000	0	100.00
land_nose_up	67	0.0000	0.0000	212.7017	0.0000	0.0000	-370.5977	0.90045	0.00000	0.43497	-0.43497	-0.00000	0.90045	0.00000	0.00000	0.00000	0	100.00
land_nose_up	68	0.0000	0.0000	209.5666	0.0000	0.0000	-376.0077	0.90045	0.00000	0.43497	-0.43497	-0.00000	0.90045	0.00000	0.00000	0.00000	0	100.00
land_nose_up	69	0.0000	0.0000	206.3915	0.0000	0.0000	-381.4177	0.90045	0.00000	0.43497	-0.43497	-0.00000	0.90045	0.00000	0.00000	0.00000	0	100.00
land_nose_up	70	0.0000	0.0000	203.1664	0.0000	0.0000	-386.8277	0.90045	0.00000	0.43497	-0.43497	-0.00000	0.90045	0.00000	0.00000	0.00000	0	100.00
land_nose_up	71	0.0000	0.0000	199.9013	0.0000	0.0000	-392.2376	0.90045	0.00000	0.43497	-0.43497	-0.00000	0.90045	0.00000	0.00000	0.00000	0	100.00
land_nose_up	72	0.0000	0.0000	196.5863	0.0000	0.0000	-397.6476	0.90045	0.00000	0.43497	-0.43497	-0.00000	0.90045	0.00000	0.00000	0.00000	0	100.00
land_nose_up	73	0.0000	0.0000	193.2312	0.0000	0.0000	-403.0577	0.90045	0.00000	0.43497	-0.43497	-0.00000	0.90045	0.00000	0.00000	0.00000	0	100.00
land_nose_up	74	0.0000	0.0000	189.8261	0.0000	0.0000	-408.4677	0.90045	0.00000	0.43497	-0.43497	-0.00000	0.90045	0.00000	0.00000	0.00000	0	100.00
land_nose_up	75	0.0000	0.0000	186.3810	0.0000	0.0000	-413.8777	0.90045	0.00000	0.43497	-0.43497	-0.00000	0.90045	0.00000	0.00000	0.00000	0	100.00
land_nose_up	76	0.0000	0.0000	182.8859	0.0000	0.0000	-419.2877	0.90045	0.00000	0.43497	-0.43497	-0.00000	0.90045	0.00000	0.00000	0.00000	0	100.00
land_nose_up	77	0.0000	0.0000	179.3509	0.0000	0.0000	-424.6977	0.90045	0.00000	0.43497	-0.43497	-0.00000	0.90045	0.00000	0.00000	0.00000	0	100.00
land_nose_up	78	0.0000	0.0000	175.7658	0.0000	0.0000	-430.1077	0.90045	0.00000	0.43497	-0.43497	-0.00000	0.90045	0.00000	0.00000	0.00000	0	100.00
land_nose_up	79	0.0000	0.0000	172.1407	0.0000	0.0000	-435.5176	0.90045	0.00000	0.43497	-0.43497	-0.00000	0.90045	0.00000	0.00000	0.00000	0	100.00
land_nose_up	80	0.0000	0.0000	168.4656	0.0000	0.0000	-440.9276	0.90045	0.00000	0.43497	-0.43497	-0.00000	0.90045	0.00000	0.00000	0.00000	0	100.00
land_nose_up	81	0.0000	0.0000	164.7505	0.0000	0.0000	-446.3376	0.90045	0.00000	0.43497	-0.43497	-0.00000	0.90045	0.00000	0.00000	0.00000	0	100.00
land_nose_up	82	0.0000	0.0000	160.9854	0.0000	0.0000	-451.7477	0.90045	0.00000	0.43497	-0.43497	-0.00000	0.90045	0.00000	0.00000	0.00000	0	100.00
land_nose_up	83	0.0000	0.0000	157.1804	0.0000	0.0000	-457.1577	0.90045	0.00000	0.43497	-0.43497	-0.00000	0.90045	0.00000	0.00000	0.00000	0	100.00
land_nose_up	84	0.0000	0.0000	153.3253	0.0000	0.0000	-462.5677	0.90045	0.00000	0.43497	-0.43497	-0.00000	0.90045	0.00000	0.00000	0.00000	0	100.00
land_nose_up	85	0.0000	0.0000	149.4302	0.0000	0.0000	-467.9777	0.90045	0.00000	0.43497	-0.43497	-0.00000	0.90045	0.00000	0.00000	0.00000	0	100.00
land_nose_up	86	0.0000	0.0000	145.4851	0.0000	0.0000	-473.3877	0.90045	0.00000	0.43497	-0.43497	-0.00000	0.90045	0.00000	0.00000	0.00000	0	100.00
land_nose_up	87	0.0000	0.0000	141.5000	0.0000	0.0000	-478.7976	0.90045	0.00000	0.43497	-0.43497	-0.00000	0.90045	0.00000	0.00000	0.00000	0	100.00
land_nose_up	88	0.0000	0.0000	137.4649	0.0000	0.0000	-484.2076	0.90045	0.00000	0.43497	-0.43497	-0.00000	0.90045	0.00000	0.00000	0.00000	0	100.00
land_nose_up	89	0.0000	0.0000	133.3799	0.0000	0.0000	-489.6176	0.90045	0.00000	0.43497	-0.43497	-0.00000	0.90045	0.00000	0.00000	0.00000	0	100.00
land_nose_up	90	0.0000	0.0000	129.2548	0.0000	0.0000	-495.0276	0.90045	0.00000	0.43497	-0.43497	-0.00000	0.90045	0.00000	0.00000	0.00000	0	100.00
land_nose_up	91	0.0000	0.0000	125.0797	0.0000	0.0000	-500.4377	0.90045	0.00000	0.43497	-0.43497	-0.00000	0.90045	0.00000	0.00000	0.00000	0	100.00
land_nose_up	92	0.0000	0.0000	120.8646	0.0000	0.0000	-505.8477	0.90045	0.00000	0.43497	-0.43497	-0.00000	0.90045	0.00000	0.00000	0.00000	0	100.00
land_nose_up	93	0.0000	0.0000	116.5995	0.0000	0.0000	-511.2577	0.90045	0.00000	0.43497	-0.43497	-0.00000	0.90045	0.00000	0.00000	0.00000	0	100.00
land_nose_up	94	0.0000	0.0000	112.2944	0.0000	0.0000	-516.6677	0.90045	0.00000	0.43497	-0.43497	-0.00000	0.90045	0.00000	0.00000	0.00000	0	100.00
land_nose_up	95	0.0000	0.0000	107.9394	0.0000	0.0000	-522.0776	0.90045	0.00000	0.43497	-0.43497	-0.00000	0.90045	0.00000	0.00000	0.00000	0	100.00
land_nose_up	96	0.0000	0.0000	103.5443	0.0000	0.0000	-527.4877	0.90045	0.00000	0.43497	-0.43497	-0.00000	0.90045	0.00000	0.00000	0.00000	0	100.00
land_nose_up	97	0.0000	0.0000	99.0992	0.0000	0.0000	-532.8976	0.90045	0.00000	0.43497	-0.43497	-0.00000	0.90045	0.00000	0.00000	0.00000	0	100.00
land_nose_up	98	0.0000	0.0000	94.6141	0.0000	0.0000	-538.3077	0.90045	0.00000	0.43497	-0.43497	-0.00000	0.90045	0.00000	0.00000	0.00000	0	100.00
land_nose_up	99	0.0000	0.0000	90.0790	0.0000	0.0000	-543.7177	0.90045	0.00000	0.43497	-0.43497	-0.00000	0.90045	0.00000	0.00000	0.00000	0	100.00
land_nose_up	100	0.0000	0.0000	85.5039	0.0000	0.0000	-549.1276	0.90045	0.00000	0.43497	-0.43497	-0.00000	0.90045	0.00000	0.00000	0.00000	0	100.00
land_nose_up	101	0.0000	0.0000	80.8788	0.0000	0.0000	-554.5377	0.90045	0.00000	0.43497	-0.43497	-0.00000	0.90045	0.00000	0.00000	0.00000	0	100.00
land_nose_up	102	0.0000	0.0000	76.2138	0.0000	0.0000	-559.9476	0.90045	0.00000	0.43497	-0.43497	-0.00000	0.90045	0.00000	0.00000	0.00000	0	100.00
land_nose_up	103	0.0000	0.0000	71.4987	0.0000	0.0000	-565.3577	0.90045	0.00000	0.43497	-0.43497	-0.00000	0.90045	0.00000	0.00000	0.00000	0	100.00
land_nose_up	104	0.0000	0.0000	66.7436	0.0000	0.0000	-570.7676	0.90045	0.00000	0.43497	-0.43497	-0.00000	0.90045	0.00000	0.00000	0.00000	0	100.00
land_nose_up	105	0.0000	0.0000	61.9385	0.0000	0.0000	-576.1777	0.90045	0.00000	0.43497	-0.43497	-0.00000	0.90045	0.00000	0.00000	0.00000	0	100.00
land_nose_up	106	0.0000	0.0000	57.0934	0.0000	0.0000	-581.5876	0.90045	0.00000	0.43497	-0.43497	-0.00000	0.90045	0.00000	0.00000	0.00000	0	100.00
land_nose_up	107	0.0000	0.0000	52.1983	0.0000	0.0000	-586.9977	0.90045	0.00000	0.43497	-0.43497	-0.00000	0.90045	0.00000	0.00000	0.00000	0	100.00
land_nose_up	108	0.0000	0.0000	47.2633	0.0000	0.0000	-592.4077	0.90045	0.00000	0.43497	-0.43497	-0.00000	0.90045	0.00000	0.00000	0.00000	0	100.00
land_nose_up	109	0.0000	0.0000	42.2782	0.0000	0.0000	-597.8176	0.90045	0.00000	0.43497	-0.43497	-0.00000	0.90045	0.00000	0.00000	0.00000	0	100.00
land_nose_up	110	0.0000	0.0000	37.2531	0.0000	0.0000	-535.1714	0.90045	0.00000	0.43497	-0.43497	-0.00000	0.90045	0.00000	0.99624	0.00000	0	100.00
land_nose_up	111	0.0000	0.0000	32.7225	1.6042	0.0000	-473.4369	0.90403	0.00000	0.42748	-0.42748	-0.00000	0.90403	0.00000	2.12607	0.00000	0	100.00
land_nose_up	112	0.0133	0.0000	28.7070	3.2052	0.0000	-324.5729	0.91146	0.00000	0.41139	-0.41139	-0.00000	0.91146	0.00000	4.94809	0.00000	0	100.00
land_nose_up	113	0.0367	0.0000	25.9375	4.8052	0.0000	-240.6480	0.92764	0.00000	0.37347	-0.37347	-0.00000	0.92764	0.00000	6.72663	0.00000	0	100.00
land_nose_up	114	0.0800	0.0000	23.8670	6.4052	0.0000	-186.6188	0.94378	0.00000	0.33058	-0.33058	-0.00000	0.94378	0.00000	6.76580	0.00000	0	100.00
land_nose_up	115	0.1333	0.0000	22.2472	8.0052	0.0000	-150.3926	0.95793	0.00000	0.28699	-0.28699	-0.00000	0.95793	0.00000	6.43996	0.00000	0	100.00
land_nose_up	116	0.1967	0.0000	20.9290	9.6052	0.0000	-128.2289	0.97008	0.00000	0.24280	-0.24280	-0.00000	0.97008	0.00000	6.16253	0.00000	0	100.00
land_nose_up	117	0.2800	0.0000	19.7938	24.1843	0.0000	-118.4751	0.98018	0.00000	0.19809	-0.19809	-0.00000	0.98018	0.00000	5.83531	0.00000	0	100.00
land_nose_up	118	0.4815	0.0000	18.7350	53.3477	0.0000	-94.9759	0.98823	0.00000	0.15298	-0.15298	-0.00000	0.98823	0.00000	4.86514	0.00000	1	100.00
land_nose_up	119	0.9245	0.0000	17.8809	56.5493	0.0000	-77.3499	0.99362	0.00000	0.11280	-0.11280	-0.00000	0.99362	0.00000	4.10625	0.00000	1	100.00
land_nose_up	120	1.3912	0.0000	17.1678	59.7493	0.0000	-61.7038	0.99690	0.00000	0.07874	-0.07874	-0.00000	0.99690	0.00000	3.37601	0.00000	1	100.00
land_nose_up	121	1.8878	0.0000	16.5881	56.5327	0.0000	-47.1729	0.99872	0.00000	0.05066	-0.05066	-0.00000	0.99872	0.00000	2.70807	0.00000	1	100.00
land_nose_up	122	2.3611	0.0000	16.1292	53.3227	0.0000	-33.6366	0.99960	0.00000	0.02811	-0.02811	-0.00000	0.99960	0.00000	2.11865	0.00000	1	100.00
land_nose_up	123	2.8043	0.0000	15.7820	50.1127	0.0000	-21.2826	0.99995	0.00000	0.01046	-0.01046	-0.00000	0.99995	0.00000	1.60810	0.00000	1	100.00
land_nose_up	124	3.2176	0.0000	15.5349	46.9027	0.0000	6.0602	1.00000	0.00000	-0.00294	0.00294	0.00000	1.00000	0.00000	0.54401	0.00000	1	100.00
land_nose_up	125	3.6108	0.0000	15.5128	43.6927	0.0000	19.5513	0.99997	0.00000	-0.00747	0.00747	0.00000	0.99997	0.00000	0.16032	0.00000	1	100.00
land_nose_up	126	3.9741	0.0000	15.6052	40.4827	0.0000	24.6631	0.99996	0.00000	-0.00881	0.00881	0.00000	0.99996	0.00000	0.03006	0.00000	1	100.00
land_nose_up	127	4.3073	0.0000	15.7478	37.2727	0.0000	24.8383	0.99996	0.00000	-0.00906	0.00906	0.00000	0.99996	0.00000	0.01056	0.00000	1	100.00
land_nose_up	128	4.6206	0.0000	15.8892	34.0627	0.0000	24.0237	0.99996	0.00000	-0.00915	0.00915	0.00000	0.99996	0.00000	0.00837	0.00000	1	100.00
land_nose_up	129	4.9038	0.0000	16.0225	30.8527	0.0000	22.9284	0.99996	0.00000	-0.00922	0.00922	0.00000	0.99996	0.00000	0.00673	0.00000	1	100.00
land_nose_up	130	5.1571	0.0000	16.1433	27.6427	0.0000	21.6916	0.99996	0.00000	-0.00927	0.00927	0.00000	0.99996	0.00000	0.00550	0.00000	1	100.00
land_nose_up	131	5.3903	0.0000	16.2530	24.4327	0.0000	20.4143	0.99996	0.00000	-0.00932	0.00932	0.00000	0.99996	0.00000	0.00456	0.00000	1	100.00
land_nose_up	132	5.5936	0.0000	16.3524	-4.7357	0.0000	19.1471	0.99996	0.00000	-0.00936	0.00936	0.00000	0.99996	0.00000	0.00543	0.00000	1	100.00
land_nose_up	133	5.5506	0.0000	16.4418	1.3606	0.0000	17.9278	0.99996	0.00000	-0.00940	0.00940	0.00000	0.99996	0.00000	0.00352	0.00000	1	100.00
land_nose_up	134	5.5613	0.0000	16.5216	-0.2856	0.0000	16.7819	0.99996	0.00000	-0.00943	0.00943	0.00000	0.99996	0.00000	0.00277	0.00000	1	100.00
land_nose_up	135	5.5577	0.0000	16.5921	0.1321	0.0000	15.7282	0.99996	0.00000	-0.00945	0.00945	0.00000	0.99996	0.00000	0.00211	0.00000	1	100.00
land_nose_up	136	5.5611	0.0000	16.6533	0.0097	0.0000	14.7667	0.99996	0.00000	-0.00947	0.00947	0.00000	0.99996	0.00000	0.00168	0.00000	1	100.00
land_nose_up	137	5.5600	0.0000	16.7053	0.0356	0.0000	13.9101	0.99995	0.00000	-0.00948	0.00948	0.00000	0.99995	0.00000	0.00138	0.00000	1	100.00
land_nose_up	138	5.5603	0.0000	16.7582	0.0210	0.0000	13.1229	0.99995	0.00000	-0.00950	0.00950	0.00000	0.99995	0.00000	0.00115	0.00000	1	100.00
land_nose_up	139	5.5602	0.0000	16.8016	0.0189	0.0000	12.4153	0.99995	0.00000	-0.00951	0.00951	0.00000	0.99995	0.00000	0.00099	0.00000	1	100.00
land_nose_up	140	5.5601	0.0000	16.8357	0.0181	0.0000	11.8000	0.99995	0.00000	-0.00951	0.00951	0.00000	0.99995	0.00000	0.00091	0.00000	1	100.00
land_nose_up	141	5.5601	0.0000	16.8706	0.0164	0.0000	11.2479	0.99995	0.00000	-0.00951	0.00951	0.00000	0.99995	0.00000	0.00087	0.00000	1	100.00
land_nose_up	142	5.5601	0.0000	16.8960	0.0156	0.0000	10.7690	0.99995	0.00000	-0.00951	0.00951	0.00000	0.99995	0.00000	0.00086	0.00000	1	100.00
land_nose_up	143	5.5601	0.0000	16.9220	0.0154	0.0000	10.3407	0.99995	0.00000	-0.00951	0.00951	0.00000	0.99995	0.00000	0.00086	0.00000	1	100.00
land_nose_up	144	5.5601	0.0000	16.9385	0.0155	0.0000	9.9919	0.99995	0.00000	-0.00951	0.00951	0.00000	0.99995	0.00000	0.00087	0.00000	1	100.00
land_nose_up	145	5.5601	0.0000	16.9555	0.0157	0.0000	9.6874	0.99995	0.00000	-0.00951	0.00951	0.00000	0.99995	0.00000	0.00088	0.00000	1	100.00
land_nose_up	146	5.5601	0.0000	16.9730	0.0160	0.0000	9.4082	0.99995	0.00000	-0.00951	0.00951	0.00000	0.99995	0.00000	0.00089	0.00000	1	100.00
land_nose_up	147	5.5601	0.0000	16.9806	0.0162	0.0000	9.1896	0.99995	0.00000	-0.00951	0.00951	0.00000	0.99995	0.00000	0.00090	0.00000	1	100.00
land_nose_up	148	5.5601	0.0000	16.9888	0.0165	0.0000	9.0089	0.99995	0.00000	-0.00951	0.00951	0.00000	0.99995	0.00000	0.00092	0.00000	1	100.00
land_nose_up	149	5.5601	0.0000	16.9973	0.0168	0.0000	8.8535	0.99995	0.00000	-0.00951	0.00951	0.00000	0.99995	0.00000	0.00093	0.00000	1	100.00
land_rolled	0	0.0000	0.0000	319.9323	0.0000	0.0000	-8.1250	1.00000	0.00000	-0.00000	0.00000	0.78333	0.62161	0.00000	0.00000	0.00000	0	100.00
land_rolled	1	0.0000	0.0000	319.8172	0.0000	0.0000	-13.5377	1.00000	0.00000	-0.00000	0.00000	0.78333	0.62161	0.00000	0.00000	0.00000	0	100.00
land_rolled	2	0.0000	0.0000	319.6621	0.0000	0.0000	-18.9477	1.00000	0.00000	-0.00000	0.00000	0.78333	0.62161	0.00000	0.00000	0.00000	0	100.00
land_rolled	3	0.0000	0.0000	319.4570	0.0000	0.0000	-24.3577	1.00000	0.00000	-0.00000	0.00000	0.78333	0.62161	0.00000	0.00000	0.00000	0	100.00
land_rolled	4	0.0000	0.0000	319.2119	0.0000	0.0000	-29.7677	1.00000	0.00000	-0.00000	0.00000	0.78333	0.62161	0.00000	0.00000	0.00000	0	100.00
land_rolled	5	0.0000	0.0000	318.9168	0.0000	0.0000	-35.1777	1.00000	0.00000	-0.00000	0.00000	0.78333	0.62161	0.00000	0.00000	0.00000	0	100.00
land_rolled	6	0.0000	0.0000	318.5818	0.0000	0.0000	-40.5877	1.00000	0.00000	-0.00000	0.00000	0.78333	0.62161	0.00000	0.00000	0.00000	0	100.00
land_rolled	7	0.0000	0.0000	318.1967	0.0000	0.0000	-45.9977	1.00000	0.00000	-0.00000	0.00000	0.78333	0.62161	0.00000	0.00000	0.00000	0	100.00
land_rolled	8	0.0000	0.0000	317.7716	0.0000	0.0000	-51.4077	1.00000	0.00000	-0.00000	0.00000	0.78333	0.62161	0.00000	0.00000	0.00000	0	100.00
land_rolled	9	0.0000	0.0000	317.2965	0.0000	0.0000	-56.8177	1.00000	0.00000	-0.00000	0.00000	0.78333	0.62161	0.00000	0.00000	0.00000	0	100.00
land_rolled	10	0.0000	0.0000	316.7814	0.0000	0.0000	-62.2277	1.00000	0.00000	-0.00000	0.00000	0.78333	0.62161	0.00000	0.00000	0.00000	0	100.00
land_rolled	11	0.0000	0.0000	316.2163	0.0000	0.0000	-67.6377	1.00000	0.00000	-0.00000	0.00000	0.78333	0.62161	0.00000	0.00000	0.00000	0	100.00
land_rolled	12	0.0000	0.0000	315.6113	0.0000	0.0000	-73.0477	1.00000	0.00000	-0.00000	0.00000	0.78333	0.62161	0.00000	0.00000	0.00000	0	100.00
land_rolled	13	0.0000	0.0000	314.9562	0.0000	0.0000	-78.4577	1.00000	0.00000	-0.00000	0.00000	0.78333	0.62161	0.00000	0.00000	0.00000	0	100.00
land_rolled	14	0.0000	0.0000	314.2611	0.0000	0.0000	-83.8677	1.00000	0.00000	-0.00000	0.00000	0.78333	0.62161	0.00000	0.00000	0.00000	0	100.00
land_rolled	15	0.0000	0.0000	313.5160	0.0000	0.0000	-89.2777	1.00000	0.00000	-0.00000	0.00000	0.78333	0.62161	0.00000	0.00000	0.00000	0	100.00
land_rolled	16	0.0000	0.0000	312.7309	0.0000	0.0000	-94.6877	1.00000	0.00000	-0.00000	0.00000	0.78333	0.62161	0.00000	0.00000	0.00000	0	100.00
land_rolled	17	0.0000	0.0000	311.8958	0.0000	0.0000	-100.0977	1.00000	0.00000	-0.00000	0.00000	0.78333	0.62161	0.00000	0.00000	0.00000	0	100.00
land_rolled	18	0.0000	0.0000	311.0208	0.0000	0.0000	-105.5077	1.00000	0.00000	-0.00000	0.00000	0.78333	0.62161	0.00000	0.00000	0.00000	0	100.00
land_rolled	19	0.0000	0.0000	310.0957	0.0000	0.0000	-110.9177	1.00000	0.00000	-0.00000	0.00000	0.78333	0.62161	0.00000	0.00000	0.00000	0	100.00
land_rolled	20	0.0000	0.0000	309.1306	0.0000	0.0000	-116.3277	1.00000	0.00000	-0.00000	0.00000	0.78333	0.62161	0.00000	0.00000	0.00000	0	100.00
land_rolled	21	0.0000	0.0000	308.1155	0.0000	0.0000	-121.7377	1.00000	0.00000	-0.00000	0.00000	0.78333	0.62161	0.00000	0.00000	0.00000	0	100.00
land_rolled	22	0.0000	0.0000	307.0604	0.0000	0.0000	-127.1477	1.00000	0.00000	-0.00000	0.00000	0.78333	0.62161	0.00000	0.00000	0.00000	0	100.00
land_rolled	23	0.0000	0.0000	305.9554	0.0000	0.0000	-132.5577	1.00000	0.00000	-0.00000	0.00000	0.78333	0.62161	0.00000	0.00000	0.00000	0	100.00
land_rolled	24	0.0000	0.0000	304.8103	0.0000	0.0000	-137.9677	1.00000	0.00000	-0.00000	0.00000	0.78333	0.62161	0.00000	0.00000	0.00000	0	100.00
land_rolled	25	0.0000	0.0000	303.6152	0.0000	0.0000	-143.3777	1.00000	0.00000	-0.00000	0.00000	0.78333	0.62161	0.00000	0.00000	0.00000	0	100.00
land_rolled	26	0.0000	0.0000	302.3801	0.0000	0.0000	-148.7877	1.00000	0.00000	-0.00000	0.00000	0.78333	0.62161	0.00000	0.00000	0.00000	0	100.00
land_rolled	27	0.0000	0.0000	301.0950	0.0000	0.0000	-154.1977	1.00000	0.00000	-0.00000	0.00000	0.78333	0.62161	0.00000	0.00000	0.00000	0	100.00
land_rolled	28	0.0000	0.0000	299.7699	0.0000	0.0000	-159.6077	1.00000	0.00000	-0.00000	0.00000	0.78333	0.62161	0.00000	0.00000	0.00000	0	100.00
land_rolled	29	0.0000	0.0000	298.3948	0.0000	0.0000	-165.0177	1.00000	0.00000	-0.00000	0.00000	0.78333	0.62161	0.00000	0.00000	0.00000	0	100.00
land_rolled	30	0.0000	0.0000	296.9698	0.0000	0.0000	-170.4277	1.00000	0.00000	-0.00000	0.00000	0.78333	0.62161	0.00000	0.00000	0.00000	0	100.00
land_rolled	31	0.0000	0.0000	295.5047	0.0000	0.0000	-175.8377	1.00000	0.00000	-0.00000	0.00000	0.78333	0.62161	0.00000	0.00000	0.00000	0	100.00
land_rolled	32	0.0000	0.0000	293.9896	0.0000	0.0000	-181.2477	1.00000	0.00000	-0.00000	0.00000	0.78333	0.62161	0.00000	0.00000	0.00000	0	100.00
land_rolled	33	0.0000	0.0000	292.4345	0.0000	0.0000	-186.6577	1.00000	0.00000	-0.00000	0.00000	0.78333	0.62161	0.00000	0.00000	0.00000	0	100.00
land_rolled	34	0.0000	0.0000	290.8294	0.0000	0.0000	-192.0677	1.00000	0.00000	-0.00000	0.00000	0.78333	0.62161	0.00000	0.00000	0.00000	0	100.00
land_rolled	35	0.0000	0.0000	289.1843	0.0000	0.0000	-197.4777	1.00000	0.00000	-0.00000	0.00000	0.78333	0.62161	0.00000	0.00000	0.00000	0	100.00
land_rolled	36	0.0000	0.0000	287.4893	0.0000	0.0000	-202.8876	1.00000	0.00000	-0.00000	0.00000	0.78333	0.62161	0.00000	0.00000	0.00000	0	100.00
land_rolled	37	0.0000	0.0000	285.7542	0.0000	0.0000	-208.2977	1.00000	0.00000	-0.00000	0.00000	0.78333	0.62161	0.00000	0.00000	0.00000	0	100.00
land_rolled	38	0.0000	0.0000	283.9691	0.0000	0.0000	-213.7077	1.00000	0.00000	-0.00000	0.00000	0.78333	0.62161	0.00000	0.00000	0.00000	0	100.00
land_rolled	39	0.0000	0.0000	282.1440	0.0000	0.0000	-219.1177	1.00000	0.00000	-0.00000	0.00000	0.78333	0.62161	0.00000	0.00000	0.00000	0	100.00
land_rolled	40	0.0000	0.0000	280.2690	0.0000	0.0000	-224.5277	1.00000	0.00000	-0.00000	0.00000	0.78333	0.62161	0.00000	0.00000	0.00000	0	100.00
land_rolled	41	0.0000	0.0000	278.3538	0.0000	0.0000	-229.9377	1.00000	0.00000	-0.00000	0.00000	0.78333	0.62161	0.00000	0.00000	0.00000	0	100.00
land_rolled	42	0.0000	0.0000	276.3888	0.0000	0.0000	-235.3477	1.00000	0.00000	-0.00000	0.00000	0.78333	0.62161	0.00000	0.00000	0.00000	0	100.00
land_rolled	43	0.0000	0.0000	274.3837	0.0000	0.0000	-240.7577	1.00000	0.00000	-0.00000	0.00000	0.78333	0.62161	0.00000	0.00000	0.00000	0	100.00
land_rolled	44	0.0000	0.0000	272.3286	0.0000	0.0000	-246.1677	1.00000	0.00000	-0.00000	0.00000	0.78333	0.62161	0.00000	0.00000	0.00000	0	100.00
land_rolled	45	0.0000	0.0000	270.2335	0.0000	0.0000	-251.5776	1.00000	0.00000	-0.00000	0.00000	0.78333	0.62161	0.00000	0.00000	0.00000	0	100.00
land_rolled	46	0.0000	0.0000	268.0884	0.0000	0.0000	-256.9876	1.00000	0.00000	-0.00000	0.00000	0.78333	0.62161	0.00000	0.00000	0.00000	0	100.00
land_rolled	47	0.0000	0.0000	265.9033	0.0000	0.0000	-262.3976	1.00000	0.00000	-0.00000	0.00000	0.78333	0.62161	0.00000	0.00000	0.00000	0	100.00
land_rolled	48	0.0000	0.0000	263.6682	0.0000	0.0000	-267.8076	1.00000	0.00000	-0.00000	0.00000	0.78333	0.62161	0.00000	0.00000	0.00000	0	100.00
land_rolled	49	0.0000	0.0000	261.3932	0.0000	0.0000	-273.2177	1.00000	0.00000	-0.00000	0.00000	0.78333	0.62161	0.00000	0.00000	0.00000	0	100.00
land_rolled	50	0.0000	0.0000	259.0681	0.0000	0.0000	-278.6277	1.00000	0.00000	-0.00000	0.00000	0.78333	0.62161	0.00000	0.00000	0.00000	0	100.00
land_rolled	51	0.0000	0.0000	256.7030	0.0000	0.0000	-284.0377	1.00000	0.00000	-0.00000	0.00000	0.78333	0.62161	0.00000	0.00000	0.00000	0	100.00
land_rolled	52	0.0000	0.0000	254.2880	0.0000	0.0000	-289.4477	1.00000	0.00000	-0.00000	0.00000	0.78333	0.62161	0.00000	0.00000	0.00000	0	100.00
land_rolled	53	0.0000	0.0000	251.8328	0.0000	0.0000	-294.8577	1.00000	0.00000	-0.00000	0.00000	0.78333	0.62161	0.00000	0.00000	0.00000	0	100.00
land_rolled	54	0.0000	0.0000	249.3278	0.0000	0.0000	-300.2677	1.00000	0.00000	-0.00000	0.00000	0.78333	0.62161	0.00000	0.00000	0.00000	0	100.00
land_rolled	55	0.0000	0.0000	246.7827	0.0000	0.0000	-305.6776	1.00000	0.00000	-0.00000	0.00000	0.78333	0.62161	0.00000	0.00000	0.00000	0	100.00
land_rolled	56	0.0000	0.0000	244.1876	0.0000	0.0000	-311.0876	1.00000	0.00000	-0.00000	0.00000	0.78333	0.62161	0.00000	0.00000	0.00000	0	100.00
land_rolled	57	0.0000	0.0000	241.5525	0.0000	0.0000	-316.4977	1.00000	0.00000	-0.00000	0.00000	0.78333	0.62161	0.00000	0.00000	0.00000	0	100.00
land_rolled	58	0.0000	0.0000	238.8674	0.0000	0.0000	-321.9077	1.00000	0.00000	-0.00000	0.00000	0.78333	0.62161	0.00000	0.00000	0.00000	0	100.00
land_rolled	59	0.0000	0.0000	236.1423	0.0000	0.0000	-327.3177	1.00000	0.00000	-0.00000	0.00000	0.78333	0.62161	0.00000	0.00000	0.00000	0	100.00
land_rolled	60	0.0000	0.0000	233.3672	0.0000	0.0000	-332.7277	1.00000	0.00000	-0.00000	0.00000	0.78333	0.62161	0.00000	0.00000	0.00000	0	100.00
land_rolled	61	0.0000	0.0000	230.5522	0.0000	0.0000	-338.1377	1.00000	0.00000	-0.00000	0.00000	0.78333	0.62161	0.00000	0.00000	0.00000	0	100.00
land_rolled	62	0.0000	0.0000	227.6871	0.0000	0.0000	-343.5477	1.00000	0.00000	-0.00000	0.00000	0.78333	0.62161	0.00000	0.00000	0.00000	0	100.00
land_rolled	63	0.0000	0.0000	224.7820	0.0000	0.0000	-348.9576	1.00000	0.00000	-0.00000	0.00000	0.78333	0.62161	0.00000	0.00000	0.00000	0	100.00
land_rolled	64	0.0000	0.0000	221.8269	0.0000	0.0000	-354.3676	1.00000	0.00000	-0.00000	0.00000	0.78333	0.62161	0.00000	0.00000	0.00000	0	100.00
land_rolled	65	0.0000	0.0000	218.8318	0.0000	0.0000	-359.7776	1.00000	0.00000	-0.00000	0.00000	0.78333	0.62161	0.00000	0.00000	0.00000	0	100.00
land_rolled	66	0.0000	0.0000	215.7868	0.0000	0.0000	-365.1877	1.00000	0.00000	-0.00000	0.00000	0.78333	0.62161	0.00000	0.00000	0.00000	0	100.00
land_rolled	67	0.0000	0.0000	212.7017	0.0000	0.0000	-370.5977	1.00000	0.00000	-0.00000	0.00000	0.78333	0.62161	0.00000	0.00000	0.00000	0	100.00
land_rolled	68	0.0000	0.0000	209.5666	0.0000	0.0000	-376.0077	1.00000	0.00000	-0.00000	0.00000	0.78333	0.62161	0.00000	0.00000	0.00000	0	100.00
land_rolled	69	0.0000	0.0000	206.3915	0.0000	0.0000	-381.4177	1.00000	0.00000	-0.00000	0.00000	0.78333	0.62161	0.00000	0.00000	0.00000	0	100.00
land_rolled	70	0.0000	0.0000	203.1664	0.0000	0.0000	-386.8277	1.00000	0.00000	-0.00000	0.00000	0.78333	0.62161	0.00000	0.00000	0.00000	0	100.00
land_rolled	71	0.0000	0.0000	199.9013	0.0000	0.0000	-392.2376	1.00000	0.00000	-0.00000	0.00000	0.78333	0.62161	0.00000	0.00000	0.00000	0	100.00
land_rolled	72	0.0000	0.0000	196.5863	0.0000	0.0000	-397.6476	1.00000	0.00000	-0.00000	0.00000	0.78333	0.62161	0.00000	0.00000	0.00000	0	100.00
land_rolled	73	0.0000	0.0000	193.2312	0.0000	0.0000	-403.0577	1.00000	0.00000	-0.00000	0.00000	0.78333	0.62161	0.00000	0.00000	0.00000	0	100.00
land_rolled	74	0.0000	0.0000	189.8261	0.0000	0.0000	-408.4677	1.00000	0.00000	-0.00000	0.00000	0.78333	0.62161	0.00000	0.00000	0.00000	0	100.00
land_rolled	75	0.0000	0.0000	186.3810	0.0000	0.0000	-413.8777	1.00000	0.00000	-0.00000	0.00000	0.78333	0.62161	0.00000	0.00000	0.00000	0	100.00
land_rolled	76	0.0000	0.0000	182.8859	0.0000	0.0000	-419.2877	1.00000	0.00000	-0.00000	0.00000	0.78333	0.62161	0.00000	0.00000	0.00000	0	100.00
land_rolled	77	0.0000	0.0000	179.3509	0.0000	0.0000	-424.6977	1.00000	0.00000	-0.00000	0.00000	0.78333	0.62161	0.00000	0.00000	0.00000	0	100.00
land_rolled	78	0.0000	0.0000	175.7658	0.0000	0.0000	-430.1077	1.00000	0.00000	-0.00000	0.00000	0.78333	0.62161	0.00000	0.00000	0.00000	0	100.00
land_rolled	79	0.0000	0.0000	172.1407	0.0000	0.0000	-435.5176	1.00000	0.00000	-0.00000	0.00000	0.78333	0.62161	0.00000	0.00000	0.00000	0	100.00
land_rolled	80	0.0000	0.0000	168.4656	0.0000	0.0000	-440.9276	1.00000	0.00000	-0.00000	0.00000	0.78333	0.62161	0.00000	0.00000	0.00000	0	100.00
land_rolled	81	0.0000	0.0000	164.7505	0.0000	0.0000	-446.3376	1.00000	0.00000	-0.00000	0.00000	0.78333	0.62161	0.00000	0.00000	0.00000	0	100.00
land_rolled	82	0.0000	0.0000	160.9854	0.0000	0.0000	-451.7477	1.00000	0.00000	-0.00000	0.00000	0.78333	0.62161	0.00000	0.00000	0.00000	0	100.00
land_rolled	83	0.0000	0.0000	157.1804	0.0000	0.0000	-457.1577	1.00000	0.00000	-0.00000	0.00000	0.78333	0.62161	0.00000	0.00000	0.00000	0	100.00
land_rolled	84	0.0000	0.0000	153.3253	0.0000	0.0000	-462.5677	1.00000	0.00000	-0.00000	0.00000	0.78333	0.62161	0.00000	0.00000	0.00000	0	100.00
land_rolled	85	0.0000	0.0000	149.4302	0.0000	0.0000	-467.9777	1.00000	0.00000	-0.00000	0.00000	0.78333	0.62161	0.00000	0.00000	0.00000	0	100.00
land_rolled	86	0.0000	0.0000	145.4851	0.0000	0.0000	-473.3877	1.00000	0.00000	-0.00000	0.00000	0.78333	0.62161	0.00000	0.00000	0.00000	0	100.00
land_rolled	87	0.0000	0.0000	141.5000	0.0000	0.0000	-478.7976	1.00000	0.00000	-0.00000	0.00000	0.78333	0.62161	0.00000	0.00000	0.00000	0	100.00
land_rolled	88	0.0000	0.0000	137.4649	0.0000	0.0000	-484.2076	1.00000	0.00000	-0.00000	0.00000	0.78333	0.62161	0.00000	0.00000	0.00000	0	100.00
land_rolled	89	0.0000	0.0000	133.3799	0.0000	0.0000	-489.6176	1.00000	0.00000	-0.00000	0.00000	0.78333	0.62161	0.00000	0.00000	0.00000	0	100.00
land_rolled	90	0.0000	0.0000	129.2548	0.0000	0.0000	-495.0276	1.00000	0.00000	-0.00000	0.00000	0.78333	0.62161	0.00000	0.00000	0.00000	0	100.00
land_rolled	91	0.0000	0.0000	125.0797	0.0000	0.0000	-500.4377	1.00000	0.00000	-0.00000	0.00000	0.78333	0.62161	0.00000	0.00000	0.00000	0	100.00
land_rolled	92	0.0000	0.0000	120.8646	0.0000	0.0000	-505.8477	1.00000	0.00000	-0.00000	0.00000	0.78333	0.62161	0.00000	0.00000	0.00000	0	100.00
land_rolled	93	0.0000	0.0000	116.5995	0.0000	0.0000	-511.2577	1.00000	0.00000	-0.00000	0.00000	0.78333	0.62161	0.00000	0.00000	0.00000	0	100.00
land_rolled	94	0.0000	0.0000	112.2944	0.0000	0.0000	-516.6677	1.00000	0.00000	-0.00000	0.00000	0.78333	0.62161	0.00000	0.00000	0.00000	0	100.00
land_rolled	95	0.0000	0.0000	107.9394	0.0000	0.0000	-522.0776	1.00000	0.00000	-0.00000	0.00000	0.78333	0.62161	0.00000	0.00000	0.00000	0	100.00
land_rolled	96	0.0000	0.0000	103.5443	0.0000	0.0000	-527.4877	1.00000	0.00000	-0.00000	0.00000	0.78333	0.62161	0.00000	0.00000	0.00000	0	100.00
land_rolled	97	0.0000	0.0000	99.0992	0.0000	0.0000	-532.8976	1.00000	0.00000	-0.00000	0.00000	0.78333	0.62161	0.00000	0.00000	0.00000	0	100.00
land_rolled	98	0.0000	0.0000	94.6141	0.0000	0.0000	-538.3077	1.00000	0.00000	-0.00000	0.00000	0.78333	0.62161	0.00000	0.00000	0.00000	0	100.00
land_rolled	99	0.0000	0.0000	90.0790	0.0000	0.0000	-543.7177	1.00000	0.00000	-0.00000	0.00000	0.78333	0.62161	0.00000	0.00000	0.00000	0	100.00
land_rolled	100	0.0000	0.0000	85.5039	0.0000	0.0000	-549.1276	1.00000	0.00000	-0.00000	0.00000	0.78333	0.62161	0.00000	0.00000	0.00000	0	100.00
land_rolled	101	0.0000	0.0000	80.8788	0.0000	0.0000	-554.5377	1.00000	0.00000	-0.00000	0.00000	0.78333	0.62161	0.00000	0.00000	0.00000	0	100.00
land_rolled	102	0.0000	0.0000	76.2138	0.0000	0.0000	-559.9476	1.00000	0.00000	-0.00000	0.00000	0.78333	0.62161	0.00000	0.00000	0.00000	0	100.00
land_rolled	103	0.0000	0.0000	71.4987	0.0000	0.0000	-565.3577	1.00000	0.00000	-0.00000	0.00000	0.78333	0.62161	0.00000	0.00000	0.00000	0	100.00
land_rolled	104	0.0000	0.0000	66.7436	0.0000	0.0000	-570.7676	1.00000	0.00000	-0.00000	0.00000	0.78333	0.62161	0.00000	0.00000	0.00000	0	100.00
land_rolled	105	0.0000	0.0000	61.9385	0.0000	0.0000	-576.1777	1.00000	0.00000	-0.00000	0.00000	0.78333	0.62161	0.00000	0.00000	0.00000	0	100.00
land_rolled	106	0.0000	0.0000	57.0934	0.0000	0.0000	-581.5876	1.00000	0.00000	-0.00000	0.00000	0.78333	0.62161	0.00000	0.00000	0.00000	0	100.00
land_rolled	107	0.0000	0.0000	52.1983	0.0000	0.0000	-586.9977	1.00000	0.00000	-0.00000	0.00000	0.78333	0.62161	0.00000	0.00000	0.00000	0	100.00
land_rolled	108	0.0000	0.0000	47.2633	0.0000	0.0000	-592.4077	1.00000	0.00000	-0.00000	0.00000	0.78333	0.62161	0.00000	0.00000	0.00000	0	100.00
land_rolled	109	0.0000	0.0000	42.2782	0.0000	0.0000	-597.8176	1.00000	0.00000	-0.00000	0.00000	0.78333	0.62161	0.00000	0.00000	0.00000	0	100.00
land_rolled	110	0.0000	0.0000	37.2531	0.0000	0.0000	-520.8117	1.00000	0.00000	-0.00000	0.00000	0.78333	0.62161	-0.16376	0.22719	-0.03633	0	100.00
land_rolled	111	0.0000	0.0000	32.8422	4.6496	0.0701	-357.2129	1.00000	-0.00030	-0.00189	0.00141	0.78417	0.62054	0.95108	1.99424	-0.37176	0	100.00
land_rolled	112	-0.2679	0.0252	30.8668	-46.7682	1.1189	-142.5901	0.99966	0.00962	0.02404	-0.02305	0.75367	0.65685	6.98445	-0.96713	1.08875	0	100.00
land_rolled	113	-0.6506	0.0123	30.1404	-44.1853	-11.4787	-83.9337	0.99951	0.01548	0.02710	-0.02995	0.72031	0.69300	6.28122	0.45799	0.67477	0	100.00
land_rolled	114	-1.0182	-0.0856	29.6510	-42.5948	-16.7410	-56.9902	0.99954	0.01908	0.02376	-0.03037	0.68710	0.72592	5.89379	0.89741	0.44640	0	100.00
land_rolled	115	-1.3749	-0.2295	29.1323	-40.9598	-21.0729	-44.6650	0.99961	0.02155	0.01772	-0.02750	0.65343	0.75649	5.66958	1.02535	0.32806	0	100.00
land_rolled	116	-1.7113	-0.4056	28.6901	-39.2887	-24.8924	-41.3581	0.99967	0.02352	0.01059	-0.02288	0.61864	0.78534	5.51907	0.99651	0.26289	0	100.00
land_rolled	117	-2.0373	-0.6174	28.2777	-37.5967	-28.3891	-43.4940	0.99967	0.02535	0.00356	-0.01767	0.58260	0.81257	5.43860	0.89313	0.22581	0	100.00
land_rolled	118	-2.3533	-0.8565	27.8499	-35.8916	-31.6471	-48.3897	0.99963	0.02720	-0.00267	-0.01260	0.54527	0.83817	5.41492	0.76599	0.20107	0	100.00
land_rolled	119	-2.6491	-1.1237	27.3791	-34.1828	-34.7000	-53.6704	0.99955	0.02911	-0.00778	-0.00805	0.50688	0.86198	5.41381	0.65481	0.17652	0	100.00
land_rolled	120	-2.9348	-1.4092	26.8650	-32.4687	-37.5666	-59.3307	0.99945	0.03103	-0.01188	-0.00401	0.46748	0.88399	5.41746	0.55662	0.15138	0	100.00
land_rolled	121	-3.2005	-1.7230	26.3079	-30.7482	-40.2424	-65.4314	0.99935	0.03290	-0.01507	-0.00042	0.42711	0.90420	5.42216	0.47423	0.12532	0	100.00
land_rolled	122	-3.4562	-2.0553	25.6970	-29.0303	-42.7415	-71.9538	0.99925	0.03468	-0.01750	0.00276	0.38583	0.92257	5.42629	0.40731	0.09849	0	100.00
land_rolled	123	-3.7019	-2.4162	25.0327	-27.3246	-45.0611	-78.7993	0.99915	0.03633	-0.01928	0.00562	0.34374	0.93905	5.43052	0.35266	0.07132	0	100.00
land_rolled	124	-3.9277	-2.7955	24.3057	-25.6204	-47.1994	-85.8808	0.99907	0.03782	-0.02054	0.00821	0.30091	0.95362	5.43569	0.30747	0.04420	0	100.00
land_rolled	125	-4.1435	-3.1933	23.5266	-23.9274	-49.1484	-93.1527	0.99901	0.03914	-0.02136	0.01057	0.25742	0.96624	5.44225	0.26974	0.01735	0	100.00
land_rolled	126	-4.3393	-3.5995	22.6860	-1.8728	-52.4912	-96.7578	0.99895	0.04026	-0.02180	0.01272	0.21335	0.97689	5.31957	0.06713	-0.15926	1	100.00
land_rolled	127	-4.3556	-4.0374	21.8160	-0.2006	-56.9000	-92.5144	0.99899	0.03988	-0.02058	0.01352	0.16984	0.98538	4.80206	0.06450	-0.02563	1	100.00
land_rolled	128	-4.3617	-4.5141	20.9814	-0.4668	-58.4756	-86.4978	0.99899	0.04047	-0.01951	0.01409	0.13027	0.99138	4.22881	0.04470	-0.00701	1	100.00
land_rolled	129	-4.3638	-4.9973	20.1915	-0.1369	-59.4542	-79.2882	0.99899	0.04108	-0.01845	0.01446	0.09526	0.99535	3.64147	0.01687	0.00201	1	100.00
land_rolled	130	-4.3611	-5.4954	19.4616	-0.1527	-59.8834	-71.0201	0.99898	0.04164	-0.01733	0.01460	0.06502	0.99778	3.06880	-0.00969	0.00619	1	100.00
land_rolled	131	-4.3613	-5.9990	18.8004	-0.0815	-59.7938	-61.7681	0.99898	0.04212	-0.01618	0.01452	0.03949	0.99911	2.53575	-0.02608	0.00781	1	100.00
land_rolled	132	-4.3607	-6.4983	18.2176	0.1302	-59.2453	-52.0181	0.99898	0.04251	-0.01507	0.01430	0.01837	0.99973	2.04664	-0.03595	0.00834	1	100.00
land_rolled	133	-4.3589	-6.9937	17.7189	0.3659	-58.3141	-42.3340	0.99898	0.04283	-0.01404	0.01400	0.00132	0.99990	1.59936	-0.04355	0.00838	1	100.00
land_rolled	134	-4.3570	-7.4759	17.2995	0.5654	-57.0704	-33.0058	0.99899	0.04308	-0.01311	0.01364	-0.01201	0.99983	1.19717	-0.04765	0.00816	1	100.00
land_rolled	135	-4.3553	-7.9556	16.9573	0.7707	-55.5777	-12.7064	0.99899	0.04328	-0.01228	0.01324	-0.02198	0.99967	0.41815	-0.07617	0.01081	1	100.00
land_rolled	136	-4.3536	-8.4231	16.7864	0.7478	-53.5604	-1.1356	0.99899	0.04341	-0.01150	0.01261	-0.02546	0.99960	-0.01154	-0.07699	0.00980	1	100.00
land_rolled	137	-4.3438	-8.8663	16.7129	1.0239	-51.2937	5.1414	0.99899	0.04349	-0.01086	0.01197	-0.02537	0.99961	-0.22872	-0.06631	0.00806	1	100.00
land_rolled	138	-4.3315	-9.2974	16.6851	1.2558	-49.0228	8.1213	0.99900	0.04353	-0.01039	0.01142	-0.02346	0.99966	-0.31302	-0.04836	0.00641	1	100.00
land_rolled	139	-4.3196	-9.7085	16.6900	1.5342	-46.8772	9.1331	0.99900	0.04356	-0.01010	0.01102	-0.02085	0.99972	-0.31811	-0.03697	0.00502	1	100.00
land_rolled	140	-4.3072	-10.1006	16.6984	1.5971	-44.9060	9.7054	0.99900	0.04358	-0.00991	0.01071	-0.01820	0.99978	-0.30342	-0.03091	0.00409	1	100.00
land_rolled	141	-4.2967	-10.4742	16.7131	1.5943	-43.0590	10.0835	0.99900	0.04359	-0.00976	0.01045	-0.01567	0.99982	-0.28094	-0.02562	0.00353	1	100.00
land_rolled	142	-4.2867	-10.8288	16.7263	1.5896	-41.3158	10.3429	0.99900	0.04359	-0.00965	0.01024	-0.01333	0.99986	-0.25410	-0.02101	0.00315	1	100.00
land_rolled	143	-4.2768	-11.1743	16.7485	1.5745	-39.6760	10.4850	0.99900	0.04360	-0.00957	0.01007	-0.01122	0.99989	-0.22537	-0.01702	0.00287	1	100.00
land_rolled	144	-4.2669	-11.5006	16.7696	1.5500	-38.1307	10.5472	0.99900	0.04360	-0.00951	0.00993	-0.00934	0.99991	-0.19659	-0.01359	0.00266	1	100.00
land_rolled	145	-4.2571	-11.8178	16.7901	1.5213	-36.6770	10.5543	0.99900	0.04361	-0.00947	0.00981	-0.00770	0.99992	-0.16896	-0.01066	0.00249	1	100.00
land_rolled	146	-4.2473	-12.1256	16.8102	1.4896	-35.2952	10.5251	0.99900	0.04362	-0.00944	0.00972	-0.00629	0.99993	-0.14326	-0.00819	0.00235	1	100.00
land_rolled	147	-4.2377	-12.4241	16.8300	1.4566	-33.9854	10.4650	0.99900	0.04363	-0.00942	0.00966	-0.00510	0.99994	-0.11992	-0.00613	0.00224	1	100.00
land_rolled	148	-4.2279	-12.7032	16.8495	1.4181	-32.7402	10.3802	0.99900	0.04364	-0.00942	0.00960	-0.00410	0.99995	-0.09917	-0.00444	0.00212	1	100.00
land_rolled	149	-4.2182	-12.9728	16.8688	1.3803	-31.5556	10.2772	0.99900	0.04365	-0.00942	0.00957	-0.00327	0.99995	-0.08106	-0.00306	0.00204	1	100.00
land_inverted	0	0.0000	0.0000	319.9323	0.0000	0.0000	-8.1250	1.00000	0.00000	0.00000	0.00000	0.00000	-1.00000	0.00000	0.00000	0.00000	0	100.00
land_inverted	1	0.0000	0.0000	319.8172	0.0000	0.0000	-13.5377	1.00000	0.00000	0.00000	0.00000	0.00000	-1.00000	0.00000	0.00000	0.00000	0	100.00
land_inverted	2	0.0000	0.0000	319.6621	0.0000	0.0000	-18.9477	1.00000	0.00000	0.00000	0.00000	0.00000	-1.00000	0.00000	0.00000	0.00000	0	100.00
land_inverted	3	0.0000	0.0000	319.4570	0.0000	0.0000	-24.3577	1.00000	0.00000	0.00000	0.00000	0.00000	-1.00000	0.00000	0.00000	0.00000	0	100.00
land_inverted	4	0.0000	0.0000	319.2119	0.0000	0.0000	-29.7677	1.00000	0.00000	0.00000	0.00000	0.00000	-1.00000	0.00000	0.00000	0.00000	0	100.00
land_inverted	5	0.0000	0.0000	318.9168	0.0000	0.0000	-35.1777	1.00000	0.00000	0.00000	0.00000	0.00000	-1.00000	0.00000	0.00000	0.00000	0	100.00
land_inverted	6	0.0000	0.0000	318.5818	0.0000	0.0000	-40.5877	1.00000	0.00000	0.00000	0.00000	0.00000	-1.00000	0.00000	0.00000	0.00000	0	100.00
land_inverted	7	0.0000	0.0000	318.1967	0.0000	0.0000	-45.9977	1.00000	0.00000	0.00000	0.00000	0.00000	-1.00000	0.00000	0.00000	0.00000	0	100.00
land_inverted	8	0.0000	0.0000	317.7716	0.0000	0.0000	-51.4077	1.00000	0.00000	0.00000	0.00000	0.00000	-1.00000	0.00000	0.00000	0.00000	0	100.00
land_inverted	9	0.0000	0.0000	317.2965	0.0000	0.0000	-56.8177	1.00000	0.00000	0.00000	0.00000	0.00000	-1.00000	0.00000	0.00000	0.00000	0	100.00
land_inverted	10	0.0000	0.0000	316.7814	0.0000	0.0000	-62.2277	1.00000	0.00000	0.00000	0.00000	0.00000	-1.00000	0.00000	0.00000	0.00000	0	100.00
land_inverted	11	0.0000	0.0000	316.2163	0.0000	0.0000	-67.6377	1.00000	0.00000	0.00000	0.00000	0.00000	-1.00000	0.00000	0.00000	0.00000	0	100.00
land_inverted	12	0.0000	0.0000	315.6113	0.0000	0.0000	-73.0477	1.00000	0.00000	0.00000	0.00000	0.00000	-1.00000	0.00000	0.00000	0.00000	0	100.00
land_inverted	13	0.0000	0.0000	314.9562	0.0000	0.0000	-78.4577	1.00000	0.00000	0.00000	0.00000	0.00000	-1.00000	0.00000	0.00000	0.00000	0	100.00
land_inverted	14	0.0000	0.0000	314.2611	0.0000	0.0000	-83.8677	1.00000	0.00000	0.00000	0.00000	0.00000	-1.00000	0.00000	0.00000	0.00000	0	100.00
land_inverted	15	0.0000	0.0000	313.5160	0.0000	0.0000	-89.2777	1.00000	0.00000	0.00000	0.00000	0.00000	-1.00000	0.00000	0.00000	0.00000	0	100.00
land_inverted	16	0.0000	0.0000	312.7309	0.0000	0.0000	-94.6877	1.00000	0.00000	0.00000	0.00000	0.00000	-1.00000	0.00000	0.00000	0.00000	0	100.00
land_inverted	17	0.0000	0.0000	311.8958	0.0000	0.0000	-100.0977	1.00000	0.00000	0.00000	0.00000	0.00000	-1.00000	0.00000	0.00000	0.00000	0	100.00
land_inverted	18	0.0000	0.0000	311.0208	0.0000	0.0000	-105.5077	1.00000	0.00000	0.00000	0.00000	0.00000	-1.00000	0.00000	0.00000	0.00000	0	100.00
land_inverted	19	0.0000	0.0000	310.0957	0.0000	0.0000	-110.9177	1.00000	0.00000	0.00000	0.00000	0.00000	-1.00000	0.00000	0.00000	0.00000	0	100.00
land_inverted	20	0.0000	0.0000	309.1306	0.0000	0.0000	-116.3277	1.00000	0.00000	0.00000	0.00000	0.00000	-1.00000	0.00000	0.00000	0.00000	0	100.00
land_inverted	21	0.0000	0.0000	308.1155	0.0000	0.0000	-121.7377	1.00000	0.00000	0.00000	0.00000	0.00000	-1.00000	0.00000	0.00000	0.00000	0	100.00
land_inverted	22	0.0000	0.0000	307.0604	0.0000	0.0000	-127.1477	1.00000	0.00000	0.00000	0.00000	0.00000	-1.00000	0.00000	0.00000	0.00000	0	100.00
land_inverted	23	0.0000	0.0000	305.9554	0.0000	0.0000	-132.5577	1.00000	0.00000	0.00000	0.00000	0.00000	-1.00000	0.00000	0.00000	0.00000	0	100.00
land_inverted	24	0.0000	0.0000	304.8103	0.0000	0.0000	-137.9677	1.00000	0.00000	0.00000	0.00000	0.00000	-1.00000	0.00000	0.00000	0.00000	0	100.00
land_inverted	25	0.0000	0.0000	303.6152	0.0000	0.0000	-143.3777	1.00000	0.00000	0.00000	0.00000	0.00000	-1.00000	0.00000	0.00000	0.00000	0	100.00
land_inverted	26	0.0000	0.0000	302.3801	0.0000	0.0000	-148.7877	1.00000	0.00000	0.00000	0.00000	0.00000	-1.00000	0.00000	0.00000	0.00000	0	100.00
land_inverted	27	0.0000	0.0000	301.0950	0.0000	0.0000	-154.1977	1.00000	0.00000	0.00000	0.00000	0.00000	-1.00000	0.00000	0.00000	0.00000	0	100.00
land_inverted	28	0.0000	0.0000	299.7699	0.0000	0.0000	-159.6077	1.00000	0.00000	0.00000	0.00000	0.00000	-1.00000	0.00000	0.00000	0.00000	0	100.00
land_inverted	29	0.0000	0.0000	298.3948	0.0000	0.0000	-165.0177	1.00000	0.00000	0.00000	0.00000	0.00000	-1.00000	0.00000	0.00000	0.00000	0	100.00
land_inverted	30	0.0000	0.0000	296.9698	0.0000	0.0000	-170.4277	1.00000	0.00000	0.00000	0.00000	0.00000	-1.00000	0.00000	0.00000	0.00000	0	100.00
land_inverted	31	0.0000	0.0000	295.5047	0.0000	0.0000	-175.8377	1.00000	0.00000	0.00000	0.00000	0.00000	-1.00000	0.00000	0.00000	0.00000	0	100.00
land_inverted	32	0.0000	0.0000	293.9896	0.0000	0.0000	-181.2477	1.00000	0.00000	0.00000	0.00000	0.00000	-1.00000	0.00000	0.00000	0.00000	0	100.00
land_inverted	33	0.0000	0.0000	292.4345	0.0000	0.0000	-186.6577	1.00000	0.00000	0.00000	0.00000	0.00000	-1.00000	0.00000	0.00000	0.00000	0	100.00
land_inverted	34	0.0000	0.0000	290.8294	0.0000	0.0000	-192.0677	1.00000	0.00000	0.00000	0.00000	0.00000	-1.00000	0.00000	0.00000	0.00000	0	100.00
land_inverted	35	0.0000	0.0000	289.1843	0.0000	0.0000	-197.4777	1.00000	0.00000	0.00000	0.00000	0.00000	-1.00000	0.00000	0.00000	0.00000	0	100.00
land_inverted	36	0.0000	0.0000	287.4893	0.0000	0.0000	-202.8876	1.00000	0.00000	0.00000	0.00000	0.00000	-1.00000	0.00000	0.00000	0.00000	0	100.00
land_inverted	37	0.0000	0.0000	285.7542	0.0000	0.0000	-208.2977	1.00000	0.00000	0.00000	0.00000	0.00000	-1.00000	0.00000	0.00000	0.00000	0	100.00
land_inverted	38	0.0000	0.0000	283.9691	0.0000	0.0000	-213.7077	1.00000	0.00000	0.00000	0.00000	0.00000	-1.00000	0.00000	0.00000	0.00000	0	100.00
land_inverted	39	0.0000	0.0000	282.1440	0.0000	0.0000	-219.1177	1.00000	0.00000	0.00000	0.00000	0.00000	-1.00000	0.00000	0.00000	0.00000	0	100.00
land_inverted	40	0.0000	0.0000	280.2690	0.0000	0.0000	-224.5277	1.00000	0.00000	0.00000	0.00000	0.00000	-1.00000	0.00000	0.00000	0.00000	0	100.00
land_inverted	41	0.0000	0.0000	278.3538	0.0000	0.0000	-229.9377	1.00000	0.00000	0.00000	0.00000	0.00000	-1.00000	0.00000	0.00000	0.00000	0	100.00
land_inverted	42	0.0000	0.0000	276.3888	0.0000	0.0000	-235.3477	1.00000	0.00000	0.00000	0.00000	0.00000	-1.00000	0.00000	0.00000	0.00000	0	100.00
land_inverted	43	0.0000	0.0000	274.3837	0.0000	0.0000	-240.7577	1.00000	0.00000	0.00000	0.00000	0.00000	-1.00000	0.00000	0.00000	0.00000	0	100.00
land_inverted	44	0.0000	0.0000	272.3286	0.0000	0.0000	-246.1677	1.00000	0.00000	0.00000	0.00000	0.00000	-1.00000	0.00000	0.00000	0.00000	0	100.00
land_inverted	45	0.0000	0.0000	270.2335	0.0000	0.0000	-251.5776	1.00000	0.00000	0.00000	0.00000	0.00000	-1.00000	0.00000	0.00000	0.00000	0	100.00
land_inverted	46	0.0000	0.0000	268.0884	0.0000	0.0000	-256.9876	1.00000	0.00000	0.00000	0.00000	0.00000	-1.00000	0.00000	0.00000	0.00000	0	100.00
land_inverted	47	0.0000	0.0000	265.9033	0.0000	0.0000	-262.3976	1.00000	0.00000	0.00000	0.00000	0.00000	-1.00000	0.00000	0.00000	0.00000	0	100.00
land_inverted	48	0.0000	0.0000	263.6682	0.0000	0.0000	-267.8076	1.00000	0.00000	0.00000	0.00000	0.00000	-1.00000	0.00000	0.00000	0.00000	0	100.00
land_inverted	49	0.0000	0.0000	261.3932	0.0000	0.0000	-273.2177	1.00000	0.00000	0.00000	0.00000	0.00000	-1.00000	0.00000	0.00000	0.00000	0	100.00
land_inverted	50	0.0000	0.0000	259.0681	0.0000	0.0000	-278.6277	1.00000	0.00000	0.00000	0.00000	0.00000	-1.00000	0.00000	0.00000	0.00000	0	100.00
land_inverted	51	0.0000	0.0000	256.7030	0.0000	0.0000	-284.0377	1.00000	0.00000	0.00000	0.00000	0.00000	-1.00000	0.00000	0.00000	0.00000	0	100.00
land_inverted	52	0.0000	0.0000	254.2880	0.0000	0.0000	-289.4477	1.00000	0.00000	0.00000	0.00000	0.00000	-1.00000	0.00000	0.00000	0.00000	0	100.00
land_inverted	53	0.0000	0.0000	251.8328	0.0000	0.0000	-294.8577	1.00000	0.00000	0.00000	0.00000	0.00000	-1.00000	0.00000	0.00000	0.00000	0	100.00
land_inverted	54	0.0000	0.0000	249.3278	0.0000	0.0000	-300.2677	1.00000	0.00000	0.00000	0.00000	0.00000	-1.00000	0.00000	0.00000	0.00000	0	100.00
land_inverted	55	0.0000	0.0000	246.7827	0.0000	0.0000	-305.6776	1.00000	0.00000	0.00000	0.00000	0.00000	-1.00000	0.00000	0.00000	0.00000	0	100.00
land_inverted	56	0.0000	0.0000	244.1876	0.0000	0.0000	-311.0876	1.00000	0.00000	0.00000	0.00000	0.00000	-1.00000	0.00000	0.00000	0.00000	0	100.00
land_inverted	57	0.0000	0.0000	241.5525	0.0000	0.0000	-316.4977	1.00000	0.00000	0.00000	0.00000	0.00000	-1.00000	0.00000	0.00000	0.00000	0	100.00
land_inverted	58	0.0000	0.0000	238.8674	0.0000	0.0000	-321.9077	1.00000	0.00000	0.00000	0.00000	0.00000	-1.00000	0.00000	0.00000	0.00000	0	100.00
land_inverted	59	0.0000	0.0000	236.1423	0.0000	0.0000	-327.3177	1.00000	0.00000	0.00000	0.00000	0.00000	-1.00000	0.00000	0.00000	0.00000	0	100.00
land_inverted	60	0.0000	0.0000	233.3672	0.0000	0.0000	-332.7277	1.00000	0.00000	0.00000	0.00000	0.00000	-1.00000	0.00000	0.00000	0.00000	0	100.00
land_inverted	61	0.0000	0.0000	230.5522	0.0000	0.0000	-338.1377	1.00000	0.00000	0.00000	0.00000	0.00000	-1.00000	0.00000	0.00000	0.00000	0	100.00
land_inverted	62	0.0000	0.0000	227.6871	0.0000	0.0000	-343.5477	1.00000	0.00000	0.00000	0.00000	0.00000	-1.00000	0.00000	0.00000	0.00000	0	100.00
land_inverted	63	0.0000	0.0000	224.7820	0.0000	0.0000	-348.9576	1.00000	0.00000	0.00000	0.00000	0.00000	-1.00000	0.00000	0.00000	0.00000	0	100.00
land_inverted	64	0.0000	0.0000	221.8269	0.0000	0.0000	-354.3676	1.00000	0.00000	0.00000	0.00000	0.00000	-1.00000	0.00000	0.00000	0.00000	0	100.00
land_inverted	65	0.0000	0.0000	218.8318	0.0000	0.0000	-359.7776	1.00000	0.00000	0.00000	0.00000	0.00000	-1.00000	0.00000	0.00000	0.00000	0	100.00
land_inverted	66	0.0000	0.0000	215.7868	0.0000	0.0000	-365.1877	1.00000	0.00000	0.00000	0.00000	0.00000	-1.00000	0.00000	0.00000	0.00000	0	100.00
land_inverted	67	0.0000	0.0000	212.7017	0.0000	0.0000	-370.5977	1.00000	0.00000	0.00000	0.00000	0.00000	-1.00000	0.00000	0.00000	0.00000	0	100.00
land_inverted	68	0.0000	0.0000	209.5666	0.0000	0.0000	-376.0077	1.00000	0.00000	0.00000	0.00000	0.00000	-1.00000	0.00000	0.00000	0.00000	0	100.00
land_inverted	69	0.0000	0.0000	206.3915	0.0000	0.0000	-381.4177	1.00000	0.00000	0.00000	0.00000	0.00000	-1.00000	0.00000	0.00000	0.00000	0	100.00
land_inverted	70	0.0000	0.0000	203.1664	0.0000	0.0000	-386.8277	1.00000	0.00000	0.00000	0.00000	0.00000	-1.00000	0.00000	0.00000	0.00000	0	100.00
land_inverted	71	0.0000	0.0000	199.9013	0.0000	0.0000	-392.2376	1.00000	0.00000	0.00000	0.00000	0.00000	-1.00000	0.00000	0.00000	0.00000	0	100.00
land_inverted	72	0.0000	0.0000	196.5863	0.0000	0.0000	-397.6476	1.00000	0.00000	0.00000	0.00000	0.00000	-1.00000	0.00000	0.00000	0.00000	0	100.00
land_inverted	73	0.0000	0.0000	193.2312	0.0000	0.0000	-403.0577	1.00000	0.00000	0.00000	0.00000	0.00000	-1.00000	0.00000	0.00000	0.00000	0	100.00
land_inverted	74	0.0000	0.0000	189.8261	0.0000	0.0000	-408.4677	1.00000	0.00000	0.00000	0.00000	0.00000	-1.00000	0.00000	0.00000	0.00000	0	100.00
land_inverted	75	0.0000	0.0000	186.3810	0.0000	0.0000	-413.8777	1.00000	0.00000	0.00000	0.00000	0.00000	-1.00000	0.00000	0.00000	0.00000	0	100.00
land_inverted	76	0.0000	0.0000	182.8859	0.0000	0.0000	-419.2877	1.00000	0.00000	0.00000	0.00000	0.00000	-1.00000	0.00000	0.00000	0.00000	0	100.00
land_inverted	77	0.0000	0.0000	179.3509	0.0000	0.0000	-424.6977	1.00000	0.00000	0.00000	0.00000	0.00000	-1.00000	0.00000	0.00000	0.00000	0	100.00
land_inverted	78	0.0000	0.0000	175.7658	0.0000	0.0000	-430.1077	1.00000	0.00000	0.00000	0.00000	0.00000	-1.00000	0.00000	0.00000	0.00000	0	100.00
land_inverted	79	0.0000	0.0000	172.1407	0.0000	0.0000	-435.5176	1.00000	0.00000	0.00000	0.00000	0.00000	-1.00000	0.00000	0.00000	0.00000	0	100.00
land_inverted	80	0.0000	0.0000	168.4656	0.0000	0.0000	-440.9276	1.00000	0.00000	0.00000	0.00000	0.00000	-1.00000	0.00000	0.00000	0.00000	0	100.00
land_inverted	81	0.0000	0.0000	164.7505	0.0000	0.0000	-446.3376	1.00000	0.00000	0.00000	0.00000	0.00000	-1.00000	0.00000	0.00000	0.00000	0	100.00
land_inverted	82	0.0000	0.0000	160.9854	0.0000	0.0000	-451.7477	1.00000	0.00000	0.00000	0.00000	0.00000	-1.00000	0.00000	0.00000	0.00000	0	100.00
land_inverted	83	0.0000	0.0000	157.1804	0.0000	0.0000	-457.1577	1.00000	0.00000	0.00000	0.00000	0.00000	-1.00000	0.00000	0.00000	0.00000	0	100.00
land_inverted	84	0.0000	0.0000	153.3253	0.0000	0.0000	-462.5677	1.00000	0.00000	0.00000	0.00000	0.00000	-1.00000	0.00000	0.00000	0.00000	0	100.00
land_inverted	85	0.0000	0.0000	149.4302	0.0000	0.0000	-467.9777	1.00000	0.00000	0.00000	0.00000	0.00000	-1.00000	0.00000	0.00000	0.00000	0	100.00
land_inverted	86	0.0000	0.0000	145.4851	0.0000	0.0000	-473.3877	1.00000	0.00000	0.00000	0.00000	0.00000	-1.00000	0.00000	0.00000	0.00000	0	100.00
land_inverted	87	0.0000	0.0000	141.5000	0.0000	0.0000	-478.7976	1.00000	0.00000	0.00000	0.00000	0.00000	-1.00000	0.00000	0.00000	0.00000	0	100.00
land_inverted	88	0.0000	0.0000	137.4649	0.0000	0.0000	-484.2076	1.00000	0.00000	0.00000	0.00000	0.00000	-1.00000	0.00000	0.00000	0.00000	0	100.00
land_inverted	89	0.0000	0.0000	133.3799	0.0000	0.0000	-489.6176	1.00000	0.00000	0.00000	0.00000	0.00000	-1.00000	0.00000	0.00000	0.00000	0	100.00
land_inverted	90	0.0000	0.0000	129.2548	0.0000	0.0000	-495.0276	1.00000	0.00000	0.00000	0.00000	0.00000	-1.00000	0.00000	0.00000	0.00000	0	100.00
land_inverted	91	0.0000	0.0000	125.0797	0.0000	0.0000	-500.4377	1.00000	0.00000	0.00000	0.00000	0.00000	-1.00000	0.00000	0.00000	0.00000	0	100.00
land_inverted	92	0.0000	0.0000	120.8646	0.0000	0.0000	-505.8477	1.00000	0.00000	0.00000	0.00000	0.00000	-1.00000	0.00000	0.00000	0.00000	0	100.00
land_inverted	93	0.0000	0.0000	116.5995	0.0000	0.0000	-511.2577	1.00000	0.00000	0.00000	0.00000	0.00000	-1.00000	0.00000	0.00000	0.00000	0	100.00
land_inverted	94	0.0000	0.0000	112.2944	0.0000	0.0000	-516.6677	1.00000	0.00000	0.00000	0.00000	0.00000	-1.00000	0.00000	0.00000	0.00000	0	100.00
land_inverted	95	0.0000	0.0000	107.9394	0.0000	0.0000	-522.0776	1.00000	0.00000	0.00000	0.00000	0.00000	-1.00000	0.00000	0.00000	0.00000	0	100.00
land_inverted	96	0.0000	0.0000	103.5443	0.0000	0.0000	-527.4877	1.00000	0.00000	0.00000	0.00000	0.00000	-1.00000	0.00000	0.00000	0.00000	0	100.00
land_inverted	97	0.0000	0.0000	99.0992	0.0000	0.0000	-532.8976	1.00000	0.00000	0.00000	0.00000	0.00000	-1.00000	0.00000	0.00000	0.00000	0	100.00
land_inverted	98	0.0000	0.0000	94.6141	0.0000	0.0000	-538.3077	1.00000	0.00000	0.00000	0.00000	0.00000	-1.00000	0.00000	0.00000	0.00000	0	100.00
land_inverted	99	0.0000	0.0000	90.0790	0.0000	0.0000	-543.7177	1.00000	0.00000	0.00000	0.00000	0.00000	-1.00000	0.00000	0.00000	0.00000	0	100.00
land_inverted	100	0.0000	0.0000	85.5039	0.0000	0.0000	-549.1276	1.00000	0.00000	0.00000	0.00000	0.00000	-1.00000	0.00000	0.00000	0.00000	0	100.00
land_inverted	101	0.0000	0.0000	80.8788	0.0000	0.0000	-554.5377	1.00000	0.00000	0.00000	0.00000	0.00000	-1.00000	0.00000	0.00000	0.00000	0	100.00
land_inverted	102	0.0000	0.0000	76.2138	0.0000	0.0000	-559.9476	1.00000	0.00000	0.00000	0.00000	0.00000	-1.00000	0.00000	0.00000	0.00000	0	100.00
land_inverted	103	0.0000	0.0000	71.4987	0.0000	0.0000	-565.3577	1.00000	0.00000	0.00000	0.00000	0.00000	-1.00000	0.00000	0.00000	0.00000	0	100.00
land_inverted	104	0.0000	0.0000	66.7436	0.0000	0.0000	-570.7676	1.00000	0.00000	0.00000	0.00000	0.00000	-1.00000	0.00000	0.00000	0.00000	0	100.00
land_inverted	105	0.0000	0.0000	61.9385	0.0000	0.0000	-576.1777	1.00000	0.00000	0.00000	0.00000	0.00000	-1.00000	0.00000	0.00000	0.00000	0	100.00
land_inverted	106	0.0000	0.0000	57.0934	0.0000	0.0000	-581.5876	1.00000	0.00000	0.00000	0.00000	0.00000	-1.00000	0.00000	0.00000	0.00000	0	100.00
land_inverted	107	0.0000	0.0000	52.1983	0.0000	0.0000	-586.9977	1.00000	0.00000	0.00000	0.00000	0.00000	-1.00000	0.00000	0.00000	0.00000	0	100.00
land_inverted	108	0.0000	0.0000	47.2633	0.0000	0.0000	-592.4077	1.00000	0.00000	0.00000	0.00000	0.00000	-1.00000	0.00000	0.00000	0.00000	0	100.00
land_inverted	109	0.0000	0.0000	42.2782	0.0000	0.0000	-597.8176	1.00000	0.00000	0.00000	0.00000	0.00000	-1.00000	0.00000	0.00000	0.00000	0	100.00
land_inverted	110	0.0000	0.0000	37.2531	0.0000	0.0000	-603.2277	1.00000	0.00000	0.00000	0.00000	0.00000	-1.00000	0.00000	0.00000	0.00000	0	100.00
land_inverted	111	0.0000	0.4465	34.0993	0.0000	53.5852	-430.0201	0.99852	-0.01298	-0.05288	-0.05361	-0.06434	-0.99649	-7.46737	6.21410	-1.35462	0	100.00
land_inverted	112	-0.2567	0.5213	33.4036	-30.8074	8.5615	-253.6000	0.99960	-0.02822	-0.00083	-0.00172	-0.03157	-0.99950	2.98319	-5.39487	-1.92990	0	100.00
land_inverted	113	-0.5167	0.5913	32.1008	-30.8010	8.5610	-259.0177	0.99829	-0.04211	0.04055	0.04030	-0.00688	-0.99916	2.43641	-4.48247	-1.61798	0	100.00
land_inverted	114	-0.9592	0.5192	32.2733	-52.6984	-8.4964	-171.9044	0.99803	-0.04903	0.03914	0.04204	0.05948	-0.99734	6.86020	-0.79073	-0.55913	0	100.00
land_inverted	115	-1.3874	0.3827	33.7581	-51.2935	-16.4798	-68.2179	0.99868	-0.05110	0.00519	0.00726	0.04045	-0.99916	-0.98065	3.30168	-0.29636	0	100.00
land_inverted	116	-1.8174	0.2427	34.4870	-51.2910	-16.4710	-73.6277	0.99823	-0.05358	-0.02585	-0.02451	0.02545	-0.99938	-0.93878	3.22174	-0.29253	0	100.00
land_inverted	117	-2.1459	0.1411	35.1088	-39.1028	-11.8628	-35.6035	0.99834	-0.05250	-0.02359	-0.02398	-0.00682	-0.99969	-3.21583	0.50281	0.21084	0	100.00
land_inverted	118	-2.4397	0.1087	35.7714	-34.7602	-3.7572	-10.3738	0.99877	-0.04909	-0.00716	-0.00770	-0.01084	-0.99991	-0.96601	-1.43295	0.41905	0	100.00
land_inverted	119	-2.7297	0.0787	36.1964	-34.7610	-3.7510	-15.7877	0.99893	-0.04563	0.00795	0.00725	-0.01554	-0.99985	-0.92851	-1.39927	0.41207	0	100.00
land_inverted	120	-3.0171	0.0011	37.0776	-34.4494	-9.4655	12.8490	0.99912	-0.04121	0.00737	0.00719	-0.00442	-0.99996	0.78954	-0.28418	0.53796	0	100.00
land_inverted	121	-3.3070	-0.0788	37.6866	-34.4410	-9.4610	7.4243	0.99929	-0.03685	0.00754	0.00774	0.00514	-0.99996	0.75774	-0.27682	0.52922	0	100.00
land_inverted	122	-3.5852	-0.1307	38.2675	-33.0290	-6.0872	14.1954	0.99944	-0.03300	0.00480	0.00495	0.00445	-0.99998	0.22509	0.13101	0.46316	0	100.00
land_inverted	123	-3.8652	-0.1807	38.6846	-33.0210	-6.0810	8.7743	0.99957	-0.02921	0.00250	0.00262	0.00434	-0.99999	0.21612	0.12797	0.45573	0	100.00
land_inverted	124	-4.1452	-0.2307	38.9664	-33.0210	-6.0810	3.3543	0.99968	-0.02547	0.00051	0.00063	0.00461	-0.99999	0.20752	0.12498	0.44843	0	100.00
land_inverted	125	-4.4232	-0.2788	39.1614	-32.7896	-5.8553	-0.9883	0.99976	-0.02180	-0.00150	-0.00139	0.00473	-0.99999	0.15046	0.15395	0.44074	0	100.00
land_inverted	126	-4.6887	-0.3361	39.2588	-32.2384	-6.7338	-2.9436	0.99983	-0.01837	-0.00035	-0.00029	0.00312	-1.00000	-0.10583	-0.05337	0.41168	0	100.00
land_inverted	127	-4.9586	-0.3961	39.2869	-32.2307	-6.7315	-8.3558	0.99989	-0.01499	0.00064	0.00066	0.00171	-1.00000	-0.10175	-0.05225	0.40509	0	100.00
land_inverted	128	-5.2257	-0.4497	39.3288	-31.8867	-5.9675	-10.9759	0.99993	-0.01177	-0.00011	-0.00012	-0.00084	-1.00000	-0.21644	0.03780	0.38704	0	100.00
land_inverted	129	-5.4853	-0.5026	39.3062	-30.6378	-6.3154	-12.0786	0.99996	-0.00895	0.00235	0.00234	-0.00023	-1.00000	0.01985	-0.24310	0.33772	0	100.00
land_inverted	130	-5.7308	-0.5441	39.3494	-28.8926	-5.2971	-10.7794	0.99997	-0.00674	0.00237	0.00240	0.00439	-0.99999	0.46362	-0.06047	0.26611	0	100.00
land_inverted	131	-5.9452	-0.5849	39.4526	-25.8185	-5.3867	-5.9411	0.99999	-0.00395	0.00012	0.00013	0.00229	-1.00000	-0.14730	0.20782	0.33552	0	100.00
land_inverted	132	-6.1651	-0.6248	39.4607	-25.8110	-5.3810	-11.3577	1.00000	-0.00120	-0.00194	-0.00194	0.00050	-1.00000	-0.14140	0.20282	0.33015	0	100.00
land_inverted	133	-6.3774	-0.6700	39.4269	-24.8911	-5.9971	-13.0772	1.00000	0.00148	-0.00123	-0.00122	-0.00313	-0.99999	-0.38245	-0.03466	0.32202	0	100.00
land_inverted	134	-6.5753	-0.7208	39.4020	-23.4358	-6.0951	-13.6247	0.99999	0.00380	0.00215	0.00216	-0.00340	-0.99999	-0.09182	-0.34773	0.27836	0	100.00
land_inverted	135	-6.7593	-0.7542	39.4536	-21.5190	-4.1071	-9.8536	0.99998	0.00529	0.00233	0.00232	0.00194	-1.00000	0.54660	-0.07598	0.17939	0	100.00
land_inverted	136	-6.9253	-0.7956	39.5263	-19.8309	-5.4753	-5.1220	0.99997	0.00737	0.00004	0.00004	0.00011	-1.00000	-0.13683	0.22408	0.25009	0	100.00
land_inverted	137	-7.0953	-0.8456	39.5195	-19.8310	-5.4710	-10.5377	0.99995	0.00942	-0.00206	-0.00205	-0.00143	-1.00000	-0.13139	0.21872	0.24609	0	100.00
land_inverted	138	-7.2511	-0.8982	39.5099	-18.1299	-5.7876	-10.1800	0.99994	0.01100	-0.00033	-0.00034	0.00061	-1.00000	0.19284	-0.15534	0.18842	0	100.00
land_inverted	139	-7.4001	-0.9516	39.4506	-18.0086	-6.1971	-14.1610	0.99992	0.01242	0.00197	0.00196	0.00095	-1.00000	0.08067	-0.23597	0.17109	0	100.00
land_inverted	140	-7.5470	-0.9777	39.4767	-17.6342	-3.3207	-9.9321	0.99991	0.01330	0.00082	0.00086	-0.00244	-1.00000	-0.33045	0.08746	0.10515	0	100.00
land_inverted	141	-7.6855	-0.9983	39.5083	-16.2590	-2.1945	-9.4304	0.99991	0.01366	-0.00166	-0.00165	-0.00115	-1.00000	0.08149	0.25469	0.04288	0	100.00
land_inverted	142	-7.8142	-1.0199	39.4954	-14.9060	-2.3847	-10.3181	0.99991	0.01368	-0.00089	-0.00092	0.00204	-1.00000	0.33263	-0.04028	0.00180	0	100.00
land_inverted	143	-7.9267	-1.0458	39.4713	-14.0078	-3.0946	-11.9169	0.99991	0.01362	0.00185	0.00182	0.00216	-1.00000	0.06364	-0.28150	-0.00672	0	100.00
land_inverted	144	-8.0247	-1.0735	39.5131	-11.3651	-2.8221	-8.4959	0.99990	0.01404	0.00186	0.00189	-0.00216	-1.00000	-0.43916	-0.05444	0.04933	0	100.00
land_inverted	145	-8.1057	-1.0761	39.5673	-10.2888	-0.7286	-6.0706	0.99990	0.01379	-0.00011	-0.00011	-0.00038	-1.00000	0.13886	0.19387	-0.02935	0	100.00
land_inverted	146	-8.1885	-1.0871	39.5480	-9.4192	-0.8506	-8.5826	0.99991	0.01333	0.00016	0.00013	0.00238	-1.00000	0.29628	0.00394	-0.05491	0	100.00
land_inverted	147	-8.2581	-1.1084	39.5749	-8.1718	-2.2049	-7.8796	0.99991	0.01341	-0.00162	-0.00163	0.00065	-1.00000	-0.14453	0.17414	0.00947	0	100.00
land_inverted	148	-8.3211	-1.1250	39.5477	-7.3358	-1.7961	-10.1937	0.99990	0.01379	-0.00106	-0.00103	-0.00216	-1.00000	-0.29396	-0.02944	0.04517	0	100.00
land_inverted	149	-8.3826	-1.1367	39.5234	-7.5106	-2.0087	-11.2457	0.99990	0.01412	0.00150	0.00153	-0.00209	-1.00000	-0.03867	-0.26237	0.04004	0	100.00
land_inverted	150	-8.4382	-1.1780	39.5570	-6.9828	-4.5595	-7.9494	0.99989	0.01489	0.00087	0.00085	0.00120	-1.00000	0.32398	0.03673	0.09273	0	100.00
land_inverted	151	-8.4940	-1.2215	39.5857	-6.4850	-4.9742	-7.2448	0.99987	0.01583	-0.00134	-0.00134	0.00013	-1.00000	-0.06819	0.22790	0.11354	0	100.00
land_inverted	152	-8.5425	-1.2615	39.5760	-6.2970	-4.9838	-8.3936	0.99986	0.01680	-0.00087	-0.00082	-0.00277	-1.00000	-0.30915	-0.02405	0.11562	0	100.00
land_inverted	153	-8.5896	-1.2992	39.5630	-5.9539	-4.7032	-9.8661	0.99984	0.01777	0.00156	0.00161	-0.00281	-0.99999	-0.05090	-0.24881	0.11675	0	100.00
land_inverted	154	-8.6402	-1.3459	39.5966	-6.0213	-5.5081	-7.8974	0.99982	0.01891	0.00107	0.00106	0.00052	-1.00000	0.32913	0.02288	0.13737	0	100.00
land_inverted	155	-8.6943	-1.3914	39.6198	-6.5124	-4.9699	-6.8037	0.99980	0.01983	-0.00134	-0.00134	-0.00022	-1.00000	-0.03570	0.25617	0.10997	0	100.00
land_inverted	156	-8.7321	-1.4322	39.6120	-5.0485	-5.0687	-7.3293	0.99979	0.02039	-0.00050	-0.00055	0.00215	-1.00000	0.24735	-0.06022	0.06800	0	100.00
land_inverted	157	-8.7721	-1.4773	39.5832	-5.0482	-5.6736	-10.0071	0.99978	0.02074	0.00161	0.00156	0.00225	-1.00000	0.05012	-0.21402	0.04167	0	100.00
land_inverted	158	-8.8237	-1.5146	39.6044	-6.4483	-4.1468	-8.5024	0.99979	0.02049	0.00068	0.00069	-0.00059	-1.00000	-0.27357	0.06619	-0.03076	0	100.00
land_inverted	159	-8.8674	-1.5339	39.5995	-5.6929	-2.8635	-8.9828	0.99980	0.01982	-0.00140	-0.00141	0.00056	-1.00000	0.08711	0.22018	-0.08031	0	100.00
land_inverted	160	-8.9048	-1.5500	39.5816	-4.1735	-2.3941	-9.1053	0.99981	0.01961	-0.00002	0.00000	-0.00137	-1.00000	-0.19233	-0.13092	-0.02515	0	100.00
land_inverted	161	-8.9355	-1.5659	39.5250	-4.2565	-1.9078	-12.8819	0.99981	0.01958	0.00204	0.00207	-0.00158	-1.00000	-0.06241	-0.21407	-0.00333	0	100.00
land_inverted	162	-8.9595	-1.6013	39.5454	-2.3362	-3.7575	-9.4076	0.99981	0.01958	0.00131	0.00127	0.00191	-1.00000	0.34699	0.05114	0.00059	0	100.00
land_inverted	163	-8.9790	-1.6321	39.5772	-2.2858	-3.8518	-8.1963	0.99981	0.01961	-0.00129	-0.00131	0.00085	-1.00000	-0.05914	0.27097	0.00397	0	100.00
land_inverted	164	-8.9879	-1.6570	39.5673	-0.9495	-3.2403	-8.7249	0.99980	0.02011	-0.00057	-0.00053	-0.00200	-1.00000	-0.30169	-0.05235	0.05934	0	100.00
land_inverted	165	-8.9976	-1.6851	39.5436	-0.9081	-3.0090	-10.4283	0.99978	0.02066	0.00187	0.00192	-0.00213	-1.00000	-0.05888	-0.25385	0.06689	0	100.00
land_inverted	166	-8.9944	-1.7324	39.5838	0.6663	-5.0907	-7.1304	0.99977	0.02136	0.00143	0.00141	0.00118	-1.00000	0.32695	0.01664	0.08372	0	100.00
land_inverted	167	-8.9716	-1.7591	39.6238	2.2049	-3.4974	-5.1516	0.99976	0.02202	-0.00069	-0.00070	0.00039	-1.00000	-0.03425	0.21816	0.07998	0	100.00
land_inverted	168	-8.9625	-1.7852	39.6194	0.8946	-3.0265	-5.9459	0.99974	0.02259	-0.00038	-0.00034	-0.00213	-1.00000	-0.26895	-0.01034	0.06810	0	100.00
land_inverted	169	-8.9529	-1.8169	39.6104	0.8496	-3.2261	-7.6848	0.99973	0.02309	0.00164	0.00170	-0.00225	-1.00000	-0.05255	-0.20831	0.05992	0	100.00
land_inverted	170	-8.9317	-1.8607	39.6519	2.1961	-4.8876	-5.9378	0.99972	0.02368	0.00127	0.00126	0.00050	-1.00000	0.26690	0.01308	0.07095	0	100.00
land_inverted	171	-8.8978	-1.8942	39.6765	3.8587	-4.1008	-5.2104	0.99970	0.02443	-0.00038	-0.00037	-0.00044	-1.00000	-0.06271	0.16766	0.09071	0	100.00
land_inverted	172	-8.8741	-1.9242	39.6678	3.1128	-4.1013	-6.3013	0.99968	0.02533	0.00029	0.00025	0.00144	-1.00000	0.19613	-0.04858	0.10737	0	100.00
land_inverted	173	-8.8550	-1.9527	39.6811	1.8020	-3.9222	-6.6166	0.99966	0.02591	-0.00131	-0.00132	0.00021	-1.00000	-0.10047	0.16194	0.06957	0	100.00
land_inverted	174	-8.8314	-1.9771	39.6537	2.2302	-3.2562	-8.7701	0.99964	0.02678	-0.00077	-0.00072	-0.00209	-1.00000	-0.24487	-0.04038	0.10550	0	100.00
land_inverted	175	-8.8127	-2.0148	39.6182	2.0720	-4.1790	-10.3040	0.99962	0.02738	0.00156	0.00162	-0.00223	-1.00000	-0.05478	-0.24497	0.07087	0	100.00
land_inverted	176	-8.7784	-2.0604	39.6489	3.7891	-6.0521	-7.2254	0.99961	0.02803	0.00119	0.00116	0.00101	-1.00000	0.32742	0.01617	0.07932	0	100.00
land_inverted	177	-8.7320	-2.1029	39.6779	5.7568	-5.1437	-5.3903	0.99958	0.02890	-0.00072	-0.00072	0.00004	-1.00000	-0.06409	0.19670	0.10355	0	100.00
land_inverted	178	-8.6921	-2.1431	39.6648	4.5432	-5.1719	-6.7802	0.99956	0.02951	-0.00054	-0.00046	-0.00260	-1.00000	-0.28884	-0.00225	0.07361	0	100.00
land_inverted	179	-8.6527	-2.1788	39.6441	4.4785	-4.6558	-8.3288	0.99954	0.03029	0.00149	0.00156	-0.00245	-1.00000	-0.02008	-0.20835	0.09450	0	100.00
land_inverted	180	-8.6034	-2.2292	39.6687	5.5864	-5.9042	-6.9904	0.99951	0.03113	0.00119	0.00118	0.00051	-1.00000	0.29491	0.00818	0.10022	0	100.00
land_inverted	181	-8.5549	-2.2793	39.6824	5.4079	-5.9193	-6.4631	0.99949	0.03191	-0.00079	-0.00078	-0.00045	-1.00000	-0.06776	0.20884	0.09462	0	100.00
land_inverted	182	-8.5182	-2.3326	39.6699	3.8190	-6.3083	-6.4407	0.99946	0.03289	-0.00015	-0.00021	0.00180	-1.00000	0.23863	-0.04093	0.11663	0	100.00
land_inverted	183	-8.4930	-2.3879	39.6410	3.2419	-6.9518	-8.9759	0.99944	0.03351	0.00169	0.00163	0.00182	-1.00000	0.03362	-0.18916	0.07526	0	100.00
land_inverted	184	-8.4754	-2.4400	39.6527	1.7525	-5.9958	-8.4923	0.99943	0.03363	0.00088	0.00091	-0.00086	-1.00000	-0.26251	0.05430	0.01420	0	100.00
land_inverted	185	-8.4647	-2.4783	39.6430	1.8313	-4.5916	-9.2352	0.99944	0.03343	-0.00120	-0.00121	0.00027	-1.00000	0.08727	0.22326	-0.02415	0	100.00
land_inverted	186	-8.4431	-2.5176	39.6154	2.0274	-4.5155	-8.9908	0.99945	0.03330	-0.00004	0.00002	-0.00192	-1.00000	-0.22893	-0.11330	-0.01608	0	100.00
land_inverted	187	-8.4259	-2.5520	39.5714	1.6903	-3.8439	-11.9256	0.99944	0.03346	0.00218	0.00224	-0.00192	-1.00000	-0.03587	-0.23323	0.01891	0	100.00
land_inverted	188	-8.3978	-2.5930	39.5955	3.8618	-5.1578	-8.8744	0.99944	0.03348	0.00180	0.00174	0.00174	-1.00000	0.37182	0.01580	0.00392	0	100.00
land_inverted	189	-8.3602	-2.6128	39.6426	4.7774	-2.7359	-5.6771	0.99945	0.03321	-0.00078	-0.00081	0.00104	-1.00000	-0.02134	0.27169	-0.03306	0	100.00
land_inverted	190	-8.3117	-2.6257	39.6391	5.7904	-1.8791	-6.1778	0.99944	0.03342	-0.00017	-0.00013	-0.00133	-1.00000	-0.25037	-0.04722	0.02524	0	100.00
land_inverted	191	-8.2659	-2.6394	39.6154	5.2918	-1.1256	-8.5975	0.99942	0.03397	0.00167	0.00171	-0.00123	-1.00000	-0.02180	-0.19082	0.06684	0	100.00
land_inverted	192	-8.2157	-2.6545	39.6396	6.5169	-1.7436	-7.6300	0.99941	0.03442	0.00138	0.00132	0.00178	-1.00000	0.30555	0.01021	0.05438	0	100.00
land_inverted	193	-8.1520	-2.6522	39.6738	8.1579	-0.2620	-5.6593	0.99939	0.03490	-0.00061	-0.00063	0.00078	-1.00000	-0.06339	0.20283	0.05745	0	100.00
land_inverted	194	-8.0897	-2.6569	39.6553	7.2402	-0.8282	-7.1441	0.99939	0.03501	-0.00044	-0.00037	-0.00205	-1.00000	-0.30964	-0.00102	0.01300	0	100.00
land_inverted	195	-8.0347	-2.6579	39.6398	6.6355	0.2495	-8.4581	0.99937	0.03560	0.00152	0.00158	-0.00171	-1.00000	0.00516	-0.20132	0.07031	0	100.00
land_inverted	196	-7.9795	-2.6568	39.6511	6.0648	0.3800	-8.5284	0.99934	0.03625	0.00119	0.00114	0.00138	-1.00000	0.31461	0.01708	0.07859	0	100.00
land_inverted	197	-7.9160	-2.6432	39.6733	7.6803	2.0211	-6.2313	0.99932	0.03688	-0.00093	-0.00095	0.00039	-1.00000	-0.06559	0.22054	0.07658	0	100.00
land_inverted	198	-7.8563	-2.6238	39.6529	7.6494	1.9429	-7.5352	0.99930	0.03748	-0.00059	-0.00051	-0.00234	-1.00000	-0.29649	-0.02114	0.07154	0	100.00
land_inverted	199	-7.8039	-2.5975	39.6293	6.7329	2.7045	-8.9349	0.99926	0.03851	0.00143	0.00151	-0.00204	-1.00000	-0.00307	-0.20675	0.12335	0	100.00
land_inverted	200	-7.7354	-2.5803	39.6482	7.7493	2.3665	-8.0587	0.99922	0.03940	0.00124	0.00119	0.00121	-1.00000	0.33272	-0.00050	0.10730	0	100.00
land_inverted	201	-7.6731	-2.5583	39.6706	8.0306	2.6033	-6.4668	0.99919	0.04028	-0.00086	-0.00086	0.00009	-1.00000	-0.08170	0.21796	0.10659	0	100.00
land_inverted	202	-7.6055	-2.5431	39.6477	7.7394	2.0223	-7.9257	0.99916	0.04090	-0.00066	-0.00054	-0.00289	-1.00000	-0.32882	-0.00778	0.07468	0	100.00
land_inverted	203	-7.5500	-2.5180	39.6327	7.1942	2.6417	-8.8966	0.99912	0.04183	0.00154	0.00165	-0.00268	-0.99999	-0.01575	-0.22691	0.11154	0	100.00
land_inverted	204	-7.4878	-2.4986	39.6541	7.4633	2.5650	-7.9787	0.99909	0.04271	0.00130	0.00127	0.00063	-1.00000	0.33637	0.00522	0.10579	0	100.00
land_inverted	205	-7.4241	-2.4753	39.6683	7.9035	2.9637	-6.3064	0.99905	0.04358	-0.00081	-0.00079	-0.00042	-1.00000	-0.07553	0.22029	0.10499	0	100.00
land_inverted	206	-7.3465	-2.4657	39.6599	8.8200	1.7135	-6.5528	0.99904	0.04384	0.00023	0.00018	0.00127	-1.00000	0.17061	-0.08787	0.03085	0	100.00
land_inverted	207	-7.2875	-2.4614	39.6678	7.4954	1.0371	-7.0106	0.99903	0.04396	-0.00100	-0.00098	-0.00049	-1.00000	-0.16459	0.11309	0.01398	0	100.00
land_inverted	208	-7.2277	-2.4511	39.6505	7.4716	1.0657	-7.8942	0.99903	0.04409	0.00038	0.00034	0.00076	-1.00000	0.11677	-0.12921	0.01549	0	100.00
land_inverted	209	-7.1780	-2.4450	39.6484	6.2386	0.6059	-8.0283	0.99903	0.04405	-0.00060	-0.00054	-0.00149	-1.00000	-0.22390	0.08046	-0.00421	0	100.00
land_inverted	210	-7.1291	-2.4324	39.6272	6.1078	0.9150	-8.7282	0.99902	0.04414	0.00110	0.00112	-0.00048	-1.00000	0.08528	-0.16698	0.01133	0	100.00
land_inverted	211	-7.0893	-2.4254	39.6196	4.8871	0.5460	-9.9125	0.99901	0.04454	0.00070	0.00059	0.00244	-1.00000	0.30136	0.03070	0.04814	0	100.00
land_inverted	212	-7.0395	-2.4085	39.6415	6.0636	2.5823	-7.4641	0.99900	0.04477	-0.00169	-0.00175	0.00137	-1.00000	-0.06814	0.24905	0.02718	0	100.00
land_inverted	213	-7.0003	-2.3805	39.6370	4.7660	3.5455	-7.4953	0.99898	0.04509	-0.00123	-0.00116	-0.00154	-1.00000	-0.30974	-0.02950	0.03864	0	100.00
land_inverted	214	-6.9636	-2.3460	39.6214	4.3631	4.0858	-8.9476	0.99896	0.04567	0.00095	0.00102	-0.00144	-1.00000	-0.02928	-0.22562	0.06942	0	100.00
land_inverted	215	-6.9256	-2.3159	39.6319	4.1313	4.0884	-8.0781	0.99893	0.04627	0.00062	0.00054	0.00171	-1.00000	0.32515	0.02139	0.07338	0	100.00
land_inverted	216	-6.8908	-2.2762	39.6543	4.7076	5.2570	-6.2772	0.99890	0.04676	-0.00163	-0.00167	0.00081	-1.00000	-0.05314	0.23567	0.05804	0	100.00
land_inverted	217	-6.8534	-2.2276	39.6482	4.3874	6.2904	-6.8575	0.99887	0.04753	-0.00109	-0.00101	-0.00167	-1.00000	-0.26152	-0.04058	0.09355	0	100.00
land_inverted	218	-6.8185	-2.1860	39.6347	3.7860	5.2829	-8.3656	0.99884	0.04810	0.00109	0.00119	-0.00192	-1.00000	-0.06895	-0.22854	0.06763	0	100.00
land_inverted	219	-6.7863	-2.1461	39.6533	4.0407	5.2659	-7.0483	0.99882	0.04860	0.00075	0.00070	0.00112	-1.00000	0.30977	0.02145	0.06127	0	100.00
land_moving_fast	0	-0.0000	-1488.3287	299.9479	-0.0000	1400.5565	-6.2500	-0.00000	1.00000	0.00000	0.00000	0.00000	1.00000	0.00000	0.00000	0.00000	0	100.00
land_moving_fast	1	-0.0000	-1476.6539	299.8528	-0.0000	1401.1063	-11.6677	-0.00000	1.00000	0.00000	0.00000	0.00000	1.00000	0.00000	0.00000	0.00000	0	100.00
land_moving_fast	2	-0.0000	-1464.9695	299.7077	-0.0000	1401.6565	-17.0777	-0.00000	1.00000	0.00000	0.00000	0.00000	1.00000	0.00000	0.00000	0.00000	0	100.00
land_moving_fast	3	-0.0000	-1453.2848	299.5226	-0.0000	1402.2065	-22.4877	-0.00000	1.00000	0.00000	0.00000	0.00000	1.00000	0.00000	0.00000	0.00000	0	100.00
land_moving_fast	4	-0.0000	-1441.5903	299.2875	-0.0000	1402.7563	-27.8977	-0.00000	1.00000	0.00000	0.00000	0.00000	1.00000	0.00000	0.00000	0.00000	0	100.00
land_moving_fast	5	-0.0000	-1429.8956	299.0125	-0.0000	1403.3065	-33.3077	-0.00000	1.00000	0.00000	0.00000	0.00000	1.00000	0.00000	0.00000	0.00000	0	100.00
land_moving_fast	6	-0.0000	-1418.2012	298.6874	-0.0000	1403.8563	-38.7177	-0.00000	1.00000	0.00000	0.00000	0.00000	1.00000	0.00000	0.00000	0.00000	0	100.00
land_moving_fast	7	-0.0000	-1406.4966	298.3222	-0.0000	1404.4065	-44.1277	-0.00000	1.00000	0.00000	0.00000	0.00000	1.00000	0.00000	0.00000	0.00000	0	100.00
land_moving_fast	8	-0.0000	-1394.7920	297.9072	-0.0000	1404.9565	-49.5377	-0.00000	1.00000	0.00000	0.00000	0.00000	1.00000	0.00000	0.00000	0.00000	0	100.00
land_moving_fast	9	-0.0000	-1383.0774	297.4521	-0.0000	1405.5065	-54.9477	-0.00000	1.00000	0.00000	0.00000	0.00000	1.00000	0.00000	0.00000	0.00000	0	100.00
land_moving_fast	10	-0.0000	-1371.3628	296.9470	-0.0000	1406.0565	-60.3577	-0.00000	1.00000	0.00000	0.00000	0.00000	1.00000	0.00000	0.00000	0.00000	0	100.00
land_moving_fast	11	-0.0000	-1359.6382	296.4019	-0.0000	1406.6064	-65.7677	-0.00000	1.00000	0.00000	0.00000	0.00000	1.00000	0.00000	0.00000	0.00000	0	100.00
land_moving_fast	12	-0.0000	-1347.9137	295.8069	-0.0000	1407.1565	-71.1777	-0.00000	1.00000	0.00000	0.00000	0.00000	1.00000	0.00000	0.00000	0.00000	0	100.00
land_moving_fast	13	-0.0000	-1336.1792	295.1718	-0.0000	1407.7064	-76.5877	-0.00000	1.00000	0.00000	0.00000	0.00000	1.00000	0.00000	0.00000	0.00000	0	100.00
land_moving_fast	14	-0.0000	-1324.4446	294.4867	-0.0000	1408.2565	-81.9977	-0.00000	1.00000	0.00000	0.00000	0.00000	1.00000	0.00000	0.00000	0.00000	0	100.00
land_moving_fast	15	-0.0000	-1312.7000	293.7616	-0.0000	1408.8064	-87.4077	-0.00000	1.00000	0.00000	0.00000	0.00000	1.00000	0.00000	0.00000	0.00000	0	100.00
land_moving_fast	16	-0.0000	-1300.9553	292.9865	-0.0000	1409.3564	-92.8177	-0.00000	1.00000	0.00000	0.00000	0.00000	1.00000	0.00000	0.00000	0.00000	0	100.00
land_moving_fast	17	-0.0000	-1289.2107	292.1714	-0.0000	1409.9065	-98.2277	-0.00000	1.00000	0.00000	0.00000	0.00000	1.00000	0.00000	0.00000	0.00000	0	100.00
land_moving_fast	18	-0.0000	-1277.4561	291.3064	-0.0000	1410.4564	-103.6377	-0.00000	1.00000	0.00000	0.00000	0.00000	1.00000	0.00000	0.00000	0.00000	0	100.00
land_moving_fast	19	-0.0000	-1265.7015	290.4013	-0.0000	1411.0065	-109.0477	-0.00000	1.00000	0.00000	0.00000	0.00000	1.00000	0.00000	0.00000	0.00000	0	100.00
land_moving_fast	20	-0.0000	-1253.9370	289.4462	-0.0000	1411.5564	-114.4577	-0.00000	1.00000	0.00000	0.00000	0.00000	1.00000	0.00000	0.00000	0.00000	0	100.00
land_moving_fast	21	-0.0000	-1242.1724	288.4511	-0.0000	1412.1064	-119.8677	-0.00000	1.00000	0.00000	0.00000	0.00000	1.00000	0.00000	0.00000	0.00000	0	100.00
land_moving_fast	22	-0.0000	-1230.3979	287.4060	-0.0000	1412.6564	-125.2777	-0.00000	1.00000	0.00000	0.00000	0.00000	1.00000	0.00000	0.00000	0.00000	0	100.00
land_moving_fast	23	-0.0000	-1218.6233	286.3209	-0.0000	1413.2065	-130.6877	-0.00000	1.00000	0.00000	0.00000	0.00000	1.00000	0.00000	0.00000	0.00000	0	100.00
land_moving_fast	24	-0.0000	-1206.8387	285.1859	-0.0000	1413.7563	-136.0977	-0.00000	1.00000	0.00000	0.00000	0.00000	1.00000	0.00000	0.00000	0.00000	0	100.00
land_moving_fast	25	-0.0000	-1195.0541	284.0107	-0.0000	1414.3064	-141.5077	-0.00000	1.00000	0.00000	0.00000	0.00000	1.00000	0.00000	0.00000	0.00000	0	100.00
land_moving_fast	26	-0.0000	-1183.2595	282.7857	-0.0000	1414.8564	-146.9177	-0.00000	1.00000	0.00000	0.00000	0.00000	1.00000	0.00000	0.00000	0.00000	0	100.00
land_moving_fast	27	-0.0000	-1171.4650	281.5206	-0.0000	1415.4064	-152.3277	-0.00000	1.00000	0.00000	0.00000	0.00000	1.00000	0.00000	0.00000	0.00000	0	100.00
land_moving_fast	28	-0.0000	-1159.6604	280.2055	-0.0000	1415.9565	-157.7377	-0.00000	1.00000	0.00000	0.00000	0.00000	1.00000	0.00000	0.00000	0.00000	0	100.00
land_moving_fast	29	-0.0000	-1147.8558	278.8504	-0.0000	1416.5063	-163.1477	-0.00000	1.00000	0.00000	0.00000	0.00000	1.00000	0.00000	0.00000	0.00000	0	100.00
land_moving_fast	30	-0.0000	-1136.0511	277.4454	-0.0000	1417.0565	-168.5577	-0.00000	1.00000	0.00000	0.00000	0.00000	1.00000	0.00000	0.00000	0.00000	0	100.00
land_moving_fast	31	-0.0000	-1124.2367	276.0003	-0.0000	1417.6063	-173.9677	-0.00000	1.00000	0.00000	0.00000	0.00000	1.00000	0.00000	0.00000	0.00000	0	100.00
land_moving_fast	32	-0.0000	-1112.4220	274.5052	-0.0000	1418.1565	-179.3777	-0.00000	1.00000	0.00000	0.00000	0.00000	1.00000	0.00000	0.00000	0.00000	0	100.00
land_moving_fast	33	-0.0000	-1100.5975	272.9701	-0.0000	1418.7065	-184.7877	-0.00000	1.00000	0.00000	0.00000	0.00000	1.00000	0.00000	0.00000	0.00000	0	100.00
land_moving_fast	34	-0.0000	-1088.7728	271.3850	-0.0000	1419.2563	-190.1977	-0.00000	1.00000	0.00000	0.00000	0.00000	1.00000	0.00000	0.00000	0.00000	0	100.00
land_moving_fast	35	-0.0000	-1076.9382	269.7499	-0.0000	1419.8065	-195.6077	-0.00000	1.00000	0.00000	0.00000	0.00000	1.00000	0.00000	0.00000	0.00000	0	100.00
land_moving_fast	36	-0.0000	-1065.1036	268.0749	-0.0000	1420.3563	-201.0177	-0.00000	1.00000	0.00000	0.00000	0.00000	1.00000	0.00000	0.00000	0.00000	0	100.00
land_moving_fast	37	-0.0000	-1053.2590	266.3498	-0.0000	1420.9065	-206.4276	-0.00000	1.00000	0.00000	0.00000	0.00000	1.00000	0.00000	0.00000	0.00000	0	100.00
land_moving_fast	38	-0.0000	-1041.4144	264.5847	-0.0000	1421.4565	-211.8376	-0.00000	1.00000	0.00000	0.00000	0.00000	1.00000	0.00000	0.00000	0.00000	0	100.00
land_moving_fast	39	-0.0000	-1029.5599	262.7696	-0.0000	1422.0065	-217.2477	-0.00000	1.00000	0.00000	0.00000	0.00000	1.00000	0.00000	0.00000	0.00000	0	100.00
land_moving_fast	40	-0.0000	-1017.7053	260.9145	-0.0000	1422.5565	-222.6577	-0.00000	1.00000	0.00000	0.00000	0.00000	1.00000	0.00000	0.00000	0.00000	0	100.00
land_moving_fast	41	-0.0000	-1005.8508	259.0094	-0.0000	1423.1064	-228.0677	-0.00000	1.00000	0.00000	0.00000	0.00000	1.00000	0.00000	0.00000	0.00000	0	100.00
land_moving_fast	42	-0.0000	-993.9861	257.0644	-0.0000	1423.6565	-233.4777	-0.00000	1.00000	0.00000	0.00000	0.00000	1.00000	0.00000	0.00000	0.00000	0	100.00
land_moving_fast	43	-0.0000	-982.1216	255.0693	-0.0000	1424.2064	-238.8877	-0.00000	1.00000	0.00000	0.00000	0.00000	1.00000	0.00000	0.00000	0.00000	0	100.00
land_moving_fast	44	-0.0000	-970.2470	253.0342	-0.0000	1424.7565	-244.2977	-0.00000	1.00000	0.00000	0.00000	0.00000	1.00000	0.00000	0.00000	0.00000	0	100.00
land_moving_fast	45	-0.0000	-958.3724	250.9491	-0.0000	1425.3064	-249.7077	-0.00000	1.00000	0.00000	0.00000	0.00000	1.00000	0.00000	0.00000	0.00000	0	100.00
land_moving_fast	46	-0.0000	-946.4879	248.8240	-0.0000	1425.8564	-255.1177	-0.00000	1.00000	0.00000	0.00000	0.00000	1.00000	0.00000	0.00000	0.00000	0	100.00
land_moving_fast	47	-0.0000	-934.6033	246.6489	-0.0000	1426.4065	-260.5276	-0.00000	1.00000	0.00000	0.00000	0.00000	1.00000	0.00000	0.00000	0.00000	0	100.00
land_moving_fast	48	-0.0000	-922.7087	244.4338	-0.0000	1426.9564	-265.9377	-0.00000	1.00000	0.00000	0.00000	0.00000	1.00000	0.00000	0.00000	0.00000	0	100.00
land_moving_fast	49	-0.0000	-910.8142	242.1688	-0.0000	1427.5065	-271.3477	-0.00000	1.00000	0.00000	0.00000	0.00000	1.00000	0.00000	0.00000	0.00000	0	100.00
land_moving_fast	50	-0.0000	-898.9095	239.8637	-0.0000	1428.0564	-276.7577	-0.00000	1.00000	0.00000	0.00000	0.00000	1.00000	0.00000	0.00000	0.00000	0	100.00
land_moving_fast	51	-0.0000	-887.0049	237.5086	-0.0000	1428.6064	-282.1677	-0.00000	1.00000	0.00000	0.00000	0.00000	1.00000	0.00000	0.00000	0.00000	0	100.00
land_moving_fast	52	-0.0000	-875.0903	235.1135	-0.0000	1429.1564	-287.5777	-0.00000	1.00000	0.00000	0.00000	0.00000	1.00000	0.00000	0.00000	0.00000	0	100.00
land_moving_fast	53	-0.0000	-863.1758	232.6684	-0.0000	1429.7064	-292.9877	-0.00000	1.00000	0.00000	0.00000	0.00000	1.00000	0.00000	0.00000	0.00000	0	100.00
land_moving_fast	54	-0.0000	-851.2611	230.1833	-0.0000	1430.2563	-298.3976	-0.00000	1.00000	0.00000	0.00000	0.00000	1.00000	0.00000	0.00000	0.00000	0	100.00
land_moving_fast	55	-0.0000	-839.3366	227.6483	-0.0000	1430.8064	-303.8076	-0.00000	1.00000	0.00000	0.00000	0.00000	1.00000	0.00000	0.00000	0.00000	0	100.00
land_moving_fast	56	-0.0000	-827.4120	225.0732	-0.0000	1431.3564	-309.2177	-0.00000	1.00000	0.00000	0.00000	0.00000	1.00000	0.00000	0.00000	0.00000	0	100.00
land_moving_fast	57	-0.0000	-815.4774	222.4481	-0.0000	1431.9064	-314.6277	-0.00000	1.00000	0.00000	0.00000	0.00000	1.00000	0.00000	0.00000	0.00000	0	100.00
land_moving_fast	58	-0.0000	-803.5428	219.7830	-0.0000	1432.4565	-320.0377	-0.00000	1.00000	0.00000	0.00000	0.00000	1.00000	0.00000	0.00000	0.00000	0	100.00
land_moving_fast	59	-0.0000	-791.5982	217.0679	-0.0000	1433.0063	-325.4477	-0.00000	1.00000	0.00000	0.00000	0.00000	1.00000	0.00000	0.00000	0.00000	0	100.00
land_moving_fast	60	-0.0000	-779.6536	214.3129	-0.0000	1433.5565	-330.8577	-0.00000	1.00000	0.00000	0.00000	0.00000	1.00000	0.00000	0.00000	0.00000	0	100.00
land_moving_fast	61	-0.0000	-767.6992	211.5078	-0.0000	1434.1063	-336.2677	-0.00000	1.00000	0.00000	0.00000	0.00000	1.00000	0.00000	0.00000	0.00000	0	100.00
land_moving_fast	62	-0.0000	-755.7446	208.6627	-0.0000	1434.6564	-341.6776	-0.00000	1.00000	0.00000	0.00000	0.00000	1.00000	0.00000	0.00000	0.00000	0	100.00
land_moving_fast	63	-0.0000	-743.7799	205.7676	-0.0000	1435.2065	-347.0876	-0.00000	1.00000	0.00000	0.00000	0.00000	1.00000	0.00000	0.00000	0.00000	0	100.00
land_moving_fast	64	-0.0000	-731.8153	202.8325	-0.0000	1435.7563	-352.4977	-0.00000	1.00000	0.00000	0.00000	0.00000	1.00000	0.00000	0.00000	0.00000	0	100.00
land_moving_fast	65	-0.0000	-719.8508	199.8474	-0.0000	1436.3065	-357.9077	-0.00000	1.00000	0.00000	0.00000	0.00000	1.00000	0.00000	0.00000	0.00000	0	100.00
land_moving_fast	66	-0.0000	-707.8762	196.8224	-0.0000	1436.8563	-363.3177	-0.00000	1.00000	0.00000	0.00000	0.00000	1.00000	0.00000	0.00000	0.00000	0	100.00
land_moving_fast	67	-0.0000	-695.9016	193.7473	-0.0000	1437.4065	-368.7277	-0.00000	1.00000	0.00000	0.00000	0.00000	1.00000	0.00000	0.00000	0.00000	0	100.00
land_moving_fast	68	-0.0000	-683.9171	190.6322	-0.0000	1437.9565	-374.1377	-0.00000	1.00000	0.00000	0.00000	0.00000	1.00000	0.00000	0.00000	0.00000	0	100.00
land_moving_fast	69	-0.0000	-671.9324	187.4671	-0.0000	1438.5065	-379.5477	-0.00000	1.00000	0.00000	0.00000	0.00000	1.00000	0.00000	0.00000	0.00000	0	100.00
land_moving_fast	70	-0.0000	-659.9379	184.2620	-0.0000	1439.0565	-384.9576	-0.00000	1.00000	0.00000	0.00000	0.00000	1.00000	0.00000	0.00000	0.00000	0	100.00
land_moving_fast	71	-0.0000	-647.9433	181.0069	-0.0000	1439.6063	-390.3676	-0.00000	1.00000	0.00000	0.00000	0.00000	1.00000	0.00000	0.00000	0.00000	0	100.00
land_moving_fast	72	-0.0000	-635.9387	177.7118	-0.0000	1440.1565	-395.7776	-0.00000	1.00000	0.00000	0.00000	0.00000	1.00000	0.00000	0.00000	0.00000	0	100.00
land_moving_fast	73	-0.0000	-623.9341	174.3668	-0.0000	1440.7064	-401.1877	-0.00000	1.00000	0.00000	0.00000	0.00000	1.00000	0.00000	0.00000	0.00000	0	100.00
land_moving_fast	74	-0.0000	-611.9195	170.9817	-0.0000	1441.2565	-406.5977	-0.00000	1.00000	0.00000	0.00000	0.00000	1.00000	0.00000	0.00000	0.00000	0	100.00
land_moving_fast	75	-0.0000	-599.9049	167.5466	-0.0000	1441.8065	-412.0077	-0.00000	1.00000	0.00000	0.00000	0.00000	1.00000	0.00000	0.00000	0.00000	0	100.00
land_moving_fast	76	-0.0000	-587.8804	164.0715	-0.0000	1442.3564	-417.4177	-0.00000	1.00000	0.00000	0.00000	0.00000	1.00000	0.00000	0.00000	0.00000	0	100.00
land_moving_fast	77	-0.0000	-575.8558	160.5464	-0.0000	1442.9065	-422.8277	-0.00000	1.00000	0.00000	0.00000	0.00000	1.00000	0.00000	0.00000	0.00000	0	100.00
land_moving_fast	78	-0.0000	-563.8312	156.9814	-0.0000	1443.4564	-428.2377	-0.00000	1.00000	0.00000	0.00000	0.00000	1.00000	0.00000	0.00000	0.00000	0	100.00
land_moving_fast	79	-0.0000	-551.7966	153.3663	-0.0000	1444.0065	-433.6477	-0.00000	1.00000	0.00000	0.00000	0.00000	1.00000	0.00000	0.00000	0.00000	0	100.00
land_moving_fast	80	-0.0000	-539.7620	149.7112	-0.0000	1444.5564	-439.0577	-0.00000	1.00000	0.00000	0.00000	0.00000	1.00000	0.00000	0.00000	0.00000	0	100.00
land_moving_fast	81	-0.0000	-527.7175	146.0061	-0.0000	1445.1064	-444.4677	-0.00000	1.00000	0.00000	0.00000	0.00000	1.00000	0.00000	0.00000	0.00000	0	100.00
land_moving_fast	82	-0.0000	-515.6729	142.2610	-0.0000	1445.6564	-449.8777	-0.00000	1.00000	0.00000	0.00000	0.00000	1.00000	0.00000	0.00000	0.00000	0	100.00
land_moving_fast	83	-0.0000	-503.6182	138.4659	-0.0000	1446.2064	-455.2877	-0.00000	1.00000	0.00000	0.00000	0.00000	1.00000	0.00000	0.00000	0.00000	0	100.00
land_moving_fast	84	-0.0000	-491.5637	134.6308	-0.0000	1446.7565	-460.6977	-0.00000	1.00000	0.00000	0.00000	0.00000	1.00000	0.00000	0.00000	0.00000	0	100.00
land_moving_fast	85	-0.0000	-479.4991	130.7458	-0.0000	1447.3064	-466.1077	-0.00000	1.00000	0.00000	0.00000	0.00000	1.00000	0.00000	0.00000	0.00000	0	100.00
land_moving_fast	86	-0.0000	-467.4345	126.8207	-0.0000	1447.8564	-471.5177	-0.00000	1.00000	0.00000	0.00000	0.00000	1.00000	0.00000	0.00000	0.00000	0	100.00
land_moving_fast	87	-0.0000	-455.3599	122.8456	-0.0000	1448.4064	-476.9277	-0.00000	1.00000	0.00000	0.00000	0.00000	1.00000	0.00000	0.00000	0.00000	0	100.00
land_moving_fast	88	-0.0000	-443.2853	118.8305	-0.0000	1448.9565	-482.3377	-0.00000	1.00000	0.00000	0.00000	0.00000	1.00000	0.00000	0.00000	0.00000	0	100.00
land_moving_fast	89	-0.0000	-431.2108	114.7654	-0.0000	1449.5063	-487.7477	-0.00000	1.00000	0.00000	0.00000	0.00000	1.00000	0.00000	0.00000	0.00000	0	100.00
land_moving_fast	90	-0.0000	-419.1262	110.6603	-0.0000	1450.0564	-493.1577	-0.00000	1.00000	0.00000	0.00000	0.00000	1.00000	0.00000	0.00000	0.00000	0	100.00
land_moving_fast	91	-0.0000	-407.0416	106.5053	-0.0000	1450.6063	-498.5677	-0.00000	1.00000	0.00000	0.00000	0.00000	1.00000	0.00000	0.00000	0.00000	0	100.00
land_moving_fast	92	-0.0000	-394.9470	102.3102	-0.0000	1451.1564	-503.9777	-0.00000	1.00000	0.00000	0.00000	0.00000	1.00000	0.00000	0.00000	0.00000	0	100.00
land_moving_fast	93	-0.0000	-382.8524	98.0651	-0.0000	1451.7065	-509.3877	-0.00000	1.00000	0.00000	0.00000	0.00000	1.00000	0.00000	0.00000	0.00000	0	100.00
land_moving_fast	94	-0.0000	-370.7479	93.7800	-0.0000	1452.2563	-514.7977	-0.00000	1.00000	0.00000	0.00000	0.00000	1.00000	0.00000	0.00000	0.00000	0	100.00
land_moving_fast	95	-0.0000	-358.6433	89.4449	-0.0000	1452.8065	-520.2076	-0.00000	1.00000	0.00000	0.00000	0.00000	1.00000	0.00000	0.00000	0.00000	0	100.00
land_moving_fast	96	-0.0000	-346.5287	85.0599	-0.0000	1453.3563	-525.6177	-0.00000	1.00000	0.00000	0.00000	0.00000	1.00000	0.00000	0.00000	0.00000	0	100.00
land_moving_fast	97	-0.0000	-334.4141	80.6348	-0.0000	1453.9065	-531.0276	-0.00000	1.00000	0.00000	0.00000	0.00000	1.00000	0.00000	0.00000	0.00000	0	100.00
land_moving_fast	98	-0.0000	-322.2896	76.1597	-0.0000	1454.4565	-536.4376	-0.00000	1.00000	0.00000	0.00000	0.00000	1.00000	0.00000	0.00000	0.00000	0	100.00
land_moving_fast	99	-0.0000	-310.1649	71.6446	-0.0000	1455.0063	-541.8477	-0.00000	1.00000	0.00000	0.00000	0.00000	1.00000	0.00000	0.00000	0.00000	0	100.00
land_moving_fast	100	-0.0000	-298.0304	67.0795	-0.0000	1455.5565	-547.2576	-0.00000	1.00000	0.00000	0.00000	0.00000	1.00000	0.00000	0.00000	0.00000	0	100.00
land_moving_fast	101	-0.0000	-285.8958	62.4744	-0.0000	1456.1063	-552.6677	-0.00000	1.00000	0.00000	0.00000	0.00000	1.00000	0.00000	0.00000	0.00000	0	100.00
land_moving_fast	102	-0.0000	-273.7612	57.8194	-0.0000	1456.6565	-558.0776	-0.00000	1.00000	0.00000	0.00000	0.00000	1.00000	0.00000	0.00000	0.00000	0	100.00
land_moving_fast	103	-0.0000	-261.6166	53.1243	-0.0000	1457.2064	-563.4877	-0.00000	1.00000	0.00000	0.00000	0.00000	1.00000	0.00000	0.00000	0.00000	0	100.00
land_moving_fast	104	-0.0000	-249.4720	48.3792	-0.0000	1457.7565	-568.8976	-0.00000	1.00000	0.00000	0.00000	0.00000	1.00000	0.00000	0.00000	0.00000	0	100.00
land_moving_fast	105	-0.0000	-237.3174	43.5941	-0.0000	1458.3065	-574.3077	-0.00000	1.00000	0.00000	0.00000	0.00000	1.00000	0.00000	0.00000	0.00000	0	100.00
land_moving_fast	106	-0.0000	-225.1629	38.7590	-0.0000	1458.8564	-579.7177	-0.00000	1.00000	0.00000	0.00000	0.00000	1.00000	0.00000	0.00000	0.00000	0	100.00
land_moving_fast	107	-0.0000	-212.9983	33.8839	-0.0000	1459.4065	-585.1276	-0.00000	1.00000	0.00000	0.00000	0.00000	1.00000	0.00000	0.00000	0.00000	0	100.00
land_moving_fast	108	-0.0000	-200.8337	28.9589	-0.0000	1459.9564	-590.5377	-0.00000	1.00000	0.00000	0.00000	0.00000	1.00000	0.00000	0.00000	0.00000	0	100.00
land_moving_fast	109	-0.0000	-188.6591	23.9938	-0.0008	1460.5065	-492.6558	-0.00000	1.00000	0.00000	0.00000	0.00000	1.00000	-0.05033	0.00000	0.00000	1	100.00
land_moving_fast	110	0.0000	-176.4892	19.8169	-0.0009	1460.5009	-399.9083	-0.00000	1.00000	-0.00042	0.00000	0.00042	1.00000	-0.08540	-0.00000	0.00000	1	100.00
land_moving_fast	111	0.0000	-164.3192	16.4198	-0.0010	1460.5009	-243.8887	-0.00000	1.00000	-0.00113	0.00000	0.00113	1.00000	-1.84402	-0.00001	0.00000	1	100.00
land_moving_fast	112	0.0000	-152.1492	14.3199	-0.0010	1460.5009	-88.5285	-0.00000	0.99986	-0.01650	-0.00000	0.01650	0.99986	-0.28699	-0.00000	0.00000	1	100.00
land_moving_fast	113	0.0000	-139.9791	13.5146	-0.0010	1460.5009	-3.7359	-0.00000	0.99982	-0.01889	-0.00000	0.01889	0.99982	0.16629	0.00000	0.00000	1	100.00
land_moving_fast	114	0.0000	-127.8092	13.4112	-0.0010	1460.5009	39.0832	-0.00000	0.99985	-0.01750	-0.00000	0.01750	0.99985	0.23707	0.00000	0.00000	1	100.00
land_moving_fast	115	0.0000	-115.6392	13.6680	-0.0010	1460.5009	53.4847	-0.00000	0.99988	-0.01553	-0.00000	0.01553	0.99988	0.15776	0.00000	0.00000	1	100.00
land_moving_fast	116	0.0000	-103.4692	14.0480	-0.0010	1460.5009	54.6090	-0.00000	0.99990	-0.01421	-0.00000	0.01421	0.99990	0.10774	0.00000	0.00000	1	100.00
land_moving_fast	117	0.0000	-91.2992	14.4373	-0.0010	1460.5009	50.6740	-0.00000	0.99991	-0.01332	-0.00000	0.01332	0.99991	0.07813	0.00000	0.00000	1	100.00
land_moving_fast	118	0.0000	-79.1292	14.7945	-0.0010	1460.5009	45.8138	-0.00000	0.99992	-0.01266	-0.00000	0.01266	0.99992	0.06146	0.00000	0.00000	1	100.00
land_moving_fast	119	0.0000	-66.9592	15.1040	-0.0010	1460.5009	41.2835	-0.00000	0.99993	-0.01215	-0.00000	0.01215	0.99993	0.04920	0.00000	0.00000	1	100.00
land_moving_fast	120	0.0000	-54.7892	15.3763	-0.0010	1460.5009	37.1286	-0.00000	0.99993	-0.01174	-0.00000	0.01174	0.99993	0.03999	0.00000	0.00000	1	100.00
land_moving_fast	121	0.0000	-42.6192	15.6216	-0.0010	1460.5009	33.3328	-0.00000	0.99994	-0.01141	-0.00000	0.01141	0.99993	0.03293	0.00000	0.00000	1	100.00
land_moving_fast	122	0.0000	-30.4492	15.8300	-0.0010	1460.5009	29.9375	-0.00000	0.99994	-0.01113	-0.00000	0.01113	0.99994	0.02740	0.00000	0.00000	1	100.00
land_moving_fast	123	0.0000	-18.2792	16.0117	-0.0010	1460.5009	26.9137	-0.00000	0.99994	-0.01091	-0.00000	0.01091	0.99994	0.02298	0.00000	0.00000	1	100.00
land_moving_fast	124	0.0000	-6.1092	16.1665	-0.0010	1460.5009	24.2552	-0.00000	0.99994	-0.01071	-0.00000	0.01071	0.99994	0.01941	-0.00000	0.00000	1	100.00
land_moving_fast	125	0.0000	6.0608	16.3044	-0.0010	1460.5009	21.9075	-0.00000	0.99994	-0.01055	-0.00000	0.01055	0.99994	0.01647	0.00000	0.00000	1	100.00
land_moving_fast	126	0.0000	18.2308	16.4148	-0.0010	1460.5009	19.8807	-0.00000	0.99995	-0.01042	-0.00000	0.01042	0.99995	0.01403	0.00000	0.00000	1	100.00
land_moving_fast	127	0.0000	30.4008	16.5080	-0.0010	1460.5009	18.1458	-0.00000	0.99995	-0.01030	-0.00000	0.01030	0.99995	0.01198	-0.00000	0.00000	1	100.00
land_moving_fast	128	0.0000	42.5708	16.5935	-0.0010	1460.5009	16.6296	-0.00000	0.99995	-0.01020	-0.00000	0.01020	0.99995	0.01026	0.00000	0.00000	1	100.00
land_moving_fast	129	0.0000	54.7408	16.6608	-0.0010	1460.5009	15.3356	-0.00000	0.99995	-0.01011	-0.00000	0.01011	0.99995	0.00879	0.00000	0.00000	1	100.00
land_moving_fast	130	0.0000	66.9108	16.7200	-0.0011	1460.5009	14.2288	-0.00000	0.99995	-0.01004	-0.00000	0.01004	0.99995	0.00755	-0.00000	0.00000	1	100.00
land_moving_fast	131	0.0000	79.0808	16.7708	-0.0011	1460.5009	13.2773	-0.00000	0.99995	-0.00998	-0.00000	0.00998	0.99995	0.00648	0.00000	0.00000	1	100.00
land_moving_fast	132	0.0000	91.2508	16.8129	-0.0010	1460.5009	12.4686	-0.00000	0.99995	-0.00992	-0.00000	0.00992	0.99995	0.00558	0.00000	0.00000	1	100.00
land_moving_fast	133	0.0000	103.4208	16.8461	-0.0010	1460.5009	11.7901	-0.00000	0.99995	-0.00988	-0.00000	0.00988	0.99995	0.00480	0.00000	0.00000	1	100.00
land_moving_fast	134	0.0000	115.5908	16.8806	-0.0011	1460.5009	11.2000	-0.00000	0.99995	-0.00984	-0.00000	0.00984	0.99995	0.00413	0.00000	0.00000	1	100.00
land_moving_fast	135	0.0000	127.7608	16.9055	-0.0011	1460.5009	10.6958	-0.00000	0.99995	-0.00980	-0.00000	0.00980	0.99995	0.00356	0.00000	0.00000	1	100.00
land_moving_fast	136	0.0000	139.9308	16.9314	-0.0011	1460.5009	10.2549	-0.00000	0.99995	-0.00977	-0.00000	0.00977	0.99995	0.00307	-0.00000	0.00000	1	100.00
land_moving_fast	137	0.0000	152.1008	16.9477	-0.0011	1460.5009	9.8935	-0.00000	0.99995	-0.00975	-0.00000	0.00975	0.99995	0.00264	-0.00000	0.00000	1	100.00
land_moving_fast	138	0.0000	164.2708	16.9647	-0.0010	1460.5009	9.5826	-0.00000	0.99995	-0.00973	-0.00000	0.00973	0.99995	0.00228	0.00000	0.00000	1	100.00
land_moving_fast	139	0.0000	176.4408	16.9721	-0.0011	1460.5009	9.3451	-0.00000	0.99995	-0.00971	-0.00000	0.00971	0.99995	0.00196	-0.00000	0.00000	1	100.00
land_moving_fast	140	0.0000	188.6108	16.9801	-0.0011	1460.5009	9.1517	-0.00000	0.99995	-0.00969	-0.00000	0.00969	0.99995	0.00169	-0.00000	0.00000	1	100.00
land_moving_fast	141	0.0000	200.7808	16.9886	-0.0011	1460.5009	8.9900	-0.00000	0.99995	-0.00968	-0.00000	0.00968	0.99995	0.00146	-0.00000	0.00000	1	100.00
land_moving_fast	142	0.0000	212.9508	16.9971	-0.0011	1460.5009	8.8409	-0.00000	0.99995	-0.00966	-0.00000	0.00966	0.99995	0.00126	0.00000	0.00000	1	100.00
land_moving_fast	143	0.0000	225.1208	17.0060	-0.0011	1460.5009	8.7108	-0.00000	0.99995	-0.00965	-0.00000	0.00965	0.99995	0.00109	-0.00000	0.00000	1	100.00
land_moving_fast	144	0.0000	237.2908	17.0149	-0.0011	1460.5009	8.5869	-0.00000	0.99995	-0.00964	-0.00000	0.00964	0.99995	0.00094	-0.00000	0.00000	1	100.00
land_moving_fast	145	0.0000	249.4608	17.0138	-0.0011	1460.5009	8.5048	-0.00000	0.99995	-0.00964	-0.00000	0.00964	0.99995	0.00085	0.00000	0.00000	1	100.00
land_moving_fast	146	0.0000	261.6309	17.0131	-0.0011	1460.5009	8.4542	-0.00000	0.99995	-0.00964	-0.00000	0.00964	0.99995	0.00080	0.00000	0.00000	1	100.00
land_moving_fast	147	0.0000	273.8008	17.0127	-0.0011	1460.5009	8.4226	-0.00000	0.99995	-0.00964	-0.00000	0.00964	0.99995	0.00077	0.00000	0.00000	1	100.00
land_moving_fast	148	0.0000	285.9708	17.0125	-0.0011	1460.5009	8.4037	-0.00000	0.99995	-0.00964	-0.00000	0.00964	0.99995	0.00075	-0.00000	0.00000	1	100.00
land_moving_fast	149	0.0000	298.1408	17.0123	-0.0011	1460.5009	8.3910	-0.00000	0.99995	-0.00964	-0.00000	0.00964	0.99995	0.00074	-0.00000	0.00000	1	100.00
land_moving_fast	150	0.0000	310.3109	17.0122	-0.0011	1460.5009	8.3847	-0.00000	0.99995	-0.00964	-0.00000	0.00964	0.99995	0.00073	-0.00000	0.00000	1	100.00
land_moving_fast	151	0.0000	322.4808	17.0121	-0.0011	1460.5009	8.3784	-0.00000	0.99995	-0.00964	-0.00000	0.00964	0.99995	0.00072	-0.00000	0.00000	1	100.00
land_moving_fast	152	0.0000	334.6508	17.0121	-0.0011	1460.5009	8.3721	-0.00000	0.99995	-0.00964	-0.00000	0.00964	0.99995	0.00072	0.00000	0.00000	1	100.00
land_moving_fast	153	0.0000	346.8208	17.0121	-0.0011	1460.5009	8.3721	-0.00000	0.99995	-0.00964	-0.00000	0.00964	0.99995	0.00072	0.00000	0.00000	1	100.00
land_moving_fast	154	0.0000	358.9908	17.0121	-0.0011	1460.5009	8.3721	-0.00000	0.99995	-0.00964	-0.00000	0.00964	0.99995	0.00072	0.00000	0.00000	1	100.00
land_moving_fast	155	0.0000	371.1608	17.0121	-0.0011	1460.5009	8.3721	-0.00000	0.99995	-0.00964	-0.00000	0.00964	0.99995	0.00072	0.00000	0.00000	1	100.00
land_moving_fast	156	0.0000	383.3308	17.0121	-0.0011	1460.5009	8.3721	-0.00000	0.99995	-0.00964	-0.00000	0.00964	0.99995	0.00072	0.00000	0.00000	1	100.00
land_moving_fast	157	0.0000	395.5008	17.0121	-0.0011	1460.5009	8.3721	-0.00000	0.99995	-0.00964	-0.00000	0.00964	0.99995	0.00072	0.00000	0.00000	1	100.00
land_moving_fast	158	0.0000	407.6708	17.0121	-0.0011	1460.5009	8.3721	-0.00000	0.99995	-0.00964	-0.00000	0.00964	0.99995	0.00072	0.00000	0.00000	1	100.00
land_moving_fast	159	0.0000	419.8409	17.0121	-0.0011	1460.5009	8.3721	-0.00000	0.99995	-0.00964	-0.00000	0.00964	0.99995	0.00072	0.00000	0.00000	1	100.00
land_spinning	0	0.0000	0.0000	399.9323	0.0000	0.0000	-8.1250	0.99957	0.02916	0.00000	0.00000	0.00000	1.00000	0.00000	0.00000	3.50000	0	100.00
land_spinning	1	0.0000	0.0000	399.8172	0.0000	0.0000	-13.5377	0.99833	0.05783	0.00000	0.00000	0.00000	1.00000	0.00000	0.00000	3.44407	0	100.00
land_spinning	2	0.0000	0.0000	399.6621	0.0000	0.0000	-18.9477	0.99629	0.08600	0.00000	0.00000	0.00000	1.00000	0.00000	0.00000	3.38904	0	100.00
land_spinning	3	0.0000	0.0000	399.4570	0.0000	0.0000	-24.3577	0.99352	0.11365	0.00000	0.00000	0.00000	1.00000	0.00000	0.00000	3.33488	0	100.00
land_spinning	4	0.0000	0.0000	399.2119	0.0000	0.0000	-29.7677	0.99004	0.14078	0.00000	0.00000	0.00000	1.00000	0.00000	0.00000	3.28160	0	100.00
land_spinning	5	0.0000	0.0000	398.9168	0.0000	0.0000	-35.1777	0.98590	0.16736	0.00000	0.00000	0.00000	1.00000	0.00000	0.00000	3.22916	0	100.00
land_spinning	6	0.0000	0.0000	398.5818	0.0000	0.0000	-40.5877	0.98112	0.19341	0.00000	0.00000	0.00000	1.00000	0.00000	0.00000	3.17756	0	100.00
land_spinning	7	0.0000	0.0000	398.1967	0.0000	0.0000	-45.9977	0.97575	0.21891	0.00000	0.00000	0.00000	1.00000	0.00000	0.00000	3.12678	0	100.00
land_spinning	8	0.0000	0.0000	397.7716	0.0000	0.0000	-51.4077	0.96981	0.24385	0.00000	0.00000	0.00000	1.00000	0.00000	0.00000	3.07682	0	100.00
land_spinning	9	0.0000	0.0000	397.2965	0.0000	0.0000	-56.8177	0.96335	0.26824	0.00000	0.00000	0.00000	1.00000	0.00000	0.00000	3.02766	0	100.00
land_spinning	10	0.0000	0.0000	396.7814	0.0000	0.0000	-62.2277	0.95640	0.29207	0.00000	0.00000	0.00000	1.00000	0.00000	0.00000	2.97928	0	100.00
land_spinning	11	0.0000	0.0000	396.2163	0.0000	0.0000	-67.6377	0.94898	0.31535	0.00000	0.00000	0.00000	1.00000	0.00000	0.00000	2.93167	0	100.00
land_spinning	12	0.0000	0.0000	395.6113	0.0000	0.0000	-73.0477	0.94112	0.33807	0.00000	0.00000	0.00000	1.00000	0.00000	0.00000	2.88483	0	100.00
land_spinning	13	0.0000	0.0000	394.9561	0.0000	0.0000	-78.4577	0.93286	0.36023	0.00000	0.00000	0.00000	1.00000	0.00000	0.00000	2.83873	0	100.00
land_spinning	14	0.0000	0.0000	394.2611	0.0000	0.0000	-83.8677	0.92422	0.38185	0.00000	0.00000	0.00000	1.00000	0.00000	0.00000	2.79337	0	100.00
land_spinning	15	0.0000	0.0000	393.5160	0.0000	0.0000	-89.2777	0.91524	0.40292	0.00000	0.00000	0.00000	1.00000	0.00000	0.00000	2.74873	0	100.00
land_spinning	16	0.0000	0.0000	392.7309	0.0000	0.0000	-94.6877	0.90592	0.42344	0.00000	0.00000	0.00000	1.00000	0.00000	0.00000	2.70481	0	100.00
land_spinning	17	0.0000	0.0000	391.8958	0.0000	0.0000	-100.0977	0.89631	0.44343	0.00000	0.00000	0.00000	1.00000	0.00000	0.00000	2.66159	0	100.00
land_spinning	18	0.0000	0.0000	391.0208	0.0000	0.0000	-105.5077	0.88642	0.46288	0.00000	0.00000	0.00000	1.00000	0.00000	0.00000	2.61906	0	100.00
land_spinning	19	0.0000	0.0000	390.0957	0.0000	0.0000	-110.9177	0.87627	0.48181	0.00000	0.00000	0.00000	1.00000	0.00000	0.00000	2.57721	0	100.00
land_spinning	20	0.0000	0.0000	389.1306	0.0000	0.0000	-116.3277	0.86590	0.50022	0.00000	0.00000	0.00000	1.00000	0.00000	0.00000	2.53603	0	100.00
land_spinning	21	0.0000	0.0000	388.1155	0.0000	0.0000	-121.7377	0.85531	0.51812	0.00000	0.00000	0.00000	1.00000	0.00000	0.00000	2.49550	0	100.00
land_spinning	22	0.0000	0.0000	387.0604	0.0000	0.0000	-127.1477	0.84453	0.53551	0.00000	0.00000	0.00000	1.00000	0.00000	0.00000	2.45563	0	100.00
land_spinning	23	0.0000	0.0000	385.9554	0.0000	0.0000	-132.5577	0.83357	0.55241	0.00000	0.00000	0.00000	1.00000	0.00000	0.00000	2.41639	0	100.00
land_spinning	24	0.0000	0.0000	384.8102	0.0000	0.0000	-137.9677	0.82246	0.56882	0.00000	0.00000	0.00000	1.00000	0.00000	0.00000	2.37777	0	100.00
land_spinning	25	0.0000	0.0000	383.6152	0.0000	0.0000	-143.3777	0.81122	0.58475	0.00000	0.00000	0.00000	1.00000	0.00000	0.00000	2.33978	0	100.00
land_spinning	26	0.0000	0.0000	382.3801	0.0000	0.0000	-148.7877	0.79985	0.60020	0.00000	0.00000	0.00000	1.00000	0.00000	0.00000	2.30239	0	100.00
land_spinning	27	0.0000	0.0000	381.0950	0.0000	0.0000	-154.1977	0.78838	0.61519	0.00000	0.00000	0.00000	1.00000	0.00000	0.00000	2.26560	0	100.00
land_spinning	28	0.0000	0.0000	379.7699	0.0000	0.0000	-159.6077	0.77681	0.62973	0.00000	0.00000	0.00000	1.00000	0.00000	0.00000	2.22940	0	100.00
land_spinning	29	0.0000	0.0000	378.3948	0.0000	0.0000	-165.0177	0.76517	0.64383	0.00000	0.00000	0.00000	1.00000	0.00000	0.00000	2.19377	0	100.00
land_spinning	30	0.0000	0.0000	376.9698	0.0000	0.0000	-170.4277	0.75346	0.65749	0.00000	0.00000	0.00000	1.00000	0.00000	0.00000	2.15872	0	100.00
land_spinning	31	0.0000	0.0000	375.5047	0.0000	0.0000	-175.8377	0.74171	0.67072	0.00000	0.00000	0.00000	1.00000	0.00000	0.00000	2.12422	0	100.00
land_spinning	32	0.0000	0.0000	373.9896	0.0000	0.0000	-181.2477	0.72991	0.68354	0.00000	0.00000	0.00000	1.00000	0.00000	0.00000	2.09028	0	100.00
land_spinning	33	0.0000	0.0000	372.4345	0.0000	0.0000	-186.6577	0.71809	0.69595	0.00000	0.00000	0.00000	1.00000	0.00000	0.00000	2.05688	0	100.00
land_spinning	34	0.0000	0.0000	370.8294	0.0000	0.0000	-192.0677	0.70625	0.70796	0.00000	0.00000	0.00000	1.00000	0.00000	0.00000	2.02401	0	100.00
land_spinning	35	0.0000	0.0000	369.1844	0.0000	0.0000	-197.4777	0.69440	0.71959	0.00000	0.00000	0.00000	1.00000	0.00000	0.00000	1.99167	0	100.00
land_spinning	36	0.0000	0.0000	367.4893	0.0000	0.0000	-202.8876	0.68256	0.73083	0.00000	0.00000	0.00000	1.00000	0.00000	0.00000	1.95984	0	100.00
land_spinning	37	0.0000	0.0000	365.7542	0.0000	0.0000	-208.2977	0.67072	0.74171	0.00000	0.00000	0.00000	1.00000	0.00000	0.00000	1.92853	0	100.00
land_spinning	38	0.0000	0.0000	363.9691	0.0000	0.0000	-213.7077	0.65891	0.75222	0.00000	0.00000	0.00000	1.00000	0.00000	0.00000	1.89771	0	100.00
land_spinning	39	0.0000	0.0000	362.1440	0.0000	0.0000	-219.1177	0.64713	0.76238	0.00000	0.00000	0.00000	1.00000	0.00000	0.00000	1.86738	0	100.00
land_spinning	40	0.0000	0.0000	360.2690	0.0000	0.0000	-224.5277	0.63538	0.77220	0.00000	0.00000	0.00000	1.00000	0.00000	0.00000	1.83755	0	100.00
land_spinning	41	0.0000	0.0000	358.3538	0.0000	0.0000	-229.9377	0.62367	0.78169	0.00000	0.00000	0.00000	1.00000	0.00000	0.00000	1.80818	0	100.00
land_spinning	42	0.0000	0.0000	356.3888	0.0000	0.0000	-235.3477	0.61201	0.79085	0.00000	0.00000	0.00000	1.00000	0.00000	0.00000	1.77929	0	100.00
land_spinning	43	0.0000	0.0000	354.3837	0.0000	0.0000	-240.7577	0.60041	0.79969	0.00000	0.00000	0.00000	1.00000	0.00000	0.00000	1.75086	0	100.00
land_spinning	44	0.0000	0.0000	352.3286	0.0000	0.0000	-246.1677	0.58886	0.80823	0.00000	0.00000	0.00000	1.00000	0.00000	0.00000	1.72288	0	100.00
land_spinning	45	0.0000	0.0000	350.2335	0.0000	0.0000	-251.5776	0.57739	0.81647	0.00000	0.00000	0.00000	1.00000	0.00000	0.00000	1.69535	0	100.00
land_spinning	46	0.0000	0.0000	348.0884	0.0000	0.0000	-256.9876	0.56598	0.82442	0.00000	0.00000	0.00000	1.00000	0.00000	0.00000	1.66826	0	100.00
land_spinning	47	0.0000	0.0000	345.9033	0.0000	0.0000	-262.3976	0.55465	0.83208	0.00000	0.00000	0.00000	1.00000	0.00000	0.00000	1.64160	0	100.00
land_spinning	48	0.0000	0.0000	343.6682	0.0000	0.0000	-267.8076	0.54340	0.83947	0.00000	0.00000	0.00000	1.00000	0.00000	0.00000	1.61537	0	100.00
land_spinning	49	0.0000	0.0000	341.3932	0.0000	0.0000	-273.2177	0.53223	0.84660	0.00000	0.00000	0.00000	1.00000	0.00000	0.00000	1.58956	0	100.00
land_spinning	50	0.0000	0.0000	339.0681	0.0000	0.0000	-278.6277	0.52115	0.85346	0.00000	0.00000	0.00000	1.00000	0.00000	0.00000	1.56416	0	100.00
land_spinning	51	0.0000	0.0000	336.7030	0.0000	0.0000	-284.0377	0.51016	0.86008	0.00000	0.00000	0.00000	1.00000	0.00000	0.00000	1.53916	0	100.00
land_spinning	52	0.0000	0.0000	334.2880	0.0000	0.0000	-289.4477	0.49927	0.86645	0.00000	0.00000	0.00000	1.00000	0.00000	0.00000	1.51457	0	100.00
land_spinning	53	0.0000	0.0000	331.8329	0.0000	0.0000	-294.8577	0.48847	0.87258	0.00000	0.00000	0.00000	1.00000	0.00000	0.00000	1.49037	0	100.00
land_spinning	54	0.0000	0.0000	329.3278	0.0000	0.0000	-300.2677	0.47777	0.87849	0.00000	0.00000	0.00000	1.00000	0.00000	0.00000	1.46655	0	100.00
land_spinning	55	0.0000	0.0000	326.7827	0.0000	0.0000	-305.6776	0.46717	0.88417	0.00000	0.00000	0.00000	1.00000	0.00000	0.00000	1.44312	0	100.00
land_spinning	56	0.0000	0.0000	324.1876	0.0000	0.0000	-311.0876	0.45667	0.88964	0.00000	0.00000	0.00000	1.00000	0.00000	0.00000	1.42006	0	100.00
land_spinning	57	0.0000	0.0000	321.5525	0.0000	0.0000	-316.4977	0.44628	0.89489	0.00000	0.00000	0.00000	1.00000	0.00000	0.00000	1.39737	0	100.00
land_spinning	58	0.0000	0.0000	318.8674	0.0000	0.0000	-321.9077	0.43600	0.89995	0.00000	0.00000	0.00000	1.00000	0.00000	0.00000	1.37504	0	100.00
land_spinning	59	0.0000	0.0000	316.1423	0.0000	0.0000	-327.3177	0.42582	0.90481	0.00000	0.00000	0.00000	1.00000	0.00000	0.00000	1.35306	0	100.00
land_spinning	60	0.0000	0.0000	313.3673	0.0000	0.0000	-332.7277	0.41576	0.90948	0.00000	0.00000	0.00000	1.00000	0.00000	0.00000	1.33144	0	100.00
land_spinning	61	0.0000	0.0000	310.5522	0.0000	0.0000	-338.1377	0.40580	0.91396	0.00000	0.00000	0.00000	1.00000	0.00000	0.00000	1.31017	0	100.00
land_spinning	62	0.0000	0.0000	307.6871	0.0000	0.0000	-343.5477	0.39596	0.91827	0.00000	0.00000	0.00000	1.00000	0.00000	0.00000	1.28923	0	100.00
land_spinning	63	0.0000	0.0000	304.7820	0.0000	0.0000	-348.9576	0.38623	0.92240	0.00000	0.00000	0.00000	1.00000	0.00000	0.00000	1.26863	0	100.00
land_spinning	64	0.0000	0.0000	301.8269	0.0000	0.0000	-354.3676	0.37662	0.92637	0.00000	0.00000	0.00000	1.00000	0.00000	0.00000	1.24835	0	100.00
land_spinning	65	0.0000	0.0000	298.8318	0.0000	0.0000	-359.7776	0.36711	0.93018	0.00000	0.00000	0.00000	1.00000	0.00000	0.00000	1.22841	0	100.00
land_spinning	66	0.0000	0.0000	295.7868	0.0000	0.0000	-365.1877	0.35772	0.93383	0.00000	0.00000	0.00000	1.00000	0.00000	0.00000	1.20878	0	100.00
land_spinning	67	0.0000	0.0000	292.7017	0.0000	0.0000	-370.5977	0.34845	0.93733	0.00000	0.00000	0.00000	1.00000	0.00000	0.00000	1.18946	0	100.00
land_spinning	68	0.0000	0.0000	289.5666	0.0000	0.0000	-376.0077	0.33929	0.94068	0.00000	0.00000	0.00000	1.00000	0.00000	0.00000	1.17045	0	100.00
land_spinning	69	0.0000	0.0000	286.3915	0.0000	0.0000	-381.4177	0.33025	0.94389	0.00000	0.00000	0.00000	1.00000	0.00000	0.00000	1.15175	0	100.00
land_spinning	70	0.0000	0.0000	283.1664	0.0000	0.0000	-386.8277	0.32132	0.94697	0.00000	0.00000	0.00000	1.00000	0.00000	0.00000	1.13334	0	100.00
land_spinning	71	0.0000	0.0000	279.9014	0.0000	0.0000	-392.2376	0.31250	0.94992	0.00000	0.00000	0.00000	1.00000	0.00000	0.00000	1.11523	0	100.00
land_spinning	72	0.0000	0.0000	276.5862	0.0000	0.0000	-397.6476	0.30380	0.95273	0.00000	0.00000	0.00000	1.00000	0.00000	0.00000	1.09741	0	100.00
land_spinning	73	0.0000	0.0000	273.2312	0.0000	0.0000	-403.0577	0.29522	0.95543	0.00000	0.00000	0.00000	1.00000	0.00000	0.00000	1.07988	0	100.00
land_spinning	74	0.0000	0.0000	269.8261	0.0000	0.0000	-408.4677	0.28675	0.95801	0.00000	0.00000	0.00000	1.00000	0.00000	0.00000	1.06262	0	100.00
land_spinning	75	0.0000	0.0000	266.3810	0.0000	0.0000	-413.8777	0.27839	0.96047	0.00000	0.00000	0.00000	1.00000	0.00000	0.00000	1.04564	0	100.00
land_spinning	76	0.0000	0.0000	262.8859	0.0000	0.0000	-419.2877	0.27014	0.96282	0.00000	0.00000	0.00000	1.00000	0.00000	0.00000	1.02893	0	100.00
land_spinning	77	0.0000	0.0000	259.3509	0.0000	0.0000	-424.6977	0.26201	0.96507	0.00000	0.00000	0.00000	1.00000	0.00000	0.00000	1.01249	0	100.00
land_spinning	78	0.0000	0.0000	255.7657	0.0000	0.0000	-430.1077	0.25399	0.96721	0.00000	0.00000	0.00000	1.00000	0.00000	0.00000	0.99631	0	100.00
land_spinning	79	0.0000	0.0000	252.1407	0.0000	0.0000	-435.5176	0.24608	0.96925	0.00000	0.00000	0.00000	1.00000	0.00000	0.00000	0.98039	0	100.00
land_spinning	80	0.0000	0.0000	248.4656	0.0000	0.0000	-440.9276	0.23828	0.97120	0.00000	0.00000	0.00000	1.00000	0.00000	0.00000	0.96472	0	100.00
land_spinning	81	0.0000	0.0000	244.7505	0.0000	0.0000	-446.3376	0.23058	0.97305	0.00000	0.00000	0.00000	1.00000	0.00000	0.00000	0.94931	0	100.00
land_spinning	82	0.0000	0.0000	240.9854	0.0000	0.0000	-451.7477	0.22300	0.97482	0.00000	0.00000	0.00000	1.00000	0.00000	0.00000	0.93414	0	100.00
land_spinning	83	0.0000	0.0000	237.1804	0.0000	0.0000	-457.1577	0.21553	0.97650	0.00000	0.00000	0.00000	1.00000	0.00000	0.00000	0.91921	0	100.00
land_spinning	84	0.0000	0.0000	233.3253	0.0000	0.0000	-462.5677	0.20816	0.97809	0.00000	0.00000	0.00000	1.00000	0.00000	0.00000	0.90452	0	100.00
land_spinning	85	0.0000	0.0000	229.4302	0.0000	0.0000	-467.9777	0.20090	0.97961	0.00000	0.00000	0.00000	1.00000	0.00000	0.00000	0.89007	0	100.00
land_spinning	86	0.0000	0.0000	225.4851	0.0000	0.0000	-473.3877	0.19375	0.98105	0.00000	0.00000	0.00000	1.00000	0.00000	0.00000	0.87585	0	100.00
land_spinning	87	0.0000	0.0000	221.5000	0.0000	0.0000	-478.7976	0.18670	0.98242	0.00000	0.00000	0.00000	1.00000	0.00000	0.00000	0.86185	0	100.00
land_spinning	88	0.0000	0.0000	217.4649	0.0000	0.0000	-484.2076	0.17975	0.98371	0.00000	0.00000	0.00000	1.00000	0.00000	0.00000	0.84808	0	100.00
land_spinning	89	0.0000	0.0000	213.3799	0.0000	0.0000	-489.6176	0.17290	0.98494	0.00000	0.00000	0.00000	1.00000	0.00000	0.00000	0.83452	0	100.00
land_spinning	90	0.0000	0.0000	209.2548	0.0000	0.0000	-495.0276	0.16616	0.98610	0.00000	0.00000	0.00000	1.00000	0.00000	0.00000	0.82119	0	100.00
land_spinning	91	0.0000	0.0000	205.0797	0.0000	0.0000	-500.4377	0.15951	0.98720	0.00000	0.00000	0.00000	1.00000	0.00000	0.00000	0.80807	0	100.00
land_spinning	92	0.0000	0.0000	200.8646	0.0000	0.0000	-505.8477	0.15297	0.98823	0.00000	0.00000	0.00000	1.00000	0.00000	0.00000	0.79515	0	100.00
land_spinning	93	0.0000	0.0000	196.5995	0.0000	0.0000	-511.2577	0.14652	0.98921	0.00000	0.00000	0.00000	1.00000	0.00000	0.00000	0.78245	0	100.00
land_spinning	94	0.0000	0.0000	192.2944	0.0000	0.0000	-516.6677	0.14017	0.99013	0.00000	0.00000	0.00000	1.00000	0.00000	0.00000	0.76995	0	100.00
land_spinning	95	0.0000	0.0000	187.9393	0.0000	0.0000	-522.0776	0.13392	0.99099	0.00000	0.00000	0.00000	1.00000	0.00000	0.00000	0.75764	0	100.00
land_spinning	96	0.0000	0.0000	183.5443	0.0000	0.0000	-527.4877	0.12776	0.99181	0.00000	0.00000	0.00000	1.00000	0.00000	0.00000	0.74553	0	100.00
land_spinning	97	0.0000	0.0000	179.0992	0.0000	0.0000	-532.8976	0.12169	0.99257	0.00000	0.00000	0.00000	1.00000	0.00000	0.00000	0.73362	0	100.00
land_spinning	98	0.0000	0.0000	174.6141	0.0000	0.0000	-538.3077	0.11572	0.99328	0.00000	0.00000	0.00000	1.00000	0.00000	0.00000	0.72190	0	100.00
land_spinning	99	0.0000	0.0000	170.0790	0.0000	0.0000	-543.7177	0.10984	0.99395	0.00000	0.00000	0.00000	1.00000	0.00000	0.00000	0.71036	0	100.00
land_spinning	100	0.0000	0.0000	165.5039	0.0000	0.0000	-549.1276	0.10405	0.99457	0.00000	0.00000	0.00000	1.00000	0.00000	0.00000	0.69901	0	100.00
land_spinning	101	0.0000	0.0000	160.8788	0.0000	0.0000	-554.5377	0.09834	0.99515	0.00000	0.00000	0.00000	1.00000	0.00000	0.00000	0.68784	0	100.00
land_spinning	102	0.0000	0.0000	156.2138	0.0000	0.0000	-559.9476	0.09273	0.99569	0.00000	0.00000	0.00000	1.00000	0.00000	0.00000	0.67685	0	100.00
land_spinning	103	0.0000	0.0000	151.4987	0.0000	0.0000	-565.3577	0.08720	0.99619	0.00000	0.00000	0.00000	1.00000	0.00000	0.00000	0.66603	0	100.00
land_spinning	104	0.0000	0.0000	146.7436	0.0000	0.0000	-570.7676	0.08176	0.99665	0.00000	0.00000	0.00000	1.00000	0.00000	0.00000	0.65539	0	100.00
land_spinning	105	0.0000	0.0000	141.9385	0.0000	0.0000	-576.1777	0.07640	0.99708	0.00000	0.00000	0.00000	1.00000	0.00000	0.00000	0.64491	0	100.00
land_spinning	106	0.0000	0.0000	137.0934	0.0000	0.0000	-581.5876	0.07113	0.99747	0.00000	0.00000	0.00000	1.00000	0.00000	0.00000	0.63461	0	100.00
land_spinning	107	0.0000	0.0000	132.1983	0.0000	0.0000	-586.9977	0.06593	0.99782	0.00000	0.00000	0.00000	1.00000	0.00000	0.00000	0.62446	0	100.00
land_spinning	108	0.0000	0.0000	127.2633	0.0000	0.0000	-592.4077	0.06082	0.99815	0.00000	0.00000	0.00000	1.00000	0.00000	0.00000	0.61448	0	100.00
land_spinning	109	0.0000	0.0000	122.2782	0.0000	0.0000	-597.8176	0.05579	0.99844	0.00000	0.00000	0.00000	1.00000	0.00000	0.00000	0.60466	0	100.00
land_spinning	110	0.0000	0.0000	117.2531	0.0000	0.0000	-603.2277	0.05084	0.99871	0.00000	0.00000	0.00000	1.00000	0.00000	0.00000	0.59500	0	100.00
land_spinning	111	0.0000	0.0000	112.1780	0.0000	0.0000	-608.6376	0.04597	0.99894	0.00000	0.00000	0.00000	1.00000	0.00000	0.00000	0.58549	0	100.00
land_spinning	112	0.0000	0.0000	107.0629	0.0000	0.0000	-614.0477	0.04117	0.99915	0.00000	0.00000	0.00000	1.00000	0.00000	0.00000	0.57614	0	100.00
land_spinning	113	0.0000	0.0000	101.8979	0.0000	0.0000	-619.4576	0.03645	0.99934	0.00000	0.00000	0.00000	1.00000	0.00000	0.00000	0.56693	0	100.00
land_spinning	114	0.0000	0.0000	96.6928	0.0000	0.0000	-624.8677	0.03180	0.99949	0.00000	0.00000	0.00000	1.00000	0.00000	0.00000	0.55787	0	100.00
land_spinning	115	0.0000	0.0000	91.4377	0.0000	0.0000	-630.2776	0.02723	0.99963	0.00000	0.00000	0.00000	1.00000	0.00000	0.00000	0.54896	0	100.00
land_spinning	116	0.0000	0.0000	86.1426	0.0000	0.0000	-635.6876	0.02273	0.99974	0.00000	0.00000	0.00000	1.00000	0.00000	0.00000	0.54018	0	100.00
land_spinning	117	0.0000	0.0000	80.7975	0.0000	0.0000	-641.0977	0.01830	0.99983	0.00000	0.00000	0.00000	1.00000	0.00000	0.00000	0.53155	0	100.00
land_spinning	118	0.0000	0.0000	75.4124	0.0000	0.0000	-646.5076	0.01395	0.99990	0.00000	0.00000	0.00000	1.00000	0.00000	0.00000	0.52306	0	100.00
land_spinning	119	0.0000	0.0000	69.9774	0.0000	0.0000	-651.9177	0.00966	0.99995	0.00000	0.00000	0.00000	1.00000	0.00000	0.00000	0.51470	0	100.00
land_spinning	120	0.0000	0.0000	64.5023	0.0000	0.0000	-657.3276	0.00544	0.99999	0.00000	0.00000	0.00000	1.00000	0.00000	0.00000	0.50648	0	100.00
land_spinning	121	0.0000	0.0000	58.9772	0.0000	0.0000	-662.7377	0.00128	1.00000	0.00000	0.00000	0.00000	1.00000	0.00000	0.00000	0.49838	0	100.00
land_spinning	122	0.0000	0.0000	53.4121	0.0000	0.0000	-668.1476	-0.00280	1.00000	0.00000	0.00000	0.00000	1.00000	0.00000	0.00000	0.49042	0	100.00
land_spinning	123	0.0000	0.0000	47.7970	0.0000	0.0000	-673.5577	-0.00683	0.99998	0.00000	0.00000	0.00000	1.00000	0.00000	0.00000	0.48258	0	100.00
land_spinning	124	0.0000	0.0000	42.1419	0.0000	0.0000	-678.9676	-0.01078	0.99994	0.00000	0.00000	0.00000	1.00000	0.00000	0.00000	0.47487	0	100.00
land_spinning	125	0.0000	0.0000	36.4369	0.0000	0.0000	-684.3776	-0.01468	0.99989	0.00000	0.00000	0.00000	1.00000	0.00000	0.00000	0.46728	0	100.00
land_spinning	126	0.0000	0.0000	30.6918	0.0000	0.0000	-689.7876	-0.01851	0.99983	0.00000	0.00000	0.00000	1.00000	0.00000	0.00000	0.45981	0	100.00
land_spinning	127	0.0000	0.0000	24.8967	0.0235	0.0005	-574.9881	-0.02228	0.99975	0.00000	0.00000	0.00000	1.00000	-0.05021	-0.00112	0.19645	1	100.00
land_spinning	128	0.0002	0.0000	20.0408	-0.0446	1.2714	-466.0164	-0.02391	0.99971	-0.00042	-0.00001	0.00042	1.00000	-0.08531	-0.00192	0.07673	1	100.00
land_spinning	129	-0.0003	0.0106	16.0889	-0.0220	1.3995	-282.5826	-0.02455	0.99970	-0.00113	-0.00003	0.00113	1.00000	-2.15445	-0.05277	0.02318	1	100.00
land_spinning	130	-0.0002	0.0216	13.6674	-0.7378	30.5489	-100.0716	-0.02474	0.99951	-0.01909	-0.00047	0.01908	0.99982	-0.31001	-0.00753	0.01915	1	100.00
land_spinning	131	-0.0061	0.2745	12.7684	-0.6513	27.3337	-0.9963	-0.02490	0.99946	-0.02167	-0.00053	0.02166	0.99977	0.22016	0.00544	0.01578	1	100.00
land_spinning	132	-0.0154	0.4978	12.6940	-0.5732	24.1236	48.4080	-0.02503	0.99949	-0.01984	-0.00049	0.01983	0.99980	0.29550	0.00725	0.01300	1	100.00
land_spinning	133	-0.0248	0.7010	13.0256	0.1586	-5.0365	64.1624	-0.02514	0.99953	-0.01737	-0.00043	0.01737	0.99985	0.19646	0.00479	0.01072	1	100.00
land_spinning	134	-0.0187	0.6581	13.4970	0.0730	-2.0231	64.7755	-0.02523	0.99956	-0.01574	-0.00039	0.01573	0.99988	0.13942	0.00353	0.00316	1	100.00
land_spinning	135	-0.0194	0.6432	13.9720	0.0659	-1.9281	59.6866	-0.02526	0.99957	-0.01457	-0.00037	0.01457	0.99989	0.10325	0.00261	0.00094	1	100.00
land_spinning	136	-0.0195	0.6240	14.3996	0.0451	-1.3719	53.4669	-0.02527	0.99959	-0.01371	-0.00034	0.01371	0.99991	0.08158	0.00205	0.00028	1	100.00
land_spinning	137	-0.0197	0.6086	14.7778	0.0346	-1.1618	47.7435	-0.02527	0.99960	-0.01303	-0.00033	0.01303	0.99992	0.06553	0.00164	0.00008	1	100.00
land_spinning	138	-0.0197	0.6003	15.1101	0.0252	-0.9451	42.5448	-0.02527	0.99960	-0.01249	-0.00031	0.01248	0.99992	0.05341	0.00133	0.00002	1	100.00
land_spinning	139	-0.0198	0.5922	15.3968	0.0176	-0.7912	37.8832	-0.02527	0.99961	-0.01204	-0.00030	0.01204	0.99993	0.04407	0.00109	0.00001	1	100.00
land_spinning	140	-0.0199	0.5834	15.6480	0.0093	-0.6630	33.7297	-0.02527	0.99961	-0.01167	-0.00029	0.01167	0.99993	0.03672	0.00090	0.00000	1	100.00
land_spinning	141	-0.0200	0.5745	15.8633	0.0003	-0.5622	30.0590	-0.02527	0.99962	-0.01137	-0.00029	0.01137	0.99994	0.03084	0.00075	-0.00000	1	100.00
land_spinning	142	-0.0200	0.5653	16.0427	0.0003	-0.4776	26.8646	-0.02527	0.99962	-0.01111	-0.00028	0.01111	0.99994	0.02606	0.00063	-0.00000	1	100.00
land_spinning	143	-0.0200	0.5661	16.1961	0.0004	-0.4094	24.0986	-0.02527	0.99962	-0.01089	-0.00027	0.01089	0.99994	0.02213	0.00054	-0.00000	1	100.00
land_spinning	144	-0.0200	0.5667	16.3330	0.0004	-0.3512	21.6814	-0.02527	0.99962	-0.01071	-0.00027	0.01071	0.99994	0.01886	0.00045	-0.00000	1	100.00
land_spinning	145	-0.0200	0.5671	16.4430	0.0002	-0.2995	19.6167	-0.02527	0.99962	-0.01055	-0.00027	0.01055	0.99994	0.01612	0.00039	-0.00000	1	100.00
land_spinning	146	-0.0200	0.5676	16.5357	0.0004	-0.2603	17.8502	-0.02527	0.99963	-0.01042	-0.00026	0.01042	0.99995	0.01381	0.00033	-0.00000	1	100.00
land_spinning	147	-0.0200	0.5678	16.6210	0.0001	-0.2213	16.3213	-0.02527	0.99963	-0.01030	-0.00026	0.01030	0.99995	0.01185	0.00029	-0.00000	1	100.00
land_spinning	148	-0.0200	0.5682	16.6883	0.0002	-0.1918	15.0211	-0.02527	0.99963	-0.01020	-0.00026	0.01020	0.99995	0.01018	0.00024	-0.00000	1	100.00
land_spinning	149	-0.0200	0.5684	16.7475	0.0001	-0.1653	13.9079	-0.02527	0.99963	-0.01012	-0.00026	0.01012	0.99995	0.00876	0.00021	-0.00000	1	100.00
land_spinning	150	-0.0200	0.5687	16.7981	0.0002	-0.1436	12.9501	-0.02527	0.99963	-0.01005	-0.00025	0.01004	0.99995	0.00754	0.00018	-0.00000	1	100.00
land_spinning	151	-0.0200	0.5688	16.8402	0.0001	-0.1234	12.1414	-0.02527	0.99963	-0.00998	-0.00025	0.00998	0.99995	0.00650	0.00016	-0.00000	1	100.00
land_spinning	152	-0.0200	0.5690	16.8735	0.0001	-0.1067	11.4629	-0.02527	0.99963	-0.00993	-0.00025	0.00993	0.99995	0.00560	0.00013	-0.00000	1	100.00
land_spinning	153	-0.0200	0.5692	16.8978	0.0002	-0.0930	10.9081	-0.02527	0.99963	-0.00988	-0.00025	0.00988	0.99995	0.00482	0.00011	-0.00000	1	100.00
land_spinning	154	-0.0200	0.5692	16.9231	0.0001	-0.0792	10.4292	-0.02527	0.99963	-0.00984	-0.00025	0.00984	0.99995	0.00416	0.00010	-0.00000	1	100.00
land_spinning	155	-0.0200	0.5694	16.9391	0.0003	-0.0704	10.0426	-0.02527	0.99963	-0.00981	-0.00025	0.00981	0.99995	0.00359	0.00009	-0.00000	1	100.00
land_spinning	156	-0.0200	0.5694	16.9560	-0.0000	-0.0582	9.7191	-0.02527	0.99963	-0.00978	-0.00025	0.00978	0.99995	0.00310	0.00007	-0.00000	1	100.00
land_spinning	157	-0.0200	0.5696	16.9732	0.0003	-0.0530	9.4272	-0.02527	0.99963	-0.00975	-0.00025	0.00975	0.99995	0.00268	0.00006	-0.00000	1	100.00
land_spinning	158	-0.0200	0.5696	16.9808	0.0000	-0.0440	9.2023	-0.02527	0.99963	-0.00973	-0.00025	0.00973	0.99995	0.00231	0.00006	-0.00000	1	100.00
land_spinning	159	-0.0200	0.5697	16.9890	0.0001	-0.0388	9.0216	-0.02527	0.99963	-0.00971	-0.00025	0.00971	0.99995	0.00200	0.00005	-0.00000	1	100.00
land_spinning	160	-0.0200	0.5697	16.9975	0.0002	-0.0347	8.8662	-0.02527	0.99963	-0.00969	-0.00025	0.00969	0.99995	0.00173	0.00004	-0.00000	1	100.00
land_spinning	161	-0.0200	0.5697	17.0061	0.0001	-0.0289	8.7234	-0.02527	0.99963	-0.00968	-0.00024	0.00968	0.99995	0.00149	0.00004	-0.00000	1	100.00
land_spinning	162	-0.0200	0.5698	17.0150	0.0002	-0.0266	8.5933	-0.02527	0.99963	-0.00967	-0.00024	0.00966	0.99995	0.00130	0.00003	-0.00000	1	100.00
land_spinning	163	-0.0200	0.5698	17.0139	0.0001	-0.0223	8.5111	-0.02527	0.99963	-0.00966	-0.00024	0.00965	0.99995	0.00112	0.00003	-0.00000	1	100.00
land_spinning	164	-0.0200	0.5698	17.0132	0.0000	-0.0185	8.4606	-0.02527	0.99963	-0.00965	-0.00024	0.00964	0.99995	0.00097	0.00003	-0.00000	1	100.00
land_spinning	165	-0.0200	0.5699	17.0128	0.0002	-0.0179	8.4290	-0.02527	0.99963	-0.00965	-0.00024	0.00964	0.99995	0.00088	0.00002	-0.00000	1	100.00
land_spinning	166	-0.0200	0.5699	17.0125	0.0002	-0.0160	8.4037	-0.02527	0.99963	-0.00965	-0.00024	0.00964	0.99995	0.00083	0.00002	-0.00000	1	100.00
land_spinning	167	-0.0200	0.5699	17.0123	0.0001	-0.0149	8.3910	-0.02527	0.99963	-0.00965	-0.00024	0.00964	0.99995	0.00080	0.00002	-0.00000	1	100.00
land_spinning	168	-0.0200	0.5699	17.0122	0.0001	-0.0142	8.3847	-0.02527	0.99963	-0.00965	-0.00024	0.00964	0.99995	0.00078	0.00002	-0.00000	1	100.00
land_spinning	169	-0.0200	0.5699	17.0121	0.0001	-0.0138	8.3784	-0.02527	0.99963	-0.00965	-0.00024	0.00964	0.99995	0.00077	0.00002	-0.00000	1	100.00
land_spinning	170	-0.0200	0.5699	17.0121	0.0001	-0.0136	8.3721	-0.02527	0.99963	-0.00965	-0.00024	0.00964	0.99995	0.00076	0.00002	-0.00000	1	100.00
land_spinning	171	-0.0200	0.5699	17.0121	0.0001	-0.0135	8.3721	-0.02527	0.99963	-0.00965	-0.00024	0.00964	0.99995	0.00076	0.00002	-0.00000	1	100.00
land_spinning	172	-0.0200	0.5699	17.0121	0.0001	-0.0134	8.3721	-0.02527	0.99963	-0.00965	-0.00024	0.00964	0.99995	0.00076	0.00002	-0.00000	1	100.00
land_spinning	173	-0.0200	0.5699	17.0121	0.0001	-0.0134	8.3721	-0.02527	0.99963	-0.00965	-0.00024	0.00964	0.99995	0.00076	0.00002	-0.00000	1	100.00
land_spinning	174	-0.0200	0.5699	17.0121	0.0001	-0.0133	8.3721	-0.02527	0.99963	-0.00965	-0.00024	0.00964	0.99995	0.00075	0.00002	-0.00000	1	100.00
land_spinning	175	-0.0200	0.5699	17.0121	0.0001	-0.0133	8.3721	-0.02527	0.99963	-0.00965	-0.00024	0.00964	0.99995	0.00075	0.00002	-0.00000	1	100.00
land_spinning	176	-0.0200	0.5699	17.0121	0.0001	-0.0133	8.3721	-0.02527	0.99963	-0.00965	-0.00024	0.00964	0.99995	0.00075	0.00002	-0.00000	1	100.00
land_spinning	177	-0.0200	0.5699	17.0121	0.0001	-0.0133	8.3721	-0.02527	0.99963	-0.00965	-0.00024	0.00964	0.99995	0.00075	0.00002	-0.00000	1	100.00
land_spinning	178	-0.0200	0.5699	17.0121	0.0001	-0.0133	8.3721	-0.02527	0.99963	-0.00965	-0.00024	0.00964	0.99995	0.00075	0.00002	-0.00000	1	100.00
land_spinning	179	-0.0200	0.5699	17.0121	0.0001	-0.0133	8.3721	-0.02527	0.99963	-0.00965	-0.00024	0.00964	0.99995	0.00075	0.00002	-0.00000	1	100.00
wavedash_forward	0	-0.0000	-1189.1621	198.6823	-0.0000	1300.5565	-158.1260	-0.00000	1.00000	0.00000	0.00000	0.00000	1.00000	0.00000	0.00000	0.00000	0	100.00
wavedash_forward	1	-0.0000	-1178.3175	197.3172	-0.0000	1301.1063	-163.5377	-0.00000	1.00000	0.00000	0.00000	0.00000	1.00000	0.00000	0.00000	0.00000	0	100.00
wavedash_forward	2	-0.0000	-1167.4729	195.9121	-0.0000	1301.6565	-168.9477	-0.00000	1.00000	0.00000	0.00000	0.00000	1.00000	0.00000	0.00000	0.00000	0	100.00
wavedash_forward	3	-0.0000	-1156.6182	194.4570	-0.0000	1302.2065	-174.3577	-0.00000	1.00000	0.00000	0.00000	0.00000	1.00000	0.00000	0.00000	0.00000	0	100.00
wavedash_forward	4	-0.0000	-1145.7635	192.9619	-0.0000	1302.7563	-179.7677	-0.00000	1.00000	0.00000	0.00000	0.00000	1.00000	0.00000	0.00000	0.00000	0	100.00
wavedash_forward	5	-0.0000	-1134.8990	191.4169	-0.0000	1303.3065	-185.1777	-0.00000	1.00000	0.00000	0.00000	0.00000	1.00000	0.00000	0.00000	0.00000	0	100.00
wavedash_forward	6	-0.0000	-1124.0345	189.8318	-0.0000	1303.8563	-190.5877	-0.00000	1.00000	0.00000	0.00000	0.00000	1.00000	0.00000	0.00000	0.00000	0	100.00
wavedash_forward	7	-0.0000	-1113.1599	188.1967	-0.0000	1304.4065	-195.9977	-0.00000	1.00000	0.00000	0.00000	0.00000	1.00000	0.00000	0.00000	0.00000	0	100.00
wavedash_forward	8	-0.0000	-1102.2854	186.5216	-0.0000	1304.9565	-201.4077	-0.00000	1.00000	0.00000	0.00000	0.00000	1.00000	0.00000	0.00000	0.00000	0	100.00
wavedash_forward	9	-0.0000	-1091.4109	184.7965	-0.0000	1305.5065	-206.8177	-0.00000	1.00000	0.00000	0.00000	0.00000	1.00000	0.00000	0.00000	0.00000	0	100.00
wavedash_forward	10	-0.0000	-1080.5261	185.4620	-0.0000	1306.0565	79.4390	-0.00000	1.00000	0.00000	0.00000	0.00000	1.00000	0.00000	0.00000	0.00000	0	100.00
wavedash_forward	11	-0.0000	-1069.6416	186.0768	-0.0000	1306.6064	74.0143	-0.00000	1.00000	0.00000	0.00000	0.00000	1.00000	0.00000	0.00000	0.00000	0	100.00
wavedash_forward	12	-0.0000	-1058.7469	186.6516	-0.0000	1307.1565	68.5943	-0.00000	1.00000	0.00000	0.00000	0.00000	1.00000	0.00000	0.00000	0.00000	0	100.00
wavedash_forward	13	-0.0000	-1047.8524	187.1764	-0.0000	1307.7064	63.1743	-0.00000	1.00000	0.00000	0.00000	0.00000	1.00000	0.00000	0.00000	0.00000	0	100.00
wavedash_forward	14	-0.0000	-1036.9479	187.6613	-0.0000	1308.2565	57.7543	-0.00000	1.00000	0.00000	0.00000	0.00000	1.00000	0.00000	0.00000	0.00000	0	100.00
wavedash_forward	15	-0.0000	-1026.0432	188.0961	-0.0000	1308.8064	52.3343	-0.00000	1.00000	0.00000	0.00000	0.00000	1.00000	0.00000	0.00000	0.00000	0	100.00
wavedash_forward	16	-0.0000	-1015.1287	188.4910	-0.0000	1309.3564	46.9143	-0.00000	1.00000	0.00000	0.00000	0.00000	1.00000	0.00000	0.00000	0.00000	0	100.00
wavedash_forward	17	-0.0000	-1004.2141	188.8358	-0.0000	1309.9065	41.4943	-0.00000	1.00000	0.00000	0.00000	0.00000	1.00000	0.00000	0.00000	0.00000	0	100.00
wavedash_forward	18	-0.0000	-993.2896	189.1406	-0.0000	1310.4564	36.0743	-0.00000	1.00000	0.00000	0.00000	0.00000	1.00000	0.00000	0.00000	0.00000	0	100.00
wavedash_forward	19	-0.0000	-982.3649	189.3954	-0.0000	1311.0065	30.6543	-0.00000	1.00000	0.00000	0.00000	0.00000	1.00000	0.00000	0.00000	0.00000	0	100.00
wavedash_forward	20	-0.0000	-971.4303	189.6103	-0.0000	1311.5564	25.2343	-0.00000	1.00000	0.00000	0.00000	0.00000	1.00000	0.00000	0.00000	0.00000	0	100.00
wavedash_forward	21	-0.0000	-960.4957	189.7751	-0.0000	1312.1064	19.8143	-0.00000	1.00000	0.00000	0.00000	0.00000	1.00000	0.00000	0.00000	0.00000	0	100.00
wavedash_forward	22	-0.0000	-949.5611	189.8999	-0.0000	1312.6564	14.3943	-0.00000	1.00000	0.00000	0.00000	0.00000	1.00000	0.00000	0.00000	0.00000	0	100.00
wavedash_forward	23	-0.0000	-938.6166	189.9748	-0.0000	1313.2065	8.9743	-0.00000	1.00000	0.00000	0.00000	0.00000	1.00000	0.00000	0.00000	0.00000	0	100.00
wavedash_forward	24	-0.0000	-927.6720	189.9996	-0.0000	1313.7563	3.5543	-0.00000	1.00000	0.00000	0.00000	0.00000	1.00000	0.00000	0.00000	0.00000	0	100.00
wavedash_forward	25	-0.0000	-916.7174	189.9845	-0.0000	1314.3064	-1.8657	-0.00000	1.00000	0.00000	0.00000	0.00000	1.00000	0.00000	0.00000	0.00000	0	100.00
wavedash_forward	26	-0.0000	-905.7628	189.9194	-0.0000	1314.8564	-7.2777	-0.00000	1.00000	-0.00087	-0.00000	0.00087	1.00000	-0.10386	-0.00000	0.00000	0	100.00
wavedash_forward	27	-0.0000	-894.7983	189.8143	-0.0000	1315.4064	-12.6881	-0.00000	1.00000	-0.00260	-0.00000	0.00260	1.00000	-0.20773	-0.00000	0.00000	0	100.00
wavedash_forward	28	-0.0000	-883.8337	189.6592	-0.0000	1315.9565	-18.0991	-0.00000	0.99999	-0.00519	-0.00000	0.00519	0.99999	-0.31159	-0.00000	0.00000	0	100.00
wavedash_forward	29	-0.0000	-872.8591	189.4641	-0.0000	1316.5063	-23.5106	-0.00000	0.99996	-0.00866	-0.00000	0.00866	0.99996	-0.41545	-0.00000	0.00000	0	100.00
wavedash_forward	30	-0.0000	-861.8845	189.2189	-0.0000	1317.0565	-28.9325	-0.00000	0.99992	-0.01298	-0.00000	0.01298	0.99992	-0.51931	-0.00000	0.00000	0	100.00
wavedash_forward	31	-0.0000	-850.9000	188.9337	-0.0000	1317.6063	-34.3549	-0.00000	0.99983	-0.01817	-0.00000	0.01817	0.99983	-0.62317	-0.00000	0.00000	0	100.00
wavedash_forward	32	-0.0000	-839.9153	188.5985	-0.0000	1318.1564	-39.7778	-0.00000	0.99971	-0.02423	-0.00000	0.02423	0.99971	-0.72704	-0.00000	0.00000	0	100.00
wavedash_forward	33	-0.0000	-828.9308	188.2233	-0.0000	1318.7064	-45.2011	-0.00000	0.99951	-0.03115	-0.00000	0.03115	0.99951	-0.83090	-0.00000	0.00000	0	100.00
wavedash_forward	34	-0.0000	-817.9362	187.7980	-0.0000	1319.2562	-50.6350	-0.00000	0.99924	-0.03894	-0.00000	0.03894	0.99924	-0.93476	-0.00000	0.00000	0	100.00
wavedash_forward	35	-0.0000	-806.9416	187.3328	-0.0000	1319.8062	-56.0693	-0.00000	0.99887	-0.04759	-0.00000	0.04759	0.99887	-1.03862	-0.00000	0.00000	0	100.00
wavedash_forward	36	-0.0000	-795.9370	186.8175	-0.0000	1320.3558	-61.5041	-0.00000	0.99837	-0.05709	-0.00000	0.05709	0.99837	-1.14248	-0.00000	0.00000	0	100.00
wavedash_forward	37	-0.0000	-784.9324	186.2621	-0.0000	1320.9056	-66.9494	-0.00000	0.99772	-0.06746	-0.00000	0.06746	0.99772	-1.24635	-0.00000	0.00000	0	100.00
wavedash_forward	38	-0.0000	-773.9178	185.6567	-0.0000	1321.4553	-72.3951	-0.00000	0.99690	-0.07868	-0.00000	0.07868	0.99690	-1.35021	-0.00000	0.00000	0	100.00
wavedash_forward	39	-0.0000	-762.9033	185.0112	-0.0000	1322.0046	-77.8514	-0.00000	0.99587	-0.09075	-0.00000	0.09075	0.99587	-1.45407	-0.00000	0.00000	0	100.00
wavedash_forward	40	-0.0000	-751.8787	184.3157	-0.0000	1322.5542	-83.3181	-0.00000	0.99461	-0.10368	-0.00000	0.10368	0.99461	-1.55793	-0.00000	0.00000	0	100.00
wavedash_forward	41	-0.0000	-740.8541	183.5801	-0.0000	1323.1034	-88.7853	-0.00000	0.99308	-0.11744	-0.00000	0.11744	0.99308	-1.66179	-0.00000	0.00000	0	100.00
wavedash_forward	42	-0.0000	-729.8195	182.7945	-0.0000	1323.6526	-94.2629	-0.00000	0.99124	-0.13204	-0.00000	0.13204	0.99124	-1.76566	-0.00000	0.00000	0	100.00
wavedash_forward	43	-0.0000	-718.7850	181.9587	-0.0000	1324.2015	-99.7510	-0.00000	0.98907	-0.14746	-0.00000	0.14746	0.98907	-1.86952	-0.00000	0.00000	0	100.00
wavedash_forward	44	-0.0000	-707.7404	181.0829	-0.0000	1324.7504	-105.2496	-0.00000	0.98651	-0.16371	-0.00000	0.16371	0.98651	-1.97338	-0.00000	0.00000	0	100.00
wavedash_forward	45	-0.0000	-696.6958	180.1571	-0.0000	1325.2990	-110.7486	-0.00000	0.98353	-0.18076	-0.00000	0.18076	0.98353	-2.07724	-0.00000	0.00000	0	100.00
wavedash_forward	46	-0.0000	-685.6514	179.1912	-0.0000	1325.8373	-116.2581	-0.00000	0.98008	-0.19861	-0.00000	0.19861	0.98008	-2.18110	-0.00000	0.00000	0	100.00
wavedash_forward	47	-0.0000	-674.5969	178.1752	-0.0000	1326.3754	-121.7780	-0.00000	0.97612	-0.21723	-0.00000	0.21723	0.97612	-2.28497	-0.00000	0.00000	0	100.00
wavedash_forward	48	-0.0000	-663.5424	177.1191	-0.0000	1326.9132	-127.3083	-0.00000	0.97160	-0.23662	-0.00000	0.23662	0.97160	-2.38883	-0.00000	0.00000	0	100.00
wavedash_forward	49	-0.0000	-652.4779	176.0129	-0.0000	1327.4507	-132.8491	-0.00000	0.96648	-0.25675	-0.00000	0.25675	0.96648	-2.49269	-0.00000	0.00000	0	100.00
wavedash_forward	50	-0.0000	-641.4134	174.8566	-0.0000	1327.9879	-138.4003	-0.00000	0.96070	-0.27760	-0.00000	0.27760	0.96070	-2.59655	-0.00000	0.00000	0	100.00
wavedash_forward	51	-0.0000	-630.3390	173.6602	-0.0000	1328.5145	-143.9719	-0.00000	0.95421	-0.29915	-0.00000	0.29915	0.95421	-2.70041	-0.00000	0.00000	0	100.00
wavedash_forward	52	-0.0000	-619.2646	172.4137	-0.0000	1329.0411	-149.5539	-0.00000	0.94696	-0.32136	-0.00000	0.32136	0.94696	-2.80428	-0.00000	0.00000	0	100.00
wavedash_forward	53	-0.0000	-608.1802	171.1171	-0.0000	1329.5669	-155.1462	-0.00000	0.93889	-0.34421	-0.00000	0.34421	0.93889	-2.90814	-0.00000	0.00000	0	100.00
wavedash_forward	54	-0.0000	-597.0959	169.7804	-0.0000	1330.0824	-160.7489	-0.00000	0.92996	-0.36767	-0.00000	0.36767	0.92996	-3.01200	-0.00000	0.00000	0	100.00
wavedash_forward	55	-0.0000	-586.0117	168.3936	-0.0000	1330.5975	-166.3619	-0.00000	0.92010	-0.39169	-0.00000	0.39169	0.92010	-3.11586	-0.00000	0.00000	0	100.00
wavedash_forward	56	-0.0000	-574.9175	166.9567	-0.0000	1331.1021	-171.9953	-0.00000	0.90926	-0.41623	-0.00000	0.41623	0.90926	-3.21972	-0.00000	0.00000	0	100.00
wavedash_forward	57	-0.0000	-563.8232	165.4797	-0.0000	1331.6061	-177.6389	-0.00000	0.89738	-0.44125	-0.00000	0.44125	0.89738	-3.32359	-0.00000	0.00000	0	100.00
wavedash_forward	58	-0.0000	-552.7192	163.9526	-0.0000	1332.0995	-183.2928	-0.00000	0.88442	-0.46670	-0.00000	0.46670	0.88442	-3.42745	-0.00000	0.00000	0	100.00
wavedash_forward	59	-0.0000	-541.6151	162.3753	-0.0000	1332.5823	-188.9669	-0.00000	0.87030	-0.49252	-0.00000	0.49252	0.87030	-3.53131	-0.00000	0.00000	0	100.00
wavedash_forward	60	-0.0000	-530.5111	160.7579	-0.0000	1333.0645	-194.6513	-0.00000	0.85498	-0.51865	-0.00000	0.51865	0.85498	-3.63517	-0.00000	0.00000	0	100.00
wavedash_forward	61	-0.0000	-519.3972	159.0903	-0.0000	1333.5359	-200.3558	-0.00000	0.83841	-0.54504	-0.00000	0.54504	0.83841	-3.73903	-0.00000	0.00000	0	100.00
wavedash_forward	62	-0.0000	-508.2834	157.3727	-0.0000	1333.9968	-206.0705	-0.00000	0.82053	-0.57160	-0.00000	0.57160	0.82053	-3.84290	-0.00000	0.00000	0	100.00
wavedash_forward	63	-0.0000	-497.1596	155.6049	-0.0000	1334.4468	-211.8052	-0.00000	0.80129	-0.59828	-0.00000	0.59828	0.80129	-3.94676	-0.00000	0.00000	0	100.00
wavedash_forward	64	-0.0000	-486.0360	153.7871	-0.0000	1334.8861	-217.5500	-0.00000	0.78064	-0.62498	-0.00000	0.62498	0.78064	-4.05062	-0.00000	0.00000	0	100.00
wavedash_forward	65	-0.0000	-474.9124	151.9290	-0.0000	1335.3147	-223.3149	-0.00000	0.75854	-0.65162	-0.00000	0.65162	0.75854	-4.15448	-0.00000	0.00000	0	100.00
wavedash_forward	66	-0.0000	-463.7789	150.0209	-0.0000	1335.7323	-229.0897	-0.00000	0.73495	-0.67813	-0.00000	0.67813	0.73495	-4.25834	-0.00000	0.00000	0	100.00
wavedash_forward	67	-0.0000	-452.6455	148.0627	-0.0000	1336.1392	-234.8744	-0.00000	0.70981	-0.70439	-0.00000	0.70439	0.70981	-4.36221	-0.00000	0.00000	0	100.00
wavedash_forward	68	-0.0000	-441.5122	146.0543	-0.0000	1336.5253	-240.6790	-0.00000	0.68311	-0.73031	-0.00000	0.73031	0.68311	-4.46607	-0.00000	0.00000	0	100.00
wavedash_forward	69	-0.0000	-430.3692	143.9959	-0.0000	1336.9004	-246.4934	-0.00000	0.65481	-0.75579	-0.00000	0.75579	0.65481	-4.56993	-0.00000	0.00000	0	100.00
wavedash_forward	70	-0.0000	-419.2261	141.8973	-0.0000	1337.2648	-252.3276	-0.00000	0.62489	-0.78072	-0.00000	0.78072	0.62489	-4.67379	-0.00000	0.00000	0	100.00
wavedash_forward	71	-0.0000	-408.0833	139.7486	-0.0000	1337.6080	-258.1714	-0.00000	0.59332	-0.80497	-0.00000	0.80497	0.59332	-4.77765	-0.00000	0.00000	0	100.00
wavedash_forward	72	-0.0000	-396.9305	137.5497	-0.0000	1337.9305	-264.0349	-0.00000	0.56009	-0.82843	-0.00000	0.82843	0.56009	-4.88152	-0.00000	0.00000	0	100.00
wavedash_forward	73	-0.0000	-385.7780	135.3008	-0.0000	1338.2421	-269.9079	-0.00000	0.52520	-0.85098	-0.00000	0.85098	0.52520	-4.98538	-0.00000	0.00000	0	100.00
wavedash_forward	74	-0.0000	-374.6255	133.0018	-0.0000	1338.5327	-275.7904	-0.00000	0.48865	-0.87248	0.00000	0.87248	0.48865	-5.08924	-0.00000	0.00000	0	100.00
wavedash_forward	75	-0.0000	-363.4733	130.6526	-0.0000	1338.8025	-281.6924	-0.00000	0.45044	-0.89281	-0.00000	0.89281	0.45044	-5.19310	-0.00000	0.00000	0	100.00
wavedash_forward	76	-0.0000	-352.3112	128.2533	-0.0000	1339.0511	-287.6037	-0.00000	0.41061	-0.91181	-0.00000	0.91181	0.41061	-5.29696	-0.00000	0.00000	0	100.00
wavedash_forward	77	-0.0000	-341.1493	125.8040	-0.0000	1339.2789	-293.5242	-0.00000	0.36917	-0.92936	-0.00000	0.92936	0.36917	-5.40083	-0.00000	0.00000	0	100.00
wavedash_forward	78	-0.0000	-329.9877	123.3045	-0.0000	1339.4761	-299.4540	-0.00000	0.32616	-0.94531	0.00000	0.94531	0.32616	-5.50469	-0.00000	0.00000	0	100.00
wavedash_forward	79	-0.0000	-318.8262	120.7551	-0.0000	1339.6521	-305.3928	-0.00000	0.28168	-0.95951	0.00000	0.95951	0.28168	-5.60386	-0.00000	0.00000	0	100.00
wavedash_forward	80	-0.0000	-307.6649	118.1655	-0.0000	1339.8075	-311.3407	-0.00000	0.23658	-0.97161	0.00000	0.97161	0.23658	-5.60386	-0.00000	0.00000	0	100.00
wavedash_forward	81	-0.0000	-296.4939	115.5259	-0.0000	1339.9323	-317.2975	-0.00000	0.19096	-0.98160	0.00000	0.98160	0.19096	-5.60386	-0.00000	0.00000	0	100.00
wavedash_forward	82	-0.0000	-285.3230	112.8362	-0.0000	1340.0370	-323.2530	-0.00000	0.14493	-0.98944	0.00000	0.98944	0.14493	-5.60386	-0.00000	0.00000	0	100.00
wavedash_forward	83	-0.0000	-274.1524	110.0965	-0.0000	1340.1115	-329.2174	-0.00000	0.09859	-0.99513	0.00000	0.99513	0.09859	-5.60386	-0.00000	0.00000	0	100.00
wavedash_forward	84	-0.0000	-262.9819	107.3068	-0.0000	1340.1658	-335.1805	-0.00000	0.05202	-0.99865	0.00000	0.99865	0.05202	-5.60386	-0.00000	0.00000	0	100.00
wavedash_forward	85	-0.0000	-251.8118	104.4671	-0.0000	1340.1897	-341.1525	-0.00000	0.00535	-0.99999	0.00000	0.99999	0.00535	-5.60386	-0.00000	0.00000	0	100.00
wavedash_forward	86	-0.0000	-240.6418	101.5773	-0.0000	1340.1838	-347.1232	-0.00000	-0.04134	-0.99915	0.00000	0.99915	-0.04134	-5.60386	0.00000	0.00000	0	100.00
wavedash_forward	87	-0.0000	-229.4720	98.6376	-0.0000	1340.1578	-353.0927	-0.00000	-0.08794	-0.99613	0.00000	0.99613	-0.08794	-5.60386	0.00000	0.00000	0	100.00
wavedash_forward	88	-0.0000	-218.3025	95.6478	-0.0000	1340.1021	-359.0611	-0.00000	-0.13434	-0.99094	0.00000	0.99094	-0.13434	-5.60386	0.00000	0.00000	0	100.00
wavedash_forward	89	-0.0000	-207.1331	92.6081	-0.0000	1340.0262	-365.0282	-0.00000	-0.18045	-0.98358	0.00000	0.98358	-0.18045	-5.60386	0.00000	0.00000	0	100.00
wavedash_forward	90	-0.0000	-195.9640	89.5185	-0.0000	1339.9207	-370.9841	-0.00000	-0.22617	-0.97409	0.00000	0.97409	-0.22617	-5.60386	0.00000	0.00000	0	100.00
wavedash_forward	91	-0.0000	-184.7950	86.3788	-0.0000	1339.7952	-376.9388	-0.00000	-0.27140	-0.96247	0.00000	0.96247	-0.27140	-5.60386	0.00000	0.00000	0	100.00
wavedash_forward	92	-0.0000	-173.6363	83.1893	-0.0000	1339.6400	-382.8824	-0.00000	-0.31603	-0.94875	0.00000	0.94875	-0.31603	-5.60386	0.00000	0.00000	0	100.00
wavedash_forward	93	0.0000	-163.1730	82.2673	0.0000	1256.0370	-110.7300	0.04405	-0.37802	-0.92475	0.08187	0.92390	-0.37377	-7.75849	-8.37724	-7.39528	0	100.00
wavedash_forward	94	-0.1264	-153.1227	84.4923	-15.1648	1205.6692	57.1768	0.02852	-0.41173	-0.91086	0.06282	0.91017	-0.40945	-4.62299	2.11706	1.17732	0	100.00
wavedash_forward	95	-0.2562	-143.0747	85.5349	-15.1452	1205.4320	50.4150	0.01586	-0.44262	-0.89657	0.05128	0.89586	-0.44136	-4.15460	1.77118	0.52538	0	100.00
wavedash_forward	96	-0.3861	-133.0268	85.9431	-15.1322	1205.1851	43.6629	0.00487	-0.47014	-0.88258	0.04648	0.88174	-0.46943	-3.71272	1.41956	-0.09565	0	100.00
wavedash_forward	97	-0.5161	-122.9890	86.2477	-15.1283	1204.9197	36.9207	-0.00564	-0.49419	-0.86934	0.04722	0.86825	-0.49388	-3.29520	1.06292	-0.68593	0	100.00
wavedash_forward	98	-0.6460	-112.9514	86.5016	-15.1241	1204.6362	30.1880	-0.01594	-0.51494	-0.85708	0.05322	0.85553	-0.51500	-2.90026	0.70235	-1.24628	0	100.00
wavedash_forward	99	-0.7761	-102.9138	86.6955	-15.1299	1204.3448	23.4548	-0.02610	-0.53256	-0.84599	0.06432	0.84363	-0.53306	-2.52607	0.33889	-1.77762	0	100.00
wavedash_forward	100	-0.9061	-92.8763	86.8394	-15.1355	1204.0452	16.7310	-0.03618	-0.54718	-0.83623	0.08037	0.83248	-0.54820	-2.17075	-0.02653	-2.28097	0	100.00
wavedash_forward	101	-1.0363	-82.8489	86.9304	-15.1511	1203.7368	10.8498	-0.04646	-0.56216	-0.82572	0.09551	0.82033	-0.56386	-2.27267	0.01222	-2.20635	0	100.00
wavedash_forward	102	-1.1665	-72.8215	86.9714	-15.1768	1203.4186	4.9656	-0.05696	-0.57746	-0.81443	0.10974	0.80719	-0.58001	-2.37397	0.05267	-2.13528	0	100.00
wavedash_forward	103	-1.2967	-62.7942	86.9624	-15.2026	1203.0900	-0.9081	-0.06768	-0.59306	-0.80231	0.12306	0.79305	-0.59660	-2.47463	0.09475	-2.06764	0	100.00
wavedash_forward	104	-1.4270	-52.7670	86.9036	-15.2386	1202.7615	-6.7634	-0.07863	-0.60892	-0.78933	0.13548	0.77791	-0.61360	-2.57465	0.13841	-2.00333	0	100.00
wavedash_forward	105	-1.5573	-42.7498	86.7949	-15.2747	1202.4227	-12.6162	-0.08982	-0.62499	-0.77545	0.14699	0.76175	-0.63097	-2.67403	0.18359	-1.94227	0	100.00
wavedash_forward	106	-1.6877	-32.7327	86.6362	-15.3209	1202.0737	-18.4585	-0.10123	-0.64124	-0.76064	0.15759	0.74458	-0.64867	-2.77277	0.23021	-1.88436	0	100.00
wavedash_forward	107	-1.8181	-22.7157	86.4376	-15.3772	1201.7147	-24.2902	-0.11288	-0.65761	-0.74485	0.16728	0.72637	-0.66664	-2.87087	0.27822	-1.82952	0	100.00
wavedash_forward	108	-1.9486	-12.7088	86.1890	-15.4337	1201.3456	-30.1215	-0.12476	-0.67407	-0.72806	0.17605	0.70711	-0.68484	-2.96833	0.32755	-1.77765	0	100.00
wavedash_forward	109	-2.0792	-2.7019	85.8905	-15.5003	1200.9664	-35.9421	-0.13685	-0.69056	-0.71021	0.18390	0.68678	-0.70321	-3.06516	0.37815	-1.72869	0	100.00
wavedash_forward	110	-2.2098	7.3048	85.5421	-15.5770	1200.5773	-41.7522	-0.14916	-0.70701	-0.69129	0.19083	0.66539	-0.72170	-3.16136	0.42994	-1.68254	0	100.00
wavedash_forward	111	-2.3404	17.3015	85.1437	-15.6539	1200.1781	-47.5517	-0.16167	-0.72338	-0.67125	0.19683	0.64290	-0.74023	-3.25693	0.48287	-1.63916	0	100.00
wavedash_forward	112	-2.4712	27.2981	84.6955	-15.7408	1199.7690	-53.3406	-0.17437	-0.73960	-0.65007	0.20188	0.61930	-0.75875	-3.35189	0.53687	-1.59845	0	100.00
wavedash_forward	113	-2.6020	37.2946	84.2073	-15.8379	1199.3501	-59.1188	-0.18725	-0.75560	-0.62770	0.20598	0.59460	-0.77719	-3.44625	0.59188	-1.56036	0	100.00
wavedash_forward	114	-2.7328	47.2811	83.6694	-15.9350	1198.9312	-64.8764	-0.20027	-0.77131	-0.60413	0.20913	0.56876	-0.79547	-3.54001	0.64785	-1.52482	0	100.00
wavedash_forward	115	-2.8637	57.2675	83.0815	-16.0423	1198.5023	-70.6233	-0.21343	-0.78665	-0.57933	0.21131	0.54179	-0.81352	-3.63319	0.70470	-1.49177	0	100.00
wavedash_forward	116	-2.9947	67.2539	82.4437	-16.1596	1198.0638	-76.3595	-0.22670	-0.80156	-0.55327	0.21251	0.51367	-0.83125	-3.72580	0.76239	-1.46114	0	100.00
wavedash_forward	117	-3.1256	77.2301	81.7560	-16.2769	1197.6156	-82.0750	-0.24005	-0.81594	-0.52594	0.21272	0.48441	-0.84859	-3.81785	0.82085	-1.43289	0	100.00
wavedash_forward	118	-3.2667	87.2063	81.0285	-16.4044	1197.1577	-87.7799	-0.25345	-0.82972	-0.49733	0.21194	0.45399	-0.86543	-3.90936	0.88003	-1.40696	0	100.00
wavedash_forward	119	-3.4078	97.1824	80.2511	-16.5418	1196.6901	-93.4640	-0.26687	-0.84280	-0.46741	0.21015	0.42244	-0.88169	-4.00033	0.93987	-1.38329	0	100.00
wavedash_forward	120	-3.5491	107.1485	79.4239	-16.6893	1196.2225	-99.1373	-0.28027	-0.85510	-0.43618	0.20734	0.38974	-0.89728	-4.09080	1.00032	-1.36183	0	100.00
wavedash_forward	121	-3.6903	117.1145	78.5467	-16.8367	1195.7458	-104.7900	-0.29362	-0.86652	-0.40365	0.20351	0.35592	-0.91209	-4.18076	1.06131	-1.34252	0	100.00
wavedash_forward	122	-3.8316	127.0705	77.6298	-16.9941	1195.2595	-110.4219	-0.30687	-0.87697	-0.36982	0.19865	0.32099	-0.92602	-4.27025	1.12280	-1.32533	0	100.00
wavedash_forward	123	-3.9730	137.0264	76.6630	-17.1615	1194.7638	-116.0431	-0.31997	-0.88634	-0.33469	0.19275	0.28497	-0.93896	-4.35927	1.18473	-1.31020	0	100.00
wavedash_forward	124	-4.1145	146.9822	75.6463	-17.3388	1194.2686	-121.6436	-0.33289	-0.89454	-0.29829	0.18581	0.24790	-0.95080	-4.44784	1.24706	-1.29708	0	100.00
wavedash_forward	125	-4.2560	156.9280	74.5898	-17.5159	1193.7640	-127.2234	-0.34556	-0.90147	-0.26064	0.17783	0.20981	-0.96144	-4.53598	1.30972	-1.28593	0	100.00
wavedash_forward	126	-4.4075	166.8738	73.4835	-17.7030	1193.2603	-132.7824	-0.35795	-0.90703	-0.22176	0.16880	0.17073	-0.97075	-4.62372	1.37268	-1.27671	0	100.00
wavedash_forward	127	-4.5592	176.8096	72.3273	-17.8999	1192.7571	-138.3209	-0.36998	-0.91110	-0.18171	0.15873	0.13073	-0.97863	-4.71106	1.43588	-1.26937	0	100.00
wavedash_forward	128	-4.7108	186.7454	71.1313	-18.0965	1192.2448	-143.8386	-0.38160	-0.91358	-0.14053	0.14762	0.08985	-0.98495	-4.79803	1.49928	-1.26387	0	100.00
wavedash_forward	129	-4.8625	196.6811	69.8856	-18.3030	1191.7334	-149.3257	-0.39276	-0.91438	-0.09828	0.13549	0.04817	-0.98961	-4.88464	1.56282	-1.26016	0	100.00
wavedash_forward	130	-5.0143	206.6068	68.6001	-18.5192	1191.2229	-154.7923	-0.40338	-0.91338	-0.05502	0.12233	0.00576	-0.99247	-4.97093	1.62646	-1.25821	0	100.00
wavedash_forward	131	-5.1661	216.5326	67.2647	-18.7351	1190.7135	-160.2382	-0.41340	-0.91048	-0.01083	0.10818	-0.03730	-0.99343	-5.05689	1.69017	-1.25797	0	100.00
wavedash_forward	132	-5.3280	226.4484	65.8796	-18.9607	1190.2051	-165.6537	-0.42277	-0.90559	0.03420	0.09305	-0.08091	-0.99237	-5.14257	1.75389	-1.25941	0	100.00
wavedash_forward	133	-5.4900	236.3642	64.4546	-19.1959	1189.6979	-171.0487	-0.43128	-0.89872	0.07936	0.07717	-0.12438	-0.98923	-5.15664	1.79293	-1.24511	0	100.00
wavedash_forward	134	-5.6519	246.2699	62.9799	-19.4306	1189.1917	-176.4136	-0.43888	-0.88990	0.12436	0.06068	-0.16744	-0.98401	-5.15030	1.82402	-1.22785	0	100.00
wavedash_forward	135	-5.8140	256.1758	61.4653	-19.6748	1188.6965	-181.7586	-0.44555	-0.87914	0.16911	0.04363	-0.21000	-0.97673	-5.14364	1.85397	-1.21241	0	100.00
wavedash_forward	136	-5.9760	266.0817	59.9111	-19.9185	1188.2025	-187.0737	-0.45127	-0.86647	0.21352	0.02606	-0.25196	-0.96739	-5.13673	1.88281	-1.19866	0	100.00
wavedash_forward	137	-6.1480	275.9776	58.3069	-20.1617	1187.7195	-192.3690	-0.45602	-0.85191	0.25748	0.00805	-0.29325	-0.95600	-5.12962	1.91055	-1.18651	0	100.00
wavedash_forward	138	-6.3201	285.8737	56.6630	-20.4143	1187.2377	-197.6346	-0.45978	-0.83550	0.30089	-0.01035	-0.33377	-0.94260	-5.12237	1.93719	-1.17583	0	100.00
wavedash_forward	139	-6.4477	295.2698	56.9052	-15.3260	1127.9832	-6.1282	-0.45497	-0.82942	0.32414	-0.06766	-0.33074	-0.94129	0.15882	6.55728	-1.77734	0	100.00
wavedash_forward	140	-6.5798	304.6660	56.8084	-15.5738	1127.5201	-12.1909	-0.45010	-0.82380	0.34463	-0.10746	-0.33316	-0.93673	-0.41918	4.66695	-1.18115	0	100.00
wavedash_forward	141	-6.7118	314.0622	56.6579	-15.8211	1127.0632	-18.2495	-0.44430	-0.81757	0.36632	-0.14164	-0.33964	-0.92983	-0.95525	4.06585	-0.91274	0	100.00
wavedash_forward	142	-6.8427	323.4414	56.4812	-15.9233	1125.7704	-21.4585	-0.43743	-0.81077	0.38899	-0.17112	-0.34961	-0.92113	-1.40242	3.58079	-0.64894	0	100.00
wavedash_forward	143	-6.9696	332.7870	56.3545	-15.5563	1121.6416	-15.0558	-0.42895	-0.80393	0.41194	-0.19841	-0.36104	-0.91120	-1.58273	3.40720	-0.43001	0	100.00
wavedash_forward	144	-7.0601	341.9569	56.7783	-10.8148	1100.0293	51.4005	-0.43141	-0.79265	0.43081	-0.19730	-0.38308	-0.90240	-2.96874	-0.24585	-0.23974	0	100.00
wavedash_forward	145	-7.1551	351.0023	57.5612	-11.4087	1085.0787	93.7446	-0.42956	-0.78373	0.44860	-0.20467	-0.39934	-0.89366	-2.22190	0.89135	-0.21538	0	100.00
wavedash_forward	146	-7.2566	360.0292	58.3225	-11.5875	1083.5078	91.5030	-0.42686	-0.77393	0.46778	-0.20891	-0.41889	-0.88368	-2.62451	0.60114	0.06147	0	100.00
wavedash_forward	147	-7.3572	369.0257	59.1324	-11.6608	1079.4822	97.4854	-0.42268	-0.76362	0.48808	-0.21209	-0.44025	-0.87247	-2.84885	0.57843	0.29329	0	100.00
wavedash_forward	148	-7.4575	377.9927	59.9908	-11.7017	1075.5238	103.2963	-0.41700	-0.75258	0.50964	-0.21414	-0.46358	-0.85979	-3.10209	0.56075	0.53067	0	100.00
wavedash_forward	149	-7.5575	386.9205	60.8969	-11.7036	1071.6600	108.8258	-0.40981	-0.74054	0.53260	-0.21495	-0.48904	-0.84536	-3.38846	0.54561	0.77468	0	100.00
wavedash_forward	150	-7.6572	395.8195	61.8493	-11.6694	1067.9460	113.9126	-0.40112	-0.72715	0.55710	-0.21434	-0.51678	-0.82885	-3.71268	0.52948	1.02659	0	100.00
wavedash_forward	151	-7.7567	404.6904	62.8360	-11.6041	1064.4437	118.3230	-0.39099	-0.71201	0.58324	-0.21209	-0.54693	-0.80987	-4.07968	0.50731	1.28783	0	100.00
wavedash_forward	152	-7.8561	413.5338	63.8543	-11.5347	1061.2633	121.7166	-0.37950	-0.69465	0.61110	-0.20791	-0.57958	-0.78795	-4.49398	0.47218	1.55978	0	100.00
wavedash_forward	153	-7.9557	422.3512	64.8801	-11.4810	1058.5460	123.6122	-0.36681	-0.67452	0.64068	-0.20142	-0.61477	-0.76256	-4.95858	0.41469	1.84351	0	100.00
wavedash_forward	154	-8.0557	431.1541	65.9079	-11.4850	1056.4879	123.3507	-0.35324	-0.65100	0.67188	-0.19213	-0.65239	-0.73313	-5.47287	0.32240	2.13902	0	100.00
wavedash_forward	155	-8.1573	439.9510	66.8890	-11.6772	1056.1194	117.4743	-0.34037	-0.62516	0.70237	-0.17973	-0.68994	-0.70120	-5.68149	0.09414	2.31715	0	100.00
wavedash_forward	156	-8.2588	448.7480	67.8201	-11.8601	1055.7637	111.6112	-0.32877	-0.59793	0.73102	-0.16500	-0.72578	-0.66785	-5.67749	-0.10270	2.39724	0	100.00
wavedash_forward	157	-8.3604	457.5452	68.7014	-12.0436	1055.4288	105.7671	-0.31842	-0.56937	0.75791	-0.14835	-0.75974	-0.63308	-5.67144	-0.26139	2.46054	0	100.00
wavedash_forward	158	-8.4618	466.3425	69.5328	-12.2179	1055.1045	99.9321	-0.30931	-0.53954	0.78308	-0.13015	-0.79170	-0.59688	-5.66708	-0.38742	2.50825	0	100.00
wavedash_forward	159	-8.5632	475.1300	70.3143	-12.3828	1054.8011	94.1160	-0.30143	-0.50847	0.80660	-0.11072	-0.82156	-0.55927	-5.66662	-0.48607	2.54157	0	100.00
wavedash_forward	160	-8.6646	483.9176	71.0459	-12.5485	1054.5184	88.3091	-0.29475	-0.47619	0.82847	-0.09035	-0.84922	-0.52026	-5.67116	-0.56223	2.56176	0	100.00
wavedash_forward	161	-8.7659	492.7054	71.7445	-12.7048	1054.2465	83.3446	-0.28948	-0.44608	0.84689	-0.07349	-0.87180	-0.48432	-5.04915	-0.40729	2.11261	0	100.00
wavedash_forward	162	-8.8772	501.4933	72.3933	-12.8618	1053.9932	78.3948	-0.28476	-0.41436	0.86442	-0.05772	-0.89270	-0.44693	-5.10893	-0.32923	1.97138	0	100.00
wavedash_forward	163	-8.9885	510.2713	73.0021	-13.0192	1053.7607	73.4546	-0.28058	-0.38106	0.88095	-0.04302	-0.91190	-0.40815	-5.17110	-0.26045	1.83158	0	100.00
wavedash_forward	164	-9.0997	519.0496	73.5710	-13.1669	1053.5493	68.5237	-0.27693	-0.34622	0.89635	-0.02937	-0.92935	-0.36804	-5.23542	-0.20066	1.69350	0	100.00
wavedash_forward	165	-9.2110	527.8279	74.1000	-13.3149	1053.3485	63.6023	-0.27380	-0.30991	0.91049	-0.01679	-0.94498	-0.32670	-5.29588	-0.14935	1.55563	0	100.00
wavedash_forward	166	-9.3222	536.6064	74.5891	-13.4631	1053.1688	58.6902	-0.27118	-0.27230	0.92321	-0.00528	-0.95871	-0.28432	-5.34333	-0.10615	1.41622	0	100.00
wavedash_forward	167	-9.4334	545.3851	75.0382	-13.6117	1053.0096	53.7872	-0.26903	-0.23348	0.93440	0.00515	-0.97051	-0.24102	-5.38543	-0.07109	1.27856	0	100.00
wavedash_forward	168	-9.5447	554.1639	75.4474	-13.7605	1052.8712	48.8834	-0.26734	-0.19359	0.94395	0.01453	-0.98031	-0.19694	-5.42242	-0.04386	1.14342	0	100.00
wavedash_forward	169	-9.6559	562.9330	75.8166	-13.9095	1052.7634	43.9887	-0.26607	-0.15275	0.95177	0.02286	-0.98809	-0.15219	-5.45460	-0.02407	1.01150	0	100.00
wavedash_forward	170	-9.7771	571.7023	76.1458	-14.0488	1052.6761	39.0931	-0.26519	-0.11108	0.95778	0.03017	-0.99381	-0.10691	-5.48228	-0.01128	0.88339	0	100.00
wavedash_forward	171	-9.8982	580.4717	76.4351	-14.1883	1052.6091	34.2064	-0.26466	-0.06871	0.96189	0.03648	-0.99746	-0.06121	-5.50578	-0.00502	0.75961	0	100.00
wavedash_forward	172	-10.0194	589.2413	76.6843	-14.3280	1052.5629	29.3187	-0.26445	-0.02577	0.96406	0.04181	-0.99901	-0.01524	-5.52544	-0.00481	0.64058	0	100.00
wavedash_forward	173	-10.1406	598.0112	76.8836	-14.4679	1052.5466	24.4299	-0.26451	0.01760	0.96422	0.04619	-0.99845	0.03089	-5.54161	-0.01013	0.52661	0	100.00
wavedash_forward	174	-10.2617	606.7813	77.0428	-14.6080	1052.5507	19.5400	-0.26481	0.06127	0.96235	0.04965	-0.99579	0.07706	-5.55460	-0.02047	0.41798	0	100.00
wavedash_forward	175	-10.3829	615.5516	77.1622	-14.7481	1052.5850	14.6590	-0.26531	0.10512	0.95841	0.05223	-0.99101	0.12315	-5.56475	-0.03532	0.31484	0	100.00
wavedash_forward	176	-10.5041	624.3220	77.2414	-14.8884	1052.6393	9.7668	-0.26598	0.14901	0.95239	0.05395	-0.98413	0.16905	-5.57237	-0.05419	0.21732	0	100.00
wavedash_forward	177	-10.6252	633.0926	77.2806	-15.0288	1052.7137	4.8734	-0.26676	0.19282	0.94428	0.05486	-0.97516	0.21462	-5.57773	-0.07658	0.12546	0	100.00
wavedash_forward	178	-10.7564	641.8635	77.2798	-15.1692	1052.8180	-0.0211	-0.26763	0.23642	0.93407	0.05497	-0.96410	0.25978	-5.58113	-0.10204	0.03926	0	100.00
wavedash_forward	179	-10.8876	650.6345	77.2390	-15.3097	1052.9421	-4.9187	-0.26855	0.27969	0.92177	0.05434	-0.95100	0.30439	-5.58282	-0.13011	-0.04133	0	100.00
wavedash_forward	180	-11.0188	659.4058	77.1582	-15.4502	1053.0963	-9.8156	-0.26948	0.32251	0.90740	0.05298	-0.93586	0.34836	-5.58303	-0.16039	-0.11640	0	100.00
wavedash_forward	181	-11.1500	668.1872	77.0373	-15.6007	1053.2701	-14.7236	-0.27039	0.36477	0.89098	0.05095	-0.91873	0.39159	-5.58198	-0.19248	-0.18607	0	100.00
wavedash_forward	182	-11.2813	676.9689	76.8763	-15.7512	1053.4736	-19.6427	-0.27124	0.40634	0.87253	0.04828	-0.89963	0.43397	-5.57986	-0.22601	-0.25049	0	100.00
wavedash_forward	183	-11.4125	685.7508	76.6752	-15.9017	1053.6967	-24.5729	-0.27201	0.44712	0.85211	0.04499	-0.87862	0.47540	-5.57686	-0.26066	-0.30983	0	100.00
wavedash_forward	184	-11.5438	694.5328	76.4340	-16.0521	1053.9393	-29.5143	-0.27267	0.48701	0.82974	0.04114	-0.85573	0.51578	-5.57313	-0.29611	-0.36427	0	100.00
wavedash_forward	185	-11.6750	703.3150	76.1428	-16.2025	1054.2014	-34.4667	-0.27319	0.52590	0.80548	0.03674	-0.83101	0.55504	-5.56883	-0.33207	-0.41403	0	100.00
wavedash_forward	186	-11.8163	712.1074	75.8114	-16.3528	1054.4932	-39.4302	-0.27353	0.56370	0.77937	0.03185	-0.80452	0.59307	-5.56407	-0.36831	-0.45931	0	100.00
wavedash_forward	187	-11.9575	720.9000	75.4399	-16.5030	1054.8041	-44.4147	-0.27369	0.60030	0.75148	0.02649	-0.77631	0.62979	-5.55896	-0.40458	-0.50033	0	100.00
wavedash_forward	188	-12.0988	729.6928	75.0283	-16.6530	1055.1344	-49.4102	-0.27363	0.63563	0.72187	0.02071	-0.74645	0.66512	-5.55362	-0.44068	-0.53732	0	100.00
wavedash_forward	189	-12.2400	738.4857	74.5764	-16.8030	1055.4841	-54.4266	-0.27333	0.66959	0.69061	0.01452	-0.71499	0.69898	-5.54812	-0.47644	-0.57050	0	100.00
wavedash_forward	190	-12.3813	747.2888	74.0845	-16.9528	1055.8530	-59.4540	-0.27277	0.70210	0.65776	0.00798	-0.68201	0.73130	-5.54254	-0.51168	-0.60008	0	100.00
wavedash_forward	191	-12.5225	756.0920	73.5425	-17.1025	1056.2410	-64.5022	-0.27194	0.73308	0.62341	0.00111	-0.64758	0.76200	-5.53695	-0.54627	-0.62631	0	100.00
wavedash_forward	192	-12.6638	764.8954	72.9602	-17.2521	1056.6482	-69.5713	-0.27082	0.76247	0.58762	-0.00605	-0.61177	0.79101	-5.53139	-0.58009	-0.64938	0	100.00
wavedash_forward	193	-12.8050	773.7089	72.3378	-17.4015	1057.0646	-74.6612	-0.26940	0.79019	0.55048	-0.01348	-0.57465	0.81829	-5.52592	-0.61303	-0.66951	0	100.00
wavedash_forward	194	-12.9563	782.5225	71.6752	-17.5507	1057.4999	-79.7718	-0.26766	0.81617	0.51208	-0.02112	-0.53632	0.84375	-5.52058	-0.64501	-0.68692	0	100.00
wavedash_forward	195	-13.1075	791.3362	70.9725	-17.6997	1057.9443	-84.9032	-0.26558	0.84036	0.47250	-0.02896	-0.49684	0.86736	-5.51539	-0.67595	-0.70179	0	100.00
wavedash_forward	196	-13.2587	800.1601	70.2195	-17.8385	1058.4077	-90.0552	-0.26318	0.86270	0.43184	-0.03697	-0.45631	0.88905	-5.51038	-0.70581	-0.71433	0	100.00
wavedash_forward	197	-13.4098	808.9839	69.4264	-17.9772	1058.8804	-95.2278	-0.26042	0.88314	0.39018	-0.04510	-0.41481	0.90879	-5.50557	-0.73452	-0.72472	0	100.00
wavedash_forward	198	-13.5610	817.8080	68.5932	-18.1157	1059.3717	-100.4209	-0.25731	0.90164	0.34762	-0.05334	-0.37244	0.92652	-5.50099	-0.76206	-0.73313	0	100.00
wavedash_forward	199	-13.7121	826.6422	67.7096	-18.2539	1059.8718	-105.6445	-0.25384	0.91815	0.30426	-0.06164	-0.32927	0.94222	-5.49663	-0.78840	-0.73974	0	100.00
flip_at_contact	0	-0.0000	-1189.1621	114.1215	-0.0000	1300.5565	-705.4176	-0.00000	1.00000	0.00000	0.00000	0.00000	1.00000	0.00000	0.00000	0.00000	0	100.00
flip_at_contact	1	-0.0000	-1178.3175	108.1964	-0.0000	1301.1063	-710.8276	-0.00000	1.00000	0.00000	0.00000	0.00000	1.00000	0.00000	0.00000	0.00000	0	100.00
flip_at_contact	2	-0.0000	-1167.4729	102.2313	-0.0000	1301.6565	-716.2377	-0.00000	1.00000	0.00000	0.00000	0.00000	1.00000	0.00000	0.00000	0.00000	0	100.00
flip_at_contact	3	-0.0000	-1156.6182	96.2163	-0.0000	1302.2065	-721.6476	-0.00000	1.00000	0.00000	0.00000	0.00000	1.00000	0.00000	0.00000	0.00000	0	100.00
flip_at_contact	4	-0.0000	-1145.7635	92.5917	-0.0000	1302.7563	-435.3910	-0.00000	1.00000	0.00000	0.00000	0.00000	1.00000	0.00000	0.00000	0.00000	0	100.00
flip_at_contact	5	-0.0000	-1134.8990	88.9166	-0.0000	1303.3065	-440.8077	-0.00000	1.00000	0.00000	0.00000	0.00000	1.00000	0.00000	0.00000	0.00000	0	100.00
flip_at_contact	6	-0.0000	-1124.0345	85.2015	-0.0000	1303.8563	-446.2177	-0.00000	1.00000	0.00000	0.00000	0.00000	1.00000	0.00000	0.00000	0.00000	0	100.00
flip_at_contact	7	-0.0000	-1113.1599	81.4364	-0.0000	1304.4065	-451.6277	-0.00000	1.00000	0.00000	0.00000	0.00000	1.00000	0.00000	0.00000	0.00000	0	100.00
flip_at_contact	8	-0.0000	-1102.2854	77.6314	-0.0000	1304.9565	-457.0377	-0.00000	1.00000	0.00000	0.00000	0.00000	1.00000	0.00000	0.00000	0.00000	0	100.00
flip_at_contact	9	-0.0000	-1091.4109	73.7763	-0.0000	1305.5065	-462.4477	-0.00000	1.00000	0.00000	0.00000	0.00000	1.00000	0.00000	0.00000	0.00000	0	100.00
flip_at_contact	10	-0.0000	-1080.5261	69.8812	-0.0000	1306.0565	-467.8577	-0.00000	1.00000	0.00000	0.00000	0.00000	1.00000	0.00000	0.00000	0.00000	0	100.00
flip_at_contact	11	-0.0000	-1069.6416	65.9361	-0.0000	1306.6064	-473.2676	-0.00000	1.00000	0.00000	0.00000	0.00000	1.00000	0.00000	0.00000	0.00000	0	100.00
flip_at_contact	12	-0.0000	-1058.7469	61.9510	-0.0000	1307.1565	-478.6776	-0.00000	1.00000	-0.00087	-0.00000	0.00087	1.00000	-0.10386	-0.00000	0.00000	0	100.00
flip_at_contact	13	-0.0000	-1047.8524	57.9159	-0.0000	1307.7064	-484.0881	-0.00000	1.00000	-0.00260	-0.00000	0.00260	1.00000	-0.20773	-0.00000	0.00000	0	100.00
flip_at_contact	14	-0.0000	-1036.9479	53.8408	-0.0000	1308.2565	-489.4991	-0.00000	0.99999	-0.00519	-0.00000	0.00519	0.99999	-0.31159	-0.00000	0.00000	0	100.00
flip_at_contact	15	-0.0000	-1026.0432	49.7157	-0.0000	1308.8064	-494.9105	-0.00000	0.99996	-0.00866	-0.00000	0.00866	0.99996	-0.41545	-0.00000	0.00000	0	100.00
flip_at_contact	16	-0.0000	-1015.1287	45.5506	-0.0000	1309.3564	-500.3325	-0.00000	0.99992	-0.01298	-0.00000	0.01298	0.99992	-0.51931	-0.00000	0.00000	0	100.00
flip_at_contact	17	-0.0000	-1004.2141	41.3354	-0.0000	1309.9065	-505.7549	-0.00000	0.99983	-0.01817	-0.00000	0.01817	0.99983	-0.62317	-0.00000	0.00000	0	100.00
flip_at_contact	18	-0.0000	-993.2896	37.0802	-0.0000	1310.4564	-511.1777	-0.00000	0.99971	-0.02423	-0.00000	0.02423	0.99971	-0.72704	-0.00000	0.00000	0	100.00
flip_at_contact	19	-0.0000	-982.3649	32.7750	-0.0000	1311.0063	-516.6011	-0.00000	0.99951	-0.03115	-0.00000	0.03115	0.99951	-0.83090	-0.00000	0.00000	0	100.00
flip_at_contact	20	-0.0000	-971.4303	28.4197	-0.0003	1311.8018	-488.0749	-0.00000	0.99924	-0.03894	-0.00000	0.03894	0.99924	0.34583	0.00000	0.00001	0	100.00
flip_at_contact	21	-0.0000	-960.4938	24.2779	-0.0025	1312.8397	-415.4991	-0.00000	0.99935	-0.03605	-0.00000	0.03605	0.99935	0.34428	-0.00038	0.00003	1	100.00
flip_at_contact	22	0.0000	-949.5497	20.7499	-0.0022	1314.7905	-342.6673	-0.00000	0.99945	-0.03318	-0.00001	0.03318	0.99945	0.33891	-0.00028	0.00002	1	100.00
flip_at_contact	23	0.0000	-938.5934	17.8268	-0.0019	1316.7634	-272.8377	-0.00000	0.99954	-0.03036	-0.00001	0.03036	0.99954	0.32981	-0.00019	0.00002	1	100.00
flip_at_contact	24	0.0000	-927.6171	15.4887	-0.0017	1318.7419	-117.8755	-0.00000	0.99962	-0.02761	-0.00001	0.02761	0.99962	0.58832	0.00002	0.00002	1	100.00
flip_at_contact	25	0.0000	-916.6304	14.4400	-0.0011	1320.7471	-29.4623	-0.00000	0.99974	-0.02271	-0.00001	0.02271	0.99974	0.51618	0.00013	0.00001	1	100.00
flip_at_contact	26	0.0000	-905.6238	14.1268	-0.0009	1322.7509	17.9406	-0.00000	0.99983	-0.01841	-0.00001	0.01841	0.99983	0.37253	0.00017	0.00001	1	100.00
flip_at_contact	27	0.0000	-894.5970	14.2118	-0.0009	1324.7510	39.1633	-0.00001	0.99988	-0.01531	-0.00001	0.01531	0.99988	0.18848	0.00017	0.00001	1	100.00
flip_at_contact	28	0.0000	-883.5603	14.4686	-0.0008	1326.7357	44.5144	-0.00001	0.99991	-0.01374	-0.00001	0.01374	0.99991	0.10881	0.00014	0.00001	1	100.00
flip_at_contact	29	0.0000	-872.5038	14.7732	-0.0009	1328.6985	43.1329	-0.00001	0.99992	-0.01283	-0.00001	0.01283	0.99992	0.07252	0.00012	0.00001	1	100.00
flip_at_contact	30	0.0000	-861.4275	15.0617	-0.0010	1330.6410	39.6741	-0.00001	0.99993	-0.01223	-0.00001	0.01223	0.99993	0.05588	0.00010	0.00001	1	100.00
flip_at_contact	31	0.0000	-850.3413	15.3229	-0.0010	1332.5739	36.2784	-0.00001	0.99993	-0.01176	-0.00000	0.01176	0.99993	0.04393	0.00008	0.00001	1	100.00
flip_at_contact	32	0.0000	-839.2352	15.5546	-0.0011	1334.4867	33.0460	-0.00001	0.99994	-0.01139	-0.00000	0.01139	0.99994	0.03516	0.00007	0.00001	1	100.00
flip_at_contact	33	0.0000	-828.1193	15.7576	-0.0011	1336.3799	30.0461	-0.00001	0.99994	-0.01110	-0.00000	0.01110	0.99994	0.02857	0.00006	0.00001	1	100.00
flip_at_contact	34	0.0000	-816.9835	15.9426	-0.0011	1338.2532	27.2751	-0.00001	0.99994	-0.01086	-0.00000	0.01086	0.99994	0.02352	0.00005	0.00001	1	100.00
flip_at_contact	35	0.0000	-805.8279	16.0995	-0.0011	1340.1167	24.7745	-0.00001	0.99994	-0.01067	-0.00000	0.01067	0.99994	0.01957	0.00004	0.00001	1	100.00
flip_at_contact	36	0.0000	-794.6624	16.2387	-0.0011	1341.9607	22.5278	-0.00001	0.99994	-0.01050	-0.00000	0.01050	0.99994	0.01642	0.00003	0.00001	1	100.00
flip_at_contact	37	0.0000	-783.4769	16.3600	-0.0011	1343.7942	20.5226	-0.00001	0.99995	-0.01037	-0.00000	0.01037	0.99995	0.01386	0.00003	0.00001	1	100.00
flip_at_contact	38	0.0000	-772.2817	16.4633	-0.0011	1345.6085	18.7586	-0.00001	0.99995	-0.01025	-0.00000	0.01025	0.99995	0.01176	0.00002	0.00001	1	100.00
flip_at_contact	39	0.0000	-761.0667	16.5485	-0.0011	1347.4026	17.2234	-0.00001	0.99995	-0.01015	-0.00000	0.01015	0.99995	0.01001	0.00002	0.00001	1	100.00
flip_at_contact	40	0.0000	-749.8417	16.6258	-0.0011	1349.1874	15.8815	-0.00001	0.99995	-0.01007	-0.00000	0.01007	0.99995	0.00855	0.00002	0.00001	1	100.00
flip_at_contact	41	0.0000	-738.5969	16.6946	-0.0011	1350.9517	14.7013	-0.00001	0.99995	-0.01000	-0.00000	0.01000	0.99995	0.00732	0.00001	0.00001	1	100.00
flip_at_contact	42	0.0000	-727.3420	16.7448	-0.0012	1352.7064	13.7056	-0.00001	0.99995	-0.00994	-0.00000	0.00994	0.99995	0.00627	0.00001	0.00001	1	100.00
flip_at_contact	43	0.0000	-716.0675	16.7865	-0.0012	1354.4415	12.8654	-0.00001	0.99995	-0.00989	-0.00000	0.00989	0.99995	0.00537	0.00001	0.00001	1	100.00
flip_at_contact	44	0.0000	-704.7830	16.8295	-0.0012	1356.1663	12.1262	-0.00001	0.99995	-0.00984	-0.00000	0.00984	0.99995	0.00461	0.00001	0.00001	1	100.00
flip_at_contact	45	0.0000	-693.4787	16.8633	-0.0012	1357.8713	11.4919	-0.00001	0.99995	-0.00980	-0.00000	0.00980	0.99995	0.00396	0.00001	0.00001	1	100.00
flip_at_contact	46	0.0000	-682.1644	16.8881	-0.0012	1359.5670	10.9688	-0.00001	0.99995	-0.00977	-0.00000	0.00977	0.99995	0.00340	0.00001	0.00001	1	100.00
flip_at_contact	47	0.0000	-670.8303	16.9136	-0.0012	1361.2424	10.5088	-0.00001	0.99995	-0.00974	-0.00000	0.00974	0.99995	0.00292	0.00001	0.00001	1	100.00
flip_at_contact	48	0.0000	-659.4863	16.9298	-0.0012	1362.9080	10.1348	-0.00001	0.99995	-0.00972	-0.00000	0.00972	0.99995	0.00250	0.00001	0.00001	1	100.00
flip_at_contact	49	0.0000	-648.1324	16.9467	-0.0011	1364.5538	9.8176	-0.00000	0.99995	-0.00970	-0.00000	0.00970	0.99995	0.00215	0.00000	0.00001	1	100.00
flip_at_contact	50	0.0000	-636.7587	16.9641	-0.0012	1366.1893	9.5321	-0.00001	0.99995	-0.00968	-0.00000	0.00968	0.99995	0.00185	0.00000	0.00001	1	100.00
flip_at_contact	51	0.0000	-625.3752	16.9717	-0.0011	1367.8055	9.3135	-0.00000	0.99995	-0.00966	-0.00000	0.00966	0.99995	0.00159	0.00000	0.00001	1	100.00
flip_at_contact	52	0.0000	-613.9816	16.9799	-0.0011	1369.4115	9.1328	-0.00000	0.99995	-0.00965	-0.00000	0.00965	0.99995	0.00136	0.00000	0.00001	1	100.00
flip_at_contact	53	0.0000	-602.5682	16.9884	-0.0012	1371.0077	8.9773	-0.00001	0.99995	-0.00964	-0.00000	0.00964	0.99995	0.00117	0.00000	0.00001	1	100.00
flip_at_contact	54	0.0000	-591.1450	16.9970	-0.0011	1372.5841	8.8346	-0.00000	0.99995	-0.00963	-0.00000	0.00963	0.99995	0.00101	0.00000	0.00001	1	100.00
flip_at_contact	55	0.0000	-579.7018	17.0059	-0.0011	1374.1506	8.7044	-0.00000	0.99995	-0.00962	-0.00000	0.00962	0.99995	0.00087	0.00000	0.00001	1	100.00
flip_at_contact	56	0.0000	-568.2488	17.0148	-0.0011	1375.7069	8.5806	-0.00000	0.99995	-0.00962	-0.00000	0.00962	0.99995	0.00079	0.00000	0.00001	1	100.00
flip_at_contact	57	0.0000	-556.7858	17.0138	-0.0011	1377.2439	8.5048	-0.00000	0.99995	-0.00962	-0.00000	0.00962	0.99995	0.00073	0.00000	0.00001	1	100.00
flip_at_contact	58	0.0000	-545.3130	17.0131	-0.0011	1378.7706	8.4542	-0.00000	0.99995	-0.00962	-0.00000	0.00962	0.99995	0.00070	0.00000	0.00001	1	100.00
flip_at_contact	59	0.0000	-533.8202	17.0127	-0.0011	1380.2876	8.4226	-0.00000	0.99995	-0.00962	-0.00000	0.00962	0.99995	0.00068	0.00000	0.00001	1	100.00
flip_at_contact	60	0.0000	-522.3176	17.0125	-0.0011	1381.7847	8.4037	-0.00000	0.99995	-0.00962	-0.00000	0.00962	0.99995	0.00066	0.00000	0.00001	1	100.00
flip_at_contact	61	0.0000	-510.8051	17.0123	-0.0011	1383.2717	8.3910	-0.00000	0.99995	-0.00962	-0.00000	0.00962	0.99995	0.00065	0.00000	0.00001	1	100.00
flip_at_contact	62	0.0000	-499.2827	17.0122	-0.0012	1384.7488	8.3847	-0.00000	0.99995	-0.00962	-0.00000	0.00962	0.99995	0.00065	0.00000	0.00001	1	100.00
flip_at_contact	63	0.0000	-487.7405	17.0121	-0.0012	1386.2062	8.3784	-0.00000	0.99995	-0.00962	-0.00000	0.00962	0.99995	0.00064	0.00000	0.00001	1	100.00
flip_at_contact	64	0.0000	-476.1883	17.0121	-0.0012	1387.6539	8.3721	-0.00000	0.99995	-0.00962	-0.00000	0.00962	0.99995	0.00064	0.00000	0.00001	1	100.00
flip_at_contact	65	0.0000	-464.6262	17.0121	-0.0012	1389.0914	8.3721	-0.00000	0.99995	-0.00962	-0.00000	0.00962	0.99995	0.00063	0.00000	0.00001	1	100.00
flip_at_contact	66	0.0000	-453.0542	17.0121	-0.0012	1390.5192	8.3721	-0.00000	0.99995	-0.00962	-0.00000	0.00962	0.99995	0.00063	0.00000	0.00001	1	100.00
flip_at_contact	67	0.0000	-441.4624	17.0121	-0.0012	1391.9270	8.3721	-0.00000	0.99995	-0.00962	-0.00000	0.00962	0.99995	0.00063	0.00000	0.00001	1	100.00
flip_at_contact	68	0.0000	-429.8606	17.0121	-0.0012	1393.3247	8.3721	-0.00000	0.99995	-0.00962	-0.00000	0.00962	0.99995	0.00063	0.00000	0.00001	1	100.00
flip_at_contact	69	0.0000	-418.2490	17.0121	-0.0012	1394.7129	8.3721	-0.00000	0.99995	-0.00962	-0.00000	0.00962	0.99995	0.00063	0.00000	0.00001	1	100.00
flip_at_contact	70	0.0000	-406.6274	17.0121	-0.0012	1396.0907	8.3721	-0.00000	0.99995	-0.00962	-0.00000	0.00962	0.99995	0.00062	0.00000	0.00001	1	100.00
flip_at_contact	71	0.0000	-394.9959	17.0121	-0.0012	1397.4589	8.3721	-0.00000	0.99995	-0.00962	-0.00000	0.00962	0.99995	0.00062	0.00000	0.00001	1	100.00
flip_at_contact	72	0.0000	-383.3546	17.0121	-0.0012	1398.8074	8.3721	-0.00000	0.99995	-0.00962	-0.00000	0.00962	0.99995	0.00062	0.00000	0.00001	1	100.00
flip_at_contact	73	0.0000	-371.6933	17.0121	-0.0012	1400.1455	8.3721	-0.00000	0.99995	-0.00962	-0.00000	0.00962	0.99995	0.00062	0.00000	0.00001	1	100.00
flip_at_contact	74	0.0000	-360.0221	17.0121	-0.0012	1401.4742	8.3721	-0.00000	0.99995	-0.00962	-0.00000	0.00962	0.99995	0.00062	0.00000	0.00001	1	100.00
flip_at_contact	75	0.0000	-348.3410	17.0121	-0.0012	1402.6276	8.3721	-0.00000	0.99995	-0.00962	-0.00000	0.00962	0.99995	0.00060	0.00000	0.00001	1	100.00
flip_at_contact	76	0.0000	-336.6515	17.0121	-0.0012	1403.6243	8.3721	-0.00000	0.99995	-0.00962	-0.00000	0.00962	0.99995	0.00059	0.00000	0.00001	1	100.00
flip_at_contact	77	0.0000	-324.9532	17.0121	-0.0012	1404.4907	8.3721	-0.00000	0.99995	-0.00962	-0.00000	0.00962	0.99995	0.00057	0.00000	0.00001	1	100.00
flip_at_contact	78	0.0000	-313.2459	17.0121	-0.0012	1405.2448	8.3721	-0.00000	0.99995	-0.00962	-0.00000	0.00962	0.99995	0.00055	0.00000	0.00001	1	100.00
flip_at_contact	79	0.0000	-301.5397	17.0121	-0.0012	1405.8948	8.3721	-0.00000	0.99995	-0.00962	-0.00000	0.00962	0.99995	0.00054	0.00000	0.00001	1	100.00
flip_at_contact	80	0.0000	-289.8242	17.0121	-0.0012	1406.4581	8.3721	-0.00000	0.99995	-0.00962	-0.00000	0.00962	0.99995	0.00052	0.00000	0.00001	1	100.00
flip_at_contact	81	0.0000	-278.0996	17.0121	-0.0012	1406.9434	8.3721	-0.00000	0.99995	-0.00962	-0.00000	0.00962	0.99995	0.00051	0.00000	0.00001	1	100.00
flip_at_contact	82	0.0000	-266.3755	17.0121	-0.0012	1407.3680	8.3721	-0.00000	0.99995	-0.00962	-0.00000	0.00962	0.99995	0.00050	0.00000	0.00001	1	100.00
flip_at_contact	83	0.0000	-254.6520	17.0121	-0.0012	1407.7321	8.3721	-0.00000	0.99995	-0.00962	-0.00000	0.00962	0.99995	0.00049	0.00000	0.00001	1	100.00
flip_at_contact	84	0.0000	-242.9189	17.0121	-0.0012	1408.0530	8.3721	-0.00000	0.99995	-0.00962	-0.00000	0.00962	0.99995	0.00048	0.00000	0.00001	1	100.00
flip_at_contact	85	0.0000	-231.1862	17.0121	-0.0012	1408.3302	8.3720	-0.00000	0.99995	-0.00962	-0.00000	0.00962	0.99995	0.00047	0.00000	0.00001	1	100.00
flip_at_contact	86	0.0000	-219.4539	17.0121	-0.0012	1408.5728	8.3721	-0.00000	0.99995	-0.00962	-0.00000	0.00962	0.99995	0.00046	0.00000	0.00001	1	100.00
flip_at_contact	87	0.0000	-207.7119	17.0121	-0.0012	1408.7806	8.3721	-0.00000	0.99995	-0.00962	-0.00000	0.00962	0.99995	0.00046	0.00000	0.00001	1	100.00
flip_at_contact	88	0.0000	-195.9702	17.0121	-0.0012	1408.9629	8.3721	-0.00000	0.99995	-0.00962	-0.00000	0.00962	0.99995	0.00045	0.00000	0.00001	1	100.00
flip_at_contact	89	0.0000	-184.2287	17.0121	-0.0012	1409.1189	8.3721	-0.00000	0.99995	-0.00962	-0.00000	0.00962	0.99995	0.00045	0.00000	0.00001	1	100.00
flip_at_contact	90	0.0000	-172.4874	17.0121	-0.0012	1409.2490	8.3721	-0.00000	0.99995	-0.00962	-0.00000	0.00962	0.99995	0.00045	0.00000	0.00001	1	100.00
flip_at_contact	91	0.0000	-160.7463	17.0121	-0.0012	1409.3615	8.3720	-0.00000	0.99995	-0.00962	-0.00000	0.00962	0.99995	0.00044	0.00000	0.00001	1	100.00
flip_at_contact	92	0.0000	-149.0053	17.0121	-0.0012	1409.4655	8.3720	-0.00000	0.99995	-0.00962	-0.00000	0.00962	0.99995	0.00044	0.00000	0.00001	1	100.00
flip_at_contact	93	0.0000	-137.2645	17.0121	-0.0012	1409.5521	8.3720	-0.00000	0.99995	-0.00962	-0.00000	0.00962	0.99995	0.00044	0.00000	0.00001	1	100.00
flip_at_contact	94	0.0000	-125.5137	17.0121	-0.0012	1409.6302	8.3720	-0.00000	0.99995	-0.00962	-0.00000	0.00962	0.99995	0.00043	0.00000	0.00001	1	100.00
flip_at_contact	95	0.0000	-113.7631	17.0121	-0.0012	1409.6996	8.3720	-0.00000	0.99995	-0.00962	-0.00000	0.00962	0.99995	0.00043	0.00000	0.00001	1	100.00
flip_at_contact	96	0.0000	-102.0126	17.0121	-0.0012	1409.7515	8.3720	-0.00000	0.99995	-0.00962	-0.00000	0.00962	0.99995	0.00043	0.00000	0.00001	1	100.00
flip_at_contact	97	0.0000	-90.2621	17.0121	-0.0012	1409.8036	8.3720	-0.00000	0.99995	-0.00962	-0.00000	0.00962	0.99995	0.00043	0.00000	0.00001	1	100.00
flip_at_contact	98	0.0000	-78.5117	17.0121	-0.0012	1409.8467	8.3720	-0.00000	0.99995	-0.00962	-0.00000	0.00962	0.99995	0.00043	0.00000	0.00001	1	100.00
flip_at_contact	99	0.0000	-66.7613	17.0121	-0.0012	1409.8817	8.3720	-0.00000	0.99995	-0.00962	-0.00000	0.00962	0.99995	0.00043	0.00000	0.00001	1	100.00
flip_at_contact	100	0.0000	-55.0110	17.0121	-0.0012	1409.9164	8.3720	-0.00000	0.99995	-0.00962	-0.00000	0.00962	0.99995	0.00043	0.00000	0.00001	1	100.00
flip_at_contact	101	0.0000	-43.2607	17.0121	-0.0012	1409.9421	8.3720	-0.00000	0.99995	-0.00962	-0.00000	0.00962	0.99995	0.00042	0.00000	0.00001	1	100.00
flip_at_contact	102	0.0000	-31.5105	17.0121	-0.0012	1409.9684	8.3720	-0.00000	0.99995	-0.00962	-0.00000	0.00962	0.99995	0.00042	0.00000	0.00001	1	100.00
flip_at_contact	103	0.0000	-19.7603	17.0121	-0.0012	1409.9857	8.3720	-0.00000	0.99995	-0.00962	-0.00000	0.00962	0.99995	0.00042	0.00000	0.00001	1	100.00
flip_at_contact	104	0.0000	-8.0102	17.0121	-0.0012	1410.0031	8.3720	-0.00000	0.99995	-0.00962	-0.00000	0.00962	0.99995	0.00042	0.00000	0.00001	1	100.00
flip_at_contact	105	0.0000	3.7400	17.0121	-0.0012	1410.0205	8.3720	-0.00000	0.99995	-0.00962	-0.00000	0.00962	0.99995	0.00042	0.00000	0.00001	1	100.00
flip_at_contact	106	0.0000	15.4902	17.0121	-0.0012	1410.0377	8.3720	-0.00000	0.99995	-0.00962	-0.00000	0.00962	0.99995	0.00042	0.00000	0.00001	1	100.00
flip_at_contact	107	0.0000	27.2403	17.0121	-0.0012	1410.0461	8.3720	-0.00000	0.99995	-0.00962	-0.00000	0.00962	0.99995	0.00042	0.00000	0.00001	1	100.00
flip_at_contact	108	0.0000	38.9903	17.0121	-0.0012	1410.0549	8.3720	-0.00000	0.99995	-0.00962	-0.00000	0.00962	0.99995	0.00042	0.00000	0.00001	1	100.00
flip_at_contact	109	0.0000	50.7404	17.0121	-0.0012	1410.0635	8.3720	-0.00000	0.99995	-0.00962	-0.00000	0.00962	0.99995	0.00042	0.00000	0.00001	1	100.00
flip_at_contact	110	0.0000	62.4905	17.0121	-0.0012	1410.0723	8.3720	-0.00000	0.99995	-0.00962	-0.00000	0.00962	0.99995	0.00042	0.00000	0.00001	1	100.00
flip_at_contact	111	0.0000	74.2406	17.0121	-0.0012	1410.0808	8.3720	-0.00000	0.99995	-0.00962	-0.00000	0.00962	0.99995	0.00042	0.00000	0.00001	1	100.00
flip_at_contact	112	0.0000	85.9907	17.0121	-0.0012	1410.0897	8.3720	-0.00000	0.99995	-0.00962	-0.00000	0.00962	0.99995	0.00042	0.00000	0.00001	1	100.00
flip_at_contact	113	0.0000	97.7407	17.0121	-0.0012	1410.0897	8.3720	-0.00000	0.99995	-0.00962	-0.00000	0.00962	0.99995	0.00042	0.00000	0.00001	1	100.00
flip_at_contact	114	0.0000	109.4907	17.0121	-0.0012	1410.0897	8.3721	-0.00000	0.99995	-0.00962	-0.00000	0.00962	0.99995	0.00042	0.00000	0.00001	1	100.00
flip_at_contact	115	0.0000	121.2407	17.0121	-0.0012	1410.0897	8.3721	-0.00000	0.99995	-0.00962	-0.00000	0.00962	0.99995	0.00042	0.00000	0.00001	1	100.00
flip_at_contact	116	0.0000	132.9907	17.0121	-0.0012	1410.0897	8.3720	-0.00000	0.99995	-0.00962	-0.00000	0.00962	0.99995	0.00042	0.00000	0.00001	1	100.00
flip_at_contact	117	0.0000	144.7407	17.0121	-0.0012	1410.0897	8.3721	-0.00000	0.99995	-0.00962	-0.00000	0.00962	0.99995	0.00042	0.00000	0.00001	1	100.00
flip_at_contact	118	0.0000	156.4907	17.0121	-0.0012	1410.0897	8.3720	-0.00000	0.99995	-0.00962	-0.00000	0.00962	0.99995	0.00042	0.00000	0.00001	1	100.00
flip_at_contact	119	0.0000	168.2407	17.0121	-0.0012	1410.0897	8.3720	-0.00000	0.99995	-0.00962	-0.00000	0.00962	0.99995	0.00042	0.00000	0.00001	1	100.00
flip_at_contact	120	0.0000	179.9907	17.0121	-0.0012	1410.0897	8.3720	-0.00000	0.99995	-0.00962	-0.00000	0.00962	0.99995	0.00042	0.00000	0.00001	1	100.00
flip_at_contact	121	0.0000	191.7407	17.0121	-0.0012	1410.0897	8.3721	-0.00000	0.99995	-0.00962	-0.00000	0.00962	0.99995	0.00042	0.00000	0.00001	1	100.00
flip_at_contact	122	0.0000	203.4907	17.0121	-0.0012	1410.0897	8.3720	-0.00000	0.99995	-0.00962	-0.00000	0.00962	0.99995	0.00042	0.00000	0.00001	1	100.00
flip_at_contact	123	0.0000	215.2407	17.0121	-0.0012	1410.0897	8.3720	-0.00000	0.99995	-0.00962	-0.00000	0.00962	0.99995	0.00042	0.00000	0.00001	1	100.00
flip_at_contact	124	0.0000	226.9907	17.0121	-0.0012	1410.0897	8.3720	-0.00000	0.99995	-0.00962	-0.00000	0.00962	0.99995	0.00042	0.00000	0.00001	1	100.00
flip_at_contact	125	0.0000	238.7407	17.0121	-0.0012	1410.0897	8.3720	-0.00000	0.99995	-0.00962	-0.00000	0.00962	0.99995	0.00042	0.00000	0.00001	1	100.00
flip_at_contact	126	0.0000	250.4907	17.0121	-0.0012	1410.0897	8.3720	-0.00000	0.99995	-0.00962	-0.00000	0.00962	0.99995	0.00042	0.00000	0.00001	1	100.00
flip_at_contact	127	0.0000	262.2407	17.0121	-0.0012	1410.0897	8.3720	-0.00000	0.99995	-0.00962	-0.00000	0.00962	0.99995	0.00042	0.00000	0.00001	1	100.00
flip_at_contact	128	0.0000	273.9907	17.0121	-0.0012	1410.0897	8.3720	-0.00000	0.99995	-0.00962	-0.00000	0.00962	0.99995	0.00042	0.00000	0.00001	1	100.00
flip_at_contact	129	0.0000	285.7407	17.0121	-0.0012	1410.0897	8.3720	-0.00000	0.99995	-0.00962	-0.00000	0.00962	0.99995	0.00042	0.00000	0.00001	1	100.00
flip_at_contact	130	0.0000	297.4907	17.0121	-0.0012	1410.0897	8.3721	-0.00000	0.99995	-0.00962	-0.00000	0.00962	0.99995	0.00042	0.00000	0.00001	1	100.00
flip_at_contact	131	0.0000	309.2407	17.0121	-0.0012	1410.0897	8.3720	-0.00000	0.99995	-0.00962	-0.00000	0.00962	0.99995	0.00042	0.00000	0.00001	1	100.00
flip_at_contact	132	0.0000	320.9907	17.0121	-0.0012	1410.0897	8.3720	-0.00000	0.99995	-0.00962	-0.00000	0.00962	0.99995	0.00042	0.00000	0.00001	1	100.00
flip_at_contact	133	0.0000	332.7407	17.0121	-0.0012	1410.0897	8.3720	-0.00000	0.99995	-0.00962	-0.00000	0.00962	0.99995	0.00042	0.00000	0.00001	1	100.00
flip_at_contact	134	0.0000	344.4907	17.0121	-0.0012	1410.0897	8.3720	-0.00000	0.99995	-0.00962	-0.00000	0.00962	0.99995	0.00042	0.00000	0.00001	1	100.00
flip_at_contact	135	0.0000	356.2407	17.0121	-0.0012	1410.0897	8.3721	-0.00000	0.99995	-0.00962	-0.00000	0.00962	0.99995	0.00042	0.00000	0.00001	1	100.00
flip_at_contact	136	0.0000	367.9907	17.0121	-0.0012	1410.0897	8.3721	-0.00000	0.99995	-0.00962	-0.00000	0.00962	0.99995	0.00042	0.00000	0.00001	1	100.00
flip_at_contact	137	0.0000	379.7407	17.0121	-0.0012	1410.0897	8.3721	-0.00000	0.99995	-0.00962	-0.00000	0.00962	0.99995	0.00042	0.00000	0.00001	1	100.00
flip_at_contact	138	0.0000	391.4907	17.0121	-0.0012	1410.0897	8.3721	-0.00000	0.99995	-0.00962	-0.00000	0.00962	0.99995	0.00042	0.00000	0.00001	1	100.00
flip_at_contact	139	0.0000	403.2407	17.0121	-0.0012	1410.0897	8.3721	-0.00000	0.99995	-0.00962	-0.00000	0.00962	0.99995	0.00042	0.00000	0.00001	1	100.00
flip_at_contact	140	0.0000	414.9907	17.0121	-0.0012	1410.0897	8.3721	-0.00000	0.99995	-0.00962	-0.00000	0.00962	0.99995	0.00042	0.00000	0.00001	1	100.00
flip_at_contact	141	0.0000	426.7407	17.0121	-0.0012	1410.0897	8.3721	-0.00000	0.99995	-0.00962	-0.00000	0.00962	0.99995	0.00042	0.00000	0.00001	1	100.00
flip_at_contact	142	0.0000	438.4907	17.0121	-0.0012	1410.0897	8.3721	-0.00000	0.99995	-0.00962	-0.00000	0.00962	0.99995	0.00042	0.00000	0.00001	1	100.00
flip_at_contact	143	0.0000	450.2407	17.0121	-0.0012	1410.0897	8.3721	-0.00000	0.99995	-0.00962	-0.00000	0.00962	0.99995	0.00042	0.00000	0.00001	1	100.00
flip_at_contact	144	0.0000	461.9907	17.0121	-0.0012	1410.0897	8.3721	-0.00000	0.99995	-0.00962	-0.00000	0.00962	0.99995	0.00042	0.00000	0.00001	1	100.00
flip_at_contact	145	0.0000	473.7407	17.0121	-0.0012	1410.0897	8.3720	-0.00000	0.99995	-0.00962	-0.00000	0.00962	0.99995	0.00042	0.00000	0.00001	1	100.00
flip_at_contact	146	0.0000	485.4907	17.0121	-0.0012	1410.0897	8.3721	-0.00000	0.99995	-0.00962	-0.00000	0.00962	0.99995	0.00042	0.00000	0.00001	1	100.00
flip_at_contact	147	0.0000	497.2407	17.0121	-0.0012	1410.0897	8.3721	-0.00000	0.99995	-0.00962	-0.00000	0.00962	0.99995	0.00042	0.00000	0.00001	1	100.00
flip_at_contact	148	0.0000	508.9907	17.0121	-0.0012	1410.0897	8.3721	-0.00000	0.99995	-0.00962	-0.00000	0.00962	0.99995	0.00042	0.00000	0.00001	1	100.00
flip_at_contact	149	0.0000	520.7407	17.0121	-0.0012	1410.0897	8.3721	-0.00000	0.99995	-0.00962	-0.00000	0.00962	0.99995	0.00042	0.00000	0.00001	1	100.00
flip_at_contact	150	0.0000	532.4907	17.0121	-0.0012	1410.0897	8.3721	-0.00000	0.99995	-0.00962	-0.00000	0.00962	0.99995	0.00042	0.00000	0.00001	1	100.00
flip_at_contact	151	0.0000	544.2407	17.0121	-0.0012	1410.0897	8.3721	-0.00000	0.99995	-0.00962	-0.00000	0.00962	0.99995	0.00042	0.00000	0.00001	1	100.00
flip_at_contact	152	0.0000	555.9907	17.0121	-0.0012	1410.0897	8.3721	-0.00000	0.99995	-0.00962	-0.00000	0.00962	0.99995	0.00042	0.00000	0.00001	1	100.00
flip_at_contact	153	0.0000	567.7407	17.0121	-0.0012	1410.0897	8.3721	-0.00000	0.99995	-0.00962	-0.00000	0.00962	0.99995	0.00042	0.00000	0.00001	1	100.00
flip_at_contact	154	0.0000	579.4907	17.0121	-0.0012	1410.0897	8.3721	-0.00000	0.99995	-0.00962	-0.00000	0.00962	0.99995	0.00042	0.00000	0.00001	1	100.00
flip_at_contact	155	0.0000	591.2407	17.0121	-0.0012	1410.0897	8.3721	-0.00000	0.99995	-0.00962	-0.00000	0.00962	0.99995	0.00042	0.00000	0.00001	1	100.00
flip_at_contact	156	0.0000	602.9907	17.0121	-0.0012	1410.0897	8.3721	-0.00000	0.99995	-0.00962	-0.00000	0.00962	0.99995	0.00042	0.00000	0.00001	1	100.00
flip_at_contact	157	0.0000	614.7407	17.0121	-0.0012	1410.0897	8.3721	-0.00000	0.99995	-0.00962	-0.00000	0.00962	0.99995	0.00042	0.00000	0.00001	1	100.00
flip_at_contact	158	0.0000	626.4907	17.0121	-0.0012	1410.0897	8.3721	-0.00000	0.99995	-0.00962	-0.00000	0.00962	0.99995	0.00042	0.00000	0.00001	1	100.00
flip_at_contact	159	0.0000	638.2407	17.0121	-0.0012	1410.0897	8.3721	-0.00000	0.99995	-0.00962	-0.00000	0.00962	0.99995	0.00042	0.00000	0.00001	1	100.00
flip_at_contact	160	0.0000	649.9907	17.0121	-0.0012	1410.0897	8.3721	-0.00000	0.99995	-0.00962	-0.00000	0.00962	0.99995	0.00042	0.00000	0.00001	1	100.00
flip_at_contact	161	0.0000	661.7407	17.0121	-0.0012	1410.0897	8.3720	-0.00000	0.99995	-0.00962	-0.00000	0.00962	0.99995	0.00042	0.00000	0.00001	1	100.00
flip_at_contact	162	0.0000	673.4907	17.0121	-0.0012	1410.0897	8.3721	-0.00000	0.99995	-0.00962	-0.00000	0.00962	0.99995	0.00042	0.00000	0.00001	1	100.00
flip_at_contact	163	0.0000	685.2407	17.0121	-0.0012	1410.0897	8.3721	-0.00000	0.99995	-0.00962	-0.00000	0.00962	0.99995	0.00042	0.00000	0.00001	1	100.00
flip_at_contact	164	0.0000	696.9907	17.0121	-0.0012	1410.0897	8.3721	-0.00000	0.99995	-0.00962	-0.00000	0.00962	0.99995	0.00042	0.00000	0.00001	1	100.00
flip_at_contact	165	0.0000	708.7407	17.0121	-0.0012	1410.0897	8.3721	-0.00000	0.99995	-0.00962	-0.00000	0.00962	0.99995	0.00042	0.00000	0.00001	1	100.00
flip_at_contact	166	0.0000	720.4907	17.0121	-0.0012	1410.0897	8.3721	-0.00000	0.99995	-0.00962	-0.00000	0.00962	0.99995	0.00042	0.00000	0.00001	1	100.00
flip_at_contact	167	0.0000	732.2407	17.0121	-0.0012	1410.0897	8.3721	-0.00000	0.99995	-0.00962	-0.00000	0.00962	0.99995	0.00042	0.00000	0.00001	1	100.00
flip_at_contact	168	0.0000	743.9907	17.0121	-0.0012	1410.0897	8.3721	-0.00000	0.99995	-0.00962	-0.00000	0.00962	0.99995	0.00042	0.00000	0.00001	1	100.00
flip_at_contact	169	0.0000	755.7407	17.0121	-0.0012	1410.0897	8.3721	-0.00000	0.99995	-0.00962	-0.00000	0.00962	0.99995	0.00042	0.00000	0.00001	1	100.00
flip_at_contact	170	0.0000	767.4907	17.0121	-0.0012	1410.0897	8.3721	-0.00000	0.99995	-0.00962	-0.00000	0.00962	0.99995	0.00042	0.00000	0.00001	1	100.00
flip_at_contact	171	0.0000	779.2407	17.0121	-0.0012	1410.0897	8.3721	-0.00000	0.99995	-0.00962	-0.00000	0.00962	0.99995	0.00042	0.00000	0.00001	1	100.00
flip_at_contact	172	0.0000	790.9907	17.0121	-0.0012	1410.0897	8.3721	-0.00000	0.99995	-0.00962	-0.00000	0.00962	0.99995	0.00042	0.00000	0.00001	1	100.00
flip_at_contact	173	0.0000	802.7407	17.0121	-0.0012	1410.0897	8.3721	-0.00000	0.99995	-0.00962	-0.00000	0.00962	0.99995	0.00042	0.00000	0.00001	1	100.00
flip_at_contact	174	0.0000	814.4907	17.0121	-0.0012	1410.0897	8.3721	-0.00000	0.99995	-0.00962	-0.00000	0.00962	0.99995	0.00042	0.00000	0.00001	1	100.00
flip_at_contact	175	0.0000	826.2407	17.0121	-0.0012	1410.0897	8.3721	-0.00000	0.99995	-0.00962	-0.00000	0.00962	0.99995	0.00042	0.00000	0.00001	1	100.00
flip_at_contact	176	0.0000	837.9907	17.0121	-0.0012	1410.0897	8.3721	-0.00000	0.99995	-0.00962	-0.00000	0.00962	0.99995	0.00042	0.00000	0.00001	1	100.00
flip_at_contact	177	0.0000	849.7407	17.0121	-0.0012	1410.0897	8.3721	-0.00000	0.99995	-0.00962	-0.00000	0.00962	0.99995	0.00042	0.00000	0.00001	1	100.00
flip_at_contact	178	0.0000	861.4906	17.0121	-0.0012	1410.0897	8.3721	-0.00000	0.99995	-0.00962	-0.00000	0.00962	0.99995	0.00042	0.00000	0.00001	1	100.00
flip_at_contact	179	0.0000	873.2407	17.0121	-0.0012	1410.0897	8.3721	-0.00000	0.99995	-0.00962	-0.00000	0.00962	0.99995	0.00042	0.00000	0.00001	1	100.00
flip_at_contact	180	0.0000	884.9907	17.0121	-0.0012	1410.0897	8.3721	-0.00000	0.99995	-0.00962	-0.00000	0.00962	0.99995	0.00042	0.00000	0.00001	1	100.00
flip_at_contact	181	0.0000	896.7406	17.0121	-0.0012	1410.0897	8.3721	-0.00000	0.99995	-0.00962	-0.00000	0.00962	0.99995	0.00042	0.00000	0.00001	1	100.00
flip_at_contact	182	0.0000	908.4907	17.0121	-0.0012	1410.0897	8.3721	-0.00000	0.99995	-0.00962	-0.00000	0.00962	0.99995	0.00042	0.00000	0.00001	1	100.00
flip_at_contact	183	0.0000	920.2407	17.0121	-0.0012	1410.0897	8.3721	-0.00000	0.99995	-0.00962	-0.00000	0.00962	0.99995	0.00042	0.00000	0.00001	1	100.00
flip_at_contact	184	0.0000	931.9906	17.0121	-0.0012	1410.0897	8.3721	-0.00000	0.99995	-0.00962	-0.00000	0.00962	0.99995	0.00042	0.00000	0.00001	1	100.00
flip_at_contact	185	0.0000	943.7407	17.0121	-0.0012	1410.0897	8.3721	-0.00000	0.99995	-0.00962	-0.00000	0.00962	0.99995	0.00042	0.00000	0.00001	1	100.00
flip_at_contact	186	0.0000	955.4907	17.0121	-0.0012	1410.0897	8.3721	-0.00000	0.99995	-0.00962	-0.00000	0.00962	0.99995	0.00042	0.00000	0.00001	1	100.00
flip_at_contact	187	0.0000	967.2406	17.0121	-0.0012	1410.0897	8.3721	-0.00000	0.99995	-0.00962	-0.00000	0.00962	0.99995	0.00042	0.00000	0.00001	1	100.00
flip_at_contact	188	0.0000	978.9907	17.0121	-0.0012	1410.0897	8.3721	-0.00000	0.99995	-0.00962	-0.00000	0.00962	0.99995	0.00042	0.00000	0.00001	1	100.00
flip_at_contact	189	0.0000	990.7407	17.0121	-0.0012	1410.0897	8.3721	-0.00000	0.99995	-0.00962	-0.00000	0.00962	0.99995	0.00042	0.00000	0.00001	1	100.00
flip_at_contact	190	0.0000	1002.4907	17.0121	-0.0012	1410.0897	8.3721	-0.00000	0.99995	-0.00962	-0.00000	0.00962	0.99995	0.00042	0.00000	0.00001	1	100.00
flip_at_contact	191	0.0000	1014.2407	17.0121	-0.0012	1410.0897	8.3721	-0.00000	0.99995	-0.00962	-0.00000	0.00962	0.99995	0.00042	0.00000	0.00001	1	100.00
flip_at_contact	192	0.0000	1025.9907	17.0121	-0.0012	1410.0897	8.3721	-0.00000	0.99995	-0.00962	-0.00000	0.00962	0.99995	0.00042	0.00000	0.00001	1	100.00
flip_at_contact	193	0.0000	1037.7407	17.0121	-0.0012	1410.0897	8.3721	-0.00000	0.99995	-0.00962	-0.00000	0.00962	0.99995	0.00042	0.00000	0.00001	1	100.00
flip_at_contact	194	0.0000	1049.4906	17.0121	-0.0012	1410.0897	8.3721	-0.00000	0.99995	-0.00962	-0.00000	0.00962	0.99995	0.00042	0.00000	0.00001	1	100.00
flip_at_contact	195	0.0000	1061.2407	17.0121	-0.0012	1410.0897	8.3721	-0.00000	0.99995	-0.00962	-0.00000	0.00962	0.99995	0.00042	0.00000	0.00001	1	100.00
flip_at_contact	196	0.0000	1072.9907	17.0121	-0.0012	1410.0897	8.3721	-0.00000	0.99995	-0.00962	-0.00000	0.00962	0.99995	0.00042	0.00000	0.00001	1	100.00
flip_at_contact	197	0.0000	1084.7406	17.0121	-0.0012	1410.0897	8.3721	-0.00000	0.99995	-0.00962	-0.00000	0.00962	0.99995	0.00042	0.00000	0.00001	1	100.00
flip_at_contact	198	0.0000	1096.4907	17.0121	-0.0012	1410.0897	8.3721	-0.00000	0.99995	-0.00962	-0.00000	0.00962	0.99995	0.00042	0.00000	0.00001	1	100.00
flip_at_contact	199	0.0000	1108.2407	17.0121	-0.0012	1410.0897	8.3721	-0.00000	0.99995	-0.00962	-0.00000	0.00962	0.99995	0.00042	0.00000	0.00001	1	100.00
flip_just_before_land	0	-0.0000	-1189.9954	316.5989	-0.0000	1200.5565	-408.1260	-0.00000	1.00000	0.00000	0.00000	0.00000	1.00000	0.00000	0.00000	0.00000	0	100.00
flip_just_before_land	1	-0.0000	-1179.9907	313.1538	-0.0000	1201.1063	-413.5377	-0.00000	1.00000	0.00000	0.00000	0.00000	1.00000	0.00000	0.00000	0.00000	0	100.00
flip_just_before_land	2	-0.0000	-1169.9762	309.6588	-0.0000	1201.6565	-418.9477	-0.00000	1.00000	0.00000	0.00000	0.00000	1.00000	0.00000	0.00000	0.00000	0	100.00
flip_just_before_land	3	-0.0000	-1159.9615	306.1237	-0.0000	1202.2065	-424.3577	-0.00000	1.00000	0.00000	0.00000	0.00000	1.00000	0.00000	0.00000	0.00000	0	100.00
flip_just_before_land	4	-0.0000	-1149.9370	304.9691	-0.0000	1202.7563	-138.1010	-0.00000	1.00000	0.00000	0.00000	0.00000	1.00000	0.00000	0.00000	0.00000	0	100.00
flip_just_before_land	5	-0.0000	-1139.9124	303.7740	-0.0000	1203.3065	-143.5177	-0.00000	1.00000	0.00000	0.00000	0.00000	1.00000	0.00000	0.00000	0.00000	0	100.00
flip_just_before_land	6	-0.0000	-1129.8778	302.5289	-0.0000	1203.8563	-148.9277	-0.00000	1.00000	0.00000	0.00000	0.00000	1.00000	0.00000	0.00000	0.00000	0	100.00
flip_just_before_land	7	-0.0000	-1119.8431	301.2439	-0.0000	1204.4065	-154.3377	-0.00000	1.00000	0.00000	0.00000	0.00000	1.00000	0.00000	0.00000	0.00000	0	100.00
flip_just_before_land	8	-0.0000	-1109.7986	299.9088	-0.0000	1204.9565	-159.7477	-0.00000	1.00000	0.00000	0.00000	0.00000	1.00000	0.00000	0.00000	0.00000	0	100.00
flip_just_before_land	9	-0.0000	-1099.7542	298.5337	-0.0000	1205.5065	-165.1577	-0.00000	1.00000	0.00000	0.00000	0.00000	1.00000	0.00000	0.00000	0.00000	0	100.00
flip_just_before_land	10	-0.0000	-1089.6995	297.1086	-0.0000	1206.0565	-170.5677	-0.00000	1.00000	0.00000	0.00000	0.00000	1.00000	0.00000	0.00000	0.00000	0	100.00
flip_just_before_land	11	-0.0000	-1079.6449	295.6435	-0.0000	1206.6064	-175.9777	-0.00000	1.00000	0.00000	0.00000	0.00000	1.00000	0.00000	0.00000	0.00000	0	100.00
flip_just_before_land	12	-0.0000	-1069.5803	294.1284	-0.0000	1207.1565	-181.3877	-0.00000	1.00000	0.00000	0.00000	0.00000	1.00000	0.00000	0.00000	0.00000	0	100.00
flip_just_before_land	13	-0.0000	-1059.5156	292.5733	-0.0000	1207.7064	-186.7977	-0.00000	1.00000	0.00000	0.00000	0.00000	1.00000	0.00000	0.00000	0.00000	0	100.00
flip_just_before_land	14	-0.0000	-1049.4512	290.9683	-0.0000	1208.2565	-192.2077	-0.00000	1.00000	-0.00087	-0.00000	0.00087	1.00000	-0.10386	-0.00000	0.00000	0	100.00
flip_just_before_land	15	-0.0000	-1039.3766	289.3232	-0.0000	1208.8064	-197.6181	-0.00000	1.00000	-0.00260	-0.00000	0.00260	1.00000	-0.20773	-0.00000	0.00000	0	100.00
flip_just_before_land	16	-0.0000	-1029.3020	287.6281	-0.0000	1209.3564	-203.0291	-0.00000	0.99999	-0.00519	-0.00000	0.00519	0.99999	-0.31159	-0.00000	0.00000	0	100.00
flip_just_before_land	17	-0.0000	-1019.2175	285.8930	-0.0000	1209.9065	-208.4405	-0.00000	0.99996	-0.00866	-0.00000	0.00866	0.99996	-0.41545	-0.00000	0.00000	0	100.00
flip_just_before_land	18	-0.0000	-1009.1329	284.1078	-0.0000	1210.4564	-213.8625	-0.00000	0.99992	-0.01298	-0.00000	0.01298	0.99992	-0.51931	-0.00000	0.00000	0	100.00
flip_just_before_land	19	-0.0000	-999.0383	282.2826	-0.0000	1211.0065	-219.2849	-0.00000	0.99983	-0.01817	-0.00000	0.01817	0.99983	-0.62317	-0.00000	0.00000	0	100.00
flip_just_before_land	20	-0.0000	-988.9437	280.4074	-0.0000	1211.5564	-224.7078	-0.00000	0.99971	-0.02423	-0.00000	0.02423	0.99971	-0.72704	-0.00000	0.00000	0	100.00
flip_just_before_land	21	-0.0000	-978.8391	278.4922	-0.0000	1212.1063	-230.1311	-0.00000	0.99951	-0.03115	-0.00000	0.03115	0.99951	-0.83090	-0.00000	0.00000	0	100.00
flip_just_before_land	22	-0.0000	-968.7344	276.5269	-0.0000	1212.6562	-235.5649	-0.00000	0.99924	-0.03894	-0.00000	0.03894	0.99924	-0.93476	-0.00000	0.00000	0	100.00
flip_just_before_land	23	-0.0000	-958.6199	274.5217	-0.0000	1213.2061	-240.9993	-0.00000	0.99887	-0.04759	-0.00000	0.04759	0.99887	-1.03862	-0.00000	0.00000	0	100.00
flip_just_before_land	24	-0.0000	-948.5053	272.4664	-0.0000	1213.7559	-246.4341	-0.00000	0.99837	-0.05709	-0.00000	0.05709	0.99837	-1.14248	-0.00000	0.00000	0	100.00
flip_just_before_land	25	-0.0000	-938.3907	270.3710	-0.0000	1214.3055	-251.8794	-0.00000	0.99772	-0.06746	-0.00000	0.06746	0.99772	-1.24635	-0.00000	0.00000	0	100.00
flip_just_before_land	26	-0.0000	-928.2661	268.2256	-0.0000	1214.8552	-257.3251	-0.00000	0.99690	-0.07868	-0.00000	0.07868	0.99690	-1.35021	-0.00000	0.00000	0	100.00
flip_just_before_land	27	-0.0000	-918.1415	266.0402	-0.0000	1215.4047	-262.7814	-0.00000	0.99587	-0.09075	-0.00000	0.09075	0.99587	-1.45407	-0.00000	0.00000	0	100.00
flip_just_before_land	28	-0.0000	-908.0071	263.8046	-0.0000	1215.9542	-268.2481	-0.00000	0.99461	-0.10368	-0.00000	0.10368	0.99461	-1.55793	-0.00000	0.00000	0	100.00
flip_just_before_land	29	-0.0000	-897.8724	261.5190	-0.0000	1216.5034	-273.7153	-0.00000	0.99308	-0.11744	-0.00000	0.11744	0.99308	-1.66179	-0.00000	0.00000	0	100.00
flip_just_before_land	30	-0.0000	-887.7278	259.1934	-0.0000	1217.0526	-279.1929	-0.00000	0.99124	-0.13204	-0.00000	0.13204	0.99124	-1.76566	-0.00000	0.00000	0	100.00
flip_just_before_land	31	-0.0000	-877.5832	256.8177	-0.0000	1217.6014	-284.6810	-0.00000	0.98907	-0.14746	-0.00000	0.14746	0.98907	-1.86952	-0.00000	0.00000	0	100.00
flip_just_before_land	32	-0.0000	-867.4287	254.4019	-0.0000	1218.1504	-290.1796	-0.00000	0.98651	-0.16371	-0.00000	0.16371	0.98651	-1.97338	-0.00000	0.00000	0	100.00
flip_just_before_land	33	-0.0000	-857.2742	251.9360	-0.0000	1218.6991	-295.6786	-0.00000	0.98353	-0.18076	-0.00000	0.18076	0.98353	-2.07724	-0.00000	0.00000	0	100.00
flip_just_before_land	34	-0.0000	-847.1096	249.4301	-0.0000	1219.2372	-301.1880	-0.00000	0.98008	-0.19861	-0.00000	0.19861	0.98008	-2.18110	-0.00000	0.00000	0	100.00
flip_just_before_land	35	-0.0000	-836.9451	246.8741	-0.0000	1219.7754	-306.7080	-0.00000	0.97612	-0.21723	-0.00000	0.21723	0.97612	-2.28497	-0.00000	0.00000	0	100.00
flip_just_before_land	36	-0.0000	-826.7807	244.2680	-0.0000	1220.3132	-312.2383	-0.00000	0.97160	-0.23662	-0.00000	0.23662	0.97160	-2.38883	-0.00000	0.00000	0	100.00
flip_just_before_land	37	-0.0000	-816.6063	241.6218	-0.0000	1220.8507	-317.7791	-0.00000	0.96648	-0.25675	-0.00000	0.25675	0.96648	-2.49269	-0.00000	0.00000	0	100.00
flip_just_before_land	38	-0.0000	-806.4317	238.9256	-0.0000	1221.3878	-323.3303	-0.00000	0.96070	-0.27760	-0.00000	0.27760	0.96070	-2.59655	-0.00000	0.00000	0	100.00
flip_just_before_land	39	-0.0000	-796.2473	236.1891	-0.0000	1221.9147	-328.9019	-0.00000	0.95421	-0.29915	-0.00000	0.29915	0.95421	-2.70041	-0.00000	0.00000	0	100.00
flip_just_before_land	40	-0.0000	-786.0629	233.4026	-0.0000	1222.4410	-334.4839	-0.00000	0.94696	-0.32136	-0.00000	0.32136	0.94696	-2.80428	-0.00000	0.00000	0	100.00
flip_just_before_land	41	-0.0000	-775.8686	230.5660	-0.0000	1222.9669	-340.0762	-0.00000	0.93889	-0.34421	-0.00000	0.34421	0.93889	-2.90814	-0.00000	0.00000	0	100.00
flip_just_before_land	42	-0.0000	-765.6743	227.6893	-0.0000	1223.4825	-345.6789	-0.00000	0.92996	-0.36767	-0.00000	0.36767	0.92996	-3.01200	-0.00000	0.00000	0	100.00
flip_just_before_land	43	-0.0000	-755.4700	224.7626	-0.0000	1223.9976	-351.2919	-0.00000	0.92010	-0.39169	-0.00000	0.39169	0.92010	-3.11586	-0.00000	0.00000	0	100.00
flip_just_before_land	44	-0.0000	-745.2657	221.7856	-0.0000	1224.5021	-356.9253	-0.00000	0.90926	-0.41623	-0.00000	0.41623	0.90926	-3.21972	-0.00000	0.00000	0	100.00
flip_just_before_land	45	-0.0000	-735.0616	218.7686	-0.0000	1225.0061	-362.5689	-0.00000	0.89738	-0.44125	-0.00000	0.44125	0.89738	-3.32359	-0.00000	0.00000	0	100.00
flip_just_before_land	46	-0.0000	-724.8475	215.7015	-0.0000	1225.4995	-368.2228	-0.00000	0.88442	-0.46670	-0.00000	0.46670	0.88442	-3.42745	-0.00000	0.00000	0	100.00
flip_just_before_land	47	-0.0000	-714.6334	212.5842	-0.0000	1225.9823	-373.8969	-0.00000	0.87030	-0.49252	-0.00000	0.49252	0.87030	-3.53131	-0.00000	0.00000	0	100.00
flip_just_before_land	48	-0.0000	-704.4095	209.4168	-0.0000	1226.4645	-379.5813	-0.00000	0.85498	-0.51865	-0.00000	0.51865	0.85498	-3.63517	-0.00000	0.00000	0	100.00
flip_just_before_land	49	-0.0000	-694.1855	206.2093	-0.0000	1226.9359	-385.2858	-0.00000	0.83841	-0.54504	-0.00000	0.54504	0.83841	-3.73903	-0.00000	0.00000	0	100.00
flip_just_before_land	50	-0.0000	-683.9617	202.9516	-0.0000	1227.3967	-391.0005	-0.00000	0.82053	-0.57160	-0.00000	0.57160	0.82053	-3.84290	-0.00000	0.00000	0	100.00
flip_just_before_land	51	-0.0000	-673.7280	199.6439	-0.0000	1227.8468	-396.7352	-0.00000	0.80129	-0.59828	-0.00000	0.59828	0.80129	-3.94676	-0.00000	0.00000	0	100.00
flip_just_before_land	52	-0.0000	-663.4942	196.2860	-0.0000	1228.2861	-402.4800	-0.00000	0.78064	-0.62498	-0.00000	0.62498	0.78064	-4.05062	-0.00000	0.00000	0	100.00
flip_just_before_land	53	-0.0000	-653.2507	192.8880	-0.0000	1228.7147	-408.2448	-0.00000	0.75854	-0.65162	-0.00000	0.65162	0.75854	-4.15448	-0.00000	0.00000	0	100.00
flip_just_before_land	54	-0.0000	-643.0072	189.4398	-0.0000	1229.1323	-414.0197	-0.00000	0.73495	-0.67813	-0.00000	0.67813	0.73495	-4.25834	-0.00000	0.00000	0	100.00
flip_just_before_land	55	-0.0000	-632.7638	185.9416	-0.0000	1229.5392	-419.8043	-0.00000	0.70981	-0.70439	-0.00000	0.70439	0.70981	-4.36221	-0.00000	0.00000	0	100.00
flip_just_before_land	56	-0.0000	-622.5106	182.3933	-0.0000	1229.9253	-425.6090	-0.00000	0.68311	-0.73031	-0.00000	0.73031	0.68311	-4.46607	-0.00000	0.00000	0	100.00
flip_just_before_land	57	-0.0000	-612.2575	178.7948	-0.0000	1230.3003	-431.4234	-0.00000	0.65481	-0.75579	-0.00000	0.75579	0.65481	-4.56993	-0.00000	0.00000	0	100.00
flip_just_before_land	58	-0.0000	-602.0045	175.1462	-0.0000	1230.6647	-437.2575	-0.00000	0.62489	-0.78072	-0.00000	0.78072	0.62489	-4.67379	-0.00000	0.00000	0	100.00
flip_just_before_land	59	-0.0000	-591.7416	171.4575	-0.0000	1231.0079	-443.1014	-0.00000	0.59332	-0.80497	-0.00000	0.80497	0.59332	-4.77765	-0.00000	0.00000	0	100.00
flip_just_before_land	60	-0.0000	-581.4789	167.7186	-0.0000	1231.3306	-448.9648	-0.00000	0.56009	-0.82843	-0.00000	0.82843	0.56009	-4.88152	-0.00000	0.00000	0	100.00
flip_just_before_land	61	-0.0000	-571.2163	163.9297	-0.0000	1231.6421	-454.8379	-0.00000	0.52520	-0.85098	-0.00000	0.85098	0.52520	-4.98538	-0.00000	0.00000	0	100.00
flip_just_before_land	62	-0.0000	-560.9539	160.0907	-0.0000	1231.9329	-460.7204	-0.00000	0.48865	-0.87248	0.00000	0.87248	0.48865	-5.08924	-0.00000	0.00000	0	100.00
flip_just_before_land	63	-0.0000	-550.6816	156.2015	-0.0000	1232.2024	-466.6224	-0.00000	0.45044	-0.89281	-0.00000	0.89281	0.45044	-5.19310	-0.00000	0.00000	0	100.00
flip_just_before_land	64	-0.0000	-540.4095	152.2622	-0.0000	1232.4512	-472.5337	-0.00000	0.41061	-0.91181	-0.00000	0.91181	0.41061	-5.29696	-0.00000	0.00000	0	100.00
flip_just_before_land	65	-0.0000	-530.1376	148.2729	-0.0000	1232.6790	-478.4542	-0.00000	0.36917	-0.92936	-0.00000	0.92936	0.36917	-5.40083	-0.00000	0.00000	0	100.00
flip_just_before_land	66	-0.0000	-519.8660	144.2335	-0.0000	1232.8760	-484.3840	-0.00000	0.32616	-0.94531	0.00000	0.94531	0.32616	-5.50469	-0.00000	0.00000	0	100.00
flip_just_before_land	67	-0.0000	-509.5945	140.1440	-0.0000	1233.0521	-490.3228	-0.00000	0.28168	-0.95951	0.00000	0.95951	0.28168	-5.60386	-0.00000	0.00000	0	100.00
flip_just_before_land	68	-0.0000	-499.3133	136.0044	-0.0000	1233.2074	-496.2707	-0.00000	0.23658	-0.97161	0.00000	0.97161	0.23658	-5.60386	-0.00000	0.00000	0	100.00
flip_just_before_land	69	-0.0000	-489.0322	131.8148	-0.0000	1233.3324	-502.2274	-0.00000	0.19096	-0.98160	0.00000	0.98160	0.19096	-5.60386	-0.00000	0.00000	0	100.00
flip_just_before_land	70	-0.0000	-478.7513	127.5751	-0.0000	1233.4370	-508.1830	-0.00000	0.14493	-0.98944	0.00000	0.98944	0.14493	-5.60386	-0.00000	0.00000	0	100.00
flip_just_before_land	71	-0.0000	-468.4707	123.2954	-0.0000	1233.5114	-514.1474	-0.00000	0.09859	-0.99513	0.00000	0.99513	0.09859	-5.60386	-0.00000	0.00000	0	100.00
flip_just_before_land	72	-0.0000	-458.1903	118.9657	-0.0000	1233.5657	-520.1105	-0.00000	0.05202	-0.99865	0.00000	0.99865	0.05202	-5.60386	-0.00000	0.00000	0	100.00
flip_just_before_land	73	-0.0000	-447.9101	114.5860	-0.0000	1233.5897	-526.0824	-0.00000	0.00535	-0.99999	0.00000	0.99999	0.00535	-5.60386	-0.00000	0.00000	0	100.00
flip_just_before_land	74	-0.0000	-437.6301	110.1562	-0.0000	1233.5839	-532.0532	-0.00000	-0.04134	-0.99915	0.00000	0.99915	-0.04134	-5.60386	0.00000	0.00000	0	100.00
flip_just_before_land	75	-0.0000	-427.3503	105.6765	-0.0000	1233.5579	-538.0227	-0.00000	-0.08794	-0.99613	0.00000	0.99613	-0.08794	-5.60386	0.00000	0.00000	0	100.00
flip_just_before_land	76	-0.0000	-417.0708	101.1467	-0.0000	1233.5020	-543.9910	-0.00000	-0.13434	-0.99094	0.00000	0.99094	-0.13434	-5.60386	0.00000	0.00000	0	100.00
flip_just_before_land	77	-0.0000	-406.7914	96.5670	-0.0000	1233.4263	-549.9581	-0.00000	-0.18045	-0.98358	0.00000	0.98358	-0.18045	-5.60386	0.00000	0.00000	0	100.00
flip_just_before_land	78	-0.0000	-396.5123	91.9374	-0.0000	1233.3206	-555.9141	-0.00000	-0.22617	-0.97409	0.00000	0.97409	-0.22617	-5.60386	0.00000	0.00000	0	100.00
flip_just_before_land	79	-0.0000	-386.2334	87.2578	-0.0000	1233.1952	-561.8688	-0.00000	-0.27140	-0.96247	0.00000	0.96247	-0.27140	-5.60386	0.00000	0.00000	0	100.00
flip_just_before_land	80	-0.0000	-375.9547	82.5282	-0.0000	1233.0402	-567.8123	-0.00000	-0.31603	-0.94875	0.00000	0.94875	-0.31603	-5.60386	0.00000	0.00000	0	100.00
flip_just_before_land	81	0.0000	-366.6111	81.1053	0.0000	1120.6738	-186.7601	0.06155	-0.38375	-0.92138	0.11239	0.91993	-0.37563	-8.35888	-11.61761	-10.07854	0	100.00
flip_just_before_land	82	-0.1963	-357.8198	84.2531	-23.5552	1054.8289	38.9425	0.03731	-0.41721	-0.90805	0.07857	0.90709	-0.41354	-4.78641	3.55367	2.29112	0	100.00
flip_just_before_land	83	-0.3961	-349.0318	85.5021	-23.5303	1054.5892	32.1865	0.01999	-0.44387	-0.89587	0.05730	0.89508	-0.44220	-3.65024	2.67990	1.29135	0	100.00
flip_just_before_land	84	-0.5960	-340.2439	85.8721	-23.5199	1054.3342	25.4333	0.00505	-0.46753	-0.88396	0.04349	0.88324	-0.46690	-3.20607	2.29961	0.63764	0	100.00
flip_just_before_land	85	-0.7959	-331.4561	86.0257	-23.5082	1054.0712	18.6899	-0.00896	-0.48793	-0.87283	0.03577	0.87215	-0.48792	-2.78681	1.91947	0.01212	0	100.00
flip_just_before_land	86	-0.9959	-322.6783	86.1295	-23.5060	1053.7998	11.9461	-0.02252	-0.50514	-0.86274	0.03362	0.86209	-0.50564	-2.39025	1.53996	-0.58580	0	100.00
flip_just_before_land	87	-1.1825	-313.9677	86.4011	-21.8977	1045.4730	32.5383	-0.03145	-0.52348	-0.85145	0.03654	0.85070	-0.52437	-2.59453	0.73914	-0.85263	0	100.00
flip_just_before_land	88	-1.3621	-305.2640	86.6281	-21.8461	1044.7141	27.3748	-0.03992	-0.53914	-0.84127	0.03429	0.84071	-0.54040	-2.23274	1.00388	-0.31321	0	100.00
flip_just_before_land	89	-1.5422	-296.5566	86.8021	-21.8632	1044.4114	20.6536	-0.04807	-0.55206	-0.83242	0.02654	0.83238	-0.55357	-1.83949	1.32811	0.24384	0	100.00
flip_just_before_land	90	-1.7194	-287.8799	86.9930	-21.5227	1041.6156	23.1563	-0.05487	-0.56702	-0.82188	0.02216	0.82222	-0.56874	-2.17198	0.97023	-0.02370	0	100.00
flip_just_before_land	91	-1.8977	-279.2161	87.1728	-21.3229	1039.6644	21.9356	-0.06067	-0.58044	-0.81204	0.01457	0.81294	-0.58217	-1.94688	1.09418	0.34453	0	100.00
flip_just_before_land	92	-2.0754	-270.5771	87.3584	-21.0437	1037.1473	22.6071	-0.06526	-0.59283	-0.80268	0.00465	0.80420	-0.59433	-1.79180	1.14541	0.63815	0	100.00
flip_just_before_land	93	-2.2530	-261.9587	87.5558	-20.7632	1034.5547	23.5009	-0.06865	-0.60437	-0.79374	-0.00738	0.79590	-0.60538	-1.65865	1.19346	0.91071	0	100.00
flip_just_before_land	94	-2.4207	-253.3607	87.7648	-20.4839	1031.9083	24.5708	-0.07090	-0.61521	-0.78517	-0.02139	0.78790	-0.61543	-1.54523	1.24101	1.16539	0	100.00
flip_just_before_land	95	-2.5884	-244.7832	87.9748	-20.2046	1029.2141	25.7723	-0.07203	-0.62549	-0.77690	-0.03723	0.78007	-0.62459	-1.44979	1.28998	1.40469	0	100.00
flip_just_before_land	96	-2.7560	-236.2259	88.1956	-19.9246	1026.4899	27.0712	-0.07211	-0.63530	-0.76889	-0.05481	0.77226	-0.63294	-1.37078	1.34199	1.63070	0	100.00
flip_just_before_land	97	-2.9237	-227.6989	88.4370	-19.6433	1023.7347	28.4417	-0.07118	-0.64473	-0.76109	-0.07405	0.76434	-0.64055	-1.30683	1.39838	1.84528	0	100.00
flip_just_before_land	98	-3.0813	-219.1919	88.6888	-19.3603	1020.9669	29.8584	-0.06930	-0.65386	-0.75343	-0.09487	0.75615	-0.64749	-1.25682	1.46025	2.04998	0	100.00
flip_just_before_land	99	-3.2390	-210.7051	88.9508	-19.0753	1018.1855	31.2952	-0.06653	-0.66275	-0.74588	-0.11723	0.74755	-0.65378	-1.21979	1.52850	2.24612	0	100.00
flip_just_before_land	100	-3.3965	-202.2483	89.2228	-18.7784	1015.4019	32.7374	-0.06291	-0.67146	-0.73837	-0.14109	0.73839	-0.65945	-1.19474	1.60414	2.43506	0	100.00
flip_just_before_land	101	-3.5567	-193.7914	89.4373	-18.8060	1015.0278	26.0708	-0.05937	-0.67842	-0.73227	-0.16925	0.72978	-0.66240	-0.90392	1.99593	2.80541	0	100.00
flip_just_before_land	102	-3.7135	-185.3597	89.6932	-18.4232	1011.6316	30.3820	-0.05438	-0.68787	-0.72380	-0.19274	0.71847	-0.66832	-1.36113	1.52058	2.49648	0	100.00
flip_just_before_land	103	-3.8618	-176.9475	89.9368	-18.2115	1009.4995	29.6144	-0.04892	-0.69680	-0.71560	-0.21852	0.70656	-0.67307	-1.29365	1.71361	2.72774	0	100.00
flip_just_before_land	104	-4.0090	-168.5606	90.1981	-17.8848	1006.7283	30.9692	-0.04279	-0.70569	-0.70723	-0.24577	0.69356	-0.67718	-1.31238	1.83046	2.90518	0	100.00
flip_just_before_land	105	-4.1562	-160.1933	90.4682	-17.5404	1003.9976	32.1834	-0.03604	-0.71455	-0.69866	-0.27447	0.67930	-0.68060	-1.33971	1.95856	3.08019	0	100.00
flip_just_before_land	106	-4.3032	-151.8457	90.7469	-17.1856	1001.3200	33.2252	-0.02869	-0.72338	-0.68985	-0.30461	0.66364	-0.68323	-1.37441	2.09926	3.25383	0	100.00
flip_just_before_land	107	-4.4401	-143.5274	91.0337	-16.8108	998.7156	34.0445	-0.02077	-0.73217	-0.68080	-0.33617	0.64642	-0.68493	-1.41527	2.25378	3.42695	0	100.00
flip_just_before_land	108	-4.5769	-135.2284	91.3182	-16.4272	996.1880	34.5886	-0.01233	-0.74090	-0.67150	-0.36912	0.62750	-0.68556	-1.46064	2.42366	3.60045	0	100.00
flip_just_before_land	109	-4.7135	-126.9487	91.6099	-16.0260	993.7595	34.7900	-0.00339	-0.74953	-0.66196	-0.40345	0.60673	-0.68492	-1.50862	2.61048	3.77507	0	100.00
flip_just_before_land	110	-4.8402	-118.6879	91.8981	-15.6190	991.4545	34.5731	0.00601	-0.75801	-0.65221	-0.43910	0.58398	-0.68276	-1.55674	2.81610	3.95145	0	100.00
flip_just_before_land	111	-4.9667	-110.4458	92.1821	-15.2089	989.3076	33.8509	0.01583	-0.76628	-0.64232	-0.47604	0.55914	-0.67878	-1.60191	3.04260	4.12999	0	100.00
flip_just_before_land	112	-5.0966	-102.2094	92.4070	-15.1922	988.8752	27.2442	0.02546	-0.77330	-0.63353	-0.51536	0.53288	-0.67115	-1.46136	3.45732	4.36505	0	100.00
flip_just_before_land	113	-5.2254	-93.9776	92.6048	-15.0504	987.8827	23.3813	0.03573	-0.78037	-0.62429	-0.54992	0.50626	-0.66430	-1.54715	3.05319	4.05819	0	100.00
flip_just_before_land	114	-5.3523	-85.7627	92.7793	-14.6797	986.0725	21.5146	0.04621	-0.78716	-0.61501	-0.58574	0.47737	-0.65500	-1.59614	3.34616	4.25003	0	100.00
flip_just_before_land	115	-5.4696	-77.5552	92.9347	-14.3562	984.5793	18.5632	0.05654	-0.79336	-0.60612	-0.62187	0.44696	-0.64304	-1.58279	3.58858	4.33999	0	100.00
flip_just_before_land	116	-5.5893	-69.3589	93.0298	-14.3196	984.1302	11.9743	0.06593	-0.79823	-0.59873	-0.65742	0.41664	-0.62786	-1.40576	3.79675	4.28991	0	100.00
flip_just_before_land	117	-5.7090	-61.1626	93.0818	-14.2744	983.6875	6.2217	0.07560	-0.80274	-0.59151	-0.68778	0.38753	-0.61382	-1.37656	3.32686	3.92291	0	100.00
flip_just_before_land	118	-5.8286	-52.9664	93.0840	-14.2290	983.2350	0.4757	0.08619	-0.80719	-0.58397	-0.71553	0.35771	-0.60005	-1.43805	3.11746	3.85512	0	100.00
flip_just_before_land	119	-5.9481	-44.7801	93.0361	-14.1731	982.7825	-5.2701	0.09772	-0.81151	-0.57611	-0.74076	0.32728	-0.58665	-1.49515	2.91193	3.79618	0	100.00
flip_just_before_land	120	-6.0676	-36.5939	92.9483	-14.1167	982.3301	-11.0077	0.11020	-0.81564	-0.56797	-0.76360	0.29631	-0.57368	-1.54781	2.71028	3.74565	0	100.00
flip_just_before_land	121	-6.1871	-28.4077	92.8105	-14.0498	981.8778	-16.7332	0.12363	-0.81953	-0.55954	-0.78414	0.26488	-0.56121	-1.59605	2.51254	3.70315	0	100.00
flip_just_before_land	122	-6.3064	-20.2315	92.6228	-13.9723	981.4156	-22.4585	0.13801	-0.82312	-0.55084	-0.80249	0.23304	-0.54928	-1.63985	2.31874	3.66830	0	100.00
flip_just_before_land	123	-6.4258	-12.0554	92.3852	-13.8943	980.9536	-28.1737	0.15334	-0.82635	-0.54188	-0.81871	0.20083	-0.53793	-1.67927	2.12890	3.64073	0	100.00
flip_just_before_land	124	-6.5450	-3.8892	92.1076	-13.8058	980.4918	-33.8887	0.16961	-0.82915	-0.53267	-0.83291	0.16831	-0.52720	-1.71434	1.94306	3.62010	0	100.00
flip_just_before_land	125	-6.6642	4.2769	91.7801	-13.7068	980.0303	-39.5936	0.18682	-0.83147	-0.52321	-0.84514	0.13550	-0.51709	-1.74515	1.76124	3.60606	0	100.00
flip_just_before_land	126	-6.7733	12.4431	91.4025	-13.5972	979.5690	-45.2983	0.20494	-0.83325	-0.51350	-0.85547	0.10243	-0.50763	-1.77176	1.58347	3.59831	0	100.00
flip_just_before_land	127	-6.8823	20.5992	90.9751	-13.4771	979.0980	-50.9929	0.22396	-0.83443	-0.50356	-0.86395	0.06914	-0.49881	-1.79429	1.40977	3.59655	0	100.00
flip_just_before_land	128	-6.9912	28.7552	90.5076	-13.3466	978.6273	-56.6874	0.24385	-0.83494	-0.49336	-0.87064	0.03564	-0.49064	-1.81283	1.24017	3.60047	0	100.00
flip_just_before_land	129	-7.1000	36.9113	89.9902	-13.2055	978.1570	-62.3718	0.26459	-0.83473	-0.48292	-0.87556	0.00196	-0.48310	-1.82752	1.07468	3.60981	0	100.00
flip_just_before_land	130	-7.2088	45.0574	89.4229	-13.0540	977.6872	-68.0560	0.28616	-0.83373	-0.47224	-0.87876	-0.03189	-0.47620	-1.83846	0.91332	3.62431	0	100.00
flip_just_before_land	131	-7.3174	53.2035	88.8056	-12.8920	977.2178	-73.7300	0.30851	-0.83188	-0.46130	-0.88026	-0.06587	-0.46990	-1.84580	0.75611	3.64371	0	100.00
flip_just_before_land	132	-7.4260	61.3396	88.1483	-12.7196	976.7488	-79.4039	0.33160	-0.82912	-0.45011	-0.88007	-0.09998	-0.46420	-1.84969	0.60305	3.66779	0	100.00
flip_just_before_land	133	-7.5344	69.4757	87.4411	-12.5268	976.2803	-85.0677	0.35540	-0.82539	-0.43865	-0.87821	-0.13418	-0.45907	-1.85028	0.45415	3.69631	0	100.00
flip_just_before_land	134	-7.6327	77.6119	86.6840	-12.3236	975.8223	-90.7214	0.37987	-0.82063	-0.42692	-0.87469	-0.16845	-0.45448	-1.84770	0.30940	3.72908	0	100.00
flip_just_before_land	135	-7.7309	85.7380	85.8769	-12.1100	975.3650	-96.3748	0.40494	-0.81478	-0.41492	-0.86950	-0.20277	-0.45040	-1.84214	0.16881	3.76587	0	100.00
flip_just_before_land	136	-7.8290	93.8642	85.0298	-11.8760	974.9083	-102.0182	0.43057	-0.80777	-0.40264	-0.86264	-0.23710	-0.44681	-1.83373	0.03236	3.80651	0	100.00
flip_just_before_land	137	-7.9269	101.9804	84.1329	-11.6318	974.4521	-107.6513	0.45669	-0.79956	-0.39006	-0.85411	-0.27141	-0.44366	-1.82266	-0.09995	3.85081	0	100.00
flip_just_before_land	138	-8.0248	110.0967	83.1860	-11.3773	974.0067	-113.2844	0.48324	-0.79007	-0.37718	-0.84389	-0.30567	-0.44092	-1.80907	-0.22814	3.89860	0	100.00
flip_just_before_land	139	-8.1125	118.2130	82.1991	-11.1025	973.5621	-118.9072	0.51016	-0.77926	-0.36400	-0.83198	-0.33982	-0.43856	-1.79315	-0.35225	3.94972	0	100.00
flip_just_before_land	140	-8.2001	126.3194	81.1623	-10.8176	973.1279	-124.5199	0.53737	-0.76707	-0.35050	-0.81835	-0.37383	-0.43653	-1.77505	-0.47228	4.00400	0	100.00
flip_just_before_land	141	-8.2957	134.3949	80.1821	-11.4864	968.9883	-117.3478	0.56487	-0.75498	-0.33306	-0.80320	-0.41050	-0.43169	-2.41921	-0.45490	4.13144	0	100.00
flip_just_before_land	142	-8.3931	142.4613	79.1485	-11.1672	968.5615	-123.7760	0.59209	-0.74143	-0.31578	-0.78749	-0.44909	-0.42211	-2.74286	-0.03696	4.34902	0	100.00
flip_just_before_land	143	-8.4803	150.5279	78.0650	-10.8321	968.1491	-130.1964	0.61905	-0.72629	-0.29879	-0.77089	-0.48929	-0.40782	-3.06945	0.35317	4.55614	0	100.00
flip_just_before_land	144	-8.5674	158.5945	76.9386	-10.4871	967.7374	-135.7737	0.64609	-0.70927	-0.28197	-0.75205	-0.52849	-0.39384	-2.99121	0.20335	4.60187	0	100.00
flip_just_before_land	145	-8.6544	166.6511	75.7621	-10.1221	967.3369	-141.3443	0.67311	-0.69031	-0.26531	-0.73100	-0.56667	-0.38016	-2.91369	0.06207	4.65680	0	100.00
flip_just_before_land	146	-8.7312	174.7079	74.5358	-9.7471	966.9474	-146.9051	0.69999	-0.66940	-0.24884	-0.70777	-0.60378	-0.36676	-2.83444	-0.07105	4.71646	0	100.00
flip_just_before_land	147	-8.8079	182.7647	73.2695	-9.3521	966.5690	-152.4559	0.72658	-0.64652	-0.23259	-0.68243	-0.63972	-0.35363	-2.75220	-0.19601	4.77788	0	100.00
flip_just_before_land	148	-8.8846	190.8117	71.9534	-8.9473	966.2018	-157.9969	0.75270	-0.62172	-0.21659	-0.65507	-0.67435	-0.34079	-2.66208	-0.31220	4.83108	0	100.00
flip_just_before_land	149	-8.9510	198.8588	70.5873	-8.5228	965.8555	-163.5280	0.77818	-0.59504	-0.20089	-0.62578	-0.70757	-0.32824	-2.56826	-0.41948	4.88148	0	100.00
flip_just_before_land	150	-9.0174	206.9060	69.1813	-8.0887	965.5204	-169.0493	0.80288	-0.56654	-0.18552	-0.59467	-0.73927	-0.31597	-2.47166	-0.51778	4.92908	0	100.00
flip_just_before_land	151	-9.0836	214.9534	67.7253	-7.6350	965.2062	-174.5607	0.82664	-0.53629	-0.17049	-0.56183	-0.76938	-0.30398	-2.37313	-0.60710	4.97392	0	100.00
flip_just_before_land	152	-9.1398	222.9908	66.2294	-7.1718	964.9030	-180.0724	0.84933	-0.50435	-0.15583	-0.52736	-0.79779	-0.29225	-2.27350	-0.68756	5.01606	0	100.00
flip_just_before_land	153	-9.1958	231.0285	64.6835	-6.6992	964.6207	-185.5742	0.87081	-0.47080	-0.14155	-0.49137	-0.82445	-0.28078	-2.17352	-0.75936	5.05559	0	100.00
flip_just_before_land	154	-9.2592	239.0416	63.1740	-7.1039	961.3897	-180.7259	0.89084	-0.43692	-0.12453	-0.45421	-0.85060	-0.26488	-2.77806	-0.88663	5.03402	0	100.00
flip_just_before_land	155	-9.3151	247.0495	61.6113	-6.6061	961.1382	-187.0402	0.90866	-0.40305	-0.10901	-0.41752	-0.87512	-0.24462	-3.12517	-0.61032	4.92157	0	100.00
flip_just_before_land	156	-9.3708	255.0576	59.9987	-6.0962	960.9071	-193.3516	0.92434	-0.36951	-0.09516	-0.38155	-0.89766	-0.22053	-3.42776	-0.36859	4.77243	0	100.00
flip_just_before_land	157	-9.4165	263.0658	58.3432	-5.5775	960.6956	-198.8205	0.93803	-0.33649	-0.08293	-0.34644	-0.91683	-0.19849	-3.07820	-0.40950	4.54877	0	100.00
flip_just_before_land	158	-9.4652	271.0617	56.6806	-5.4265	959.0042	-199.1290	0.95058	-0.30252	-0.06980	-0.31021	-0.93454	-0.17436	-3.32077	-0.54448	4.58532	0	100.00
flip_just_before_land	159	-9.5108	279.0503	54.9683	-4.8929	958.8329	-205.4098	0.96166	-0.26806	-0.05799	-0.27379	-0.95063	-0.14605	-3.71852	-0.37172	4.57247	0	100.00
flip_just_before_land	160	-9.5463	287.0390	53.2060	-4.3567	958.6819	-211.6832	0.97094	-0.23444	-0.04799	-0.23852	-0.96432	-0.11485	-3.96603	-0.21075	4.39109	0	100.00
flip_just_before_land	161	-9.5818	295.0279	51.4006	-3.8116	958.5507	-217.1243	0.97862	-0.20181	-0.03966	-0.20457	-0.97500	-0.08671	-3.53533	-0.23421	4.17604	0	100.00
flip_just_before_land	162	-9.6109	302.9997	49.6042	-3.7037	956.3636	-215.4913	0.98520	-0.16876	-0.03003	-0.17022	-0.98385	-0.05544	-3.91442	-0.43747	4.17692	0	100.00
flip_just_before_land	163	-9.6363	310.9689	47.7520	-3.1537	956.2672	-221.7577	0.99050	-0.13575	-0.02196	-0.13621	-0.99046	-0.02084	-4.25511	-0.32496	4.12080	0	100.00
flip_just_before_land	164	-9.6617	318.9382	45.8499	-2.6007	956.1854	-228.0132	0.99446	-0.10389	-0.01568	-0.10365	-0.99449	0.01571	-4.44542	-0.22268	3.93541	0	100.00
flip_just_before_land	165	-9.6828	326.7644	44.3756	-2.7365	938.9343	-176.9272	0.99669	-0.08081	0.00834	-0.08117	-0.99466	0.06374	-6.01051	-2.33589	2.80411	0	100.00
flip_just_before_land	166	-9.7436	334.2144	44.0949	-7.6337	894.5329	-34.2078	0.99881	-0.04828	-0.00661	-0.04697	-0.98997	0.13327	-8.25296	2.33054	3.90248	0	100.00
flip_just_before_land	167	-9.7959	341.6000	43.9672	-6.7031	886.7981	-14.7376	0.99944	-0.03268	-0.00743	-0.03078	-0.98278	0.18222	-5.94050	0.33875	1.91539	0	100.00
flip_just_before_land	168	-9.8512	348.9898	43.7951	-6.1458	886.7728	-20.9851	0.99979	-0.01815	-0.00900	-0.01563	-0.97362	0.22762	-5.56090	0.33066	1.78938	0	100.00
flip_just_before_land	169	-9.8965	356.3796	43.5730	-5.5856	886.7608	-27.2360	0.99993	-0.00374	-0.01135	-0.00051	-0.96222	0.27227	-5.53113	0.34249	1.78526	0	100.00
flip_just_before_land	170	-9.9419	363.7697	43.2909	-5.0255	886.7589	-33.4873	0.99984	0.01057	-0.01447	0.01461	-0.94863	0.31604	-5.49942	0.35514	1.78879	0	100.00
flip_just_before_land	171	-9.9772	371.1596	42.9588	-4.4655	886.7569	-39.7390	0.99952	0.02482	-0.01836	0.02975	-0.93293	0.35883	-5.46598	0.36944	1.79930	0	100.00
flip_just_before_land	172	-10.0125	378.5497	42.5767	-3.9057	886.7648	-45.9912	0.99897	0.03901	-0.02302	0.04496	-0.91518	0.40054	-5.43097	0.38615	1.81616	0	100.00
flip_just_before_land	173	-10.0379	385.9398	42.1446	-3.3460	886.7827	-52.2538	0.99818	0.05315	-0.02847	0.06026	-0.89545	0.44107	-5.39452	0.40592	1.83876	0	100.00
flip_just_before_land	174	-10.0632	393.3293	41.6552	-2.7878	886.7098	-58.1811	0.99714	0.06720	-0.03460	0.07556	-0.87377	0.48043	-5.37041	0.41379	1.85942	0	100.00
flip_just_before_land	175	-10.0786	400.7167	41.1320	-2.2321	886.4102	-63.3564	0.99586	0.08101	-0.04115	0.09059	-0.85013	0.51873	-5.36803	0.38943	1.86576	0	100.00
flip_just_before_land	176	-10.0940	408.1040	40.5602	-1.6848	886.0806	-68.3729	0.99436	0.09450	-0.04806	0.10523	-0.82465	0.55577	-5.35045	0.36133	1.86617	0	100.00
flip_just_before_land	177	-10.0995	415.4810	39.9494	0.2018	868.9943	-73.2699	0.99265	0.10765	-0.05530	0.11943	-0.79740	0.59151	-5.82063	0.20077	1.30542	0	100.00
flip_just_before_land	178	-10.0937	422.7221	39.2646	1.6865	865.1676	-82.1599	0.99145	0.11496	-0.06181	0.12815	-0.76751	0.62810	-5.74466	0.11204	1.09077	0	100.00
flip_just_before_land	179	-10.0714	429.9302	38.5005	4.6461	846.0703	-89.4687	0.99038	0.12049	-0.06797	0.13507	-0.73597	0.66340	-6.18003	-0.01229	1.27011	0	100.00
flip_just_before_land	180	-10.0267	436.9811	37.6795	7.1652	837.9771	-95.7616	0.98926	0.12642	-0.07342	0.14156	-0.70287	0.69709	-5.82861	-0.17195	1.08081	0	100.00
flip_just_before_land	181	-9.9657	443.9637	36.8070	9.7569	829.5643	-101.4669	0.98828	0.13125	-0.07789	0.14624	-0.66834	0.72934	-5.83211	-0.34184	0.97382	0	100.00
flip_just_before_land	182	-9.8842	450.8736	35.8895	12.4269	820.8255	-106.8485	0.98750	0.13508	-0.08127	0.14907	-0.63249	0.76009	-5.82893	-0.51207	0.87490	0	100.00
flip_just_before_land	183	-9.7719	457.7108	34.9246	15.1844	811.7402	-112.0886	0.98690	0.13803	-0.08349	0.15005	-0.59546	0.78925	-5.81768	-0.67666	0.78379	0	100.00
flip_just_before_land	184	-9.6389	464.4751	33.9109	18.0388	802.2988	-117.3015	0.98650	0.14021	-0.08456	0.14923	-0.55737	0.81675	-5.79858	-0.83206	0.70034	0	100.00
flip_just_before_land	185	-9.4852	471.1664	32.8574	20.9887	792.4752	-122.5728	0.98629	0.14175	-0.08450	0.14668	-0.51834	0.84250	-5.77241	-0.97611	0.62439	0	100.00
flip_just_before_land	186	-9.3106	477.7746	31.7635	24.0432	782.2700	-127.9414	0.98624	0.14275	-0.08337	0.14250	-0.47849	0.86645	-5.74042	-1.10799	0.55573	0	100.00
flip_just_before_land	187	-9.1051	484.2896	30.6188	27.2116	771.6704	-133.4268	0.98634	0.14332	-0.08121	0.13680	-0.43792	0.88854	-5.70414	-1.22810	0.49398	0	100.00
flip_just_before_land	188	-8.8787	490.7212	29.4331	30.4926	760.6605	-138.8004	0.98655	0.14357	-0.07810	0.12968	-0.39673	0.90873	-5.67077	-1.33171	0.43971	0	100.00
flip_just_before_land	189	-8.6213	497.0595	28.1983	33.8855	749.2278	-143.5426	0.98686	0.14357	-0.07415	0.12129	-0.35499	0.92697	-5.65293	-1.40802	0.39392	0	100.00
flip_just_before_land	190	-8.3331	503.3041	26.9288	37.3885	737.3558	-146.0655	0.98721	0.14342	-0.06958	0.11192	-0.31275	0.94322	-5.67233	-1.52680	0.35095	0	100.00
flip_just_before_land	191	-8.0139	509.4453	25.6378	40.9983	725.0735	-148.7996	0.98762	0.14316	-0.06414	0.10135	-0.27018	0.95746	-5.63442	-1.58302	0.31292	0	100.00
flip_just_before_land	192	-7.6638	515.4929	24.3251	44.7167	712.3716	-151.6464	0.98803	0.14288	-0.05819	0.08997	-0.22725	0.96967	-5.60586	-1.60650	0.28235	0	100.00
flip_just_before_land	193	-7.2828	521.4271	22.9914	51.8952	679.8526	-148.5309	0.98841	0.14264	-0.05199	0.07809	-0.18400	0.97982	-5.20439	-1.81709	-0.33343	1	100.00
flip_just_before_land	194	-6.8476	527.0954	21.6776	69.3731	639.3022	-133.3901	0.98951	0.13785	-0.04312	0.06277	-0.14159	0.98793	-4.43992	-1.53966	-0.08695	1	100.00
flip_just_before_land	195	-6.2719	532.4274	20.5007	84.8158	613.7420	-116.8247	0.99012	0.13568	-0.03548	0.04997	-0.10497	0.99322	-3.83969	-1.31944	-0.14705	1	100.00
flip_just_before_land	196	-5.5632	537.5445	19.4588	100.3743	586.5848	-100.0677	0.99064	0.13343	-0.02889	0.03892	-0.07319	0.99656	-3.26165	-1.10870	-0.19850	1	100.00
flip_just_before_land	197	-4.7236	542.4281	18.5584	115.9926	558.0842	-83.5115	0.99110	0.13108	-0.02333	0.02961	-0.04613	0.99850	-2.71549	-0.91226	-0.24197	1	100.00
flip_just_before_land	198	-3.7534	547.0807	17.7964	131.6124	528.5175	-67.5184	0.99152	0.12861	-0.01873	0.02194	-0.02358	0.99948	-2.20810	-0.73317	-0.27822	1	100.00
flip_just_before_land	199	-2.6532	551.4843	17.1697	147.1772	498.1630	-52.3985	0.99192	0.12600	-0.01502	0.01580	-0.00522	0.99986	-1.74435	-0.57312	-0.30809	1	100.00
sideflip_into_ground	0	-0.0000	-1189.9954	218.2656	-0.0000	1200.5565	-208.1260	-0.00000	1.00000	0.00000	0.00000	0.00000	1.00000	0.00000	0.00000	0.00000	0	100.00
sideflip_into_ground	1	-0.0000	-1179.9907	216.4905	-0.0000	1201.1063	-213.5376	-0.00000	1.00000	0.00000	0.00000	0.00000	1.00000	0.00000	0.00000	0.00000	0	100.00
sideflip_into_ground	2	-0.0000	-1169.9762	214.6654	-0.0000	1201.6565	-218.9476	-0.00000	1.00000	0.00000	0.00000	0.00000	1.00000	0.00000	0.00000	0.00000	0	100.00
sideflip_into_ground	3	-0.0000	-1159.9615	212.8003	-0.0000	1202.2065	-224.3577	-0.00000	1.00000	0.00000	0.00000	0.00000	1.00000	0.00000	0.00000	0.00000	0	100.00
sideflip_into_ground	4	-0.0000	-1149.9370	210.8853	-0.0000	1202.7563	-229.7677	-0.00000	1.00000	0.00000	0.00000	0.00000	1.00000	0.00000	0.00000	0.00000	0	100.00
sideflip_into_ground	5	-0.0000	-1139.9124	208.9302	-0.0000	1203.3065	-235.1777	-0.00000	1.00000	0.00000	0.00000	0.00000	1.00000	0.00000	0.00000	0.00000	0	100.00
sideflip_into_ground	6	-0.0000	-1129.8778	206.9251	-0.0000	1203.8563	-240.5877	-0.00000	1.00000	0.00000	0.00000	0.00000	1.00000	0.00000	0.00000	0.00000	0	100.00
sideflip_into_ground	7	-0.0000	-1119.8431	204.8800	-0.0000	1204.4065	-245.9977	-0.00000	1.00000	0.00000	0.00000	0.00000	1.00000	0.00000	0.00000	0.00000	0	100.00
sideflip_into_ground	8	-0.0000	-1109.7986	205.2155	-0.0000	1204.9565	40.2590	-0.00000	1.00000	0.00000	0.00000	0.00000	1.00000	0.00000	0.00000	0.00000	0	100.00
sideflip_into_ground	9	-0.0000	-1099.7542	205.5103	-0.0000	1205.5065	34.8343	-0.00000	1.00000	0.00000	0.00000	0.00000	1.00000	0.00000	0.00000	0.00000	0	100.00
sideflip_into_ground	10	-0.0000	-1089.6995	205.7551	-0.0000	1206.0565	29.4143	-0.00000	1.00000	0.00000	0.00000	0.00000	1.00000	0.00000	0.00000	0.00000	0	100.00
sideflip_into_ground	11	-0.0000	-1079.6449	205.9599	-0.0000	1206.6064	23.9943	-0.00000	1.00000	0.00000	0.00000	0.00000	1.00000	0.00000	0.00000	0.00000	0	100.00
sideflip_into_ground	12	-0.0000	-1069.5803	206.1148	-0.0000	1207.1565	18.5743	-0.00000	1.00000	0.00000	0.00000	0.00000	1.00000	0.00000	0.00000	0.00000	0	100.00
sideflip_into_ground	13	-0.0000	-1059.5156	206.2196	-0.0000	1207.7064	13.1543	-0.00000	1.00000	0.00000	0.00000	0.00000	1.00000	0.00000	0.00000	0.00000	0	100.00
sideflip_into_ground	14	-0.0000	-1049.4512	206.2845	-0.0000	1208.2565	7.7343	-0.00000	1.00000	0.00000	0.00000	0.00000	1.00000	0.00000	0.00000	0.00000	0	100.00
sideflip_into_ground	15	-0.0000	-1039.3766	206.2993	-0.0000	1208.8064	2.3143	-0.00000	1.00000	0.00000	0.00000	0.00000	1.00000	0.00000	0.00000	0.00000	0	100.00
sideflip_into_ground	16	-0.0000	-1029.3020	206.2741	-0.0000	1209.3564	-3.1057	-0.00000	1.00000	0.00000	0.00000	0.00000	1.00000	0.00000	0.00000	0.00000	0	100.00
sideflip_into_ground	17	-0.0000	-1019.2175	206.1990	-0.0000	1209.9065	-8.5177	-0.00000	1.00000	0.00000	0.00000	0.00000	1.00000	0.00000	0.00000	0.00000	0	100.00
sideflip_into_ground	18	-0.0000	-1009.1329	206.0839	-0.0000	1210.4564	-13.9277	-0.00000	1.00000	0.00000	0.00000	0.00000	1.00000	0.00000	0.00000	0.00000	0	100.00
sideflip_into_ground	19	-0.0000	-999.0383	205.9189	-0.0000	1211.0065	-19.3377	-0.00000	1.00000	0.00000	0.00000	0.00000	1.00000	0.00000	0.00000	0.00000	0	100.00
sideflip_into_ground	20	-0.0000	-988.9437	205.7138	-0.0000	1211.5564	-24.7477	0.00063	1.00000	0.00000	0.00000	0.00000	1.00000	0.00000	0.00000	-0.07590	0	100.00
sideflip_into_ground	21	0.0000	-978.8391	205.4587	0.0003	1212.1064	-30.1577	0.00189	1.00000	0.00000	0.00000	0.00000	1.00000	0.00000	0.00000	-0.15180	0	100.00
sideflip_into_ground	22	0.0000	-968.7344	205.1636	0.0011	1212.6564	-35.5677	0.00379	0.99999	0.00000	0.00000	0.00000	1.00000	0.00000	0.00000	-0.22770	0	100.00
sideflip_into_ground	23	0.0000	-958.6199	204.8185	0.0021	1213.2065	-40.9777	0.00632	0.99998	0.00000	0.00000	0.00000	1.00000	0.00000	0.00000	-0.30360	0	100.00
sideflip_into_ground	24	0.0000	-948.5053	204.4334	0.0035	1213.7563	-46.3877	0.00948	0.99996	0.00000	0.00000	0.00000	1.00000	0.00000	0.00000	-0.37950	0	100.00
sideflip_into_ground	25	0.0000	-938.3907	203.9983	0.0053	1214.3064	-51.7977	0.01328	0.99991	0.00000	0.00000	0.00000	1.00000	0.00000	0.00000	-0.45540	0	100.00
sideflip_into_ground	26	0.0001	-928.2661	203.5233	0.0074	1214.8564	-57.2077	0.01770	0.99984	0.00000	0.00000	0.00000	1.00000	0.00000	0.00000	-0.53130	0	100.00
sideflip_into_ground	27	0.0001	-918.1415	202.9982	0.0098	1215.4064	-62.6177	0.02276	0.99974	0.00000	0.00000	0.00000	1.00000	0.00000	0.00000	-0.60720	0	100.00
sideflip_into_ground	28	0.0001	-908.0071	202.4331	0.0126	1215.9564	-68.0277	0.02845	0.99960	0.00000	0.00000	0.00000	1.00000	0.00000	0.00000	-0.68310	0	100.00
sideflip_into_ground	29	0.0002	-897.8724	201.8180	0.0268	1216.5062	-73.4377	0.03478	0.99940	0.00000	0.00000	0.00000	1.00000	0.00000	0.00000	-0.75900	0	100.00
sideflip_into_ground	30	0.0003	-887.7278	201.1629	0.0403	1217.0562	-78.8477	0.04173	0.99913	0.00000	0.00000	0.00000	1.00000	0.00000	0.00000	-0.83490	0	100.00
sideflip_into_ground	31	0.0005	-877.5832	200.4579	0.0642	1217.6058	-84.2577	0.04931	0.99878	0.00000	0.00000	0.00000	1.00000	0.00000	0.00000	-0.91080	0	100.00
sideflip_into_ground	32	0.0007	-867.4287	199.7128	0.0884	1218.1558	-89.6677	0.05752	0.99834	0.00000	0.00000	0.00000	1.00000	0.00000	0.00000	-0.98670	0	100.00
sideflip_into_ground	33	0.0009	-857.2742	198.9177	0.1130	1218.7057	-95.0777	0.06636	0.99780	0.00000	0.00000	0.00000	1.00000	0.00000	0.00000	-1.06260	0	100.00
sideflip_into_ground	34	0.0012	-847.1095	198.0826	0.1479	1219.2552	-100.4877	0.07582	0.99712	0.00000	0.00000	0.00000	1.00000	0.00000	0.00000	-1.13850	0	100.00
sideflip_into_ground	35	0.0015	-836.9449	197.1975	0.1831	1219.8049	-105.8977	0.08591	0.99630	0.00000	0.00000	0.00000	1.00000	0.00000	0.00000	-1.21440	0	100.00
sideflip_into_ground	36	0.0019	-826.7704	196.2724	0.2287	1220.3544	-111.3077	0.09662	0.99532	0.00000	0.00000	0.00000	1.00000	0.00000	0.00000	-1.29030	0	100.00
sideflip_into_ground	37	0.0023	-816.5958	195.2973	0.2747	1220.9039	-116.7177	0.10794	0.99416	0.00000	0.00000	0.00000	1.00000	0.00000	0.00000	-1.36620	0	100.00
sideflip_into_ground	38	0.0028	-806.4212	194.2823	0.3310	1221.4532	-122.1277	0.11988	0.99279	0.00000	0.00000	0.00000	1.00000	0.00000	0.00000	-1.44210	0	100.00
sideflip_into_ground	39	0.0033	-796.2366	193.2172	0.3976	1222.0024	-127.5377	0.13243	0.99119	0.00000	0.00000	0.00000	1.00000	0.00000	0.00000	-1.51800	0	100.00
sideflip_into_ground	40	0.0039	-786.0521	192.1121	0.4646	1222.5516	-132.9477	0.14558	0.98935	0.00000	0.00000	0.00000	1.00000	0.00000	0.00000	-1.59390	0	100.00
sideflip_into_ground	41	0.0045	-775.8575	190.9570	0.5419	1223.1005	-138.3577	0.15933	0.98722	0.00000	0.00000	0.00000	1.00000	0.00000	0.00000	-1.66980	0	100.00
sideflip_into_ground	42	0.0052	-765.6629	189.7619	0.6295	1223.6494	-143.7677	0.17368	0.98480	0.00000	0.00000	0.00000	1.00000	0.00000	0.00000	-1.74570	0	100.00
sideflip_into_ground	43	0.0160	-755.4584	188.5168	0.7175	1224.1880	-149.1777	0.18861	0.98205	0.00000	0.00000	0.00000	1.00000	0.00000	0.00000	-1.82160	0	100.00
sideflip_into_ground	44	0.0268	-745.2540	187.2318	0.8158	1224.7264	-154.5877	0.20411	0.97895	0.00000	0.00000	0.00000	1.00000	0.00000	0.00000	-1.89750	0	100.00
sideflip_into_ground	45	0.0377	-735.0394	185.8967	0.9244	1225.2649	-159.9977	0.22018	0.97546	0.00000	0.00000	0.00000	1.00000	0.00000	0.00000	-1.97340	0	100.00
sideflip_into_ground	46	0.0487	-724.8249	184.5216	1.0433	1225.8029	-165.4077	0.23681	0.97156	0.00000	0.00000	0.00000	1.00000	0.00000	0.00000	-2.04930	0	100.00
sideflip_into_ground	47	0.0598	-714.6005	183.0965	1.1726	1226.3407	-170.8177	0.25398	0.96721	0.00000	0.00000	0.00000	1.00000	0.00000	0.00000	-2.12520	0	100.00
sideflip_into_ground	48	0.0709	-704.3759	181.6314	1.3121	1226.8783	-176.2277	0.27167	0.96239	0.00000	0.00000	0.00000	1.00000	0.00000	0.00000	-2.20110	0	100.00
sideflip_into_ground	49	0.0822	-694.1516	180.1163	1.4619	1227.4055	-181.6377	0.28989	0.95706	0.00000	0.00000	0.00000	1.00000	0.00000	0.00000	-2.27700	0	100.00
sideflip_into_ground	50	0.0935	-683.9172	178.5613	1.6220	1227.9326	-187.0477	0.30859	0.95119	0.00000	0.00000	0.00000	1.00000	0.00000	0.00000	-2.35290	0	100.00
sideflip_into_ground	51	0.1049	-673.6828	176.9562	1.7924	1228.4594	-192.4577	0.32778	0.94475	0.00000	0.00000	0.00000	1.00000	0.00000	0.00000	-2.42880	0	100.00
sideflip_into_ground	52	0.1164	-663.4385	175.3111	1.9731	1228.9758	-197.8677	0.34743	0.93771	0.00000	0.00000	0.00000	1.00000	0.00000	0.00000	-2.50470	0	100.00
sideflip_into_ground	53	0.1380	-653.1942	173.6160	2.1640	1229.4919	-203.2777	0.36751	0.93002	0.00000	0.00000	0.00000	1.00000	0.00000	0.00000	-2.58060	0	100.00
sideflip_into_ground	54	0.1597	-642.9399	171.8809	2.3652	1230.0077	-208.6876	0.38801	0.92166	0.00000	0.00000	0.00000	1.00000	0.00000	0.00000	-2.65650	0	100.00
sideflip_into_ground	55	0.1815	-632.6857	170.0959	2.5766	1230.5129	-214.0976	0.40889	0.91258	0.00000	0.00000	0.00000	1.00000	0.00000	0.00000	-2.73240	0	100.00
sideflip_into_ground	56	0.2033	-622.4315	168.2708	2.7982	1231.0179	-219.5076	0.43013	0.90277	0.00000	0.00000	0.00000	1.00000	0.00000	0.00000	-2.80830	0	100.00
sideflip_into_ground	57	0.2252	-612.1674	166.3957	3.0300	1231.5125	-224.9176	0.45171	0.89217	0.00000	0.00000	0.00000	1.00000	0.00000	0.00000	-2.88420	0	100.00
sideflip_into_ground	58	0.2573	-601.9033	164.4806	3.2719	1232.0066	-230.3277	0.47357	0.88075	0.00000	0.00000	0.00000	1.00000	0.00000	0.00000	-2.96010	0	100.00
sideflip_into_ground	59	0.2895	-591.6293	162.5155	3.5341	1232.4902	-235.7377	0.49570	0.86849	0.00000	0.00000	0.00000	1.00000	0.00000	0.00000	-3.03600	0	100.00
sideflip_into_ground	60	0.3217	-581.3552	160.5104	3.8064	1232.9734	-241.1477	0.51806	0.85535	0.00000	0.00000	0.00000	1.00000	0.00000	0.00000	-3.11190	0	100.00
sideflip_into_ground	61	0.3541	-571.0812	158.4554	4.0888	1233.4462	-246.5577	0.54059	0.84128	0.00000	0.00000	0.00000	1.00000	0.00000	0.00000	-3.18780	0	100.00
sideflip_into_ground	62	0.3865	-560.7974	156.3603	4.3813	1233.9083	-251.9677	0.56327	0.82627	0.00000	0.00000	0.00000	1.00000	0.00000	0.00000	-3.26370	0	100.00
sideflip_into_ground	63	0.4291	-550.5137	154.2152	4.6939	1234.3600	-257.3777	0.58604	0.81028	0.00000	0.00000	0.00000	1.00000	0.00000	0.00000	-3.33960	0	100.00
sideflip_into_ground	64	0.4718	-540.2198	152.0301	5.0166	1234.8112	-262.7877	0.60887	0.79327	0.00000	0.00000	0.00000	1.00000	0.00000	0.00000	-3.41550	0	100.00
sideflip_into_ground	65	0.5146	-529.9262	149.7950	5.3493	1235.2516	-268.1977	0.63169	0.77522	0.00000	0.00000	0.00000	1.00000	0.00000	0.00000	-3.49140	0	100.00
sideflip_into_ground	66	0.5574	-519.6326	147.5199	5.6919	1235.6816	-273.6077	0.65445	0.75611	0.00000	0.00000	0.00000	1.00000	0.00000	0.00000	-3.56730	0	100.00
sideflip_into_ground	67	0.6105	-509.3292	145.1949	6.0546	1236.1010	-279.0177	0.67710	0.73589	0.00000	0.00000	0.00000	1.00000	0.00000	0.00000	-3.64320	0	100.00
sideflip_into_ground	68	0.6636	-499.0257	142.8198	6.4272	1236.5098	-284.4276	0.69958	0.71456	0.00000	0.00000	0.00000	1.00000	0.00000	0.00000	-3.71910	0	100.00
sideflip_into_ground	69	0.7167	-488.7225	140.4047	6.8097	1236.8979	-289.8376	0.72182	0.69208	0.00000	0.00000	0.00000	1.00000	0.00000	0.00000	-3.79500	0	100.00
sideflip_into_ground	70	0.7800	-478.4093	137.9396	7.2020	1237.2755	-295.2477	0.74377	0.66844	0.00000	0.00000	0.00000	1.00000	0.00000	0.00000	-3.87090	0	100.00
sideflip_into_ground	71	0.8435	-468.0963	135.4345	7.6142	1237.6423	-300.6577	0.76535	0.64362	0.00000	0.00000	0.00000	1.00000	0.00000	0.00000	-3.94680	0	100.00
sideflip_into_ground	72	0.9070	-457.7833	132.8794	8.0362	1237.9985	-306.0677	0.78649	0.61761	0.00000	0.00000	0.00000	1.00000	0.00000	0.00000	-4.02270	0	100.00
sideflip_into_ground	73	0.9806	-447.4605	130.2843	8.4679	1238.3341	-311.4777	0.80712	0.59039	0.00000	0.00000	0.00000	1.00000	0.00000	0.00000	-4.09860	0	100.00
sideflip_into_ground	74	1.0542	-437.1378	127.6393	8.9094	1238.6589	-316.8877	0.82716	0.56196	0.00000	0.00000	0.00000	1.00000	0.00000	0.00000	-4.17450	0	100.00
sideflip_into_ground	75	1.1280	-426.8153	124.9542	9.3605	1238.9633	-322.2977	0.84655	0.53232	0.00000	0.00000	0.00000	1.00000	0.00000	0.00000	-4.25040	0	100.00
sideflip_into_ground	76	1.2119	-416.4929	122.2191	9.8313	1239.2567	-327.7076	0.86518	0.50146	0.00000	0.00000	0.00000	1.00000	0.00000	0.00000	-4.32630	0	100.00
sideflip_into_ground	77	1.2959	-406.1606	119.4440	10.3117	1239.5295	-333.1176	0.88299	0.46939	0.00000	0.00000	0.00000	1.00000	0.00000	0.00000	-4.40220	0	100.00
sideflip_into_ground	78	1.3900	-395.8285	116.6189	10.8016	1239.7816	-338.5276	0.89989	0.43612	0.00000	0.00000	0.00000	1.00000	0.00000	0.00000	-4.47810	0	100.00
sideflip_into_ground	79	1.4842	-385.4965	113.7539	11.3009	1240.0233	-343.9376	0.91579	0.40166	0.00000	0.00000	0.00000	1.00000	0.00000	0.00000	-4.55400	0	100.00
sideflip_into_ground	80	1.5784	-375.1646	110.8388	11.8098	1240.2441	-349.3476	0.93060	0.36604	0.00000	0.00000	0.00000	1.00000	0.00000	0.00000	-4.62990	0	100.00
sideflip_into_ground	81	1.6826	-364.8230	107.8837	12.3180	1240.4443	-354.7576	0.94424	0.32927	0.00000	0.00000	0.00000	1.00000	0.00000	0.00000	-4.70580	0	100.00
sideflip_into_ground	82	1.7870	-354.4815	104.8786	12.8356	1240.6238	-360.1676	0.95660	0.29139	0.00000	0.00000	0.00000	1.00000	0.00000	0.00000	-4.78170	0	100.00
sideflip_into_ground	83	1.9014	-344.1401	101.8335	13.3624	1240.7827	-365.5776	0.96761	0.25244	0.00000	0.00000	0.00000	1.00000	0.00000	0.00000	-4.85760	0	100.00
sideflip_into_ground	84	2.0158	-333.7990	98.7384	13.8986	1240.9213	-370.9876	0.97717	0.21246	0.00000	0.00000	0.00000	1.00000	0.00000	0.00000	-4.93350	0	100.00
sideflip_into_ground	85	2.1403	-323.4580	95.6033	14.4339	1241.0389	-376.3976	0.98519	0.17149	0.00000	0.00000	0.00000	1.00000	0.00000	0.00000	-5.00940	0	100.00
sideflip_into_ground	86	2.2648	-313.1173	92.4183	14.9783	1241.1262	-381.8076	0.99157	0.12960	0.00000	0.00000	0.00000	1.00000	0.00000	0.00000	-5.08530	0	100.00
sideflip_into_ground	87	2.3893	-302.7767	89.1932	15.5219	1241.1929	-387.2177	0.99622	0.08685	0.00000	0.00000	0.00000	1.00000	0.00000	0.00000	-5.16120	0	100.00
sideflip_into_ground	88	2.5240	-292.4363	85.9181	16.0745	1241.2391	-392.6277	0.99906	0.04330	0.00000	0.00000	0.00000	1.00000	0.00000	0.00000	-5.23710	0	100.00
sideflip_into_ground	89	2.6586	-282.0962	82.6030	16.6260	1241.2550	-398.0377	1.00000	-0.00096	-0.00000	0.00000	-0.00000	1.00000	0.00000	0.00000	-5.31300	0	100.00
sideflip_into_ground	90	2.8031	-271.7563	79.2379	17.1766	1241.2504	-403.4477	0.99895	-0.04585	-0.00000	0.00000	-0.00000	1.00000	0.00000	0.00000	-5.38890	0	100.00
sideflip_into_ground	91	2.9477	-261.4165	75.8328	17.7260	1241.2256	-408.8577	0.99583	-0.09128	-0.00000	0.00000	-0.00000	1.00000	0.00000	0.00000	-5.46480	0	100.00
sideflip_into_ground	92	3.1023	-251.0769	72.3778	18.2742	1241.1702	-414.2677	0.99055	-0.13715	-0.00000	0.00000	-0.00000	1.00000	0.00000	0.00000	-5.54070	0	100.00
sideflip_into_ground	93	3.2568	-240.7375	68.8827	18.8213	1241.0947	-419.6776	0.98311	-0.18301	-0.00000	0.00000	-0.00000	1.00000	0.00000	0.00000	-5.57590	0	100.00
sideflip_into_ground	94	3.4214	-230.3984	65.3376	19.3672	1240.9893	-425.0876	0.97355	-0.22847	-0.00000	0.00000	-0.00000	1.00000	0.00000	0.00000	-5.57590	0	100.00
sideflip_into_ground	95	3.5858	-220.0595	61.7525	19.9019	1240.8540	-430.4977	0.96189	-0.27345	-0.00000	0.00000	-0.00000	1.00000	0.00000	0.00000	-5.57590	0	100.00
sideflip_into_ground	96	3.7603	-209.7208	58.1174	20.4354	1240.6990	-435.9077	0.94815	-0.31783	-0.00000	0.00000	-0.00000	1.00000	0.00000	0.00000	-5.57590	0	100.00
sideflip_into_ground	97	3.9346	-199.3824	54.4424	20.9577	1240.5143	-441.3177	0.93236	-0.36153	-0.00000	0.00000	-0.00000	1.00000	0.00000	0.00000	-5.57590	0	100.00
sideflip_into_ground	98	4.1089	-189.0441	50.7173	21.4690	1240.3101	-446.7277	0.91456	-0.40445	-0.00000	0.00000	-0.00000	1.00000	0.00000	0.00000	-5.57590	0	100.00
sideflip_into_ground	99	4.2931	-178.7059	46.9522	21.9691	1240.0862	-452.1377	0.89479	-0.44649	-0.00000	0.00000	-0.00000	1.00000	0.00000	0.00000	-5.57590	0	100.00
sideflip_into_ground	100	4.4772	-168.3781	43.1371	22.4581	1239.8329	-457.5477	0.87308	-0.48757	-0.00000	0.00000	-0.00000	1.00000	0.00000	0.00000	-5.57590	0	100.00
sideflip_into_ground	101	4.6711	-158.0503	39.2820	22.9360	1239.5601	-462.9577	0.84949	-0.52760	-0.00000	0.00000	-0.00000	1.00000	0.00000	0.00000	-5.57590	0	100.00
sideflip_into_ground	102	4.8650	-147.7228	35.3769	23.4029	1239.2678	-468.3677	0.82407	-0.56649	-0.00000	0.00000	-0.00000	1.00000	0.00000	0.00000	-5.57590	0	100.00
sideflip_into_ground	103	5.0688	-137.3954	31.4319	23.8588	1238.9463	-473.7777	0.79687	-0.60415	-0.00000	0.00000	-0.00000	1.00000	0.00000	0.00000	-5.57590	0	100.00
sideflip_into_ground	104	5.2724	-127.0783	27.4368	22.9956	1191.5127	-414.5732	0.76795	-0.64052	-0.00000	0.00000	-0.00000	1.00000	0.03239	0.03883	-5.42741	1	100.00
sideflip_into_ground	105	5.4616	-117.1507	23.9175	-3.2003	1119.6129	-355.1866	0.73820	-0.67458	-0.00042	0.00032	-0.00028	1.00000	0.05646	0.06428	-5.23934	1	100.00
sideflip_into_ground	106	5.4333	-107.8199	20.8925	-32.0862	1049.3450	-295.5652	0.70805	-0.70616	-0.00113	0.00083	-0.00077	1.00000	0.07330	0.07894	-5.00340	1	100.00
sideflip_into_ground	107	5.1627	-99.0755	18.3593	-61.9099	982.1478	-237.8119	0.67800	-0.73506	-0.00203	0.00144	-0.00143	1.00000	0.08388	0.08507	-4.72490	1	100.00
sideflip_into_ground	108	4.6442	-90.8955	16.3105	-90.9711	919.0547	-141.9860	0.64854	-0.76117	-0.00302	0.00208	-0.00220	1.00000	0.89431	0.76716	-4.41177	1	100.00
sideflip_into_ground	109	3.8819	-83.2412	15.0591	-117.0268	861.2759	-46.9298	0.62007	-0.78444	-0.01284	0.00825	-0.00984	0.99992	0.15047	0.13709	-4.08885	1	100.00
sideflip_into_ground	110	2.9048	-76.0627	14.6013	-139.7699	808.2911	4.5310	0.59297	-0.80509	-0.01453	0.00903	-0.01139	0.99989	-0.06729	-0.05041	-3.75079	1	100.00
sideflip_into_ground	111	1.7353	-69.3242	14.5701	-158.3657	760.0389	30.1147	0.56753	-0.82324	-0.01383	0.00826	-0.01110	0.99990	-0.10060	-0.08375	-3.40814	1	100.00
sideflip_into_ground	112	0.4203	-62.9864	14.7532	-172.6341	716.0183	37.9814	0.54393	-0.83903	-0.01274	0.00726	-0.01048	0.99992	-0.06608	-0.05962	-3.06932	1	100.00
sideflip_into_ground	113	-1.0186	-57.0232	14.9988	-182.7450	675.6119	38.1692	0.52230	-0.85268	-0.01201	0.00650	-0.01011	0.99993	-0.04428	-0.04180	-2.74082	1	100.00
sideflip_into_ground	114	-2.5428	-51.3899	15.2503	-189.0648	638.1927	35.5844	0.50270	-0.86439	-0.01152	0.00592	-0.00988	0.99993	-0.03355	-0.03438	-2.42761	1	100.00
sideflip_into_ground	115	-4.1155	-46.0717	15.4788	-192.0473	603.1793	32.9019	0.48511	-0.87438	-0.01113	0.00543	-0.00972	0.99994	-0.02624	-0.02870	-2.13356	1	100.00
sideflip_into_ground	116	-5.7203	-41.0436	15.6865	-192.1517	570.0778	30.2496	0.46949	-0.88287	-0.01083	0.00502	-0.00959	0.99994	-0.02114	-0.02380	-1.86164	1	100.00
sideflip_into_ground	117	-7.3213	-36.2894	15.8743	-189.8362	538.4884	27.6934	0.45574	-0.89005	-0.01058	0.00468	-0.00949	0.99994	-0.01750	-0.01953	-1.61368	1	100.00
sideflip_into_ground	118	-8.9019	-31.8027	16.0330	-185.5344	508.0618	25.3317	0.44373	-0.89610	-0.01038	0.00439	-0.00940	0.99995	-0.01483	-0.01580	-1.39106	1	100.00
sideflip_into_ground	119	-10.4461	-27.5662	16.1734	-179.6372	478.5318	23.1736	0.43332	-0.90118	-0.01021	0.00415	-0.00933	0.99995	-0.01281	-0.01256	-1.19383	1	100.00
sideflip_into_ground	120	-11.9469	-23.5822	16.2954	-172.4620	449.6801	21.2252	0.42433	-0.90545	-0.01007	0.00395	-0.00926	0.99995	-0.01124	-0.00976	-1.02083	1	100.00
sideflip_into_ground	121	-13.3872	-19.8327	16.4091	-164.2845	421.3444	19.4512	0.41662	-0.90903	-0.00995	0.00379	-0.00920	0.99995	-0.00997	-0.00738	-0.87031	1	100.00
sideflip_into_ground	122	-14.7590	-16.3188	16.5044	-155.3206	393.3907	17.8742	0.41001	-0.91203	-0.00984	0.00366	-0.00915	0.99995	-0.00890	-0.00537	-0.74015	1	100.00
sideflip_into_ground	123	-16.0543	-13.0417	16.5812	-145.7596	365.7281	16.5008	0.40438	-0.91454	-0.00976	0.00356	-0.00910	0.99995	-0.00799	-0.00369	-0.62816	1	100.00
sideflip_into_ground	124	-17.2646	-9.9923	16.6498	-135.7373	338.2688	15.3016	0.39959	-0.91664	-0.00969	0.00348	-0.00905	0.99995	-0.00719	-0.00232	-0.53220	1	100.00
sideflip_into_ground	125	-18.3911	-7.1712	16.7098	-125.3827	310.9612	14.2516	0.39552	-0.91841	-0.00962	0.00342	-0.00900	0.99995	-0.00647	-0.00122	-0.45026	1	100.00
sideflip_into_ground	126	-19.4348	-4.5787	16.7610	-114.7910	283.7692	13.3381	0.39207	-0.91989	-0.00957	0.00338	-0.00896	0.99995	-0.00583	-0.00035	-0.38048	1	100.00
sideflip_into_ground	127	-20.3866	-2.2153	16.8034	-104.0309	256.6441	12.5484	0.38915	-0.92113	-0.00952	0.00335	-0.00892	0.99995	-0.00525	0.00032	-0.32119	1	100.00
sideflip_into_ground	128	-21.2569	-0.0813	16.8368	-93.1563	229.5739	11.8825	0.38668	-0.92216	-0.00948	0.00333	-0.00889	0.99995	-0.00472	0.00083	-0.27091	1	100.00
sideflip_into_ground	129	-22.0363	1.8331	16.8713	-82.2037	202.5352	11.2987	0.38460	-0.92303	-0.00945	0.00331	-0.00886	0.99996	-0.00424	0.00120	-0.22836	1	100.00
sideflip_into_ground	130	-22.7250	3.5178	16.8964	-71.2108	175.5135	10.8009	0.38284	-0.92377	-0.00942	0.00331	-0.00883	0.99996	-0.00380	0.00146	-0.19240	1	100.00
sideflip_into_ground	131	-23.3234	4.9826	16.9223	-60.1993	148.5027	10.3662	0.38136	-0.92438	-0.00940	0.00331	-0.00880	0.99996	-0.00340	0.00162	-0.16204	1	100.00
sideflip_into_ground	132	-23.8216	6.2175	16.9386	-49.1741	121.4949	10.0048	0.38011	-0.92489	-0.00938	0.00331	-0.00878	0.99996	-0.00304	0.00172	-0.13646	1	100.00
sideflip_into_ground	133	-24.2298	7.2324	16.9556	-38.1579	94.4834	9.6940	0.37906	-0.92532	-0.00936	0.00331	-0.00876	0.99996	-0.00271	0.00175	-0.11492	1	100.00
sideflip_into_ground	134	-24.5479	8.0173	16.9730	-27.1616	67.4638	9.4148	0.37817	-0.92569	-0.00934	0.00332	-0.00874	0.99996	-0.00242	0.00174	-0.09658	1	100.00
sideflip_into_ground	135	-24.7763	8.5822	16.9807	-16.1679	40.4453	9.1962	0.37743	-0.92599	-0.00933	0.00333	-0.00872	0.99996	-0.00215	0.00170	-0.08079	1	100.00
sideflip_into_ground	136	-24.9147	8.9170	16.9889	-5.1843	13.4187	9.0155	0.37680	-0.92625	-0.00932	0.00333	-0.00870	0.99996	-0.00191	0.00163	-0.06759	1	100.00
sideflip_into_ground	137	-24.9532	9.0318	16.9974	-0.2246	1.1667	8.8600	0.37628	-0.92646	-0.00931	0.00334	-0.00869	0.99996	-0.00078	0.00192	-0.05654	1	100.00
sideflip_into_ground	138	-24.9518	9.0397	17.0061	4.7711	-11.1911	8.7235	0.37585	-0.92664	-0.00931	0.00335	-0.00868	0.99996	-0.00013	0.00201	-0.04731	1	100.00
sideflip_into_ground	139	-24.9102	8.9467	17.0150	9.7223	-23.4593	8.5933	0.37548	-0.92678	-0.00931	0.00337	-0.00869	0.99996	0.00025	0.00200	-0.03959	1	100.00
sideflip_into_ground	140	-24.8290	8.7546	17.0139	14.6243	-35.6165	8.5112	0.37517	-0.92691	-0.00932	0.00338	-0.00869	0.99996	0.00046	0.00192	-0.03314	1	100.00
sideflip_into_ground	141	-24.7082	8.4532	17.0132	19.4781	-47.6739	8.4606	0.37492	-0.92701	-0.00933	0.00339	-0.00869	0.99996	0.00056	0.00180	-0.02774	1	100.00
sideflip_into_ground	142	-24.5477	8.0527	17.0128	24.2839	-59.6316	8.4290	0.37470	-0.92710	-0.00934	0.00341	-0.00870	0.99996	0.00060	0.00167	-0.02322	1	100.00
sideflip_into_ground	143	-24.3477	7.5531	17.0125	29.0501	-71.4902	8.4037	0.37452	-0.92717	-0.00935	0.00342	-0.00870	0.99996	0.00059	0.00153	-0.01944	1	100.00
sideflip_into_ground	144	-24.1079	6.9542	17.0123	33.7768	-83.2495	8.3911	0.37437	-0.92723	-0.00936	0.00343	-0.00871	0.99996	0.00057	0.00139	-0.01628	1	100.00
sideflip_into_ground	145	-23.8286	6.2563	17.0122	38.4550	-94.8993	8.3848	0.37425	-0.92728	-0.00937	0.00344	-0.00871	0.99996	0.00054	0.00126	-0.01364	1	100.00
sideflip_into_ground	146	-23.5096	5.4692	17.0121	43.0937	-106.4499	8.3785	0.37414	-0.92732	-0.00938	0.00345	-0.00872	0.99996	0.00050	0.00114	-0.01143	1	100.00
sideflip_into_ground	147	-23.1509	4.5830	17.0121	47.6931	-117.9013	8.3721	0.37405	-0.92736	-0.00939	0.00346	-0.00872	0.99996	0.00046	0.00102	-0.00958	1	100.00
sideflip_into_ground	148	-22.7526	3.5975	17.0121	52.2535	-129.2631	8.3721	0.37398	-0.92739	-0.00939	0.00347	-0.00873	0.99996	0.00042	0.00091	-0.00803	1	100.00
sideflip_into_ground	149	-22.3146	2.5228	17.0121	56.7744	-140.5257	8.3721	0.37392	-0.92741	-0.00940	0.00347	-0.00873	0.99996	0.00039	0.00082	-0.00673	1	100.00
sideflip_into_ground	150	-21.8369	1.3490	17.0121	61.2559	-151.6892	8.3721	0.37386	-0.92744	-0.00940	0.00348	-0.00874	0.99996	0.00035	0.00073	-0.00565	1	100.00
sideflip_into_ground	151	-21.3296	0.0860	17.0121	65.6979	-162.7533	8.3722	0.37382	-0.92745	-0.00941	0.00349	-0.00874	0.99996	0.00032	0.00065	-0.00474	1	100.00
sideflip_into_ground	152	-20.7826	-1.2663	17.0121	70.1009	-173.7280	8.3721	0.37378	-0.92747	-0.00941	0.00349	-0.00874	0.99996	0.00030	0.00058	-0.00398	1	100.00
sideflip_into_ground	153	-20.1958	-2.7177	17.0121	74.4730	-184.6040	8.3722	0.37375	-0.92748	-0.00942	0.00350	-0.00874	0.99996	0.00028	0.00052	-0.00334	1	100.00
sideflip_into_ground	154	-19.5794	-4.2583	17.0121	78.8060	-195.3906	8.3721	0.37373	-0.92749	-0.00942	0.00350	-0.00875	0.99996	0.00026	0.00046	-0.00281	1	100.00
sideflip_into_ground	155	-18.9233	-5.8883	17.0121	83.1001	-206.0876	8.3721	0.37371	-0.92750	-0.00942	0.00350	-0.00875	0.99996	0.00024	0.00041	-0.00236	1	100.00
sideflip_into_ground	156	-18.2275	-7.6073	17.0121	87.3631	-216.6861	8.3721	0.37369	-0.92751	-0.00943	0.00351	-0.00875	0.99996	0.00023	0.00037	-0.00198	1	100.00
sideflip_into_ground	157	-17.5020	-9.4157	17.0121	91.5871	-227.1950	8.3721	0.37367	-0.92751	-0.00943	0.00351	-0.00875	0.99996	0.00021	0.00033	-0.00167	1	100.00
sideflip_into_ground	158	-16.7368	-11.3133	17.0121	95.7720	-237.6145	8.3721	0.37366	-0.92752	-0.00943	0.00351	-0.00875	0.99996	0.00020	0.00029	-0.00140	1	100.00
sideflip_into_ground	159	-15.9419	-13.2901	17.0121	99.9265	-247.9450	8.3721	0.37365	-0.92752	-0.00944	0.00352	-0.00876	0.99996	0.00019	0.00026	-0.00118	1	100.00
sideflip_into_ground	160	-15.1073	-15.3562	17.0121	104.0418	-258.1861	8.3721	0.37364	-0.92753	-0.00944	0.00352	-0.00876	0.99996	0.00018	0.00024	-0.00099	1	100.00
sideflip_into_ground	161	-14.2430	-17.5115	17.0121	108.1267	-268.3383	8.3721	0.37363	-0.92753	-0.00944	0.00352	-0.00876	0.99996	0.00018	0.00021	-0.00083	1	100.00
sideflip_into_ground	162	-13.3390	-19.7461	17.0121	112.1728	-278.4008	8.3721	0.37363	-0.92753	-0.00944	0.00352	-0.00876	0.99996	0.00018	0.00020	-0.00070	1	100.00
sideflip_into_ground	163	-12.4052	-22.0700	17.0121	116.1889	-288.3842	8.3721	0.37363	-0.92753	-0.00944	0.00352	-0.00876	0.99996	0.00018	0.00020	-0.00059	1	100.00
sideflip_into_ground	164	-11.4418	-24.4732	17.0121	120.1659	-298.2781	8.3721	0.37363	-0.92753	-0.00944	0.00352	-0.00876	0.99996	0.00019	0.00019	-0.00050	1	100.00
sideflip_into_ground	165	-10.4387	-26.9556	17.0121	124.1123	-308.0831	8.3721	0.37363	-0.92753	-0.00944	0.00352	-0.00876	0.99996	0.00020	0.00019	-0.00041	1	100.00
sideflip_into_ground	166	-9.4057	-29.5273	17.0121	128.0287	-317.8089	8.3721	0.37363	-0.92753	-0.00944	0.00352	-0.00876	0.99996	0.00021	0.00020	-0.00035	1	100.00
sideflip_into_ground	167	-8.3432	-32.1783	17.0121	131.9059	-327.4454	8.3721	0.37363	-0.92753	-0.00944	0.00352	-0.00876	0.99996	0.00023	0.00020	-0.00029	1	100.00
sideflip_into_ground	168	-7.2408	-34.9087	17.0121	135.7531	-337.0026	8.3721	0.37363	-0.92753	-0.00944	0.00352	-0.00876	0.99996	0.00024	0.00020	-0.00024	1	100.00
sideflip_into_ground	169	-6.1087	-37.7183	17.0121	139.5702	-346.4806	8.3721	0.37363	-0.92753	-0.00944	0.00352	-0.00876	0.99996	0.00025	0.00021	-0.00020	1	100.00
sideflip_into_ground	170	-4.9469	-40.6073	17.0121	143.3573	-355.8794	8.3721	0.37363	-0.92753	-0.00944	0.00352	-0.00876	0.99996	0.00026	0.00021	-0.00017	1	100.00
sideflip_into_ground	171	-3.7554	-43.5756	17.0121	147.1052	-365.1888	8.3721	0.37363	-0.92753	-0.00944	0.00352	-0.00876	0.99996	0.00027	0.00022	-0.00014	1	100.00
sideflip_into_ground	172	-2.5342	-46.6232	17.0121	150.8231	-374.4190	8.3721	0.37363	-0.92753	-0.00944	0.00352	-0.00876	0.99996	0.00028	0.00022	-0.00011	1	100.00
sideflip_into_ground	173	-1.2732	-49.7401	17.0121	154.5109	-383.5700	8.3721	0.37363	-0.92753	-0.00944	0.00352	-0.00876	0.99996	0.00030	0.00023	-0.00010	1	100.00
sideflip_into_ground	174	0.0176	-52.9364	17.0121	158.1693	-392.6514	8.3721	0.37363	-0.92753	-0.00944	0.00352	-0.00876	0.99996	0.00031	0.00023	-0.00008	1	100.00
sideflip_into_ground	175	1.3380	-56.2121	17.0121	161.7890	-401.6532	8.3721	0.37363	-0.92753	-0.00944	0.00352	-0.00876	0.99996	0.00032	0.00024	-0.00006	1	100.00
sideflip_into_ground	176	2.6882	-59.5571	17.0121	165.3788	-410.5759	8.3721	0.37363	-0.92753	-0.00944	0.00352	-0.00876	0.99996	0.00033	0.00024	-0.00005	1	100.00
sideflip_into_ground	177	4.0681	-62.9814	17.0121	168.9384	-419.4192	8.3721	0.37363	-0.92753	-0.00944	0.00352	-0.00876	0.99996	0.00034	0.00025	-0.00004	1	100.00
sideflip_into_ground	178	5.4778	-66.4751	17.0121	172.4680	-428.1833	8.3721	0.37363	-0.92753	-0.00944	0.00352	-0.00876	0.99996	0.00035	0.00025	-0.00003	1	100.00
sideflip_into_ground	179	6.9172	-70.0482	17.0121	175.9682	-436.8780	8.3721	0.37363	-0.92753	-0.00944	0.00352	-0.00876	0.99996	0.00036	0.00025	-0.00002	1	100.00
sideflip_into_ground	180	8.3863	-73.6906	17.0121	179.4383	-445.4936	8.3721	0.37363	-0.92753	-0.00944	0.00352	-0.00876	0.99996	0.00037	0.00026	-0.00001	1	100.00
sideflip_into_ground	181	9.8853	-77.4024	17.0121	182.8788	-454.0395	8.3721	0.37363	-0.92753	-0.00944	0.00352	-0.00876	0.99996	0.00038	0.00026	-0.00000	1	100.00
sideflip_into_ground	182	11.4139	-81.1836	17.0121	186.2894	-462.5063	8.3721	0.37363	-0.92753	-0.00944	0.00352	-0.00876	0.99996	0.00039	0.00027	0.00000	1	100.00
sideflip_into_ground	183	12.9623	-85.0342	17.0121	189.6704	-470.9035	8.3721	0.37363	-0.92753	-0.00944	0.00352	-0.00876	0.99996	0.00040	0.00027	0.00000	1	100.00
sideflip_into_ground	184	14.5406	-88.9542	17.0121	193.0305	-479.2319	8.3721	0.37363	-0.92753	-0.00944	0.00352	-0.00876	0.99996	0.00041	0.00028	0.00001	1	100.00
sideflip_into_ground	185	16.1486	-92.9436	17.0121	196.3610	-487.4908	8.3721	0.37363	-0.92753	-0.00944	0.00352	-0.00876	0.99996	0.00042	0.00028	0.00001	1	100.00
sideflip_into_ground	186	17.7863	-97.0024	17.0121	199.6622	-495.6801	8.3721	0.37363	-0.92753	-0.00944	0.00352	-0.00876	0.99996	0.00044	0.00028	0.00001	1	100.00
sideflip_into_ground	187	19.4538	-101.1307	17.0121	202.9338	-503.8000	8.3721	0.37363	-0.92753	-0.00944	0.00352	-0.00876	0.99996	0.00045	0.00029	0.00001	1	100.00
sideflip_into_ground	188	21.1411	-105.3283	17.0121	206.1758	-511.8503	8.3721	0.37363	-0.92753	-0.00944	0.00352	-0.00876	0.99996	0.00046	0.00029	0.00001	1	100.00
sideflip_into_ground	189	22.8581	-109.5954	17.0121	209.3885	-519.8311	8.3721	0.37363	-0.92753	-0.00944	0.00352	-0.00876	0.99996	0.00047	0.00030	0.00001	1	100.00
sideflip_into_ground	190	24.6048	-113.9319	17.0121	212.5715	-527.7425	8.3721	0.37363	-0.92753	-0.00944	0.00352	-0.00876	0.99996	0.00048	0.00030	0.00001	1	100.00
sideflip_into_ground	191	26.3714	-118.3278	17.0121	215.7337	-535.5849	8.3721	0.37363	-0.92753	-0.00944	0.00352	-0.00876	0.99996	0.00048	0.00030	0.00001	1	100.00
sideflip_into_ground	192	28.1678	-122.7932	17.0121	218.8663	-543.3578	8.3721	0.37363	-0.92753	-0.00944	0.00352	-0.00876	0.99996	0.00049	0.00031	0.00001	1	100.00
sideflip_into_ground	193	29.9938	-127.3179	17.0121	221.9696	-551.0612	8.3721	0.37363	-0.92753	-0.00944	0.00352	-0.00876	0.99996	0.00050	0.00031	0.00001	1	100.00
sideflip_into_ground	194	31.8397	-131.9122	17.0121	225.0437	-558.7048	8.3721	0.37363	-0.92753	-0.00944	0.00352	-0.00876	0.99996	0.00051	0.00032	0.00001	1	100.00
sideflip_into_ground	195	33.7153	-136.5658	17.0121	228.0970	-566.2795	8.3721	0.37363	-0.92753	-0.00944	0.00352	-0.00876	0.99996	0.00052	0.00032	0.00001	1	100.00
sideflip_into_ground	196	35.6208	-141.2889	17.0121	231.1208	-573.7845	8.3721	0.37363	-0.92753	-0.00944	0.00352	-0.00876	0.99996	0.00053	0.00032	0.00001	1	100.00
sideflip_into_ground	197	37.5460	-146.0715	17.0121	234.1241	-581.2305	8.3721	0.37363	-0.92753	-0.00944	0.00352	-0.00876	0.99996	0.00054	0.00033	0.00001	1	100.00
sideflip_into_ground	198	39.5010	-150.9136	17.0121	237.0986	-588.6166	8.3721	0.37363	-0.92753	-0.00944	0.00352	-0.00876	0.99996	0.00055	0.00033	0.00001	1	100.00
sideflip_into_ground	199	41.4758	-155.8151	17.0121	240.0436	-595.9332	8.3721	0.37363	-0.92753	-0.00944	0.00352	-0.00876	0.99996	0.00056	0.00033	0.00001	1	100.00
land_during_flip_rotation	0	-0.0000	-1190.8287	497.4323	-0.0000	1100.5565	-308.1260	-0.00000	1.00000	0.00000	0.00000	0.00000	1.00000	0.00000	0.00000	0.00000	0	100.00
land_during_flip_rotation	1	-0.0000	-1181.6541	494.8172	-0.0000	1101.1063	-313.5377	-0.00000	1.00000	0.00000	0.00000	0.00000	1.00000	0.00000	0.00000	0.00000	0	100.00
land_during_flip_rotation	2	-0.0000	-1172.4695	492.1621	-0.0000	1101.6565	-318.9477	-0.00000	1.00000	0.00000	0.00000	0.00000	1.00000	0.00000	0.00000	0.00000	0	100.00
land_during_flip_rotation	3	-0.0000	-1163.2849	489.4570	-0.0000	1102.2065	-324.3577	-0.00000	1.00000	0.00000	0.00000	0.00000	1.00000	0.00000	0.00000	0.00000	0	100.00
land_during_flip_rotation	4	-0.0000	-1154.0905	489.1425	-0.0000	1102.7563	-38.1010	-0.00000	1.00000	0.00000	0.00000	0.00000	1.00000	0.00000	0.00000	0.00000	0	100.00
land_during_flip_rotation	5	-0.0000	-1144.8958	488.7773	-0.0000	1103.3065	-43.5177	-0.00000	1.00000	0.00000	0.00000	0.00000	1.00000	0.00000	0.00000	0.00000	0	100.00
land_during_flip_rotation	6	-0.0000	-1135.7013	488.3722	-0.0000	1103.8563	-48.9277	-0.00000	1.00000	0.00000	0.00000	0.00000	1.00000	0.00000	0.00000	0.00000	0	100.00
land_during_flip_rotation	7	-0.0000	-1126.4965	487.9172	-0.0000	1104.4065	-54.3377	-0.00000	1.00000	0.00000	0.00000	0.00000	1.00000	0.00000	0.00000	0.00000	0	100.00
land_during_flip_rotation	8	-0.0000	-1117.2919	487.4221	-0.0000	1104.9565	-59.7477	-0.00000	1.00000	0.00000	0.00000	0.00000	1.00000	0.00000	0.00000	0.00000	0	100.00
land_during_flip_rotation	9	-0.0000	-1108.0774	486.8770	-0.0000	1105.5065	-65.1577	-0.00000	1.00000	0.00000	0.00000	0.00000	1.00000	0.00000	0.00000	0.00000	0	100.00
land_during_flip_rotation	10	-0.0000	-1098.8628	486.2919	-0.0000	1106.0565	-70.5677	-0.00000	1.00000	0.00000	0.00000	0.00000	1.00000	0.00000	0.00000	0.00000	0	100.00
land_during_flip_rotation	11	-0.0000	-1089.6382	485.6568	-0.0000	1106.6064	-75.9777	-0.00000	1.00000	0.00000	0.00000	0.00000	1.00000	0.00000	0.00000	0.00000	0	100.00
land_during_flip_rotation	12	-0.0000	-1080.4136	484.9817	-0.0000	1107.1565	-81.3877	-0.00000	1.00000	-0.00087	-0.00000	0.00087	1.00000	-0.10386	-0.00000	0.00000	0	100.00
land_during_flip_rotation	13	-0.0000	-1071.1791	484.2567	-0.0000	1107.7064	-86.7981	-0.00000	1.00000	-0.00260	-0.00000	0.00260	1.00000	-0.20773	-0.00000	0.00000	0	100.00
land_during_flip_rotation	14	-0.0000	-1061.9446	483.4916	-0.0000	1108.2565	-92.2091	-0.00000	0.99999	-0.00519	-0.00000	0.00519	0.99999	-0.31159	-0.00000	0.00000	0	100.00
land_during_flip_rotation	15	-0.0000	-1052.6998	482.6765	-0.0000	1108.8065	-97.6205	-0.00000	0.99996	-0.00866	-0.00000	0.00866	0.99996	-0.41545	-0.00000	0.00000	0	100.00
land_during_flip_rotation	16	-0.0000	-1043.4553	481.8213	-0.0000	1109.3564	-103.0425	-0.00000	0.99992	-0.01298	-0.00000	0.01298	0.99992	-0.51931	-0.00000	0.00000	0	100.00
land_during_flip_rotation	17	-0.0000	-1034.2107	480.9161	-0.0000	1109.9065	-108.4649	-0.00000	0.99983	-0.01817	-0.00000	0.01817	0.99983	-0.62317	-0.00000	0.00000	0	100.00
land_during_flip_rotation	18	-0.0000	-1024.9562	479.9709	-0.0000	1110.4564	-113.8878	-0.00000	0.99971	-0.02423	-0.00000	0.02423	0.99971	-0.72704	-0.00000	0.00000	0	100.00
land_during_flip_rotation	19	-0.0000	-1015.7016	478.9757	-0.0000	1111.0063	-119.3111	-0.00000	0.99951	-0.03115	-0.00000	0.03115	0.99951	-0.83090	-0.00000	0.00000	0	100.00
land_during_flip_rotation	20	-0.0000	-1006.4370	477.9405	-0.0000	1111.5563	-124.7450	-0.00000	0.99924	-0.03894	-0.00000	0.03894	0.99924	-0.93476	-0.00000	0.00000	0	100.00
land_during_flip_rotation	21	-0.0000	-997.1724	476.8552	-0.0000	1112.1061	-130.1793	-0.00000	0.99887	-0.04759	-0.00000	0.04759	0.99887	-1.03862	-0.00000	0.00000	0	100.00
land_during_flip_rotation	22	-0.0000	-987.8979	475.7299	-0.0000	1112.6559	-135.6141	-0.00000	0.99837	-0.05709	-0.00000	0.05709	0.99837	-1.14248	-0.00000	0.00000	0	100.00
land_during_flip_rotation	23	-0.0000	-978.6233	474.5545	-0.0000	1113.2056	-141.0594	-0.00000	0.99772	-0.06746	-0.00000	0.06746	0.99772	-1.24635	-0.00000	0.00000	0	100.00
land_during_flip_rotation	24	-0.0000	-969.3387	473.3291	-0.0000	1113.7551	-146.5052	-0.00000	0.99690	-0.07868	-0.00000	0.07868	0.99690	-1.35021	-0.00000	0.00000	0	100.00
land_during_flip_rotation	25	-0.0000	-960.0542	472.0636	-0.0000	1114.3047	-151.9614	-0.00000	0.99587	-0.09075	-0.00000	0.09075	0.99587	-1.45407	-0.00000	0.00000	0	100.00
land_during_flip_rotation	26	-0.0000	-950.7596	470.7480	-0.0000	1114.8541	-157.4281	-0.00000	0.99461	-0.10368	-0.00000	0.10368	0.99461	-1.55793	-0.00000	0.00000	0	100.00
land_during_flip_rotation	27	-0.0000	-941.4650	469.3925	-0.0000	1115.4034	-162.8953	-0.00000	0.99308	-0.11744	-0.00000	0.11744	0.99308	-1.66179	-0.00000	0.00000	0	100.00
land_during_flip_rotation	28	-0.0000	-932.1605	467.9869	-0.0000	1115.9526	-168.3729	-0.00000	0.99124	-0.13204	-0.00000	0.13204	0.99124	-1.76566	-0.00000	0.00000	0	100.00
land_during_flip_rotation	29	-0.0000	-922.8558	466.5411	-0.0000	1116.5015	-173.8610	-0.00000	0.98907	-0.14746	-0.00000	0.14746	0.98907	-1.86952	-0.00000	0.00000	0	100.00
land_during_flip_rotation	30	-0.0000	-913.5512	465.0453	-0.0000	1117.0504	-179.3596	-0.00000	0.98651	-0.16371	-0.00000	0.16371	0.98651	-1.97338	-0.00000	0.00000	0	100.00
land_during_flip_rotation	31	-0.0000	-904.2367	463.5095	-0.0000	1117.5989	-184.8586	-0.00000	0.98353	-0.18076	-0.00000	0.18076	0.98353	-2.07724	-0.00000	0.00000	0	100.00
land_during_flip_rotation	32	-0.0000	-894.9222	461.9236	-0.0000	1118.1372	-190.3681	-0.00000	0.98008	-0.19861	-0.00000	0.19861	0.98008	-2.18110	-0.00000	0.00000	0	100.00
land_during_flip_rotation	33	-0.0000	-885.5977	460.2876	-0.0000	1118.6754	-195.8880	-0.00000	0.97612	-0.21723	-0.00000	0.21723	0.97612	-2.28497	-0.00000	0.00000	0	100.00
land_during_flip_rotation	34	-0.0000	-876.2733	458.6115	-0.0000	1119.2131	-201.4184	-0.00000	0.97160	-0.23662	-0.00000	0.23662	0.97160	-2.38883	-0.00000	0.00000	0	100.00
land_during_flip_rotation	35	-0.0000	-866.9388	456.8853	-0.0000	1119.7507	-206.9591	-0.00000	0.96648	-0.25675	-0.00000	0.25675	0.96648	-2.49269	-0.00000	0.00000	0	100.00
land_during_flip_rotation	36	-0.0000	-857.6043	455.1191	-0.0000	1120.2878	-212.5103	-0.00000	0.96070	-0.27760	-0.00000	0.27760	0.96070	-2.59655	-0.00000	0.00000	0	100.00
land_during_flip_rotation	37	-0.0000	-848.2598	453.3026	-0.0000	1120.8146	-218.0819	-0.00000	0.95421	-0.29915	-0.00000	0.29915	0.95421	-2.70041	-0.00000	0.00000	0	100.00
land_during_flip_rotation	38	-0.0000	-838.9155	451.4361	-0.0000	1121.3411	-223.6638	-0.00000	0.94696	-0.32136	-0.00000	0.32136	0.94696	-2.80428	-0.00000	0.00000	0	100.00
land_during_flip_rotation	39	-0.0000	-829.5710	449.5295	-0.0000	1121.8669	-229.2562	-0.00000	0.93889	-0.34421	-0.00000	0.34421	0.93889	-2.90814	-0.00000	0.00000	0	100.00
land_during_flip_rotation	40	-0.0000	-820.2169	447.5728	-0.0000	1122.3826	-234.8589	-0.00000	0.92996	-0.36767	-0.00000	0.36767	0.92996	-3.01200	-0.00000	0.00000	0	100.00
land_during_flip_rotation	41	-0.0000	-810.8625	445.5660	-0.0000	1122.8976	-240.4719	-0.00000	0.92010	-0.39169	-0.00000	0.39169	0.92010	-3.11586	-0.00000	0.00000	0	100.00
land_during_flip_rotation	42	-0.0000	-801.4983	443.5191	-0.0000	1123.4021	-246.1053	-0.00000	0.90926	-0.41623	-0.00000	0.41623	0.90926	-3.21972	-0.00000	0.00000	0	100.00
land_during_flip_rotation	43	-0.0000	-792.1340	441.4221	-0.0000	1123.9061	-251.7489	-0.00000	0.89738	-0.44125	-0.00000	0.44125	0.89738	-3.32359	-0.00000	0.00000	0	100.00
land_during_flip_rotation	44	-0.0000	-782.7600	439.2750	-0.0000	1124.3995	-257.4028	-0.00000	0.88442	-0.46670	-0.00000	0.46670	0.88442	-3.42745	-0.00000	0.00000	0	100.00
land_during_flip_rotation	45	-0.0000	-773.3860	437.0777	-0.0000	1124.8823	-263.0769	-0.00000	0.87030	-0.49252	-0.00000	0.49252	0.87030	-3.53131	-0.00000	0.00000	0	100.00
land_during_flip_rotation	46	-0.0000	-764.0120	434.8403	-0.0000	1125.3645	-268.7613	-0.00000	0.85498	-0.51865	-0.00000	0.51865	0.85498	-3.63517	-0.00000	0.00000	0	100.00
land_during_flip_rotation	47	-0.0000	-754.6281	432.5528	-0.0000	1125.8359	-274.4658	-0.00000	0.83841	-0.54504	-0.00000	0.54504	0.83841	-3.73903	-0.00000	0.00000	0	100.00
land_during_flip_rotation	48	-0.0000	-745.2441	430.2152	-0.0000	1126.2968	-280.1805	-0.00000	0.82053	-0.57160	-0.00000	0.57160	0.82053	-3.84290	-0.00000	0.00000	0	100.00
land_during_flip_rotation	49	-0.0000	-735.8504	427.8374	-0.0000	1126.7467	-285.9152	-0.00000	0.80129	-0.59828	-0.00000	0.59828	0.80129	-3.94676	-0.00000	0.00000	0	100.00
land_during_flip_rotation	50	-0.0000	-726.4567	425.4095	-0.0000	1127.1862	-291.6600	-0.00000	0.78064	-0.62498	-0.00000	0.62498	0.78064	-4.05062	-0.00000	0.00000	0	100.00
land_during_flip_rotation	51	-0.0000	-717.0632	422.9314	-0.0000	1127.6146	-297.4249	-0.00000	0.75854	-0.65162	-0.00000	0.65162	0.75854	-4.15448	-0.00000	0.00000	0	100.00
land_during_flip_rotation	52	-0.0000	-707.6597	420.4034	-0.0000	1128.0323	-303.1996	-0.00000	0.73495	-0.67813	-0.00000	0.67813	0.73495	-4.25834	-0.00000	0.00000	0	100.00
land_during_flip_rotation	53	-0.0000	-698.2563	417.8251	-0.0000	1128.4392	-308.9844	-0.00000	0.70981	-0.70439	-0.00000	0.70439	0.70981	-4.36221	-0.00000	0.00000	0	100.00
land_during_flip_rotation	54	-0.0000	-688.8531	415.2068	-0.0000	1128.8252	-314.7890	-0.00000	0.68311	-0.73031	-0.00000	0.73031	0.68311	-4.46607	-0.00000	0.00000	0	100.00
land_during_flip_rotation	55	-0.0000	-679.4400	412.5382	-0.0000	1129.2003	-320.6034	-0.00000	0.65481	-0.75579	-0.00000	0.75579	0.65481	-4.56993	-0.00000	0.00000	0	100.00
land_during_flip_rotation	56	-0.0000	-670.0269	409.8197	-0.0000	1129.5648	-326.4376	-0.00000	0.62489	-0.78072	-0.00000	0.78072	0.62489	-4.67379	-0.00000	0.00000	0	100.00
land_during_flip_rotation	57	-0.0000	-660.6141	407.0510	-0.0000	1129.9080	-332.2814	-0.00000	0.59332	-0.80497	-0.00000	0.80497	0.59332	-4.77765	-0.00000	0.00000	0	100.00
land_during_flip_rotation	58	-0.0000	-651.1914	404.2321	-0.0000	1130.2305	-338.1449	-0.00000	0.56009	-0.82843	-0.00000	0.82843	0.56009	-4.88152	-0.00000	0.00000	0	100.00
land_during_flip_rotation	59	-0.0000	-641.7688	401.3632	-0.0000	1130.5421	-344.0179	-0.00000	0.52520	-0.85098	-0.00000	0.85098	0.52520	-4.98538	-0.00000	0.00000	0	100.00
land_during_flip_rotation	60	-0.0000	-632.3464	398.4442	-0.0000	1130.8326	-349.9004	-0.00000	0.48865	-0.87248	0.00000	0.87248	0.48865	-5.08924	-0.00000	0.00000	0	100.00
land_during_flip_rotation	61	-0.0000	-622.9241	395.4750	-0.0000	1131.1024	-355.8024	-0.00000	0.45044	-0.89281	-0.00000	0.89281	0.45044	-5.19310	-0.00000	0.00000	0	100.00
land_during_flip_rotation	62	-0.0000	-613.4921	392.4557	-0.0000	1131.3512	-361.7137	-0.00000	0.41061	-0.91181	-0.00000	0.91181	0.41061	-5.29696	-0.00000	0.00000	0	100.00
land_during_flip_rotation	63	-0.0000	-604.0601	389.3964	-0.0000	1131.5790	-367.6342	-0.00000	0.36917	-0.92936	-0.00000	0.92936	0.36917	-5.40083	-0.00000	0.00000	0	100.00
land_during_flip_rotation	64	-0.0000	-594.6285	386.2870	-0.0000	1131.7760	-373.5640	-0.00000	0.32616	-0.94531	0.00000	0.94531	0.32616	-5.50469	-0.00000	0.00000	0	100.00
land_during_flip_rotation	65	-0.0000	-585.1971	383.1275	-0.0000	1131.9521	-379.5028	-0.00000	0.28168	-0.95951	0.00000	0.95951	0.28168	-5.60386	-0.00000	0.00000	0	100.00
land_during_flip_rotation	66	-0.0000	-575.7657	379.9179	-0.0000	1132.1073	-385.4507	-0.00000	0.23658	-0.97161	0.00000	0.97161	0.23658	-5.60386	-0.00000	0.00000	0	100.00
land_during_flip_rotation	67	-0.0000	-566.3347	376.6583	-0.0000	1132.2324	-391.4074	-0.00000	0.19096	-0.98160	0.00000	0.98160	0.19096	-5.60386	-0.00000	0.00000	0	100.00
land_during_flip_rotation	68	-0.0000	-556.8939	373.3486	-0.0000	1132.3370	-397.3630	-0.00000	0.14493	-0.98944	0.00000	0.98944	0.14493	-5.60386	-0.00000	0.00000	0	100.00
land_during_flip_rotation	69	-0.0000	-547.4532	369.9890	-0.0000	1132.4114	-403.3274	-0.00000	0.09859	-0.99513	0.00000	0.99513	0.09859	-5.60386	-0.00000	0.00000	0	100.00
land_during_flip_rotation	70	-0.0000	-538.0128	366.5793	-0.0000	1132.4657	-409.2905	-0.00000	0.05202	-0.99865	0.00000	0.99865	0.05202	-5.60386	-0.00000	0.00000	0	100.00
land_during_flip_rotation	71	-0.0000	-528.5726	363.1194	-0.0000	1132.4897	-415.2625	-0.00000	0.00535	-0.99999	0.00000	0.99999	0.00535	-5.60386	-0.00000	0.00000	0	100.00
land_during_flip_rotation	72	-0.0000	-519.1326	359.6097	-0.0000	1132.4839	-421.2332	-0.00000	-0.04134	-0.99915	0.00000	0.99915	-0.04134	-5.60386	0.00000	0.00000	0	100.00
land_during_flip_rotation	73	-0.0000	-509.6929	356.0500	-0.0000	1132.4579	-427.2028	-0.00000	-0.08794	-0.99613	0.00000	0.99613	-0.08794	-5.60386	0.00000	0.00000	0	100.00
land_during_flip_rotation	74	-0.0000	-500.2533	352.4402	-0.0000	1132.4021	-433.1710	-0.00000	-0.13434	-0.99094	0.00000	0.99094	-0.13434	-5.60386	0.00000	0.00000	0	100.00
land_during_flip_rotation	75	-0.0000	-490.8140	348.7805	-0.0000	1132.3263	-439.1382	-0.00000	-0.18045	-0.98358	0.00000	0.98358	-0.18045	-5.60386	0.00000	0.00000	0	100.00
land_during_flip_rotation	76	-0.0000	-481.3748	345.0709	-0.0000	1132.2207	-445.0941	-0.00000	-0.22617	-0.97409	0.00000	0.97409	-0.22617	-5.60386	0.00000	0.00000	0	100.00
land_during_flip_rotation	77	-0.0000	-471.9359	341.3113	-0.0000	1132.0952	-451.0489	-0.00000	-0.27140	-0.96247	0.00000	0.96247	-0.27140	-5.60386	0.00000	0.00000	0	100.00
land_during_flip_rotation	78	-0.0000	-462.5071	337.5017	-0.0000	1131.9402	-456.9923	-0.00000	-0.31603	-0.94875	0.00000	0.94875	-0.31603	-5.60386	0.00000	0.00000	0	100.00
land_during_flip_rotation	79	-0.0000	-453.0786	333.6422	-0.0000	1131.7654	-462.9347	-0.00000	-0.35998	-0.93296	0.00000	0.93296	-0.35998	-5.60386	0.00000	0.00000	0	100.00
land_during_flip_rotation	80	-0.0000	-443.6503	329.7328	-0.0000	1131.5610	-468.8660	-0.00000	-0.40314	-0.91514	0.00000	0.91514	-0.40314	-5.60386	0.00000	0.00000	0	100.00
land_during_flip_rotation	81	-0.0000	-434.2222	325.7735	-0.0000	1131.3369	-474.7860	-0.00000	-0.44542	-0.89532	0.00000	0.89532	-0.44542	-5.60386	0.00000	0.00000	0	100.00
land_during_flip_rotation	82	-0.0000	-424.7943	321.7642	-0.0000	1131.0834	-480.6951	-0.00000	-0.48673	-0.87355	0.00000	0.87355	-0.48673	-5.60386	0.00000	0.00000	0	100.00
land_during_flip_rotation	83	-0.0000	-415.3666	317.7050	-0.0000	1130.8105	-486.5930	-0.00000	-0.52698	-0.84988	0.00000	0.84988	-0.52698	-5.60386	0.00000	0.00000	0	100.00
land_during_flip_rotation	84	-0.0000	-405.9490	313.6060	-0.0000	1130.5182	-492.4799	-0.00000	-0.56608	-0.82435	0.00000	0.82435	-0.56608	-5.60386	0.00000	0.00000	0	100.00
land_during_flip_rotation	85	-0.0000	-396.5317	309.4571	-0.0000	1130.1965	-498.3456	-0.00000	-0.60394	-0.79703	0.00000	0.79703	-0.60394	-5.60386	0.00000	0.00000	0	100.00
land_during_flip_rotation	86	-0.0000	-387.1145	305.2583	-0.0000	1129.8553	-504.2005	-0.00000	-0.64049	-0.76797	0.00000	0.76797	-0.64049	-5.60386	0.00000	0.00000	0	100.00
land_during_flip_rotation	87	-0.0000	-377.6975	301.0096	-0.0000	1129.4951	-510.0443	-0.00000	-0.67564	-0.73723	0.00000	0.73723	-0.67564	-5.60386	0.00000	0.00000	0	100.00
land_during_flip_rotation	88	-0.0000	-368.2907	296.7111	-0.0000	1129.1156	-515.8672	-0.00000	-0.70932	-0.70489	0.00000	0.70489	-0.70932	-5.60386	0.00000	0.00000	0	100.00
land_during_flip_rotation	89	-0.0000	-358.8840	292.3627	-0.0000	1128.7168	-521.6692	-0.00000	-0.74145	-0.67101	0.00000	0.67101	-0.74145	-5.60386	0.00000	0.00000	0	100.00
land_during_flip_rotation	90	-0.0000	-349.4775	287.9646	-0.0000	1128.2991	-527.4504	-0.00000	-0.77197	-0.63566	0.00000	0.63566	-0.77197	-5.60386	0.00000	0.00000	0	100.00
land_during_flip_rotation	91	-0.0000	-340.0812	283.5165	-0.0000	1127.8619	-533.2208	-0.00000	-0.80080	-0.59893	0.00000	0.59893	-0.80080	-5.60386	0.00000	0.00000	0	100.00
land_during_flip_rotation	92	-0.0000	-330.6848	279.0286	-0.0000	1127.4160	-538.9704	-0.00000	-0.82789	-0.56090	0.00000	0.56090	-0.82789	-5.60386	0.00000	0.00000	0	100.00
land_during_flip_rotation	93	-0.0000	-321.2887	274.4908	-0.0000	1126.9510	-544.6992	-0.00000	-0.85317	-0.52164	0.00000	0.52164	-0.85317	-5.60386	0.00000	0.00000	0	100.00
land_during_flip_rotation	94	-0.0000	-311.9027	269.9033	-0.0000	1126.4769	-550.3975	-0.00000	-0.87659	-0.48124	0.00000	0.48124	-0.87659	-5.60386	0.00000	0.00000	0	100.00
land_during_flip_rotation	95	-0.0000	-302.5168	265.2661	-0.0000	1125.9840	-556.0750	-0.00000	-0.89810	-0.43980	0.00000	0.43980	-0.89810	-5.60386	0.00000	0.00000	0	100.00
land_during_flip_rotation	96	-0.0000	-293.1410	260.5889	-0.0000	1125.4819	-561.7319	-0.00000	-0.91765	-0.39739	0.00000	0.39739	-0.91765	-5.60386	0.00000	0.00000	0	100.00
land_during_flip_rotation	97	-0.0000	-283.7653	255.8619	-0.0000	1124.9711	-567.3684	-0.00000	-0.93520	-0.35412	0.00000	0.35412	-0.93520	-5.60386	0.00000	0.00000	0	100.00
land_during_flip_rotation	98	-0.0000	-274.3996	251.0852	-0.0000	1124.4513	-572.9744	-0.00000	-0.95071	-0.31008	0.00000	0.31008	-0.95071	-5.60386	0.00000	0.00000	0	100.00
land_during_flip_rotation	99	-0.0000	-265.0340	246.2687	-0.0000	1123.9227	-578.5598	-0.00000	-0.96415	-0.26536	0.00000	0.26536	-0.96415	-5.60386	0.00000	0.00000	0	100.00
land_during_flip_rotation	100	-0.0000	-255.6685	241.4024	-0.0000	1123.3853	-584.1151	-0.00000	-0.97549	-0.22006	0.00000	0.22006	-0.97549	-5.60386	0.00000	0.00000	0	100.00
land_during_flip_rotation	101	-0.0000	-246.3130	236.4862	-0.0000	1122.8390	-589.6498	-0.00000	-0.98470	-0.17428	0.00000	0.17428	-0.98470	-5.60386	0.00000	0.00000	0	100.00
land_during_flip_rotation	102	-0.0000	-236.9576	231.5304	-0.0000	1122.2838	-595.1545	-0.00000	-0.99176	-0.12813	0.00000	0.12813	-0.99176	-5.60386	0.00000	0.00000	0	100.00
land_during_flip_rotation	103	-0.0000	-227.6123	226.5247	-0.0000	1121.7300	-600.6388	-0.00000	-0.99666	-0.08169	0.00000	0.08169	-0.99666	-5.60386	0.00000	0.00000	0	100.00
land_during_flip_rotation	104	-0.0000	-218.2668	221.4692	-0.0000	1121.1772	-606.0930	-0.00000	-0.99938	-0.03508	0.00000	0.03508	-0.99938	-5.60386	0.00000	0.00000	0	100.00
land_during_flip_rotation	105	-0.0000	-208.9315	216.3739	-0.0000	1120.6157	-611.5270	-0.00000	-0.99993	0.01162	0.00000	-0.01162	-0.99993	-5.60386	0.00000	-0.00000	0	100.00
land_during_flip_rotation	106	-0.0000	-199.5962	211.2289	-0.0000	1120.0554	-616.9311	-0.00000	-0.99830	0.05828	0.00000	-0.05828	-0.99830	-5.60386	0.00000	-0.00000	0	100.00
land_during_flip_rotation	107	-0.0000	-190.2709	206.0440	-0.0000	1119.4962	-622.3152	-0.00000	-0.99449	0.10482	0.00000	-0.10482	-0.99449	-5.60386	0.00000	-0.00000	0	100.00
land_during_flip_rotation	108	-0.0000	-180.9455	200.8094	-0.0000	1118.9385	-627.6694	-0.00000	-0.98851	0.15113	0.00000	-0.15113	-0.98851	-5.60386	0.00000	-0.00000	0	100.00
land_during_flip_rotation	109	-0.0000	-171.6301	195.5350	-0.0000	1118.3817	-632.9937	-0.00000	-0.98038	0.19711	0.00000	-0.19711	-0.98038	-5.60386	0.00000	-0.00000	0	100.00
land_during_flip_rotation	110	-0.0000	-162.3147	190.2208	-0.0000	1117.8363	-638.2981	-0.00000	-0.97011	0.24266	0.00000	-0.24266	-0.97011	-5.60386	0.00000	-0.00000	0	100.00
land_during_flip_rotation	111	-0.0000	-152.9992	184.8569	-0.0000	1117.2920	-643.5728	-0.00000	-0.95772	0.28769	0.00000	-0.28769	-0.95772	-5.60386	0.00000	-0.00000	0	100.00
land_during_flip_rotation	112	-0.0000	-143.6937	179.4531	-0.0000	1116.7588	-648.8278	-0.00000	-0.94325	0.33208	0.00000	-0.33208	-0.94325	-5.60386	0.00000	-0.00000	0	100.00
land_during_flip_rotation	113	-0.0000	-134.3881	173.9995	-0.0000	1116.2268	-654.0532	-0.00000	-0.92672	0.37575	0.00000	-0.37575	-0.92672	-5.60386	0.00000	-0.00000	0	100.00
land_during_flip_rotation	114	-0.0000	-125.0924	168.5062	-0.0000	1115.7061	-659.2589	-0.00000	-0.90817	0.41860	0.00000	-0.41860	-0.90817	-5.60386	0.00000	-0.00000	0	100.00
land_during_flip_rotation	115	-0.0000	-115.7967	162.9730	-0.0000	1115.1964	-664.4351	-0.00000	-0.88764	0.46054	0.00000	-0.46054	-0.88764	-5.60386	0.00000	-0.00000	0	100.00
land_during_flip_rotation	116	-0.0000	-106.5109	157.3901	-0.0000	1114.6978	-669.5917	-0.00000	-0.86517	0.50148	0.00000	-0.50148	-0.86517	-5.60386	0.00000	-0.00000	0	100.00
land_during_flip_rotation	117	-0.0000	-97.2249	151.7673	-0.0000	1114.2102	-674.7290	-0.00000	-0.84082	0.54132	0.00000	-0.54132	-0.84082	-5.60386	0.00000	-0.00000	0	100.00
land_during_flip_rotation	118	-0.0000	-87.9388	146.1047	-0.0000	1113.7438	-679.8369	-0.00000	-0.81463	0.57998	0.00000	-0.57998	-0.81463	-5.60386	0.00000	-0.00000	0	100.00
land_during_flip_rotation	119	-0.0000	-78.6626	140.3923	-0.0000	1113.2883	-684.9254	-0.00000	-0.78667	0.61737	0.00000	-0.61737	-0.78667	-5.60386	0.00000	-0.00000	0	100.00
land_during_flip_rotation	120	-0.0000	-69.3863	134.6400	-0.0000	1112.8439	-689.9946	-0.00000	-0.75699	0.65342	0.00000	-0.65342	-0.75699	-5.60386	0.00000	-0.00000	0	100.00
land_during_flip_rotation	121	-0.0000	-60.1198	128.8480	-0.0000	1112.4204	-695.0446	-0.00000	-0.72566	0.68805	0.00000	-0.68805	-0.72566	-5.60386	0.00000	-0.00000	0	100.00
land_during_flip_rotation	122	-0.0000	-50.8532	123.0160	-0.0000	1112.0177	-700.0753	-0.00000	-0.69275	0.72118	0.00000	-0.72118	-0.69275	-5.60386	0.00000	-0.00000	0	100.00
land_during_flip_rotation	123	-0.0000	-41.5864	117.1443	-0.0000	1111.6261	-705.0870	-0.00000	-0.65833	0.75273	0.00000	-0.75273	-0.65833	-5.60386	0.00000	-0.00000	0	100.00
land_during_flip_rotation	124	-0.0000	-32.3295	111.2227	-0.0000	1111.2551	-710.0794	-0.00000	-0.62248	0.78264	0.00000	-0.78264	-0.62248	-5.60386	0.00000	-0.00000	0	100.00
land_during_flip_rotation	125	-0.0000	-23.0725	105.2612	-0.0000	1110.9052	-715.0529	-0.00000	-0.58526	0.81084	0.00000	-0.81084	-0.58526	-5.60386	0.00000	-0.00000	0	100.00
land_during_flip_rotation	126	-0.0000	-13.8152	99.2599	-0.0000	1110.5759	-720.0172	-0.00000	-0.54677	0.83728	0.00000	-0.83728	-0.54677	-5.60386	0.00000	-0.00000	0	100.00
land_during_flip_rotation	127	-0.0000	-4.5678	93.2187	-0.0000	1110.2672	-724.9625	-0.00000	-0.50709	0.86189	0.00000	-0.86189	-0.50709	-5.60386	0.00000	-0.00000	0	100.00
land_during_flip_rotation	128	-0.0000	4.6798	87.1375	-0.0000	1109.9792	-729.8987	-0.00000	-0.46630	0.88463	0.00000	-0.88463	-0.46630	-5.60386	0.00000	-0.00000	0	100.00
land_during_flip_rotation	129	-0.0000	13.9276	81.0165	-0.0000	1109.7119	-734.8161	-0.00000	-0.42450	0.90543	0.00000	-0.90543	-0.42450	-5.60386	0.00000	-0.00000	0	100.00
land_during_flip_rotation	130	-0.0000	23.1756	74.8556	-0.0000	1109.4751	-739.7246	-0.00000	-0.38177	0.92426	0.00000	-0.92426	-0.38177	-5.60386	0.00000	-0.00000	0	100.00
land_during_flip_rotation	131	-0.0000	32.4238	68.6548	-0.0000	1109.2588	-744.6241	-0.00000	-0.33821	0.94107	0.00000	-0.94107	-0.33821	-5.60386	0.00000	-0.00000	0	100.00
land_during_flip_rotation	132	-0.0000	41.6622	62.4040	-0.0000	1109.0631	-749.5148	-0.00000	-0.29391	0.95583	0.00000	-0.95583	-0.29391	-5.60386	0.00000	-0.00000	0	100.00
land_during_flip_rotation	133	-0.0000	50.9008	56.1134	-0.0000	1108.8976	-754.3966	-0.00000	-0.24897	0.96851	0.00000	-0.96851	-0.24897	-5.60386	0.00000	-0.00000	0	100.00
land_during_flip_rotation	134	0.0000	59.4604	52.0469	0.0000	1027.2430	-487.5708	0.05531	-0.12979	0.99000	0.00880	-0.99141	-0.13046	-14.51775	6.32305	2.30039	0	100.00
land_during_flip_rotation	135	0.0631	67.6166	49.6897	7.5666	978.7871	-330.0540	0.04039	-0.03145	0.99869	-0.00379	-0.99950	-0.03133	-11.81992	-1.55955	-1.67073	0	100.00
land_during_flip_rotation	136	0.1245	75.7075	47.1219	7.7377	970.4937	-308.1753	0.02960	0.02887	0.99915	-0.01888	-0.99939	0.02944	-7.30755	-1.29364	-1.81284	0	100.00
land_during_flip_rotation	137	0.1544	83.3871	46.0244	4.1317	921.2501	-149.2346	-0.00667	0.09726	0.99524	-0.06161	-0.99341	0.09666	-8.27441	-4.62778	-4.84699	0	100.00
land_during_flip_rotation	138	0.1377	90.7178	46.0906	-1.4721	879.3372	-13.7959	0.00453	0.15472	0.98795	-0.05132	-0.98662	0.15475	-6.94608	1.43634	1.05186	0	100.00
land_during_flip_rotation	139	0.1278	98.0485	45.9276	-1.4685	879.4169	-19.4921	0.01247	0.20464	0.97876	-0.03865	-0.97800	0.20498	-6.07952	1.21099	1.32536	0	100.00
land_during_flip_rotation	140	0.1179	105.3794	45.7200	-1.4541	879.5246	-25.1972	0.01908	0.25358	0.96713	-0.03208	-0.96665	0.25408	-6.02432	0.95261	0.58644	0	100.00
land_during_flip_rotation	141	0.1080	112.7105	45.4625	-1.4404	879.6617	-30.9037	0.02493	0.30275	0.95274	-0.03011	-0.95238	0.30342	-6.14470	0.74075	0.03101	0	100.00
land_during_flip_rotation	142	0.0981	120.0419	45.1548	-1.4271	879.8291	-36.6217	0.03025	0.35130	0.93577	-0.03184	-0.93539	0.35218	-6.18075	0.53537	-0.40571	0	100.00
land_during_flip_rotation	143	0.0883	127.3735	44.7971	-1.4042	880.0161	-42.3511	0.03524	0.39871	0.91640	-0.03643	-0.91585	0.39987	-6.16764	0.34850	-0.73654	0	100.00
land_during_flip_rotation	144	0.0785	134.7053	44.3992	-1.3814	880.2325	-48.0919	0.04009	0.44466	0.89480	-0.04316	-0.89391	0.44616	-6.12885	0.18567	-0.97944	0	100.00
land_during_flip_rotation	145	0.0687	142.0473	43.9582	-1.3587	880.4779	-53.0106	0.04465	0.48512	0.87330	-0.04857	-0.87209	0.48693	-5.53107	0.18240	-0.83076	0	100.00
land_during_flip_rotation	146	0.0589	149.3895	43.4771	0.2093	881.2615	-57.9425	0.04937	0.52459	0.84992	-0.05334	-0.84836	0.52673	-5.52591	0.18049	-0.74749	0	100.00
land_during_flip_rotation	147	0.0619	156.7363	42.9264	3.5533	882.5128	-66.4271	0.05423	0.56560	0.82290	-0.06007	-0.82077	0.56809	-5.92201	-0.00427	-0.96478	0	100.00
land_during_flip_rotation	148	0.0898	164.0969	42.3056	7.2123	883.6924	-74.9222	0.05880	0.60479	0.79421	-0.06821	-0.79129	0.60762	-5.87487	-0.18426	-1.07707	0	100.00
land_during_flip_rotation	149	0.1504	171.4669	41.6147	10.9805	884.8148	-83.4381	0.06313	0.64212	0.76400	-0.07746	-0.76007	0.64521	-5.82423	-0.34321	-1.15358	0	100.00
land_during_flip_rotation	150	0.2418	178.8464	40.8436	15.5846	885.8079	-91.9649	0.06722	0.67755	0.73240	-0.08366	-0.72765	0.68083	-5.74397	-0.18892	-0.83052	0	100.00
land_during_flip_rotation	151	0.3702	186.2348	40.0024	20.6534	886.7125	-99.7959	0.07091	0.71167	0.69893	-0.08739	-0.69356	0.71507	-5.77170	-0.04180	-0.55997	0	100.00
land_during_flip_rotation	152	0.5424	193.6225	39.0970	25.9595	887.5703	-107.1708	0.07410	0.74427	0.66375	-0.08885	-0.65801	0.74775	-5.77929	0.10178	-0.31738	0	100.00
land_during_flip_rotation	153	0.7566	201.0199	38.1353	31.2828	888.4113	-114.3216	0.07671	0.77519	0.62705	-0.08827	-0.62116	0.77870	-5.76970	0.23766	-0.10397	0	100.00
land_during_flip_rotation	154	1.0210	208.4270	37.1156	36.4465	889.2626	-121.3775	0.07867	0.80429	0.58901	-0.08588	-0.58317	0.80780	-5.74676	0.36395	0.08025	0	100.00
land_during_flip_rotation	155	1.3240	215.8442	36.0366	41.2816	890.1481	-128.4117	0.07993	0.83148	0.54978	-0.08192	-0.54420	0.83495	-5.71444	0.48020	0.23624	0	100.00
land_during_flip_rotation	156	1.6644	223.2617	34.8978	45.6696	891.0811	-135.4778	0.08048	0.85669	0.50952	-0.07663	-0.50435	0.86009	-5.67627	0.58681	0.36562	0	100.00
land_during_flip_rotation	157	2.0409	230.6897	33.6988	49.5044	892.0839	-142.5847	0.08033	0.87987	0.46838	-0.07022	-0.46373	0.88319	-5.63515	0.68456	0.47037	0	100.00
land_during_flip_rotation	158	2.4529	238.1281	32.4393	52.7354	893.1506	-149.2771	0.07949	0.90101	0.42646	-0.06288	-0.42243	0.90421	-5.60260	0.75836	0.54827	0	100.00
land_during_flip_rotation	159	2.8898	245.5771	31.1234	55.2865	894.2886	-155.4620	0.07799	0.92008	0.38389	-0.05490	-0.38051	0.92314	-5.57667	0.80537	0.60038	0	100.00
land_during_flip_rotation	160	3.3510	253.0366	29.7516	57.1221	895.4824	-161.2051	0.07587	0.93709	0.34073	-0.04659	-0.33801	0.93999	-5.55679	0.82872	0.62970	0	100.00
land_during_flip_rotation	161	3.8264	260.5067	28.3336	58.2306	896.7391	-166.5634	0.07321	0.95205	0.29706	-0.03823	-0.29496	0.95474	-5.54330	0.83147	0.63907	0	100.00
land_during_flip_rotation	162	4.3156	267.9872	26.8687	58.6638	898.0328	-171.5856	0.07011	0.96494	0.25293	-0.03003	-0.25140	0.96742	-5.53649	0.81621	0.63208	0	100.00
land_during_flip_rotation	163	4.8092	275.4781	25.3667	58.4914	899.3639	-176.3202	0.06665	0.97577	0.20840	-0.02218	-0.20737	0.97801	-5.53551	0.78547	0.61208	0	100.00
land_during_flip_rotation	164	5.2977	282.9792	23.8270	57.8016	900.7131	-180.8072	0.06296	0.98453	0.16353	-0.01483	-0.16291	0.98653	-5.53982	0.74189	0.58219	0	100.00
land_during_flip_rotation	165	5.7820	290.4905	22.2494	56.6796	902.0727	-185.0530	0.05912	0.99121	0.11837	-0.00809	-0.11810	0.99297	-5.54870	0.68812	0.54516	0	100.00
land_during_flip_rotation	166	6.2525	298.0118	20.6338	56.6412	904.0845	-158.8259	0.05523	0.99580	0.07299	-0.00204	-0.07299	0.99733	-4.36487	0.53448	0.46259	1	100.00
land_during_flip_rotation	167	6.7220	305.5440	19.2388	56.4044	909.7897	-132.6170	0.05163	0.99800	0.03649	0.00262	-0.03667	0.99932	-3.41211	0.40416	0.38907	1	100.00
land_during_flip_rotation	168	7.1900	313.1215	18.0672	55.4907	915.3989	-107.4977	0.04847	0.99879	0.00793	0.00606	-0.00823	0.99995	-2.57878	0.28843	0.32687	1	100.00
land_during_flip_rotation	169	7.6524	320.7482	17.1065	54.0971	920.9415	-83.8392	0.04574	0.99886	-0.01365	0.00846	0.01328	0.99988	-1.86304	0.18838	0.27517	1	100.00
land_during_flip_rotation	170	8.1008	328.4245	16.3437	52.3880	926.4381	-34.0376	0.04342	0.99863	-0.02923	0.00998	0.02882	0.99953	-0.19661	0.02347	0.23046	1	100.00
land_during_flip_rotation	171	8.5365	336.1403	15.9887	50.4029	931.8938	-6.1692	0.04150	0.99866	-0.03087	0.01012	0.03048	0.99948	0.33075	-0.18118	0.19761	1	100.00
land_during_flip_rotation	172	8.9600	343.9058	15.8709	47.9932	937.3287	8.1114	0.03990	0.99881	-0.02806	0.00856	0.02774	0.99958	0.44432	-0.25746	0.16934	1	100.00
land_during_flip_rotation	173	9.3599	351.7210	15.8699	45.5763	942.7127	14.3392	0.03854	0.99896	-0.02428	0.00638	0.02405	0.99969	0.37296	-0.24960	0.14457	1	100.00
land_during_flip_rotation	174	9.7398	359.5759	15.9217	43.4020	948.0452	18.5642	0.03739	0.99908	-0.02109	0.00427	0.02095	0.99977	0.25524	-0.15498	0.12241	1	100.00
land_during_flip_rotation	175	10.1017	367.4803	16.0070	41.7056	953.3104	19.7715	0.03639	0.99916	-0.01892	0.00296	0.01882	0.99982	0.19132	-0.09604	0.10373	1	100.00
land_during_flip_rotation	176	10.4475	375.4243	16.1070	40.3331	958.5220	19.7554	0.03554	0.99922	-0.01730	0.00215	0.01723	0.99985	0.14955	-0.06985	0.08812	1	100.00
land_during_flip_rotation	177	10.7861	383.4077	16.2069	39.1675	963.6790	19.3220	0.03482	0.99927	-0.01603	0.00155	0.01599	0.99987	0.11934	-0.05044	0.07492	1	100.00
land_during_flip_rotation	178	11.1163	391.4406	16.3033	38.1685	968.7782	18.6310	0.03420	0.99930	-0.01502	0.00112	0.01499	0.99989	0.09697	-0.03609	0.06375	1	100.00
land_during_flip_rotation	179	11.4380	399.5131	16.3875	37.3124	973.8290	17.8183	0.03367	0.99933	-0.01421	0.00081	0.01419	0.99990	0.08000	-0.02551	0.05429	1	100.00
land_during_flip_rotation	180	11.7509	407.6252	16.4707	36.5837	978.8312	16.9240	0.03322	0.99936	-0.01353	0.00060	0.01352	0.99991	0.06684	-0.01775	0.04628	1	100.00
land_during_flip_rotation	181	12.0548	415.7869	16.5433	35.9579	983.7942	16.0275	0.03284	0.99938	-0.01297	0.00044	0.01296	0.99992	0.05640	-0.01208	0.03949	1	100.00
land_during_flip_rotation	182	12.3496	423.9883	16.6058	35.4164	988.7087	15.1666	0.03251	0.99939	-0.01250	0.00034	0.01249	0.99992	0.04797	-0.00798	0.03369	1	100.00
land_during_flip_rotation	183	12.6451	432.2291	16.6686	34.9558	993.5735	14.3310	0.03223	0.99941	-0.01210	0.00027	0.01209	0.99993	0.04105	-0.00503	0.02877	1	100.00
land_during_flip_rotation	184	12.9413	440.5097	16.7217	34.5649	998.3998	13.5562	0.03199	0.99942	-0.01175	0.00022	0.01175	0.99993	0.03528	-0.00293	0.02460	1	100.00
land_during_flip_rotation	185	13.2280	448.8299	16.7652	34.2353	1003.1762	12.8548	0.03179	0.99943	-0.01146	0.00020	0.01146	0.99993	0.03043	-0.00147	0.02105	1	100.00
land_during_flip_rotation	186	13.5153	457.1898	16.8094	33.9585	1007.9134	12.2039	0.03161	0.99944	-0.01120	0.00018	0.01120	0.99994	0.02631	-0.00046	0.01803	1	100.00
land_during_flip_rotation	187	13.8029	465.5892	16.8440	33.7258	1012.6112	11.6264	0.03146	0.99944	-0.01099	0.00018	0.01099	0.99994	0.02279	0.00021	0.01546	1	100.00
land_during_flip_rotation	188	14.0810	474.0284	16.8691	33.5371	1017.2696	11.1347	0.03134	0.99945	-0.01080	0.00018	0.01080	0.99994	0.01977	0.00064	0.01327	1	100.00
land_during_flip_rotation	189	14.3594	482.5071	16.8951	33.3839	1021.8784	10.7000	0.03122	0.99946	-0.01063	0.00018	0.01063	0.99994	0.01716	0.00089	0.01140	1	100.00
land_during_flip_rotation	190	14.6382	491.0256	16.9214	33.2659	1026.4480	10.2969	0.03113	0.99946	-0.01049	0.00019	0.01049	0.99994	0.01491	0.00103	0.00980	1	100.00
land_during_flip_rotation	191	14.9172	499.5837	16.9380	33.1744	1030.9779	9.9607	0.03105	0.99946	-0.01036	0.00020	0.01036	0.99995	0.01296	0.00109	0.00844	1	100.00
land_during_flip_rotation	192	15.1964	508.1714	16.9553	33.1094	1035.4683	9.6688	0.03098	0.99947	-0.01026	0.00020	0.01026	0.99995	0.01127	0.00108	0.00727	1	100.00
land_during_flip_rotation	193	15.4758	516.7988	16.9728	33.0625	1039.9189	9.3959	0.03092	0.99947	-0.01016	0.00021	0.01016	0.99995	0.00980	0.00105	0.00626	1	100.00
land_during_flip_rotation	194	15.7555	525.4659	16.9805	33.0415	1044.3303	9.1835	0.03086	0.99947	-0.01008	0.00022	0.01008	0.99995	0.00853	0.00099	0.00540	1	100.00
land_during_flip_rotation	195	16.0353	534.1727	16.9888	33.0382	1048.7117	9.0091	0.03082	0.99947	-0.01001	0.00023	0.01001	0.99995	0.00741	0.00091	0.00466	1	100.00
land_during_flip_rotation	196	16.3153	542.9092	16.9973	33.0441	1053.0537	8.8537	0.03078	0.99948	-0.00995	0.00024	0.00995	0.99995	0.00645	0.00083	0.00403	1	100.00
land_during_flip_rotation	197	16.5953	551.6854	17.0061	33.0674	1057.3560	8.7172	0.03075	0.99948	-0.00990	0.00024	0.00989	0.99995	0.00561	0.00075	0.00348	1	100.00
land_during_flip_rotation	198	16.8755	560.5012	17.0149	33.0995	1061.6188	8.5871	0.03072	0.99948	-0.00985	0.00025	0.00985	0.99995	0.00488	0.00068	0.00301	1	100.00
land_during_flip_rotation	199	17.1558	569.3467	17.0138	33.1404	1065.8420	8.5049	0.03069	0.99948	-0.00981	0.00025	0.00981	0.99995	0.00424	0.00060	0.00260	1	100.00
land_during_flip_rotation	200	17.4362	578.2319	17.0131	33.1985	1070.0354	8.4543	0.03067	0.99948	-0.00977	0.00026	0.00977	0.99995	0.00369	0.00053	0.00225	1	100.00
land_during_flip_rotation	201	17.7166	587.1469	17.0127	33.2569	1074.1893	8.4227	0.03065	0.99948	-0.00974	0.00026	0.00974	0.99995	0.00320	0.00047	0.00195	1	100.00
land_during_flip_rotation	202	17.9971	596.1015	17.0125	33.3239	1078.3035	8.4038	0.03063	0.99948	-0.00972	0.00027	0.00971	0.99995	0.00278	0.00041	0.00168	1	100.00
land_during_flip_rotation	203	18.2777	605.0858	17.0123	33.3994	1082.3877	8.3911	0.03062	0.99948	-0.00969	0.00027	0.00969	0.99995	0.00242	0.00036	0.00146	1	100.00
land_during_flip_rotation	204	18.5583	614.1099	17.0122	33.4751	1086.4327	8.3848	0.03061	0.99948	-0.00967	0.00027	0.00967	0.99995	0.00210	0.00032	0.00126	1	100.00
land_during_flip_rotation	205	18.8389	623.1636	17.0121	33.5593	1090.4478	8.3784	0.03060	0.99949	-0.00966	0.00027	0.00965	0.99995	0.00182	0.00028	0.00109	1	100.00
land_during_flip_rotation	206	19.1196	632.2469	17.0121	33.6436	1094.4235	8.3721	0.03059	0.99949	-0.00964	0.00028	0.00964	0.99995	0.00158	0.00024	0.00094	1	100.00
land_during_flip_rotation	207	19.4003	641.3702	17.0121	33.7363	1098.3691	8.3721	0.03058	0.99949	-0.00963	0.00028	0.00962	0.99995	0.00138	0.00021	0.00081	1	100.00
land_during_flip_rotation	208	19.6811	650.5230	17.0121	33.8290	1102.2751	8.3721	0.03057	0.99949	-0.00962	0.00028	0.00961	0.99995	0.00119	0.00018	0.00070	1	100.00
land_during_flip_rotation	209	19.9618	659.7056	17.0121	33.9218	1106.1517	8.3721	0.03057	0.99949	-0.00961	0.00028	0.00960	0.99995	0.00104	0.00016	0.00061	1	100.00
land_during_flip_rotation	210	20.2427	668.9280	17.0121	34.0229	1109.9983	8.3721	0.03056	0.99949	-0.00960	0.00028	0.00959	0.99995	0.00090	0.00014	0.00052	1	100.00
land_during_flip_rotation	211	20.5235	678.1799	17.0121	34.1239	1113.8055	8.3721	0.03056	0.99949	-0.00959	0.00028	0.00959	0.99995	0.00078	0.00012	0.00045	1	100.00
land_during_flip_rotation	212	20.8043	687.4617	17.0121	34.2257	1117.5826	8.3721	0.03056	0.99949	-0.00959	0.00028	0.00959	0.99995	0.00071	0.00011	0.00039	1	100.00
land_during_flip_rotation	213	21.0852	696.7731	17.0121	34.3273	1121.3302	8.3721	0.03056	0.99949	-0.00959	0.00028	0.00959	0.99995	0.00067	0.00010	0.00033	1	100.00
land_during_flip_rotation	214	21.3760	706.1144	17.0121	34.4287	1125.0480	8.3721	0.03056	0.99949	-0.00959	0.00028	0.00959	0.99995	0.00064	0.00009	0.00028	1	100.00
land_during_flip_rotation	215	21.6668	715.4853	17.0121	34.5300	1128.7261	8.3721	0.03056	0.99949	-0.00959	0.00028	0.00959	0.99995	0.00062	0.00009	0.00024	1	100.00
land_during_flip_rotation	216	21.9578	724.8959	17.0121	34.6394	1132.3745	8.3721	0.03056	0.99949	-0.00959	0.00028	0.00959	0.99995	0.00061	0.00009	0.00020	1	100.00
land_during_flip_rotation	217	22.2486	734.3364	17.0121	34.7405	1135.9932	8.3721	0.03056	0.99949	-0.00959	0.00028	0.00959	0.99995	0.00060	0.00009	0.00017	1	100.00
land_during_flip_rotation	218	22.5395	743.8066	17.0121	34.8496	1139.5820	8.3721	0.03056	0.99949	-0.00959	0.00028	0.00959	0.99995	0.00060	0.00009	0.00015	1	100.00
land_during_flip_rotation	219	22.8303	753.3065	17.0121	34.9503	1143.1411	8.3721	0.03056	0.99949	-0.00959	0.00028	0.00959	0.99995	0.00059	0.00009	0.00012	1	100.00
dodge_forward	0	0.0000	7.5000	19.4641	-0.0005	905.6200	295.6944	-0.00000	1.00000	0.00000	0.00000	0.00000	1.00000	0.00000	0.00000	0.00000	1	100.00
dodge_forward	1	0.0000	15.0468	21.9577	-0.0005	911.1920	299.7188	-0.00000	1.00000	0.00000	0.00000	0.00000	1.00000	0.00000	0.00000	0.00000	1	100.00
dodge_forward	2	0.0000	22.6433	24.4912	-0.0005	916.7143	303.7388	-0.00000	1.00000	0.00000	0.00000	0.00000	1.00000	0.00000	0.00000	0.00000	1	100.00
dodge_forward	3	0.0000	30.2793	27.0547	-0.0005	922.1870	307.7588	-0.00000	1.00000	0.00000	0.00000	0.00000	1.00000	0.00000	0.00000	0.00000	1	100.00
dodge_forward	4	0.0000	37.9648	29.6482	0.0000	922.1809	311.7788	-0.00000	1.00000	0.00000	0.00000	0.00000	1.00000	0.00000	0.00000	0.00000	0	100.00
dodge_forward	5	-0.0000	45.6495	32.3042	-0.0000	922.7365	318.5071	-0.00000	1.00000	0.00000	0.00000	0.00000	1.00000	0.00000	0.00000	0.00000	0	100.00
dodge_forward	6	-0.0000	53.3441	35.0103	-0.0000	923.2864	325.2371	-0.00000	1.00000	0.00000	0.00000	0.00000	1.00000	0.00000	0.00000	0.00000	0	100.00
dodge_forward	7	-0.0000	61.0386	37.6751	-0.0000	923.8364	319.8143	-0.00000	1.00000	0.00000	0.00000	0.00000	1.00000	0.00000	0.00000	0.00000	0	100.00
dodge_forward	8	-0.0000	68.7432	40.3000	-0.0000	924.3864	314.3943	-0.00000	1.00000	0.00000	0.00000	0.00000	1.00000	0.00000	0.00000	0.00000	0	100.00
dodge_forward	9	-0.0000	76.4478	42.8748	-0.0000	924.9365	308.9743	-0.00000	1.00000	0.00000	0.00000	0.00000	1.00000	0.00000	0.00000	0.00000	0	100.00
dodge_forward	10	-0.0000	84.1624	45.3996	-0.0000	925.4865	303.5544	-0.00000	1.00000	0.00000	0.00000	0.00000	1.00000	0.00000	0.00000	0.00000	0	100.00
dodge_forward	11	-0.0000	91.8770	47.8845	-0.0000	926.0364	298.1343	-0.00000	1.00000	0.00000	0.00000	0.00000	1.00000	0.00000	0.00000	0.00000	0	100.00
dodge_forward	12	-0.0000	103.7682	50.3193	-0.0019	1426.5864	292.7144	-0.00000	1.00000	-0.00087	-0.00000	0.00087	1.00000	-0.10386	-0.00000	0.00000	0	100.00
dodge_forward	13	-0.0000	115.6628	52.7141	-0.0000	1427.1365	287.2939	-0.00000	1.00000	-0.00189	-0.00000	0.00189	1.00000	-0.12334	-0.00000	-0.00000	0	100.00
dodge_forward	14	-0.0000	127.5574	55.0589	-0.0000	1427.6865	281.8733	-0.00000	1.00000	-0.00308	-0.00000	0.00308	1.00000	-0.14281	-0.00000	0.00000	0	100.00
dodge_forward	15	-0.0000	139.4620	57.3638	-0.0000	1428.2363	276.4526	-0.00000	0.99999	-0.00444	-0.00000	0.00444	0.99999	-0.16229	-0.00000	0.00000	0	100.00
dodge_forward	16	-0.0000	151.3666	59.6186	-0.0000	1428.7865	271.0319	-0.00000	0.99998	-0.00595	-0.00000	0.00595	0.99998	-0.18177	-0.00000	0.00000	0	100.00
dodge_forward	17	-0.0000	163.2811	61.8334	-0.0000	1429.3363	265.6110	-0.00000	0.99997	-0.00763	-0.00000	0.00763	0.99997	-0.20124	-0.00000	0.00000	0	100.00
dodge_forward	18	-0.0000	175.1957	63.9983	-0.0000	1429.8865	260.1901	-0.00000	0.99996	-0.00947	-0.00000	0.00947	0.99996	-0.22072	-0.00000	0.00000	0	100.00
dodge_forward	19	-0.0000	187.1203	66.1231	-0.0000	1430.4364	254.7691	-0.00000	0.99993	-0.01147	-0.00000	0.01147	0.99993	-0.24019	-0.00000	0.00000	0	100.00
dodge_forward	20	-0.0000	199.0449	68.1978	-0.0000	1430.9865	249.3380	-0.00000	0.99991	-0.01363	-0.00000	0.01363	0.99991	-0.25967	-0.00000	0.00000	0	100.00
dodge_forward	21	-0.0000	210.9695	70.2326	-0.0000	1431.5365	243.9068	-0.00000	0.99987	-0.01596	-0.00000	0.01596	0.99987	-0.27915	-0.00000	0.00000	0	100.00
dodge_forward	22	-0.0000	222.9041	72.2173	-0.0000	1432.0864	238.4755	-0.00000	0.99983	-0.01845	-0.00000	0.01845	0.99983	-0.29862	-0.00000	0.00000	0	100.00
dodge_forward	23	-0.0000	234.8386	74.1620	-0.0000	1432.6364	233.0441	-0.00000	0.99978	-0.02110	-0.00000	0.02110	0.99978	-0.31810	-0.00000	0.00000	0	100.00
dodge_forward	24	-0.0000	246.7832	76.0568	-0.0000	1433.1863	227.6126	-0.00000	0.99971	-0.02391	-0.00000	0.02391	0.99971	-0.33757	-0.00000	0.00000	0	100.00
dodge_forward	25	-0.0000	258.7278	77.9115	-0.0000	1433.7363	222.1810	-0.00000	0.99964	-0.02688	-0.00000	0.02688	0.99964	-0.35705	-0.00000	0.00000	0	100.00
dodge_forward	26	-0.0000	270.6824	79.7162	-0.0000	1434.2863	216.7494	-0.00000	0.99955	-0.03002	-0.00000	0.03002	0.99955	-0.37653	-0.00000	0.00000	0	100.00
dodge_forward	27	-0.0000	282.6370	81.4809	-0.0000	1434.8362	211.3076	-0.00000	0.99944	-0.03332	-0.00000	0.03332	0.99944	-0.39600	-0.00000	0.00000	0	100.00
dodge_forward	28	-0.0000	294.6016	83.1955	-0.0000	1435.3861	205.8658	-0.00000	0.99932	-0.03678	-0.00000	0.03678	0.99932	-0.41548	-0.00000	0.00000	0	100.00
dodge_forward	29	-0.0000	306.5661	84.2698	-0.0000	1435.9360	128.3725	-0.00000	0.99918	-0.04040	-0.00000	0.04040	0.99918	-0.43495	-0.00000	0.00000	0	100.00
dodge_forward	30	-0.0000	318.5407	84.9200	-0.0000	1436.4861	78.0020	-0.00000	0.99902	-0.04418	-0.00000	0.04418	0.99902	-0.45443	-0.00000	0.00000	0	100.00
dodge_forward	31	-0.0000	330.5153	85.2972	-0.0000	1437.0359	45.2594	-0.00000	0.99884	-0.04813	-0.00000	0.04813	0.99884	-0.47391	-0.00000	0.00000	0	100.00
dodge_forward	32	-0.0000	342.4999	85.4997	-0.0000	1437.5858	23.9697	-0.00000	0.99863	-0.05224	-0.00000	0.05224	0.99863	-0.49338	-0.00000	0.00000	0	100.00
dodge_forward	33	-0.0000	354.4845	85.5844	-0.0000	1438.1356	10.1290	-0.00000	0.99840	-0.05650	-0.00000	0.05650	0.99840	-0.51286	-0.00000	0.00000	0	100.00
dodge_forward	34	-0.0000	366.4691	85.5894	-0.0000	1438.6855	1.1306	-0.00000	0.99814	-0.06093	-0.00000	0.06093	0.99814	-0.53233	-0.00000	0.00000	0	100.00
dodge_forward	35	-0.0000	378.4636	85.5507	-0.0000	1439.2354	-4.7154	-0.00000	0.99785	-0.06552	-0.00000	0.06552	0.99785	-0.55181	-0.00000	0.00000	0	100.00
dodge_forward	36	-0.0000	390.4582	85.4790	-0.0000	1439.7853	-8.5152	-0.00000	0.99753	-0.07027	-0.00000	0.07027	0.99753	-0.57129	-0.00000	0.00000	0	100.00
dodge_forward	37	-0.0000	402.4628	85.3884	-0.0000	1440.3350	-10.9879	-0.00000	0.99717	-0.07518	-0.00000	0.07518	0.99717	-0.59076	-0.00000	0.00000	0	100.00
dodge_forward	38	-0.0000	414.4674	85.2850	-0.0000	1440.8849	-12.5961	-0.00000	0.99677	-0.08025	-0.00000	0.08025	0.99677	-0.61024	-0.00000	0.00000	0	100.00
dodge_forward	39	-0.0000	426.4820	85.1763	-0.0000	1441.4348	-13.6454	-0.00000	0.99634	-0.08548	-0.00000	0.08548	0.99634	-0.62971	-0.00000	0.00000	0	100.00
dodge_forward	40	-0.0000	438.4966	85.0606	-0.0000	1441.9844	-14.3308	-0.00000	0.99586	-0.09087	-0.00000	0.09087	0.99586	-0.64919	-0.00000	0.00000	0	100.00
dodge_forward	41	-0.0000	450.5211	84.9368	-0.0000	1442.5342	-14.7823	-0.00000	0.99534	-0.09642	-0.00000	0.09642	0.99534	-0.66867	-0.00000	0.00000	0	100.00
dodge_forward	42	-0.0000	462.5457	84.8144	-0.0000	1443.0837	-15.0779	-0.00000	0.99477	-0.10212	-0.00000	0.10212	0.99477	-0.68814	-0.00000	0.00000	0	100.00
dodge_forward	43	-0.0000	474.5802	84.6828	-0.0000	1443.6335	-15.2696	-0.00000	0.99415	-0.10799	-0.00000	0.10799	0.99415	-0.70762	-0.00000	0.00000	0	100.00
dodge_forward	44	-0.0000	486.6148	84.5517	-0.0000	1444.1832	-15.3963	-0.00000	0.99348	-0.11401	-0.00000	0.11401	0.99348	-0.72709	-0.00000	0.00000	0	100.00
dodge_forward	45	-0.0000	498.6494	84.4210	-0.0000	1444.7328	-15.4842	-0.00000	0.99275	-0.12019	-0.00000	0.12019	0.99275	-0.74657	-0.00000	0.00000	0	100.00
dodge_forward	46	-0.0000	510.6940	84.2904	-0.0000	1445.2825	-15.5461	-0.00000	0.99196	-0.12652	-0.00000	0.12652	0.99196	-0.76605	-0.00000	0.00000	0	100.00
dodge_forward	47	-0.0000	522.7385	84.1601	-0.0000	1445.8319	-15.5886	-0.00000	0.99111	-0.13301	-0.00000	0.13301	0.99111	-0.78552	-0.00000	0.00000	0	100.00
dodge_forward	48	-0.0000	534.7932	84.0298	-0.0000	1446.3816	-15.6182	-0.00000	0.99020	-0.13966	0.00000	0.13966	0.99020	-0.80500	-0.00000	0.00000	0	100.00
dodge_forward	49	-0.0000	546.8477	83.8997	-0.0000	1446.9310	-15.6414	-0.00000	0.98922	-0.14646	-0.00000	0.14646	0.98922	-0.82447	-0.00000	0.00000	0	100.00
dodge_forward	50	-0.0000	558.9124	83.7695	-0.0000	1447.4805	-15.6647	-0.00000	0.98816	-0.15341	-0.00000	0.15341	0.98816	-0.84395	-0.00000	0.00000	0	100.00
dodge_forward	51	-0.0000	570.9769	83.6393	-0.0000	1448.0299	-15.6815	-0.00000	0.98703	-0.16052	0.00000	0.16052	0.98703	-0.86343	-0.00000	0.00000	0	100.00
dodge_forward	52	-0.0000	583.0514	83.5092	-0.0000	1448.5693	-15.6985	-0.00000	0.98583	-0.16778	0.00000	0.16778	0.98583	-0.88290	-0.00000	0.00000	0	100.00
dodge_forward	53	-0.0000	595.1259	83.3791	-0.0000	1449.1086	-15.7090	-0.00000	0.98454	-0.17518	-0.00000	0.17518	0.98454	-0.90238	-0.00000	0.00000	0	100.00
dodge_forward	54	-0.0000	607.2104	83.2490	-0.0000	1449.6478	-15.7196	-0.00000	0.98316	-0.18274	-0.00000	0.18274	0.98316	-0.92185	-0.00000	0.00000	0	100.00
dodge_forward	55	-0.0000	619.2949	83.1189	-0.0000	1450.1871	-15.7303	-0.00000	0.98170	-0.19045	-0.00000	0.19045	0.98170	-0.94133	-0.00000	0.00000	0	100.00
dodge_forward	56	-0.0000	631.3794	82.9888	-0.0000	1450.7263	-15.7476	-0.00000	0.98014	-0.19830	-0.00000	0.19830	0.98014	-0.96081	-0.00000	0.00000	0	100.00
dodge_forward	57	-0.0000	643.4739	82.8587	-0.0000	1451.2654	-15.7585	-0.00000	0.97849	-0.20630	-0.00000	0.20630	0.97849	-0.98028	-0.00000	0.00000	0	100.00
dodge_forward	58	-0.0000	655.5683	82.7286	-0.0000	1451.8046	-15.7694	-0.00000	0.97674	-0.21445	-0.00000	0.21445	0.97674	-0.99976	-0.00000	0.00000	0	100.00
dodge_forward	59	-0.0000	667.6729	82.5985	-0.0000	1452.3435	-15.7805	-0.00000	0.97488	-0.22274	-0.00000	0.22274	0.97488	-1.01923	-0.00000	0.00000	0	100.00
dodge_forward	60	-0.0000	679.7773	82.4683	-0.0000	1452.8824	-15.7981	-0.00000	0.97291	-0.23117	-0.00000	0.23117	0.97291	-1.03871	-0.00000	0.00000	0	100.00
dodge_forward	61	-0.0000	691.8918	82.3383	-0.0000	1453.4215	-15.8092	-0.00000	0.97084	-0.23974	-0.00000	0.23974	0.97084	-1.05819	-0.00000	0.00000	0	100.00
dodge_forward	62	-0.0000	704.0063	82.2082	-0.0000	1453.9602	-15.8205	-0.00000	0.96865	-0.24844	-0.00000	0.24844	0.96865	-1.07766	-0.00000	0.00000	0	100.00
dodge_forward	63	-0.0000	716.1309	82.0780	-0.0000	1454.4990	-15.8383	-0.00000	0.96633	-0.25729	-0.00000	0.25729	0.96633	-1.09714	-0.00000	0.00000	0	100.00
dodge_forward	64	-0.0000	728.2552	81.9479	-0.0000	1455.0278	-15.8498	-0.00000	0.96390	-0.26627	0.00000	0.26627	0.96390	-1.11661	-0.00000	0.00000	0	100.00
dodge_forward	65	-0.0000	740.3896	81.8178	-0.0000	1455.5565	-15.8612	-0.00000	0.96133	-0.27538	0.00000	0.27538	0.96133	-1.13609	-0.00000	0.00000	0	100.00
dodge_forward	66	-0.0000	752.5240	81.6877	-0.0000	1456.0850	-15.8793	-0.00000	0.95864	-0.28463	0.00000	0.28463	0.95864	-1.15557	-0.00000	0.00000	0	100.00
dodge_forward	67	-0.0000	764.6584	81.5576	-0.0000	1456.6134	-15.8909	-0.00000	0.95580	-0.29400	-0.00000	0.29400	0.95580	-1.17504	-0.00000	0.00000	0	100.00
dodge_forward	68	-0.0000	776.8029	81.4274	-0.0000	1457.1420	-15.9092	-0.00000	0.95283	-0.30350	-0.00000	0.30350	0.95283	-1.19452	-0.00000	0.00000	0	100.00
dodge_forward	69	-0.0000	788.9472	81.2973	-0.0000	1457.6703	-15.9209	-0.00000	0.94971	-0.31313	-0.00000	0.31313	0.94971	-1.21399	-0.00000	0.00000	0	100.00
dodge_forward	70	-0.0000	801.1017	81.1672	-0.0000	1458.1985	-15.9393	-0.00000	0.94644	-0.32287	-0.00000	0.32287	0.94644	-1.23347	-0.00000	0.00000	0	100.00
dodge_forward	71	-0.0000	813.2560	81.0371	-0.0000	1458.7167	-15.9512	-0.00000	0.94302	-0.33273	-0.00000	0.33273	0.94302	-1.25295	-0.00000	0.00000	0	100.00
dodge_forward	72	-0.0000	825.4203	80.9069	-0.0000	1459.2347	-15.9697	-0.00000	0.93944	-0.34272	0.00000	0.34272	0.93944	-1.27242	-0.00000	0.00000	0	100.00
dodge_forward	73	-0.0000	837.5846	80.7768	-0.0000	1459.7528	-15.9817	-0.00000	0.93570	-0.35281	0.00000	0.35281	0.93570	-1.29190	-0.00000	0.00000	0	100.00
dodge_forward	74	-0.0000	849.7489	80.6467	-0.0000	1460.2708	-16.0003	-0.00000	0.93178	-0.36301	-0.00000	0.36301	0.93178	-1.31137	-0.00000	0.00000	0	100.00
dodge_forward	75	-0.0000	861.9232	80.5165	-0.0000	1460.7886	-16.0190	-0.00000	0.92770	-0.37332	0.00000	0.37332	0.92770	-1.33085	-0.00000	0.00000	0	100.00
dodge_forward	76	-0.0000	874.0974	80.3864	-0.0000	1461.2961	-16.0312	-0.00000	0.92344	-0.38374	0.00000	0.38374	0.92344	-1.35033	-0.00000	0.00000	0	100.00
dodge_forward	77	-0.0000	886.2816	80.2562	-0.0000	1461.8038	-16.0500	-0.00000	0.91900	-0.39426	0.00000	0.39426	0.91900	-1.36980	-0.00000	0.00000	0	100.00
dodge_forward	78	-0.0000	898.4659	80.1261	-0.0000	1462.3114	-16.0688	-0.00000	0.91437	-0.40487	0.00000	0.40487	0.91437	-1.38928	-0.00000	0.00000	0	100.00
dodge_forward	79	-0.0000	910.6601	79.9960	-0.0000	1462.8188	-16.0812	-0.00000	0.90956	-0.41557	0.00000	0.41557	0.90956	-1.40875	-0.00000	0.00000	0	100.00
dodge_forward	80	-0.0000	922.8543	79.8658	-0.0000	1463.3163	-16.1002	-0.00000	0.90455	-0.42637	0.00000	0.42637	0.90455	-1.42823	-0.00000	0.00000	0	100.00
dodge_forward	81	-0.0000	935.0484	79.7357	-0.0000	1463.8134	-16.1192	-0.00000	0.89934	-0.43725	0.00000	0.43725	0.89934	-1.44771	-0.00000	0.00000	0	100.00
dodge_forward	82	-0.0000	947.2526	79.6056	-0.0000	1464.3105	-16.1317	-0.00000	0.89393	-0.44821	0.00000	0.44821	0.89393	-1.46718	-0.00000	0.00000	0	100.00
dodge_forward	83	-0.0000	959.4567	79.4754	-0.0000	1464.8074	-16.1508	-0.00000	0.88830	-0.45925	-0.00000	0.45925	0.88830	-1.48666	-0.00000	0.00000	0	100.00
dodge_forward	84	-0.0000	971.6707	79.3453	-0.0000	1465.2943	-16.1700	-0.00000	0.88247	-0.47037	-0.00000	0.47037	0.88247	-1.50613	-0.00000	0.00000	0	100.00
dodge_forward	85	-0.0000	983.8848	79.2151	-0.0000	1465.7811	-16.1826	-0.00000	0.87642	-0.48155	-0.00000	0.48155	0.87642	-1.52561	-0.00000	0.00000	0	100.00
dodge_forward	86	-0.0000	996.0988	79.0850	-0.0000	1466.2678	-16.2018	-0.00000	0.87015	-0.49279	-0.00000	0.49279	0.87015	-1.54509	-0.00000	0.00000	0	100.00
dodge_forward	87	-0.0000	1008.3228	78.9448	-0.0000	1466.7444	-16.2211	-0.00000	0.86365	-0.50410	-0.00000	0.50410	0.86365	-1.56456	-0.00000	0.00000	0	100.00
dodge_forward	88	-0.0000	1020.5468	78.8047	-0.0000	1467.2207	-16.2404	-0.00000	0.85692	-0.51545	-0.00000	0.51545	0.85692	-1.58404	-0.00000	0.00000	0	100.00
dodge_forward	89	-0.0000	1032.7808	78.6645	-0.0000	1467.6969	-16.2597	-0.00000	0.84995	-0.52686	-0.00000	0.52686	0.84995	-1.60351	-0.00000	0.00000	0	100.00
dodge_forward	90	-0.0000	1045.0146	78.4770	-0.0000	1468.1630	-21.9604	-0.00000	0.84275	-0.53830	-0.00000	0.53830	0.84275	-1.62299	-0.00000	0.00000	0	100.00
dodge_forward	91	-0.0000	1057.2485	78.2494	-0.0000	1468.6290	-27.6767	-0.00000	0.83557	-0.54938	-0.00000	0.54938	0.83557	-1.58409	-0.00000	0.00000	0	100.00
dodge_forward	92	-0.0000	1069.4924	77.9717	-0.0000	1469.0852	-33.3929	-0.00000	0.82842	-0.56010	-0.00000	0.56010	0.82842	-1.54612	-0.00000	0.00000	0	100.00
dodge_forward	93	-0.0000	1081.7361	77.6440	-0.0000	1469.5411	-39.1188	-0.00000	0.82132	-0.57047	-0.00000	0.57047	0.82132	-1.50906	-0.00000	0.00000	0	100.00
dodge_forward	94	-0.0000	1093.9900	77.2663	-0.0000	1469.9972	-44.8446	-0.00000	0.81425	-0.58051	-0.00000	0.58051	0.81425	-1.47289	-0.00000	0.00000	0	100.00
dodge_forward	95	-0.0000	1106.2437	76.8485	-0.0000	1470.4432	-50.5802	-0.00000	0.80724	-0.59022	-0.00000	0.59022	0.80724	-1.43759	-0.00000	0.00000	0	100.00
dodge_forward	96	-0.0000	1118.4973	76.3806	-0.0000	1470.8894	-56.3256	-0.00000	0.80028	-0.59962	-0.00000	0.59962	0.80028	-1.40313	-0.00000	0.00000	0	100.00
dodge_forward	97	-0.0000	1130.7610	75.8627	-0.0000	1471.3256	-62.0708	-0.00000	0.79339	-0.60872	-0.00000	0.60872	0.79339	-1.36950	-0.00000	0.00000	0	100.00
dodge_forward	98	-0.0000	1143.0248	75.2948	-0.0000	1471.7617	-67.8258	-0.00000	0.78656	-0.61752	-0.00000	0.61752	0.78656	-1.33667	-0.00000	0.00000	0	100.00
dodge_forward	99	-0.0000	1155.2883	74.6768	-0.0000	1472.1979	-73.5807	-0.00000	0.77980	-0.62603	-0.00000	0.62603	0.77980	-1.30463	-0.00000	0.00000	0	100.00
dodge_forward	100	-0.0000	1167.5619	74.0188	-0.0000	1472.6241	-79.3455	-0.00000	0.77311	-0.63427	-0.00000	0.63427	0.77311	-1.27336	-0.00000	0.00000	0	100.00
dodge_forward	101	-0.0000	1179.8354	73.3107	-0.0000	1473.0505	-85.1100	-0.00000	0.76650	-0.64224	-0.00000	0.64224	0.76650	-1.24284	-0.00000	0.00000	0	100.00
dodge_forward	102	-0.0000	1192.1189	72.5526	-0.0000	1473.4767	-90.8845	-0.00001	0.75997	-0.64996	-0.00000	0.64996	0.75997	-1.21305	-0.00000	0.00000	0	100.00
dodge_forward	103	-0.0000	1204.4025	71.7445	-0.0000	1473.8931	-96.6588	-0.00001	0.75352	-0.65743	-0.00000	0.65743	0.75352	-1.18398	-0.00000	0.00000	0	100.00
dodge_forward	104	-0.0000	1216.6859	70.8864	-0.0000	1474.3097	-102.4329	-0.00000	0.74715	-0.66465	-0.00000	0.66465	0.74715	-1.15560	-0.00000	0.00000	0	100.00
dodge_forward	105	-0.0000	1228.9792	69.9882	-0.0000	1474.7159	-108.2169	-0.00001	0.74087	-0.67164	-0.00000	0.67164	0.74087	-1.12790	-0.00000	0.00000	0	100.00
dodge_forward	106	-0.0000	1241.2726	69.0400	-0.0000	1475.1226	-114.0008	-0.00001	0.73468	-0.67841	-0.00000	0.67841	0.73468	-1.10087	-0.00000	0.00000	0	100.00
dodge_forward	107	-0.0000	1253.5660	68.0417	-0.0000	1475.5291	-119.7946	-0.00001	0.72858	-0.68496	-0.00000	0.68496	0.72858	-1.07448	-0.00000	0.00000	0	100.00
dodge_forward	108	-0.0000	1265.8693	66.9934	-0.0000	1475.9258	-125.5882	-0.00000	0.72256	-0.69130	-0.00000	0.69130	0.72256	-1.04873	-0.00000	0.00000	0	100.00
dodge_forward	109	-0.0000	1278.1727	65.8951	-0.0000	1476.3223	-131.3817	-0.00000	0.71664	-0.69744	-0.00000	0.69744	0.71664	-1.02359	-0.00000	0.00000	0	100.00
dodge_forward	110	-0.0000	1290.4761	64.7568	-0.0000	1476.7191	-137.1851	-0.00000	0.71081	-0.70339	-0.00000	0.70339	0.71081	-0.99905	-0.00000	0.00000	0	100.00
dodge_forward	111	-0.0000	1302.7891	63.5684	-0.0000	1477.1058	-142.9884	-0.00000	0.70507	-0.70914	-0.00000	0.70914	0.70507	-0.97511	-0.00000	0.00000	0	100.00
dodge_forward	112	-0.0000	1315.1024	62.3301	-0.0000	1477.4927	-148.7916	-0.00001	0.69942	-0.71471	-0.00000	0.71471	0.69942	-0.95174	-0.00000	0.00000	0	100.00
dodge_forward	113	-0.0000	1327.4155	61.0416	-0.0000	1477.8794	-154.6047	-0.00000	0.69387	-0.72010	-0.00000	0.72010	0.69387	-0.92892	-0.00000	0.00000	0	100.00
dodge_forward	114	-0.0000	1339.7389	59.7032	-0.0000	1478.2565	-160.4177	-0.00001	0.68841	-0.72532	-0.00000	0.72532	0.68841	-0.90666	-0.00000	0.00000	0	100.00
dodge_forward	115	-0.0000	1352.0619	58.3147	-0.0000	1478.6334	-166.2306	-0.00001	0.68304	-0.73038	-0.00000	0.73038	0.68304	-0.88493	-0.00000	0.00000	0	100.00
dodge_forward	116	-0.0000	1364.3851	56.8762	-0.0000	1479.0104	-172.0534	-0.00001	0.67777	-0.73528	-0.00000	0.73528	0.67777	-0.86372	-0.00000	0.00000	0	100.00
dodge_forward	117	-0.0000	1376.7183	55.3977	-0.0003	1479.8447	-172.8082	-0.00001	0.67259	-0.74002	-0.00000	0.74002	0.67259	-0.77194	-0.00000	0.00001	0	100.00
dodge_forward	118	0.0000	1388.8840	54.4522	-8.1406	1460.1185	-111.3203	0.01259	0.68108	-0.73210	-0.01676	0.73220	0.68088	1.42623	-2.25149	0.58895	0	100.00
dodge_forward	119	-0.0734	1400.9475	53.7884	-10.7440	1448.6216	-79.3885	0.01514	0.69854	-0.71541	-0.02234	0.71555	0.69820	2.90337	-0.64578	0.31190	0	100.00
dodge_forward	120	-0.1594	1413.0250	53.0505	-12.1259	1449.5223	-88.7368	0.01706	0.71766	-0.69618	-0.02635	0.69636	0.71720	3.26165	-0.47623	0.20533	0	100.00
dodge_forward	121	-0.2609	1425.1027	52.2327	-12.9487	1450.4009	-98.0761	0.01849	0.73817	-0.67437	-0.02889	0.67459	0.73762	3.60056	-0.32315	0.10169	0	100.00
dodge_forward	122	-0.3678	1437.1901	51.3350	-13.2334	1451.2584	-107.4040	0.01959	0.75972	-0.64995	-0.03005	0.65023	0.75914	3.91809	-0.18674	0.00077	0	100.00
dodge_forward	123	-0.4802	1449.2871	50.3573	-13.0148	1452.0845	-116.7204	0.02052	0.78200	-0.62294	-0.02996	0.62327	0.78143	4.21248	-0.06700	-0.09774	0	100.00
dodge_forward	124	-0.5883	1461.3943	49.3098	-12.3177	1452.8876	-126.0254	0.02147	0.80465	-0.59337	-0.02874	0.59376	0.80413	4.48230	0.03632	-0.19419	0	100.00
dodge_forward	125	-0.6925	1473.5011	48.1824	-11.1753	1453.6580	-135.3090	0.02258	0.82731	-0.56130	-0.02651	0.56174	0.82689	4.72649	0.12370	-0.28900	0	100.00
dodge_forward	126	-0.7830	1485.6176	46.9752	-9.6295	1454.3951	-144.5712	0.02401	0.84964	-0.52682	-0.02341	0.52731	0.84935	4.94441	0.19585	-0.38262	0	100.00
dodge_forward	127	-0.8601	1497.7438	45.6981	-7.7111	1455.0997	-153.8220	0.02590	0.87129	-0.49008	-0.01959	0.49059	0.87117	5.13582	0.25369	-0.47555	0	100.00
dodge_forward	128	-0.9241	1509.8698	44.3412	-5.4685	1455.7616	-163.0516	0.02839	0.89196	-0.45122	-0.01517	0.45174	0.89202	5.30096	0.29832	-0.56831	0	100.00
dodge_forward	129	-0.9654	1522.0055	42.9045	-2.9205	1456.3914	-172.2600	0.03158	0.91134	-0.41044	-0.01032	0.41092	0.91161	5.44052	0.33103	-0.66146	0	100.00
dodge_forward	130	-0.9942	1534.1508	41.3879	-0.1128	1456.9792	-181.4474	0.03559	0.92917	-0.36794	-0.00517	0.36834	0.92968	5.55564	0.35325	-0.75559	0	100.00
dodge_forward	131	-0.9908	1546.2958	39.8016	2.9318	1457.3716	-190.6038	0.04037	0.94490	-0.32487	0.00003	0.32513	0.94567	5.52946	0.35913	-0.83541	0	100.00
dodge_forward	132	-0.9654	1558.4492	38.1355	6.1883	1457.7482	-199.7398	0.04599	0.95849	-0.28139	0.00518	0.28145	0.95956	5.49744	0.35856	-0.91773	0	100.00
dodge_forward	133	-0.9183	1570.6022	36.3996	9.6230	1458.0908	-208.8457	0.05249	0.96994	-0.23760	0.01018	0.23740	0.97136	5.46640	0.35383	-1.00389	0	100.00
dodge_forward	134	-0.8396	1582.7551	34.5839	13.2463	1458.4073	-217.9313	0.05993	0.97925	-0.19361	0.01495	0.19305	0.98107	5.43610	0.34647	-1.09477	0	100.00
dodge_forward	135	-0.7294	1594.9178	32.6884	17.0076	1458.6816	-226.9969	0.06831	0.98640	-0.14950	0.01919	0.14853	0.98872	5.40468	0.31344	-1.18489	0	100.00
dodge_forward	136	-0.5880	1607.0803	30.7231	20.9309	1458.9178	-236.0324	0.07768	0.99140	-0.10536	0.02292	0.10387	0.99433	5.37784	0.29109	-1.28356	0	100.00
dodge_forward	137	-0.4152	1619.2421	28.6779	25.0467	1459.0957	-245.0479	0.08803	0.99423	-0.06129	0.02615	0.05920	0.99790	5.34968	0.27777	-1.38899	0	100.00
dodge_forward	138	-0.2109	1631.4037	26.5631	43.8180	1457.7635	-219.3062	0.09938	0.99490	-0.01741	0.02886	0.01461	0.99948	4.41368	0.20411	-1.22458	1	100.00
dodge_forward	139	0.1551	1643.5480	24.6648	61.3074	1455.8436	-192.5615	0.10953	0.99380	0.01899	0.03052	-0.02246	0.99928	3.52789	0.13836	-1.08396	1	100.00
dodge_backward	0	0.0000	7.5000	19.4641	-0.0005	905.6200	295.6944	-0.00000	1.00000	0.00000	0.00000	0.00000	1.00000	0.00000	0.00000	0.00000	1	100.00
dodge_backward	1	0.0000	15.0468	21.9577	-0.0005	911.1920	299.7188	-0.00000	1.00000	0.00000	0.00000	0.00000	1.00000	0.00000	0.00000	0.00000	1	100.00
dodge_backward	2	0.0000	22.6433	24.4912	-0.0005	916.7143	303.7388	-0.00000	1.00000	0.00000	0.00000	0.00000	1.00000	0.00000	0.00000	0.00000	1	100.00
dodge_backward	3	0.0000	30.2793	27.0547	-0.0005	922.1870	307.7588	-0.00000	1.00000	0.00000	0.00000	0.00000	1.00000	0.00000	0.00000	0.00000	1	100.00
dodge_backward	4	0.0000	37.9648	29.6482	0.0000	922.1809	311.7788	-0.00000	1.00000	0.00000	0.00000	0.00000	1.00000	0.00000	0.00000	0.00000	0	100.00
dodge_backward	5	-0.0000	45.6495	32.3042	-0.0000	922.7365	318.5071	-0.00000	1.00000	0.00000	0.00000	0.00000	1.00000	0.00000	0.00000	0.00000	0	100.00
dodge_backward	6	-0.0000	53.3441	35.0103	-0.0000	923.2864	325.2371	-0.00000	1.00000	0.00000	0.00000	0.00000	1.00000	0.00000	0.00000	0.00000	0	100.00
dodge_backward	7	-0.0000	61.0386	37.6751	-0.0000	923.8364	319.8143	-0.00000	1.00000	0.00000	0.00000	0.00000	1.00000	0.00000	0.00000	0.00000	0	100.00
dodge_backward	8	-0.0000	68.7432	40.3000	-0.0000	924.3864	314.3943	-0.00000	1.00000	0.00000	0.00000	0.00000	1.00000	0.00000	0.00000	0.00000	0	100.00
dodge_backward	9	-0.0000	76.4478	42.8748	-0.0000	924.9365	308.9743	-0.00000	1.00000	0.00000	0.00000	0.00000	1.00000	0.00000	0.00000	0.00000	0	100.00
dodge_backward	10	-0.0000	84.1624	45.3996	-0.0000	925.4865	303.5544	-0.00000	1.00000	0.00000	0.00000	0.00000	1.00000	0.00000	0.00000	0.00000	0	100.00
dodge_backward	11	-0.0000	91.8770	47.8845	-0.0000	926.0364	298.1343	-0.00000	1.00000	0.00000	0.00000	0.00000	1.00000	0.00000	0.00000	0.00000	0	100.00
dodge_backward	12	0.0000	92.4730	50.3193	0.0033	71.1554	292.7144	-0.00000	1.00000	0.00087	0.00000	-0.00087	1.00000	0.10386	0.00000	0.00000	0	100.00
dodge_backward	13	-0.0000	93.0676	52.7141	-0.0000	71.7066	287.2948	-0.00000	1.00000	0.00189	0.00000	-0.00189	1.00000	0.12334	0.00000	-0.00000	0	100.00
dodge_backward	14	-0.0000	93.6721	55.0590	-0.0000	72.2566	281.8754	-0.00000	1.00000	0.00308	0.00000	-0.00308	1.00000	0.14281	0.00000	0.00000	0	100.00
dodge_backward	15	-0.0000	94.2767	57.3638	-0.0000	72.8065	276.4560	-0.00000	0.99999	0.00444	0.00000	-0.00444	0.99999	0.16229	0.00000	0.00000	0	100.00
dodge_backward	16	-0.0000	94.8913	59.6186	-0.0000	73.3565	271.0368	-0.00000	0.99998	0.00595	0.00000	-0.00595	0.99998	0.18177	0.00000	0.00000	0	100.00
dodge_backward	17	-0.0000	95.5059	61.8335	-0.0000	73.9065	265.6176	-0.00000	0.99997	0.00763	0.00000	-0.00763	0.99997	0.20124	0.00000	0.00000	0	100.00
dodge_backward	18	-0.0000	96.1305	63.9983	-0.0000	74.4565	260.1985	-0.00000	0.99996	0.00947	0.00000	-0.00947	0.99996	0.22072	0.00000	0.00000	0	100.00
dodge_backward	19	-0.0000	96.7551	66.1232	-0.0000	75.0065	254.7796	-0.00000	0.99993	0.01147	0.00000	-0.01147	0.99993	0.24019	0.00000	0.00000	0	100.00
dodge_backward	20	-0.0000	97.3896	68.1980	-0.0000	75.5565	249.3607	-0.00000	0.99991	0.01363	0.00000	-0.01363	0.99991	0.25967	0.00000	0.00000	0	100.00
dodge_backward	21	-0.0000	98.0242	70.2329	-0.0000	76.1065	243.9519	-0.00000	0.99987	0.01596	0.00000	-0.01596	0.99987	0.27915	0.00000	0.00000	0	100.00
dodge_backward	22	-0.0000	98.6588	72.2179	-0.0000	76.6565	238.5432	-0.00000	0.99983	0.01845	0.00000	-0.01845	0.99983	0.29862	0.00000	0.00000	0	100.00
dodge_backward	23	-0.0000	99.3034	74.1628	-0.0000	77.2065	233.1346	-0.00000	0.99978	0.02110	0.00000	-0.02110	0.99978	0.31810	0.00000	0.00000	0	100.00
dodge_backward	24	-0.0000	99.9480	76.0577	-0.0000	77.7564	227.7261	-0.00000	0.99971	0.02391	0.00000	-0.02391	0.99971	0.33757	0.00000	0.00000	0	100.00
dodge_backward	25	-0.0000	100.6026	77.9126	-0.0000	78.3064	222.3176	-0.00000	0.99964	0.02688	0.00000	-0.02688	0.99964	0.35705	0.00000	0.00000	0	100.00
dodge_backward	26	-0.0000	101.2571	79.7176	-0.0000	78.8563	216.9093	-0.00000	0.99955	0.03002	0.00000	-0.03002	0.99955	0.37653	0.00000	0.00000	0	100.00
dodge_backward	27	-0.0000	101.9217	81.4825	-0.0000	79.4063	211.5010	-0.00000	0.99944	0.03332	0.00000	-0.03332	0.99944	0.39600	0.00000	0.00000	0	100.00
dodge_backward	28	-0.0000	102.5863	83.1975	-0.0000	79.9562	206.1028	-0.00000	0.99932	0.03678	0.00000	-0.03678	0.99932	0.41548	0.00000	0.00000	0	100.00
dodge_backward	29	-0.0000	103.2609	84.2714	-0.0000	80.5062	128.5694	-0.00000	0.99918	0.04040	0.00000	-0.04040	0.99918	0.43495	0.00000	0.00000	0	100.00
dodge_backward	30	-0.0000	103.9355	84.9214	-0.0000	81.0561	78.1704	-0.00000	0.99902	0.04418	0.00000	-0.04418	0.99902	0.45443	0.00000	0.00000	0	100.00
dodge_backward	31	-0.0000	104.6200	85.2985	-0.0000	81.6060	45.4190	-0.00000	0.99884	0.04813	0.00000	-0.04813	0.99884	0.47391	0.00000	0.00000	0	100.00
dodge_backward	32	-0.0000	105.3046	85.5011	-0.0000	82.1559	24.1272	-0.00000	0.99863	0.05224	0.00000	-0.05224	0.99863	0.49338	0.00000	0.00000	0	100.00
dodge_backward	33	-0.0000	105.9892	85.5858	-0.0000	82.7058	10.2910	-0.00000	0.99840	0.05650	0.00000	-0.05650	0.99840	0.51286	0.00000	0.00000	0	100.00
dodge_backward	34	-0.0000	106.6838	85.6009	-0.0000	83.2557	1.3039	-0.00000	0.99814	0.06093	0.00000	-0.06093	0.99814	0.53233	0.00000	0.00000	0	100.00
dodge_backward	35	-0.0000	107.3784	85.5622	-0.0000	83.8055	-4.5372	-0.00000	0.99785	0.06552	0.00000	-0.06552	0.99785	0.55181	0.00000	0.00000	0	100.00
dodge_backward	36	-0.0000	108.0830	85.4906	-0.0000	84.3554	-8.3254	-0.00000	0.99753	0.07027	0.00000	-0.07027	0.99753	0.57129	0.00000	0.00000	0	100.00
dodge_backward	37	-0.0000	108.7875	85.4001	-0.0000	84.9052	-10.7863	-0.00000	0.99717	0.07518	0.00000	-0.07518	0.99717	0.59076	0.00000	0.00000	0	100.00
dodge_backward	38	-0.0000	109.5021	85.2968	-0.0000	85.4550	-12.3826	-0.00000	0.99677	0.08025	0.00000	-0.08025	0.99677	0.61024	0.00000	0.00000	0	100.00
dodge_backward	39	-0.0000	110.2167	85.1882	-0.0000	86.0048	-13.4197	-0.00000	0.99634	0.08548	0.00000	-0.08548	0.99634	0.62971	0.00000	0.00000	0	100.00
dodge_backward	40	-0.0000	110.9413	85.0726	-0.0000	86.5545	-14.0863	-0.00000	0.99586	0.09087	0.00000	-0.09087	0.99586	0.64919	0.00000	0.00000	0	100.00
dodge_backward	41	-0.0000	111.6659	84.9490	-0.0000	87.1042	-14.5188	-0.00000	0.99534	0.09642	0.00000	-0.09642	0.99534	0.66867	0.00000	0.00000	0	100.00
dodge_backward	42	-0.0000	112.4005	84.8267	-0.0000	87.6540	-14.7953	-0.00000	0.99477	0.10212	0.00000	-0.10212	0.99477	0.68814	0.00000	0.00000	0	100.00
dodge_backward	43	-0.0000	113.1350	84.7052	-0.0000	88.2036	-14.9741	-0.00000	0.99415	0.10799	0.00000	-0.10799	0.99415	0.70762	0.00000	0.00000	0	100.00
dodge_backward	44	-0.0000	113.8796	84.5843	-0.0000	88.7533	-15.0878	-0.00000	0.99348	0.11401	0.00000	-0.11401	0.99348	0.72709	0.00000	0.00000	0	100.00
dodge_backward	45	-0.0000	114.6242	84.4537	-0.0000	89.3029	-15.1560	-0.00000	0.99275	0.12019	0.00000	-0.12019	0.99275	0.74657	0.00000	0.00000	0	100.00
dodge_backward	46	-0.0000	115.3688	84.3233	-0.0000	89.8525	-15.1980	-0.00000	0.99196	0.12652	0.00000	-0.12652	0.99196	0.76605	0.00000	0.00000	0	100.00
dodge_backward	47	-0.0000	116.1234	84.1932	-0.0000	90.4021	-15.2205	-0.00000	0.99111	0.13301	0.00000	-0.13301	0.99111	0.78552	0.00000	0.00000	0	100.00
dodge_backward	48	-0.0000	116.8779	84.0630	-0.0000	90.9516	-15.2364	-0.00000	0.99020	0.13966	0.00000	-0.13966	0.99020	0.80500	0.00000	0.00000	0	100.00
dodge_backward	49	-0.0000	117.6425	83.9330	-0.0000	91.5011	-15.2392	-0.00000	0.98922	0.14646	0.00000	-0.14646	0.98922	0.82447	0.00000	0.00000	0	100.00
dodge_backward	50	-0.0000	118.4071	83.8030	-0.0000	92.0506	-15.2355	-0.00000	0.98816	0.15341	0.00000	-0.15341	0.98816	0.84395	0.00000	0.00000	0	100.00
dodge_backward	51	-0.0000	119.1817	83.6731	-0.0000	92.6000	-15.2316	-0.00000	0.98703	0.16052	-0.00000	-0.16052	0.98703	0.86343	0.00000	0.00000	0	100.00
dodge_backward	52	-0.0000	119.9562	83.5431	-0.0000	93.1393	-15.2276	-0.00000	0.98583	0.16778	-0.00000	-0.16778	0.98583	0.88290	0.00000	0.00000	0	100.00
dodge_backward	53	-0.0000	120.7407	83.4132	-0.0000	93.6787	-15.2171	-0.00000	0.98454	0.17518	0.00000	-0.17518	0.98454	0.90238	0.00000	0.00000	0	100.00
dodge_backward	54	-0.0000	121.5251	83.2833	-0.0000	94.2180	-15.2065	-0.00000	0.98316	0.18274	0.00000	-0.18274	0.98316	0.92185	0.00000	0.00000	0	100.00
dodge_backward	55	-0.0000	122.3196	83.1534	-0.0000	94.7572	-15.1958	-0.00000	0.98170	0.19045	0.00000	-0.19045	0.98170	0.94133	0.00000	0.00000	0	100.00
dodge_backward	56	-0.0000	123.1141	83.0235	-0.0000	95.2964	-15.1850	-0.00000	0.98014	0.19830	0.00000	-0.19830	0.98014	0.96081	0.00000	0.00000	0	100.00
dodge_backward	57	-0.0000	123.9086	82.8935	-0.0000	95.8355	-15.1741	-0.00000	0.97849	0.20630	0.00000	-0.20630	0.97849	0.98028	0.00000	0.00000	0	100.00
dodge_backward	58	-0.0000	124.7131	82.7636	-0.0000	96.3746	-15.1632	-0.00000	0.97674	0.21445	0.00000	-0.21445	0.97674	0.99976	0.00000	0.00000	0	100.00
dodge_backward	59	-0.0000	125.5176	82.6337	-0.0000	96.9136	-15.1522	-0.00000	0.97488	0.22274	0.00000	-0.22274	0.97488	1.01923	0.00000	0.00000	0	100.00
dodge_backward	60	-0.0000	126.3321	82.5038	-0.0000	97.4526	-15.1411	-0.00000	0.97291	0.23117	0.00000	-0.23117	0.97291	1.03871	0.00000	0.00000	0	100.00
dodge_backward	61	-0.0000	127.1466	82.3739	-0.0000	97.9915	-15.1299	-0.00000	0.97084	0.23974	0.00000	-0.23974	0.97084	1.05819	0.00000	0.00000	0	100.00
dodge_backward	62	-0.0000	127.9711	82.2441	-0.0000	98.5303	-15.1121	-0.00000	0.96865	0.24844	0.00000	-0.24844	0.96865	1.07766	0.00000	0.00000	0	100.00
dodge_backward	63	-0.0000	128.7956	82.1142	-0.0000	99.0691	-15.1008	-0.00000	0.96633	0.25729	0.00000	-0.25729	0.96633	1.09714	0.00000	0.00000	0	100.00
dodge_backward	64	-0.0000	129.6300	81.9843	-0.0000	99.5978	-15.0894	-0.00000	0.96390	0.26627	0.00000	-0.26627	0.96390	1.11661	0.00000	0.00000	0	100.00
dodge_backward	65	-0.0000	130.4644	81.8544	-0.0000	100.1265	-15.0714	-0.00000	0.96133	0.27538	0.00000	-0.27538	0.96133	1.13609	0.00000	0.00000	0	100.00
dodge_backward	66	-0.0000	131.2988	81.7245	-0.0000	100.6551	-15.0598	-0.00000	0.95864	0.28463	0.00000	-0.28463	0.95864	1.15557	0.00000	0.00000	0	100.00
dodge_backward	67	-0.0000	132.1432	81.5947	-0.0000	101.1836	-15.0417	-0.00000	0.95580	0.29400	0.00000	-0.29400	0.95580	1.17504	0.00000	0.00000	0	100.00
dodge_backward	68	-0.0000	132.9876	81.4648	-0.0000	101.7120	-15.0300	-0.00000	0.95283	0.30350	0.00000	-0.30350	0.95283	1.19452	0.00000	0.00000	0	100.00
dodge_backward	69	-0.0000	133.8420	81.3349	-0.0000	102.2403	-15.0117	-0.00000	0.94971	0.31313	0.00000	-0.31313	0.94971	1.21399	0.00000	0.00000	0	100.00
dodge_backward	70	-0.0000	134.6964	81.2050	-0.0000	102.7686	-14.9999	-0.00000	0.94644	0.32287	0.00000	-0.32287	0.94644	1.23347	0.00000	0.00000	0	100.00
dodge_backward	71	-0.0000	135.5607	81.0751	-0.0000	103.2868	-14.9814	-0.00000	0.94302	0.33273	0.00000	-0.33273	0.94302	1.25295	0.00000	0.00000	0	100.00
dodge_backward	72	-0.0000	136.4250	80.9553	-0.0000	103.8049	-14.9695	-0.00000	0.93944	0.34272	0.00000	-0.34272	0.93944	1.27242	0.00000	0.00000	0	100.00
dodge_backward	73	-0.0000	137.2993	80.8354	-0.0000	104.3229	-14.9509	-0.00000	0.93570	0.35281	0.00000	-0.35281	0.93570	1.29190	0.00000	0.00000	0	100.00
dodge_backward	74	-0.0000	138.1737	80.7155	-0.0000	104.8408	-14.9388	-0.00000	0.93178	0.36301	0.00000	-0.36301	0.93178	1.31137	0.00000	0.00000	0	100.00
dodge_backward	75	-0.0000	139.0480	80.5957	-0.0000	105.3587	-14.9201	-0.00000	0.92770	0.37332	0.00000	-0.37332	0.92770	1.33085	0.00000	0.00000	0	100.00
dodge_backward	76	-0.0000	139.9322	80.4758	-0.0000	105.8664	-14.9079	-0.00000	0.92344	0.38374	0.00000	-0.38374	0.92344	1.35033	0.00000	0.00000	0	100.00
dodge_backward	77	-0.0000	140.8164	80.3559	-0.0000	106.3740	-14.8891	-0.00000	0.91900	0.39426	0.00000	-0.39426	0.91900	1.36980	0.00000	0.00000	0	100.00
dodge_backward	78	-0.0000	141.7107	80.2361	-0.0000	106.8816	-14.8703	-0.00000	0.91437	0.40487	0.00000	-0.40487	0.91437	1.38928	0.00000	0.00000	0	100.00
dodge_backward	79	-0.0000	142.6049	80.1162	-0.0000	107.3890	-14.8579	-0.00000	0.90956	0.41557	0.00000	-0.41557	0.90956	1.40875	0.00000	0.00000	0	100.00
dodge_backward	80	-0.0000	143.4991	79.9963	-0.0000	107.8863	-14.8389	-0.00000	0.90455	0.42637	0.00000	-0.42637	0.90455	1.42823	0.00000	0.00000	0	100.00
dodge_backward	81	-0.0000	144.4032	79.8765	-0.0000	108.3835	-14.8199	-0.00000	0.89934	0.43725	-0.00000	-0.43725	0.89934	1.44771	0.00000	0.00000	0	100.00
dodge_backward	82	-0.0000	145.3073	79.7567	-0.0000	108.8806	-14.8009	-0.00000	0.89393	0.44821	-0.00000	-0.44821	0.89393	1.46718	0.00000	0.00000	0	100.00
dodge_backward	83	-0.0000	146.2215	79.6368	-0.0000	109.3776	-14.7883	-0.00000	0.88830	0.45925	0.00000	-0.45925	0.88830	1.48666	0.00000	0.00000	0	100.00
dodge_backward	84	-0.0000	147.1355	79.5169	-0.0000	109.8645	-14.7692	-0.00000	0.88247	0.47037	0.00000	-0.47037	0.88247	1.50613	0.00000	0.00000	0	100.00
dodge_backward	85	-0.0000	148.0596	79.3971	-0.0000	110.3512	-14.7500	-0.00000	0.87642	0.48155	0.00000	-0.48155	0.87642	1.52561	0.00000	0.00000	0	100.00
dodge_backward	86	-0.0000	148.9836	79.2772	-0.0000	110.8379	-14.7373	-0.00000	0.87015	0.49279	0.00000	-0.49279	0.87015	1.54509	0.00000	0.00000	0	100.00
dodge_backward	87	-0.0000	149.9076	79.1573	-0.0000	111.3144	-14.7180	-0.00000	0.86365	0.50410	0.00000	-0.50410	0.86365	1.56456	0.00000	0.00000	0	100.00
dodge_backward	88	-0.0000	150.8416	79.0375	-0.0000	111.7908	-14.6988	-0.00000	0.85692	0.51545	0.00000	-0.51545	0.85692	1.58404	0.00000	0.00000	0	100.00
dodge_backward	89	-0.0000	151.7755	78.9177	-0.0000	112.2671	-14.6795	-0.00000	0.84995	0.52686	0.00000	-0.52686	0.84995	1.60351	0.00000	0.00000	0	100.00
dodge_backward	90	-0.0000	152.7194	78.7550	-0.0000	112.7332	-19.7950	-0.00000	0.84275	0.53830	0.00000	-0.53830	0.84275	1.62299	0.00000	0.00000	0	100.00
dodge_backward	91	-0.0000	153.6633	78.5524	-0.0000	113.1992	-24.9086	-0.00000	0.83557	0.54938	0.00000	-0.54938	0.83557	1.58409	0.00000	0.00000	0	100.00
dodge_backward	92	-0.0000	154.6071	78.2999	-0.0000	113.6552	-30.0125	-0.00000	0.82842	0.56010	0.00000	-0.56010	0.82842	1.54612	0.00000	0.00000	0	100.00
dodge_backward	93	-0.0000	155.5609	78.0074	-0.0000	114.1112	-35.1165	-0.00000	0.82132	0.57047	0.00000	-0.57047	0.82132	1.50906	0.00000	0.00000	0	100.00
dodge_backward	94	-0.0000	156.5147	77.6749	-0.0000	114.5673	-40.2107	-0.00000	0.81425	0.58051	0.00000	-0.58051	0.81425	1.47289	0.00000	0.00000	0	100.00
dodge_backward	95	-0.0000	157.4684	77.2925	-0.0000	115.0134	-45.3052	-0.00000	0.80724	0.59022	0.00000	-0.59022	0.80724	1.43759	0.00000	0.00000	0	100.00
dodge_backward	96	-0.0000	158.4322	76.8701	-0.0000	115.4595	-50.3898	-0.00000	0.80028	0.59962	0.00000	-0.59962	0.80028	1.40313	0.00000	0.00000	0	100.00
dodge_backward	97	-0.0000	159.3958	76.4078	-0.0000	115.8956	-55.4645	-0.00000	0.79339	0.60872	0.00000	-0.60872	0.79339	1.36950	0.00000	0.00000	0	100.00
dodge_backward	98	-0.0000	160.3694	75.9055	-0.0000	116.3318	-60.5395	-0.00000	0.78656	0.61752	0.00000	-0.61752	0.78656	1.33667	0.00000	0.00000	0	100.00
dodge_backward	99	-0.0000	161.3431	75.3633	-0.0000	116.7680	-65.6046	-0.00000	0.77980	0.62603	0.00000	-0.62603	0.77980	1.30463	0.00000	0.00000	0	100.00
dodge_backward	100	-0.0000	162.3166	74.7711	-0.0000	117.1942	-70.6699	-0.00000	0.77311	0.63427	0.00000	-0.63427	0.77311	1.27336	0.00000	0.00000	0	100.00
dodge_backward	101	-0.0000	163.3002	74.1390	-0.0000	117.6205	-75.7253	-0.00000	0.76650	0.64224	0.00000	-0.64224	0.76650	1.24284	0.00000	0.00000	0	100.00
dodge_backward	102	-0.0000	164.2837	73.4668	-0.0000	118.0468	-80.7809	-0.00001	0.75997	0.64996	0.00000	-0.64996	0.75997	1.21305	0.00000	0.00000	0	100.00
dodge_backward	103	-0.0000	165.2672	72.7547	-0.0000	118.4632	-85.8366	-0.00001	0.75352	0.65743	0.00000	-0.65743	0.75352	1.18398	0.00000	0.00000	0	100.00
dodge_backward	104	-0.0000	166.2607	71.9926	-0.0000	118.8796	-90.8824	-0.00000	0.74715	0.66465	0.00000	-0.66465	0.74715	1.15560	0.00000	0.00000	0	100.00
dodge_backward	105	-0.0000	167.2540	71.1906	-0.0000	119.2861	-95.9284	-0.00001	0.74087	0.67164	0.00000	-0.67164	0.74087	1.12790	0.00000	0.00000	0	100.00
dodge_backward	106	-0.0000	168.2474	70.3486	-0.0000	119.6926	-100.9645	-0.00001	0.73468	0.67841	0.00000	-0.67841	0.73468	1.10087	0.00000	0.00000	0	100.00
dodge_backward	107	-0.0000	169.2508	69.4667	-0.0000	120.0992	-106.0008	-0.00001	0.72858	0.68496	0.00000	-0.68496	0.72858	1.07448	0.00000	0.00000	0	100.00
dodge_backward	108	-0.0000	170.2541	68.5447	-0.0000	120.4958	-111.0371	-0.00000	0.72256	0.69130	0.00000	-0.69130	0.72256	1.04873	0.00000	0.00000	0	100.00
dodge_backward	109	-0.0000	171.2574	67.5728	-0.0000	120.8924	-116.0636	-0.00000	0.71664	0.69744	0.00000	-0.69744	0.71664	1.02359	0.00000	0.00000	0	100.00
dodge_backward	110	-0.0000	172.2707	66.5609	-0.0000	121.2891	-121.0902	-0.00000	0.71081	0.70339	0.00000	-0.70339	0.71081	0.99905	0.00000	0.00000	0	100.00
dodge_backward	111	-0.0000	173.2840	65.5090	-0.0000	121.6759	-126.1169	-0.00000	0.70507	0.70914	0.00000	-0.70914	0.70507	0.97511	0.00000	0.00000	0	100.00
dodge_backward	112	-0.0000	174.2972	64.4172	-0.0000	122.0627	-131.1337	-0.00001	0.69942	0.71471	0.00000	-0.71471	0.69942	0.95174	0.00000	0.00000	0	100.00
dodge_backward	113	-0.0000	175.3204	63.2854	-0.0000	122.4496	-136.1506	-0.00000	0.69387	0.72010	0.00000	-0.72010	0.69387	0.92892	0.00000	0.00000	0	100.00
dodge_backward	114	-0.0000	176.3436	62.1136	-0.0000	122.8265	-141.1676	-0.00001	0.68841	0.72532	0.00000	-0.72532	0.68841	0.90666	0.00000	0.00000	0	100.00
dodge_backward	115	-0.0000	177.3667	60.8919	-0.0000	123.2034	-146.1747	-0.00001	0.68304	0.73038	0.00000	-0.73038	0.68304	0.88493	0.00000	0.00000	0	100.00
dodge_backward	116	-0.0000	178.3998	59.6301	-0.0000	123.5805	-151.1819	-0.00001	0.67777	0.73528	0.00000	-0.73528	0.67777	0.86372	0.00000	0.00000	0	100.00
dodge_backward	117	-0.0000	179.4330	58.3284	-0.0000	123.9575	-156.1892	-0.00001	0.67259	0.74002	0.00000	-0.74002	0.67259	0.84301	0.00000	0.00000	0	100.00
dodge_backward	118	-0.0000	180.4660	56.9868	-0.0000	124.3247	-161.1866	-0.00001	0.66750	0.74461	0.00000	-0.74461	0.66750	0.82281	0.00000	0.00000	0	100.00
dodge_backward	119	-0.0000	181.5091	55.6051	-0.0000	124.6918	-166.1840	-0.00001	0.66250	0.74906	0.00000	-0.74906	0.66250	0.80308	0.00000	0.00000	0	100.00
dodge_backward	120	-0.0000	182.5522	54.1835	-0.0000	125.0590	-171.1815	-0.00001	0.65759	0.75338	0.00000	-0.75338	0.65759	0.78384	0.00000	0.00000	0	100.00
dodge_backward	121	-0.0000	183.5951	52.7118	-0.0000	125.4163	-176.1791	-0.00001	0.65277	0.75755	0.00000	-0.75755	0.65277	0.76505	0.00000	0.00000	0	100.00
dodge_backward	122	-0.0000	184.6481	51.2003	-0.0000	125.7736	-181.1668	-0.00001	0.64805	0.76160	0.00000	-0.76160	0.64805	0.74671	0.00000	0.00000	0	100.00
dodge_backward	123	-0.0000	185.7011	49.6487	-0.0000	126.1310	-186.1545	-0.00001	0.64341	0.76552	0.00000	-0.76552	0.64341	0.72881	0.00000	0.00000	0	100.00
dodge_backward	124	-0.0000	186.7541	48.0571	-0.0000	126.4884	-191.1424	-0.00001	0.63886	0.76932	0.00000	-0.76932	0.63886	0.71134	0.00000	0.00000	0	100.00
dodge_backward	125	-0.0000	187.8070	46.4256	-0.0000	126.8359	-196.1303	-0.00001	0.63440	0.77301	0.00000	-0.77301	0.63440	0.69429	0.00000	0.00000	0	100.00
dodge_backward	126	-0.0000	188.8699	44.7540	-0.0000	127.1834	-201.1182	-0.00001	0.63002	0.77658	0.00000	-0.77658	0.63002	0.67765	0.00000	0.00000	0	100.00
dodge_backward	127	-0.0000	189.9328	43.0325	0.0000	112.9477	-194.3730	-0.00001	0.62495	0.78066	0.00000	-0.78066	0.62495	0.49066	0.00002	0.00001	0	100.00
dodge_backward	128	-0.0000	190.8741	41.3392	0.5101	98.7057	-180.8949	-0.00000	0.62440	0.78110	0.00208	-0.78110	0.62440	-0.24308	0.12014	0.18824	0	100.00
dodge_backward	129	0.0043	191.6954	39.7615	0.3589	84.4643	-160.9319	-0.00021	0.62862	0.77771	0.00185	-0.77771	0.62862	-1.03361	-0.03332	-0.00783	0	100.00
dodge_backward	130	0.0029	192.4068	38.3479	-0.2437	70.2270	-138.2357	-0.00038	0.63789	0.77013	-0.00044	-0.77013	0.63789	-1.87662	-0.15095	-0.19358	0	100.00
dodge_backward	131	-0.0020	192.9981	37.1270	-0.2022	79.2836	-116.1079	-0.00031	0.65236	0.75791	-0.00048	-0.75791	0.65236	-2.30284	0.00563	-0.00239	0	100.00
dodge_backward	132	-0.0017	193.6637	36.0913	0.1975	90.5694	-67.5855	-0.00029	0.66916	0.74312	0.00147	-0.74312	0.66916	-2.92387	0.04875	0.05616	0	100.00
dodge_backward	133	0.0016	194.4178	35.4556	-0.0590	92.5882	-41.9762	-0.00028	0.68929	0.72449	0.00025	-0.72449	0.68929	-3.56166	-0.06079	-0.09550	0	100.00
dodge_backward	134	-0.0004	195.1947	35.0389	0.1773	94.5950	-33.4227	-0.00012	0.71253	0.70164	0.00105	-0.70164	0.71253	-4.04790	0.03882	0.04089	0	100.00
dodge_backward	135	0.0014	195.9816	34.6901	-0.0587	96.6064	-36.4653	-0.00011	0.73764	0.67519	-0.00007	-0.67519	0.73764	-4.40646	-0.07212	-0.08719	0	100.00
dodge_backward	136	-0.0004	196.7884	34.3146	0.1053	98.6275	-42.4644	0.00001	0.76357	0.64572	0.00045	-0.64572	0.76357	-4.71335	0.04062	0.02749	0	100.00
dodge_backward	137	0.0008	197.6154	33.8845	-0.0600	100.6606	-50.5194	0.00007	0.78976	0.61342	-0.00046	-0.61342	0.78976	-4.97288	-0.06141	-0.07042	0	100.00
dodge_backward	138	-0.0004	198.4625	33.3873	0.0899	102.7144	-59.1285	0.00021	0.81571	0.57847	-0.00005	-0.57847	0.81571	-5.20004	0.04787	0.01758	0	100.00
dodge_backward	139	0.0007	199.3197	32.8253	0.0002	104.7778	-67.7580	0.00033	0.84101	0.54102	-0.00066	-0.54102	0.84101	-5.40101	-0.05151	-0.05474	0	100.00
dodge_side	0	0.0000	7.5000	19.4572	-0.0005	901.4055	294.8611	-0.00000	1.00000	0.00000	0.00000	0.00000	1.00000	0.00000	0.00000	0.00000	1	100.00
dodge_side	1	0.0000	15.0117	21.9507	-0.0005	907.0082	298.8888	-0.00000	1.00000	0.00000	0.00000	0.00000	1.00000	0.00000	0.00000	0.00000	1	100.00
dodge_side	2	0.0000	22.5683	24.4742	-0.0005	912.5601	302.9088	-0.00000	1.00000	0.00000	0.00000	0.00000	1.00000	0.00000	0.00000	0.00000	1	100.00
dodge_side	3	0.0000	30.1747	27.0277	-0.0005	918.0724	306.9288	-0.00000	1.00000	0.00000	0.00000	0.00000	1.00000	0.00000	0.00000	0.00000	1	100.00
dodge_side	4	0.0000	37.8206	29.6212	0.0000	918.0710	310.9488	-0.00000	1.00000	0.00000	0.00000	0.00000	1.00000	0.00000	0.00000	0.00000	0	100.00
dodge_side	5	-0.0000	45.4752	32.2673	-0.0000	918.6265	317.6771	-0.00000	1.00000	0.00000	0.00000	0.00000	1.00000	0.00000	0.00000	0.00000	0	100.00
dodge_side	6	-0.0000	53.1398	34.9734	-0.0000	919.1765	324.4071	-0.00000	1.00000	0.00000	0.00000	0.00000	1.00000	0.00000	0.00000	0.00000	0	100.00
dodge_side	7	-0.0000	60.8044	37.6282	-0.0000	919.7264	318.9843	-0.00000	1.00000	0.00000	0.00000	0.00000	1.00000	0.00000	0.00000	0.00000	0	100.00
dodge_side	8	-0.0000	68.4690	40.2430	-0.0000	920.2764	313.5643	-0.00000	1.00000	0.00000	0.00000	0.00000	1.00000	0.00000	0.00000	0.00000	0	100.00
dodge_side	9	-0.0000	76.1436	42.8079	-0.0000	920.8264	308.1443	-0.00000	1.00000	0.00000	0.00000	0.00000	1.00000	0.00000	0.00000	0.00000	0	100.00
dodge_side	10	-0.0000	83.8181	45.3327	-0.0000	921.3765	302.7243	-0.00000	1.00000	0.00000	0.00000	0.00000	1.00000	0.00000	0.00000	0.00000	0	100.00
dodge_side	11	-0.0000	91.5027	47.8075	-0.0000	921.9265	297.3044	-0.00000	1.00000	0.00000	0.00000	0.00000	1.00000	0.00000	0.00000	0.00000	0	100.00
dodge_side	12	5.6698	99.1873	50.2424	680.3758	922.4791	291.8843	0.00063	1.00000	0.00000	0.00000	0.00000	1.00000	0.00000	0.00000	-0.07590	0	100.00
dodge_side	13	11.3398	106.8819	52.6272	680.3713	923.0265	286.4644	0.00126	1.00000	-0.00000	0.00034	-0.00000	1.00000	0.00003	0.04022	-0.07590	0	100.00
dodge_side	14	17.0098	114.5765	54.9720	680.3716	923.5765	281.0443	0.00189	1.00000	-0.00000	0.00101	-0.00000	1.00000	0.00007	0.08045	-0.07590	0	100.00
dodge_side	15	22.6798	122.2811	57.2669	680.3720	924.1265	275.6243	0.00253	1.00000	-0.00000	0.00201	-0.00000	1.00000	0.00015	0.12067	-0.07590	0	100.00
dodge_side	16	28.3498	129.9856	59.5217	680.3723	924.6765	270.2043	0.00316	0.99999	-0.00000	0.00335	-0.00001	0.99999	0.00025	0.16089	-0.07590	0	100.00
dodge_side	17	34.0198	137.7002	61.7265	680.3727	925.2265	264.7843	0.00379	0.99999	-0.00001	0.00503	-0.00001	0.99999	0.00038	0.20111	-0.07590	0	100.00
dodge_side	18	39.6898	145.4148	63.8914	680.3730	925.7765	259.3643	0.00442	0.99999	-0.00001	0.00704	-0.00002	0.99998	0.00053	0.24133	-0.07590	0	100.00
dodge_side	19	45.3598	153.1294	66.0062	680.3734	926.3265	253.9443	0.00506	0.99999	-0.00001	0.00939	-0.00003	0.99996	0.00071	0.28155	-0.07590	0	100.00
dodge_side	20	51.0298	160.8540	68.0810	680.3738	926.8765	248.5243	0.00569	0.99998	-0.00002	0.01207	-0.00005	0.99993	0.00091	0.32178	-0.07590	0	100.00
dodge_side	21	56.6998	168.5786	70.1059	680.3741	927.4265	243.1043	0.00632	0.99998	-0.00003	0.01508	-0.00006	0.99989	0.00114	0.36200	-0.07590	0	100.00
dodge_side	22	62.3698	176.3131	72.0907	680.3745	927.9764	237.6843	0.00695	0.99998	-0.00004	0.01843	-0.00009	0.99983	0.00139	0.40222	-0.07590	0	100.00
dodge_side	23	68.0398	184.0477	74.0255	680.3748	928.5264	232.2643	0.00758	0.99997	-0.00005	0.02212	-0.00011	0.99976	0.00167	0.44244	-0.07590	0	100.00
dodge_side	24	73.7098	191.7923	75.9204	680.3751	929.0764	226.8443	0.00822	0.99997	-0.00007	0.02614	-0.00015	0.99966	0.00197	0.48266	-0.07590	0	100.00
dodge_side	25	79.3798	199.5369	77.7652	680.3755	929.6265	221.4243	0.00885	0.99996	-0.00009	0.03050	-0.00018	0.99953	0.00230	0.52289	-0.07590	0	100.00
dodge_side	26	85.0498	207.2915	79.5700	680.3759	930.1765	216.0043	0.00948	0.99996	-0.00011	0.03519	-0.00023	0.99938	0.00266	0.56311	-0.07591	0	100.00
dodge_side	27	90.7198	215.0460	81.3249	680.3762	930.7264	210.5843	0.01011	0.99995	-0.00013	0.04021	-0.00027	0.99919	0.00304	0.60333	-0.07591	0	100.00
dodge_side	28	96.3898	222.8107	83.0297	680.3766	931.2764	205.1642	0.01074	0.99994	-0.00016	0.04557	-0.00033	0.99896	0.00344	0.64355	-0.07592	0	100.00
dodge_side	29	102.0598	230.5752	84.0961	680.3769	931.8264	127.9379	0.01138	0.99994	-0.00019	0.05126	-0.00039	0.99869	0.00388	0.68376	-0.07592	0	100.00
dodge_side	30	107.7298	238.3498	84.7478	680.3773	932.3765	77.7384	0.01201	0.99993	-0.00022	0.05728	-0.00046	0.99836	0.00433	0.72398	-0.07593	0	100.00
dodge_side	31	113.3998	246.1244	85.1259	680.3776	932.9265	45.1084	0.01264	0.99992	-0.00026	0.06364	-0.00054	0.99797	0.00482	0.76420	-0.07594	0	100.00
dodge_side	32	119.0698	253.8990	85.3291	680.3779	933.4764	23.8988	0.01327	0.99991	-0.00031	0.07033	-0.00063	0.99752	0.00532	0.80442	-0.07594	0	100.00
dodge_side	33	124.7398	261.6835	85.4143	680.3784	934.0264	10.1123	0.01390	0.99990	-0.00035	0.07735	-0.00072	0.99700	0.00586	0.84464	-0.07596	0	100.00
dodge_side	34	130.4098	269.4681	85.4196	680.3787	934.5764	1.1553	0.01453	0.99989	-0.00040	0.08470	-0.00083	0.99641	0.00641	0.88486	-0.07597	0	100.00
dodge_side	35	136.0798	277.2627	85.3811	680.3790	935.1265	-4.6687	0.01516	0.99989	-0.00046	0.09237	-0.00094	0.99572	0.00700	0.92508	-0.07599	0	100.00
dodge_side	36	141.7498	285.0573	85.3096	680.3794	935.6765	-8.4466	0.01579	0.99988	-0.00052	0.10038	-0.00107	0.99495	0.00761	0.96529	-0.07600	0	100.00
dodge_side	37	147.4198	292.8619	85.2191	680.3797	936.2264	-10.9036	0.01642	0.99987	-0.00059	0.10871	-0.00120	0.99407	0.00824	1.00551	-0.07603	0	100.00
dodge_side	38	153.0898	300.6664	85.1158	680.3801	936.7764	-12.5026	0.01705	0.99985	-0.00066	0.11737	-0.00135	0.99309	0.00890	1.04573	-0.07605	0	100.00
dodge_side	39	158.7599	308.4810	85.0071	680.3904	937.3264	-13.5427	0.01767	0.99984	-0.00074	0.12635	-0.00150	0.99198	0.00958	1.08595	-0.07607	0	100.00
dodge_side	40	164.4300	316.2957	84.8915	680.4008	937.8765	-14.2187	0.01830	0.99983	-0.00082	0.13565	-0.00167	0.99075	0.01029	1.12616	-0.07610	0	100.00
dodge_side	41	170.1001	324.1202	84.7679	680.4111	938.4264	-14.6543	0.01892	0.99982	-0.00091	0.14528	-0.00185	0.98939	0.01103	1.16638	-0.07613	0	100.00
dodge_side	42	175.7702	331.9448	84.6455	680.4214	938.9764	-14.9403	0.01955	0.99981	-0.00100	0.15522	-0.00204	0.98788	0.01179	1.20659	-0.07617	0	100.00
dodge_side	43	181.4403	339.7693	84.5239	680.4318	939.5264	-15.1289	0.02017	0.99980	-0.00110	0.16547	-0.00225	0.98621	0.01257	1.24681	-0.07621	0	100.00
dodge_side	44	187.1104	347.6040	84.3929	680.4421	940.0764	-15.2459	0.02080	0.99978	-0.00121	0.17604	-0.00247	0.98438	0.01339	1.28702	-0.07625	0	100.00
dodge_side	45	192.7804	355.4386	84.2623	680.4525	940.6263	-15.3240	0.02142	0.99977	-0.00133	0.18691	-0.00270	0.98237	0.01422	1.32723	-0.07630	0	100.00
dodge_side	46	198.4505	363.2831	84.1319	680.4629	941.1764	-15.3761	0.02204	0.99976	-0.00145	0.19809	-0.00295	0.98018	0.01508	1.36745	-0.07635	0	100.00
dodge_side	47	204.1206	371.1277	84.0016	680.4732	941.7264	-15.4086	0.02266	0.99974	-0.00158	0.20957	-0.00321	0.97779	0.01597	1.40766	-0.07641	0	100.00
dodge_side	48	209.7907	378.9823	83.8714	680.4835	942.2764	-15.4282	0.02327	0.99973	-0.00172	0.22135	-0.00348	0.97519	0.01688	1.44787	-0.07647	0	100.00
dodge_side	49	215.4608	386.8369	83.7413	680.4939	942.8264	-15.4413	0.02389	0.99971	-0.00186	0.23343	-0.00377	0.97237	0.01781	1.48808	-0.07654	0	100.00
dodge_side	50	221.1308	394.7014	83.6112	680.5042	943.3763	-15.4543	0.02450	0.99970	-0.00201	0.24579	-0.00407	0.96931	0.01877	1.52829	-0.07661	0	100.00
dodge_side	51	226.8009	402.5660	83.4812	680.5146	943.9263	-15.4609	0.02511	0.99968	-0.00217	0.25843	-0.00439	0.96602	0.01976	1.56850	-0.07670	0	100.00
dodge_side	52	232.4710	410.4406	83.3511	680.5249	944.4763	-15.4675	0.02572	0.99967	-0.00234	0.27136	-0.00473	0.96247	0.02077	1.60871	-0.07678	0	100.00
dodge_side	53	238.1411	418.3152	83.2211	680.5352	945.0262	-15.4676	0.02633	0.99965	-0.00251	0.28455	-0.00508	0.95865	0.02180	1.64892	-0.07687	0	100.00
dodge_side	54	243.8112	426.1998	83.0911	680.5456	945.5762	-15.4677	0.02694	0.99963	-0.00270	0.29802	-0.00545	0.95455	0.02286	1.68913	-0.07698	0	100.00
dodge_side	55	249.4813	434.0844	82.9611	680.5559	946.1263	-15.4678	0.02754	0.99962	-0.00289	0.31174	-0.00584	0.95015	0.02394	1.72933	-0.07708	0	100.00
dodge_side	56	255.1514	441.9690	82.8311	680.5663	946.6763	-15.4679	0.02814	0.99960	-0.00309	0.32571	-0.00624	0.94545	0.02505	1.76954	-0.07720	0	100.00
dodge_side	57	260.8215	449.8636	82.7011	680.5766	947.2263	-15.4680	0.02873	0.99958	-0.00330	0.33993	-0.00666	0.94043	0.02618	1.80975	-0.07732	0	100.00
dodge_side	58	266.4915	457.7581	82.5711	680.5870	947.7762	-15.4682	0.02932	0.99956	-0.00352	0.35438	-0.00710	0.93507	0.02733	1.84995	-0.07746	0	100.00
dodge_side	59	272.1616	465.6627	82.4411	680.5972	948.3262	-15.4683	0.02991	0.99955	-0.00375	0.36906	-0.00755	0.92938	0.02851	1.89016	-0.07760	0	100.00
dodge_side	60	277.8318	473.5673	82.3111	680.6075	948.8763	-15.4684	0.03050	0.99953	-0.00399	0.38396	-0.00803	0.92332	0.02971	1.93036	-0.07775	0	100.00
dodge_side	61	283.5018	481.4819	82.1811	680.6179	949.4263	-15.4685	0.03108	0.99951	-0.00424	0.39906	-0.00852	0.91689	0.03094	1.97056	-0.07790	0	100.00
dodge_side	62	289.1719	489.3964	82.0511	680.6282	949.9763	-15.4687	0.03166	0.99949	-0.00450	0.41436	-0.00903	0.91007	0.03219	2.01077	-0.07807	0	100.00
dodge_side	63	294.8420	497.3210	81.9211	680.6385	950.5261	-15.4688	0.03223	0.99947	-0.00476	0.42985	-0.00956	0.90285	0.03346	2.05097	-0.07826	0	100.00
dodge_side	64	300.5121	505.2456	81.7911	680.6489	951.0761	-15.4690	0.03280	0.99945	-0.00504	0.44551	-0.01010	0.89522	0.03475	2.09117	-0.07845	0	100.00
dodge_side	65	306.1822	513.1802	81.6611	680.6592	951.6262	-15.4691	0.03336	0.99943	-0.00533	0.46133	-0.01067	0.88716	0.03607	2.13137	-0.07865	0	100.00
dodge_side	66	311.8522	521.1148	81.5311	680.6694	952.1762	-15.4693	0.03392	0.99941	-0.00563	0.47730	-0.01125	0.87867	0.03741	2.17157	-0.07886	0	100.00
dodge_side	67	317.5223	529.0494	81.4011	680.6797	952.7262	-15.4694	0.03447	0.99939	-0.00593	0.49341	-0.01185	0.86972	0.03878	2.21177	-0.07909	0	100.00
dodge_side	68	323.1924	536.9940	81.2711	680.6901	953.2762	-15.4696	0.03502	0.99937	-0.00625	0.50963	-0.01248	0.86030	0.04016	2.25196	-0.07932	0	100.00
dodge_side	69	328.8626	544.9385	81.1411	680.7104	953.8262	-15.4698	0.03556	0.99935	-0.00658	0.52596	-0.01312	0.85041	0.04157	2.29216	-0.07958	0	100.00
dodge_side	70	334.5327	552.8931	81.0111	680.7307	954.3762	-15.4700	0.03609	0.99932	-0.00692	0.54238	-0.01377	0.84002	0.04300	2.33236	-0.07984	0	100.00
dodge_side	71	340.2029	560.8477	80.8811	680.7510	954.9261	-15.4702	0.03662	0.99930	-0.00726	0.55888	-0.01445	0.82913	0.04445	2.37255	-0.08012	0	100.00
dodge_side	72	345.8731	568.8123	80.7510	680.7713	955.4761	-15.4769	0.03714	0.99928	-0.00762	0.57542	-0.01515	0.81772	0.04592	2.41275	-0.08041	0	100.00
dodge_side	73	351.5433	576.7769	80.6210	680.7916	956.0261	-15.4771	0.03765	0.99926	-0.00799	0.59201	-0.01586	0.80578	0.04742	2.45294	-0.08071	0	100.00
dodge_side	74	357.2134	584.7515	80.4910	680.8119	956.5760	-15.4773	0.03815	0.99924	-0.00837	0.60861	-0.01659	0.79330	0.04893	2.49313	-0.08104	0	100.00
dodge_side	75	362.8836	592.7260	80.3610	680.8322	957.1262	-15.4775	0.03865	0.99921	-0.00876	0.62521	-0.01734	0.78027	0.05046	2.53332	-0.08137	0	100.00
dodge_side	76	368.5538	600.7106	80.2310	680.8524	957.6761	-15.4777	0.03914	0.99919	-0.00916	0.64178	-0.01811	0.76667	0.05202	2.57352	-0.08172	0	100.00
dodge_side	77	374.2239	608.6952	80.1010	680.8727	958.2261	-15.4779	0.03962	0.99917	-0.00958	0.65831	-0.01889	0.75251	0.05359	2.61370	-0.08209	0	100.00
dodge_side	78	379.8941	616.6898	79.9710	680.8930	958.7761	-15.4781	0.04009	0.99915	-0.01000	0.67478	-0.01969	0.73776	0.05519	2.65389	-0.08248	0	100.00
dodge_side	79	385.5643	624.6843	79.8410	680.9133	959.3260	-15.4784	0.04055	0.99912	-0.01043	0.69116	-0.02051	0.72241	0.05680	2.69408	-0.08288	0	100.00
dodge_side	80	391.2344	632.6790	79.7110	680.9334	959.8760	-15.4786	0.04100	0.99910	-0.01087	0.70742	-0.02134	0.70647	0.05843	2.73427	-0.08330	0	100.00
dodge_side	81	396.9046	640.6835	79.5810	680.9537	960.4260	-15.4789	0.04144	0.99908	-0.01133	0.72355	-0.02219	0.68991	0.06008	2.77446	-0.08373	0	100.00
dodge_side	82	402.5748	648.6881	79.4510	680.9740	960.9760	-15.4791	0.04187	0.99905	-0.01179	0.73952	-0.02305	0.67274	0.06174	2.81464	-0.08419	0	100.00
dodge_side	83	408.2449	656.7027	79.3210	680.9942	961.5259	-15.4794	0.04229	0.99903	-0.01226	0.75529	-0.02393	0.65495	0.06342	2.85483	-0.08466	0	100.00
dodge_side	84	413.9151	664.7173	79.1910	681.0145	962.0760	-15.4796	0.04269	0.99901	-0.01274	0.77086	-0.02482	0.63652	0.06513	2.89501	-0.08515	0	100.00
dodge_side	85	419.5953	672.7418	79.0610	681.0347	962.6260	-15.4799	0.04309	0.99898	-0.01324	0.78618	-0.02573	0.61747	0.06684	2.93519	-0.08566	0	100.00
dodge_side	86	425.2755	680.7664	78.9310	681.0549	963.1760	-15.4802	0.04347	0.99896	-0.01374	0.80122	-0.02665	0.59777	0.06857	2.97537	-0.08619	0	100.00
dodge_side	87	430.9557	688.8010	78.8009	681.0751	963.7258	-15.4869	0.04384	0.99894	-0.01425	0.81597	-0.02757	0.57743	0.07032	3.01555	-0.08675	0	100.00
dodge_side	88	436.6358	696.8356	78.6709	681.0953	964.2758	-15.4872	0.04420	0.99891	-0.01477	0.83039	-0.02851	0.55646	0.07208	3.05573	-0.08732	0	100.00
dodge_side	89	442.3160	704.8802	78.5409	681.1155	964.8258	-15.4875	0.04454	0.99889	-0.01530	0.84445	-0.02946	0.53483	0.07386	3.09591	-0.08791	0	100.00
dodge_side	90	447.9962	712.9248	78.3658	681.1357	965.3759	-20.9062	0.04487	0.99887	-0.01584	0.85811	-0.03042	0.51256	0.07565	3.13609	-0.08853	0	100.00
dodge_side	91	453.6763	720.9694	78.1506	681.1559	965.9259	-26.3265	0.04551	0.99882	-0.01693	0.87068	-0.03135	0.49086	0.00490	3.01321	-0.12545	0	100.00
dodge_side	92	459.3564	729.0239	77.8854	681.1762	966.4759	-31.7471	0.04642	0.99875	-0.01860	0.88222	-0.03225	0.46973	-0.06666	2.89541	-0.16066	0	100.00
dodge_side	93	465.0366	737.0786	77.5803	681.1967	967.0258	-37.1680	0.04757	0.99865	-0.02084	0.89282	-0.03316	0.44918	-0.13898	2.78249	-0.19417	0	100.00
dodge_side	94	470.7168	745.1431	77.2251	681.2174	967.5757	-42.5892	0.04896	0.99852	-0.02368	0.90255	-0.03407	0.42924	-0.21202	2.67425	-0.22595	0	100.00
dodge_side	95	476.3970	753.2077	76.8299	681.2381	968.1257	-48.0108	0.05054	0.99835	-0.02713	0.91146	-0.03501	0.40989	-0.28574	2.57052	-0.25601	0	100.00
dodge_side	96	482.0772	761.2823	76.3846	681.2590	968.6756	-53.4427	0.05231	0.99814	-0.03118	0.91963	-0.03597	0.39114	-0.36008	2.47113	-0.28435	0	100.00
dodge_side	97	487.7573	769.3569	75.8894	681.2800	969.2255	-58.8750	0.05423	0.99788	-0.03586	0.92710	-0.03698	0.37299	-0.43501	2.37591	-0.31098	0	100.00
dodge_side	98	493.4376	777.4415	75.3541	681.3111	969.7753	-64.3076	0.05629	0.99757	-0.04115	0.93393	-0.03804	0.35543	-0.51049	2.28470	-0.33591	0	100.00
dodge_side	99	499.1179	785.5261	74.7688	681.3422	970.3251	-69.7405	0.05847	0.99718	-0.04708	0.94017	-0.03915	0.33846	-0.58646	2.19736	-0.35916	0	100.00
dodge_side	100	504.7981	793.6206	74.1435	681.3734	970.8750	-75.1838	0.06074	0.99671	-0.05363	0.94586	-0.04031	0.32207	-0.66290	2.11373	-0.38076	0	100.00
dodge_side	101	510.4784	801.7152	73.4681	681.4047	971.4247	-80.6275	0.06310	0.99615	-0.06083	0.95104	-0.04155	0.30625	-0.73975	2.03370	-0.40074	0	100.00
dodge_side	102	516.1587	809.8197	72.7527	681.4360	971.9744	-86.0714	0.06552	0.99549	-0.06866	0.95577	-0.04284	0.29099	-0.81699	1.95712	-0.41912	0	100.00
dodge_side	103	521.8389	817.9243	71.9873	681.4673	972.5240	-91.5258	0.06800	0.99470	-0.07712	0.96006	-0.04421	0.27627	-0.89456	1.88388	-0.43593	0	100.00
dodge_side	104	527.5192	826.0288	71.1818	681.4987	973.0736	-96.9805	0.07050	0.99378	-0.08623	0.96396	-0.04564	0.26209	-0.97245	1.81385	-0.45121	0	100.00
dodge_side	105	533.1994	834.1434	70.3263	681.5301	973.6231	-102.4456	0.07302	0.99270	-0.09597	0.96750	-0.04715	0.24844	-1.05060	1.74693	-0.46499	0	100.00
dodge_side	106	538.8797	842.2581	69.4307	681.5715	974.1725	-107.9110	0.07555	0.99146	-0.10634	0.97070	-0.04873	0.23530	-1.12900	1.68301	-0.47732	0	100.00
dodge_side	107	544.5601	850.3826	68.4851	681.6129	974.7218	-113.3867	0.07807	0.99002	-0.11735	0.97359	-0.05038	0.22266	-1.20761	1.62199	-0.48824	0	100.00
dodge_side	108	550.2405	858.5071	67.4995	681.6544	975.2709	-118.8629	0.08057	0.98837	-0.12899	0.97620	-0.05210	0.21050	-1.28639	1.56377	-0.49779	0	100.00
dodge_side	109	555.9208	866.6418	66.4638	681.6957	975.8201	-124.3493	0.08303	0.98649	-0.14125	0.97855	-0.05390	0.19882	-1.36534	1.50826	-0.50600	0	100.00
dodge_side	110	561.6011	874.7764	65.3780	681.7371	976.3690	-129.8361	0.08545	0.98435	-0.15414	0.98066	-0.05576	0.18760	-1.44440	1.45536	-0.51293	0	100.00
dodge_side	111	567.2814	882.9210	64.2522	681.7784	976.9077	-135.3333	0.08782	0.98193	-0.16763	0.98255	-0.05769	0.17683	-1.52357	1.40501	-0.51863	0	100.00
dodge_side	112	572.9619	891.0654	63.0763	681.8197	977.4465	-140.8408	0.09012	0.97921	-0.18174	0.98424	-0.05968	0.16649	-1.60282	1.35711	-0.52312	0	100.00
dodge_side	113	578.6422	899.2199	61.8603	681.8610	977.9849	-146.3586	0.09234	0.97616	-0.19644	0.98573	-0.06174	0.15657	-1.68213	1.31158	-0.52647	0	100.00
dodge_side	114	584.3226	907.3744	60.5944	681.9122	978.5233	-151.8768	0.09448	0.97275	-0.21173	0.98706	-0.06386	0.14707	-1.76148	1.26837	-0.52872	0	100.00
dodge_side	115	590.0030	915.5289	59.2783	681.9634	979.0613	-157.4053	0.09652	0.96896	-0.22760	0.98823	-0.06603	0.13796	-1.84085	1.22739	-0.52990	0	100.00
dodge_side	116	595.4632	923.3997	59.1460	655.5787	944.3512	-16.0775	0.09381	0.97249	-0.21320	0.98931	-0.06703	0.12954	1.86766	0.89691	0.13073	0	100.00
dodge_side	117	600.9235	931.2741	58.9630	655.6231	944.8912	-22.4394	0.09152	0.97565	-0.19932	0.98974	-0.06706	0.12617	1.73801	0.29066	0.22122	0	100.00
dodge_side	118	606.3839	939.1486	58.7201	655.6718	945.4329	-28.7917	0.08952	0.97847	-0.18598	0.98960	-0.06627	0.12770	1.61125	-0.29411	0.30321	0	100.00
dodge_side	119	611.8444	947.0332	58.4341	655.7206	945.9745	-34.3110	0.08757	0.98098	-0.17322	0.98945	-0.06551	0.12918	1.53701	-0.28153	0.29071	0	100.00
dodge_side	120	617.3047	954.9176	58.0981	655.7696	946.5159	-39.8239	0.08567	0.98322	-0.16106	0.98931	-0.06480	0.13060	1.46273	-0.26928	0.27829	0	100.00
dodge_side	121	622.7651	962.8121	57.7223	655.8085	947.0571	-45.3271	0.08382	0.98520	-0.14949	0.98918	-0.06413	0.13198	1.38842	-0.25734	0.26593	0	100.00
dodge_side	122	628.2354	970.7065	57.2965	655.8475	947.5983	-50.8207	0.08203	0.98696	-0.13852	0.98904	-0.06349	0.13331	1.31409	-0.24571	0.25363	0	100.00
dodge_side	123	633.7057	978.6112	56.8307	655.8865	948.1392	-56.3146	0.08030	0.98850	-0.12816	0.98890	-0.06289	0.13458	1.23973	-0.23437	0.24136	0	100.00
dodge_side	124	639.1760	986.5156	56.3150	655.9256	948.6801	-61.7989	0.07864	0.98985	-0.11840	0.98877	-0.06231	0.13582	1.16534	-0.22333	0.22914	0	100.00
dodge_side	125	644.6464	994.4302	55.7594	655.9646	949.2308	-67.2734	0.07705	0.99102	-0.10926	0.98864	-0.06176	0.13700	1.09093	-0.21256	0.21694	0	100.00
dodge_side	126	650.1167	1002.3448	55.1538	656.0038	949.7815	-72.7484	0.07554	0.99204	-0.10073	0.98852	-0.06124	0.13815	1.01650	-0.20205	0.20476	0	100.00
dodge_side	127	655.5870	1010.2595	54.4982	656.0429	950.3321	-78.2136	0.07410	0.99292	-0.09282	0.98839	-0.06074	0.13925	0.94205	-0.19181	0.19259	0	100.00
dodge_side	128	661.0574	1018.1840	53.8027	656.0821	950.8825	-83.6792	0.07274	0.99368	-0.08553	0.98827	-0.06027	0.14031	0.86759	-0.18181	0.18044	0	100.00
dodge_side	129	666.5277	1026.1085	53.0572	656.1213	951.4331	-89.1352	0.07146	0.99432	-0.07886	0.98815	-0.05981	0.14133	0.79311	-0.17206	0.16828	0	100.00
dodge_side	130	671.9980	1034.0432	52.2717	656.1607	951.9833	-94.5915	0.07027	0.99487	-0.07280	0.98804	-0.05938	0.14231	0.71861	-0.16254	0.15613	0	100.00
dodge_side	131	677.4683	1041.9778	51.4363	656.2000	952.5337	-100.0481	0.06917	0.99533	-0.06737	0.98793	-0.05896	0.14325	0.64410	-0.15324	0.14397	0	100.00
dodge_side	132	682.9385	1049.9224	50.5609	656.2294	953.0839	-105.4951	0.06815	0.99571	-0.06256	0.98782	-0.05855	0.14416	0.56958	-0.14417	0.13181	0	100.00
dodge_side	133	688.4089	1057.8669	49.6355	656.2588	953.6341	-110.9424	0.06723	0.99603	-0.05838	0.98772	-0.05817	0.14504	0.49504	-0.13530	0.11963	0	100.00
dodge_side	134	693.8790	1065.8215	48.6701	656.2883	954.1843	-116.3901	0.06640	0.99629	-0.05482	0.98761	-0.05779	0.14587	0.42050	-0.12663	0.10744	0	100.00
dodge_side	135	699.3493	1073.7760	47.6547	656.3179	954.7344	-121.8381	0.06566	0.99649	-0.05188	0.98752	-0.05743	0.14668	0.34594	-0.11815	0.09524	0	100.00
dodge_side	136	704.7630	1081.6570	46.9259	649.5588	945.2507	-86.8947	0.06343	0.99724	-0.03860	0.98734	-0.05707	0.14802	1.58169	-0.25471	0.27915	0	100.00
dodge_side	137	710.1732	1089.5417	46.1536	649.5862	945.8050	-93.1624	0.06126	0.99778	-0.02595	0.98645	-0.05656	0.15399	1.47140	-0.81033	0.28780	0	100.00
dodge_side	138	715.5834	1097.4263	45.3215	649.6149	946.3553	-99.4254	0.05908	0.99816	-0.01394	0.98481	-0.05600	0.16435	1.36394	-1.33990	0.28880	0	100.00
dodge_side	139	720.9937	1105.3209	44.4393	649.6437	946.9055	-105.6787	0.05686	0.99838	-0.00257	0.98231	-0.05548	0.17886	1.25939	-1.84146	0.28253	0	100.00
dodge_diagonal	0	0.0000	7.5000	19.4797	-0.0005	901.4055	297.5694	-0.00000	1.00000	0.00000	0.00000	0.00000	1.00000	0.00000	0.00000	0.00000	1	100.00
dodge_diagonal	1	0.0000	15.0117	21.9932	-0.0005	907.0082	301.5888	-0.00000	1.00000	0.00000	0.00000	0.00000	1.00000	0.00000	0.00000	0.00000	1	100.00
dodge_diagonal	2	0.0000	22.5683	24.5367	-0.0005	912.5601	305.6088	-0.00000	1.00000	0.00000	0.00000	0.00000	1.00000	0.00000	0.00000	0.00000	1	100.00
dodge_diagonal	3	0.0000	30.1747	27.1202	-0.0005	918.0724	309.6288	-0.00000	1.00000	0.00000	0.00000	0.00000	1.00000	0.00000	0.00000	0.00000	1	100.00
dodge_diagonal	4	0.0000	37.8206	29.7337	0.0000	918.0710	313.6488	-0.00000	1.00000	0.00000	0.00000	0.00000	1.00000	0.00000	0.00000	0.00000	0	100.00
dodge_diagonal	5	-0.0000	45.4752	32.3998	-0.0000	918.6265	320.3771	-0.00000	1.00000	0.00000	0.00000	0.00000	1.00000	0.00000	0.00000	0.00000	0	100.00
dodge_diagonal	6	-0.0000	53.1398	35.1259	-0.0000	919.1765	327.1071	-0.00000	1.00000	0.00000	0.00000	0.00000	1.00000	0.00000	0.00000	0.00000	0	100.00
dodge_diagonal	7	-0.0000	60.8044	37.8107	-0.0000	919.7264	321.6844	-0.00000	1.00000	0.00000	0.00000	0.00000	1.00000	0.00000	0.00000	0.00000	0	100.00
dodge_diagonal	8	-0.0000	68.4690	40.4455	-0.0000	920.2764	316.2643	-0.00000	1.00000	0.00000	0.00000	0.00000	1.00000	0.00000	0.00000	0.00000	0	100.00
dodge_diagonal	9	-0.0000	76.1436	43.0404	-0.0000	920.8264	310.8443	-0.00000	1.00000	0.00000	0.00000	0.00000	1.00000	0.00000	0.00000	0.00000	0	100.00
dodge_diagonal	10	-0.0000	83.8181	45.5852	-0.0000	921.3765	305.4243	-0.00000	1.00000	0.00000	0.00000	0.00000	1.00000	0.00000	0.00000	0.00000	0	100.00
dodge_diagonal	11	-0.0000	91.5027	48.0900	-0.0000	921.9265	300.0043	-0.00000	1.00000	0.00000	0.00000	0.00000	1.00000	0.00000	0.00000	0.00000	0	100.00
dodge_diagonal	12	4.0091	102.1336	50.5449	481.0970	1276.0317	294.5844	0.00044	1.00000	-0.00061	0.00000	0.00061	1.00000	-0.07270	-0.00000	-0.05313	0	100.00
dodge_diagonal	13	8.0191	112.7682	52.9497	481.0912	1276.5865	289.1640	0.00088	1.00000	-0.00133	0.00024	0.00133	1.00000	-0.08646	0.02845	-0.05315	0	100.00
dodge_diagonal	14	12.0291	123.4128	55.3145	481.0915	1277.1365	283.7436	0.00132	1.00000	-0.00216	0.00071	0.00216	1.00000	-0.10021	0.05690	-0.05318	0	100.00
dodge_diagonal	15	16.0391	134.0574	57.6294	481.0917	1277.6865	278.3231	0.00176	0.99999	-0.00311	0.00143	0.00311	0.99999	-0.11394	0.08536	-0.05323	0	100.00
dodge_diagonal	16	20.0491	144.7120	59.9042	481.0920	1278.2363	272.9026	0.00221	0.99999	-0.00418	0.00238	0.00417	0.99999	-0.12766	0.11383	-0.05330	0	100.00
dodge_diagonal	17	24.0591	155.3666	62.1290	481.0922	1278.7865	267.4820	0.00264	0.99998	-0.00536	0.00356	0.00535	0.99998	-0.14137	0.14230	-0.05338	0	100.00
dodge_diagonal	18	28.0691	166.0311	64.3138	481.0925	1279.3364	262.0614	0.00308	0.99997	-0.00666	0.00499	0.00664	0.99997	-0.15507	0.17078	-0.05349	0	100.00
dodge_diagonal	19	32.0791	176.6957	66.4487	481.0927	1279.8865	256.6406	0.00352	0.99996	-0.00807	0.00665	0.00804	0.99995	-0.16875	0.19926	-0.05361	0	100.00
dodge_diagonal	20	36.0891	187.3703	68.5435	481.0929	1280.4365	251.2198	0.00395	0.99995	-0.00959	0.00855	0.00956	0.99992	-0.18242	0.22775	-0.05374	0	100.00
dodge_diagonal	21	40.0991	198.0449	70.5882	481.0932	1280.9865	245.7890	0.00437	0.99993	-0.01124	0.01069	0.01119	0.99988	-0.19608	0.25625	-0.05390	0	100.00
dodge_diagonal	22	44.1091	208.7195	72.5930	481.0934	1281.5365	240.3581	0.00479	0.99990	-0.01300	0.01307	0.01293	0.99983	-0.20972	0.28475	-0.05407	0	100.00
dodge_diagonal	23	48.1191	219.4041	74.5477	481.0937	1282.0864	234.9271	0.00521	0.99988	-0.01487	0.01569	0.01479	0.99977	-0.22336	0.31325	-0.05426	0	100.00
dodge_diagonal	24	52.1291	230.0886	76.4625	481.0939	1282.6365	229.4961	0.00562	0.99984	-0.01686	0.01854	0.01675	0.99969	-0.23698	0.34177	-0.05447	0	100.00
dodge_diagonal	25	56.1391	240.7832	78.3272	481.0941	1283.1864	224.0650	0.00602	0.99980	-0.01897	0.02164	0.01883	0.99959	-0.25059	0.37028	-0.05469	0	100.00
dodge_diagonal	26	60.1491	251.4778	80.1519	481.0943	1283.7363	218.6338	0.00641	0.99975	-0.02119	0.02497	0.02102	0.99947	-0.26418	0.39881	-0.05494	0	100.00
dodge_diagonal	27	64.1591	262.1824	81.9267	481.0945	1284.2863	213.2025	0.00679	0.99970	-0.02353	0.02854	0.02332	0.99932	-0.27777	0.42734	-0.05519	0	100.00
dodge_diagonal	28	68.1691	272.8870	83.6614	481.0947	1284.8364	207.7713	0.00716	0.99964	-0.02598	0.03234	0.02573	0.99915	-0.29134	0.45587	-0.05547	0	100.00
dodge_diagonal	29	72.1791	283.6016	84.7402	481.0949	1285.3862	129.6200	0.00751	0.99956	-0.02855	0.03639	0.02826	0.99894	-0.30490	0.48441	-0.05577	0	100.00
dodge_diagonal	30	76.1891	294.3161	85.3968	481.0952	1285.9363	78.8211	0.00785	0.99948	-0.03123	0.04067	0.03089	0.99869	-0.31845	0.51296	-0.05608	0	100.00
dodge_diagonal	31	80.1991	305.0407	85.7817	481.0953	1286.4862	45.7996	0.00817	0.99939	-0.03403	0.04519	0.03363	0.99841	-0.33198	0.54151	-0.05641	0	100.00
dodge_diagonal	32	84.2091	315.7653	85.9827	481.0955	1287.0361	24.3286	0.00848	0.99928	-0.03695	0.04995	0.03648	0.99809	-0.34551	0.57007	-0.05676	0	100.00
dodge_diagonal	33	88.2191	326.4999	86.0664	481.0957	1287.5861	10.3715	0.00876	0.99916	-0.03998	0.05495	0.03944	0.99771	-0.35902	0.59863	-0.05713	0	100.00
dodge_diagonal	34	92.2291	337.2344	86.0808	481.0958	1288.1360	1.3023	0.00902	0.99903	-0.04313	0.06018	0.04251	0.99728	-0.37252	0.62720	-0.05751	0	100.00
dodge_diagonal	35	96.2391	347.9691	86.0417	481.0960	1288.6860	-4.5950	0.00926	0.99888	-0.04640	0.06565	0.04569	0.99680	-0.38601	0.65577	-0.05792	0	100.00
dodge_diagonal	36	100.2491	358.7136	85.9698	481.0961	1289.2358	-8.4266	0.00947	0.99872	-0.04977	0.07136	0.04897	0.99625	-0.39948	0.68435	-0.05834	0	100.00
dodge_diagonal	37	104.2591	369.4582	85.8790	481.0962	1289.7858	-10.9180	0.00966	0.99853	-0.05327	0.07730	0.05236	0.99563	-0.41295	0.71293	-0.05878	0	100.00
dodge_diagonal	38	108.2691	380.2128	85.7755	481.0964	1290.3357	-12.5384	0.00981	0.99833	-0.05687	0.08348	0.05586	0.99494	-0.42641	0.74152	-0.05924	0	100.00
dodge_diagonal	39	112.2791	390.9674	85.6667	481.0964	1290.8855	-13.5934	0.00993	0.99811	-0.06060	0.08989	0.05946	0.99418	-0.43985	0.77012	-0.05972	0	100.00
dodge_diagonal	40	116.2891	401.7320	85.5510	481.0965	1291.4354	-14.2845	0.01001	0.99787	-0.06443	0.09653	0.06317	0.99332	-0.45328	0.79872	-0.06021	0	100.00
dodge_diagonal	41	120.2991	412.4966	85.4272	481.0966	1291.9852	-14.7351	0.01006	0.99761	-0.06838	0.10341	0.06698	0.99238	-0.46670	0.82732	-0.06072	0	100.00
dodge_diagonal	42	124.3091	423.2711	85.3047	481.0966	1292.5352	-15.0298	0.01007	0.99732	-0.07245	0.11052	0.07090	0.99134	-0.48011	0.85593	-0.06126	0	100.00
dodge_diagonal	43	128.3191	434.0457	85.1732	481.0966	1293.0851	-15.2206	0.01003	0.99701	-0.07662	0.11786	0.07491	0.99020	-0.49351	0.88454	-0.06181	0	100.00
dodge_diagonal	44	132.3291	444.8303	85.0421	481.0966	1293.6348	-15.3529	0.00995	0.99667	-0.08091	0.12543	0.07903	0.98895	-0.50690	0.91316	-0.06238	0	100.00
dodge_diagonal	45	136.3391	455.6149	84.9113	481.0965	1294.1847	-15.4398	0.00982	0.99631	-0.08531	0.13323	0.08325	0.98758	-0.52028	0.94178	-0.06297	0	100.00
dodge_diagonal	46	140.3491	466.3994	84.7809	481.0964	1294.7344	-15.4942	0.00964	0.99591	-0.08981	0.14126	0.08756	0.98609	-0.53365	0.97041	-0.06358	0	100.00
dodge_diagonal	47	144.3591	477.1940	84.6505	481.0963	1295.2843	-15.5357	0.00941	0.99549	-0.09443	0.14951	0.09197	0.98447	-0.54701	0.99904	-0.06420	0	100.00
dodge_diagonal	48	148.3691	487.9886	84.5203	481.0962	1295.8340	-15.5643	0.00911	0.99503	-0.09916	0.15798	0.09648	0.98272	-0.56036	1.02767	-0.06485	0	100.00
dodge_diagonal	49	152.3791	498.7932	84.3901	481.0960	1296.3837	-15.5864	0.00876	0.99454	-0.10399	0.16668	0.10109	0.98082	-0.57369	1.05631	-0.06552	0	100.00
dodge_diagonal	50	156.3891	509.5978	84.2600	481.0958	1296.9336	-15.6021	0.00835	0.99401	-0.10893	0.17559	0.10579	0.97876	-0.58702	1.08495	-0.06621	0	100.00
dodge_diagonal	51	160.3991	520.4124	84.1299	481.0956	1297.4832	-15.6178	0.00787	0.99345	-0.11398	0.18473	0.11058	0.97655	-0.60034	1.11360	-0.06691	0	100.00
dodge_diagonal	52	164.4091	531.2269	83.9998	481.0954	1298.0328	-15.6271	0.00732	0.99285	-0.11913	0.19407	0.11546	0.97417	-0.61365	1.14225	-0.06764	0	100.00
dodge_diagonal	53	168.4191	542.0515	83.8697	481.0950	1298.5825	-15.6365	0.00670	0.99221	-0.12439	0.20363	0.12043	0.97161	-0.62695	1.17090	-0.06838	0	100.00
dodge_diagonal	54	172.4291	552.8761	83.7396	481.0947	1299.1322	-15.6459	0.00600	0.99153	-0.12974	0.21340	0.12549	0.96887	-0.64024	1.19956	-0.06915	0	100.00
dodge_diagonal	55	176.4391	563.7107	83.6095	481.0943	1299.6818	-15.6554	0.00522	0.99080	-0.13520	0.22338	0.13063	0.96594	-0.65353	1.22822	-0.06993	0	100.00
dodge_diagonal	56	180.4491	574.5453	83.4795	481.0939	1300.2313	-15.6649	0.00436	0.99004	-0.14075	0.23356	0.13585	0.96281	-0.66680	1.25689	-0.07074	0	100.00
dodge_diagonal	57	184.4591	585.3898	83.3494	481.0934	1300.7809	-15.6745	0.00341	0.98922	-0.14640	0.24394	0.14116	0.95946	-0.68007	1.28556	-0.07157	0	100.00
dodge_diagonal	58	188.4691	596.2344	83.2193	481.0929	1301.3306	-15.6841	0.00237	0.98836	-0.15215	0.25451	0.14654	0.95590	-0.69332	1.31423	-0.07241	0	100.00
dodge_diagonal	59	192.4791	607.0790	83.0892	481.0923	1301.8801	-15.6938	0.00124	0.98744	-0.15798	0.26528	0.15200	0.95211	-0.70657	1.34290	-0.07328	0	100.00
dodge_diagonal	60	196.4891	617.9335	82.9591	481.0916	1302.4294	-15.7036	0.00001	0.98648	-0.16391	0.27624	0.15753	0.94809	-0.71982	1.37158	-0.07417	0	100.00
dodge_diagonal	61	200.4991	628.7880	82.8291	481.0910	1302.9690	-15.7134	-0.00132	0.98546	-0.16993	0.28738	0.16313	0.94382	-0.73305	1.40026	-0.07508	0	100.00
dodge_diagonal	62	204.5091	639.6525	82.6990	481.0903	1303.5084	-15.7232	-0.00276	0.98438	-0.17603	0.29869	0.16880	0.93930	-0.74628	1.42894	-0.07601	0	100.00
dodge_diagonal	63	208.5191	650.5171	82.5689	481.0894	1304.0477	-15.7331	-0.00430	0.98325	-0.18221	0.31018	0.17454	0.93452	-0.75950	1.45763	-0.07696	0	100.00
dodge_diagonal	64	212.5290	661.3915	82.4388	481.0786	1304.5872	-15.7430	-0.00596	0.98206	-0.18848	0.32184	0.18033	0.92946	-0.77271	1.48631	-0.07793	0	100.00
dodge_diagonal	65	216.5389	672.2661	82.3087	481.0677	1305.1265	-15.7530	-0.00773	0.98081	-0.19482	0.33366	0.18619	0.92412	-0.78592	1.51500	-0.07892	0	100.00
dodge_diagonal	66	220.5488	683.1506	82.1786	481.0567	1305.6659	-15.7630	-0.00963	0.97950	-0.20123	0.34564	0.19210	0.91849	-0.79912	1.54370	-0.07993	0	100.00
dodge_diagonal	67	224.5587	694.0350	82.0486	481.0456	1306.2050	-15.7731	-0.01165	0.97812	-0.20772	0.35777	0.19806	0.91256	-0.81232	1.57239	-0.08097	0	100.00
dodge_diagonal	68	228.5686	704.9295	81.9185	481.0345	1306.7443	-15.7832	-0.01379	0.97668	-0.21427	0.37004	0.20406	0.90633	-0.82551	1.60109	-0.08202	0	100.00
dodge_diagonal	69	232.5785	715.8240	81.7884	481.0233	1307.2836	-15.7934	-0.01607	0.97517	-0.22089	0.38245	0.21012	0.89977	-0.83869	1.62978	-0.08310	0	100.00
dodge_diagonal	70	236.5884	726.7185	81.6583	481.0121	1307.8228	-15.8035	-0.01849	0.97359	-0.22757	0.39499	0.21621	0.89288	-0.85187	1.65848	-0.08420	0	100.00
dodge_diagonal	71	240.5983	737.6230	81.5282	481.0007	1308.3618	-15.8137	-0.02105	0.97194	-0.23430	0.40765	0.22233	0.88566	-0.86505	1.68719	-0.08532	0	100.00
dodge_diagonal	72	244.6082	748.5275	81.3981	480.9893	1308.9009	-15.8240	-0.02374	0.97021	-0.24109	0.42042	0.22849	0.87809	-0.87822	1.71589	-0.08646	0	100.00
dodge_diagonal	73	248.6181	759.4420	81.2681	480.9678	1309.4399	-15.8343	-0.02659	0.96841	-0.24792	0.43330	0.23467	0.87016	-0.89138	1.74459	-0.08763	0	100.00
dodge_diagonal	74	252.6279	770.3564	81.1380	480.9462	1309.9689	-15.8446	-0.02959	0.96654	-0.25480	0.44627	0.24087	0.86187	-0.90454	1.77329	-0.08881	0	100.00
dodge_diagonal	75	256.6377	781.2808	81.0079	480.9246	1310.4979	-15.8549	-0.03274	0.96459	-0.26172	0.45933	0.24709	0.85321	-0.91770	1.80200	-0.09002	0	100.00
dodge_diagonal	76	260.6475	792.2053	80.8778	480.9028	1311.0267	-15.8652	-0.03606	0.96256	-0.26867	0.47247	0.25332	0.84416	-0.93086	1.83070	-0.09125	0	100.00
dodge_diagonal	77	264.6573	803.1396	80.7477	480.8810	1311.5557	-15.8756	-0.03953	0.96045	-0.27565	0.48568	0.25955	0.83472	-0.94401	1.85941	-0.09250	0	100.00
dodge_diagonal	78	268.6671	814.0740	80.6176	480.8590	1312.0845	-15.8860	-0.04318	0.95825	-0.28265	0.49894	0.26579	0.82487	-0.95716	1.88811	-0.09378	0	100.00
dodge_diagonal	79	272.6769	825.0085	80.4875	480.8270	1312.6132	-15.8963	-0.04699	0.95597	-0.28967	0.51225	0.27202	0.81462	-0.97031	1.91682	-0.09507	0	100.00
dodge_diagonal	80	276.6866	835.9529	80.3574	480.7949	1313.1420	-15.9067	-0.05098	0.95361	-0.29670	0.52559	0.27823	0.80396	-0.98345	1.94552	-0.09639	0	100.00
dodge_diagonal	81	280.6964	846.8972	80.2274	480.7627	1313.6708	-15.9171	-0.05514	0.95116	-0.30374	0.53895	0.28443	0.79286	-0.99660	1.97423	-0.09773	0	100.00
dodge_diagonal	82	284.7061	857.8516	80.0973	480.7303	1314.1992	-15.9276	-0.05948	0.94862	-0.31077	0.55233	0.29060	0.78133	-1.00974	2.00293	-0.09909	0	100.00
dodge_diagonal	83	288.7158	868.8060	79.9672	480.6979	1314.7179	-15.9380	-0.06401	0.94599	-0.31780	0.56570	0.29674	0.76937	-1.02288	2.03164	-0.10048	0	100.00
dodge_diagonal	84	292.7254	879.7703	79.8371	480.6554	1315.2365	-15.9484	-0.06873	0.94328	-0.32482	0.57906	0.30285	0.75695	-1.03602	2.06034	-0.10188	0	100.00
dodge_diagonal	85	296.7351	890.7346	79.7070	480.6128	1315.7550	-15.9588	-0.07363	0.94047	-0.33181	0.59239	0.30890	0.74408	-1.04917	2.08904	-0.10331	0	100.00
dodge_diagonal	86	300.7447	901.6990	79.5769	480.5701	1316.2734	-15.9692	-0.07873	0.93757	-0.33878	0.60567	0.31491	0.73075	-1.06231	2.11774	-0.10476	0	100.00
dodge_diagonal	87	304.7444	912.6733	79.4468	480.5273	1316.7919	-15.9795	-0.08402	0.93457	-0.34572	0.61890	0.32085	0.71694	-1.07545	2.14644	-0.10623	0	100.00
dodge_diagonal	88	308.7439	923.6475	79.3167	480.4743	1317.3101	-15.9899	-0.08951	0.93148	-0.35261	0.63206	0.32673	0.70267	-1.08860	2.17514	-0.10773	0	100.00
dodge_diagonal	89	312.7435	934.6319	79.1867	480.4213	1317.8284	-16.0002	-0.09521	0.92830	-0.35945	0.64513	0.33254	0.68791	-1.10174	2.20383	-0.10925	0	100.00
dodge_diagonal	90	316.7431	945.6161	79.0099	480.3681	1318.3367	-21.6174	-0.10110	0.92501	-0.36623	0.65810	0.33825	0.67267	-1.11489	2.23253	-0.11079	0	100.00
dodge_diagonal	91	320.7425	956.6103	78.7831	480.3048	1318.8448	-27.2311	-0.10664	0.92168	-0.37301	0.67027	0.34374	0.65771	-1.12022	2.12791	-0.13157	0	100.00
dodge_diagonal	92	324.7420	967.6046	78.5062	480.2418	1319.3529	-32.8549	-0.11184	0.91828	-0.37980	0.68169	0.34899	0.64304	-1.12671	2.02658	-0.15200	0	100.00
dodge_diagonal	93	328.7415	978.5988	78.1893	480.1788	1319.8611	-38.4787	-0.11668	0.91482	-0.38663	0.69241	0.35401	0.62868	-1.13434	1.92840	-0.17207	0	100.00
dodge_diagonal	94	332.7408	989.6030	77.8225	480.1062	1320.3691	-44.1025	-0.12118	0.91130	-0.39351	0.70248	0.35882	0.61463	-1.14308	1.83324	-0.19176	0	100.00
dodge_diagonal	95	336.7403	1000.6072	77.4055	480.0336	1320.8673	-49.7363	-0.12534	0.90770	-0.40046	0.71193	0.36341	0.60090	-1.15290	1.74099	-0.21107	0	100.00
dodge_diagonal	96	340.7397	1011.6214	76.9486	479.9614	1321.3652	-55.3701	-0.12916	0.90403	-0.40750	0.72081	0.36780	0.58749	-1.16377	1.65151	-0.22999	0	100.00
dodge_diagonal	97	344.7390	1022.6354	76.4415	479.8892	1321.8632	-61.0140	-0.13266	0.90027	-0.41463	0.72915	0.37200	0.57442	-1.17565	1.56471	-0.24851	0	100.00
dodge_diagonal	98	348.7384	1033.6598	75.8845	479.8072	1322.3610	-66.6580	-0.13582	0.89643	-0.42187	0.73699	0.37599	0.56167	-1.18852	1.48047	-0.26662	0	100.00
dodge_diagonal	99	352.7377	1044.6838	75.2775	479.7256	1322.8589	-72.3020	-0.13866	0.89249	-0.42923	0.74436	0.37980	0.54925	-1.20234	1.39869	-0.28433	0	100.00
dodge_diagonal	100	356.7370	1055.7079	74.6304	479.6439	1323.3467	-77.9561	-0.14118	0.88845	-0.43673	0.75129	0.38343	0.53716	-1.21709	1.31928	-0.30163	0	100.00
dodge_diagonal	101	360.7363	1066.7418	73.9332	479.5625	1323.8345	-83.6103	-0.14339	0.88430	-0.44436	0.75782	0.38689	0.52539	-1.23272	1.24214	-0.31852	0	100.00
dodge_diagonal	102	364.7357	1077.7760	73.1860	479.4813	1324.3221	-89.2745	-0.14529	0.88004	-0.45214	0.76395	0.39017	0.51394	-1.24921	1.16719	-0.33500	0	100.00
dodge_diagonal	103	368.7350	1088.8201	72.3988	479.4003	1324.8098	-94.9389	-0.14688	0.87565	-0.46007	0.76974	0.39330	0.50282	-1.26653	1.09433	-0.35106	0	100.00
dodge_diagonal	104	372.7343	1099.8639	71.5616	479.3194	1325.2874	-100.6033	-0.14817	0.87113	-0.46816	0.77519	0.39626	0.49200	-1.28465	1.02350	-0.36671	0	100.00
dodge_diagonal	105	376.7236	1110.9081	70.6743	479.2287	1325.7649	-106.2778	-0.14916	0.86647	-0.47642	0.78032	0.39907	0.48149	-1.30353	0.95461	-0.38195	0	100.00
dodge_diagonal	106	380.7128	1121.9620	69.7371	479.1381	1326.2423	-111.9523	-0.14986	0.86167	-0.48484	0.78517	0.40174	0.47129	-1.32315	0.88758	-0.39679	0	100.00
dodge_diagonal	107	384.7020	1133.0160	68.7597	479.0477	1326.7197	-117.6370	-0.15027	0.85671	-0.49343	0.78975	0.40426	0.46138	-1.34347	0.82236	-0.41122	0	100.00
dodge_diagonal	108	388.5925	1143.8096	68.6917	467.1008	1294.7499	-8.2017	-0.14518	0.86123	-0.48704	0.78672	0.39900	0.47104	1.05364	-0.93308	-0.17743	0	100.00
dodge_diagonal	109	392.4818	1154.6035	68.5673	467.0203	1295.2195	-14.7216	-0.13901	0.86598	-0.48036	0.78215	0.39353	0.48309	1.13627	-1.27057	-0.14616	0	100.00
dodge_diagonal	110	396.3712	1165.3973	68.3930	466.9437	1295.6920	-21.2379	-0.13182	0.87093	-0.47339	0.77606	0.38779	0.49735	1.21096	-1.58807	-0.12157	0	100.00
dodge_diagonal	111	400.2606	1176.2014	68.1588	466.8678	1296.1748	-27.7440	-0.12369	0.87605	-0.46610	0.76845	0.38174	0.51358	1.27780	-1.88492	-0.10378	0	100.00
dodge_diagonal	112	404.1500	1187.0054	67.8815	466.7922	1296.6576	-33.4166	-0.11559	0.88083	-0.45910	0.76092	0.37561	0.52907	1.20595	-1.83385	-0.13964	0	100.00
dodge_diagonal	113	408.0393	1197.8196	67.5543	466.7267	1297.1403	-39.0827	-0.10753	0.88531	-0.45240	0.75349	0.36943	0.54386	1.13575	-1.78494	-0.17523	0	100.00
dodge_diagonal	114	411.9288	1208.6335	67.1771	466.6613	1297.6328	-44.7490	-0.09946	0.88949	-0.44601	0.74615	0.36321	0.55798	1.06717	-1.73811	-0.21060	0	100.00
dodge_diagonal	115	415.8184	1219.4478	66.7600	466.6058	1298.1251	-50.4054	-0.09139	0.89337	-0.43992	0.73892	0.35699	0.57145	1.00015	-1.69326	-0.24580	0	100.00
dodge_diagonal	116	419.7079	1230.2717	66.2928	466.5502	1298.6173	-56.0621	-0.08328	0.89698	-0.43415	0.73180	0.35076	0.58432	0.93465	-1.65033	-0.28085	0	100.00
dodge_diagonal	117	423.5975	1241.0959	65.7757	466.5047	1299.1093	-61.7189	-0.07513	0.90032	-0.42869	0.72480	0.34456	0.59661	0.87062	-1.60922	-0.31578	0	100.00
dodge_diagonal	118	427.4872	1251.9299	65.2186	466.4593	1299.6011	-67.3658	-0.06692	0.90340	-0.42355	0.71791	0.33840	0.60835	0.80804	-1.56986	-0.35064	0	100.00
dodge_diagonal	119	431.3768	1262.7643	64.6116	466.4138	1300.1028	-73.0130	-0.05864	0.90622	-0.41872	0.71115	0.33228	0.61956	0.74685	-1.53217	-0.38543	0	100.00
dodge_diagonal	120	435.2665	1273.5984	63.9545	466.3784	1300.6044	-78.6603	-0.05027	0.90880	-0.41420	0.70451	0.32623	0.63027	0.68702	-1.49608	-0.42019	0	100.00
dodge_diagonal	121	439.1562	1284.4424	63.2474	466.3431	1301.1058	-84.3078	-0.04180	0.91113	-0.41000	0.69800	0.32024	0.64050	0.62851	-1.46152	-0.45493	0	100.00
dodge_diagonal	122	443.0460	1295.2866	62.5005	466.3177	1301.6072	-89.9454	-0.03322	0.91322	-0.40610	0.69161	0.31433	0.65029	0.57128	-1.42841	-0.48967	0	100.00
dodge_diagonal	123	446.9358	1306.1409	61.7035	466.2925	1302.1083	-95.5833	-0.02452	0.91509	-0.40251	0.68535	0.30851	0.65964	0.51531	-1.39671	-0.52442	0	100.00
dodge_diagonal	124	450.8257	1316.9950	60.8565	466.2774	1302.6094	-101.2213	-0.01569	0.91672	-0.39922	0.67921	0.30278	0.66858	0.46055	-1.36634	-0.55920	0	100.00
dodge_diagonal	125	454.7155	1327.8593	59.9695	466.2622	1303.1102	-106.8595	-0.00671	0.91812	-0.39624	0.67320	0.29715	0.67713	0.40699	-1.33725	-0.59401	0	100.00
dodge_diagonal	126	458.6054	1338.7235	59.0326	466.2572	1303.6208	-112.4878	0.00241	0.91930	-0.39355	0.66731	0.29163	0.68531	0.35457	-1.30938	-0.62888	0	100.00
dodge_diagonal	127	462.4954	1349.5878	58.0457	466.2523	1304.1316	-118.1163	0.01138	0.92012	-0.39147	0.66154	0.28664	0.69296	0.26157	-1.26788	-0.62948	0	100.00
dodge_diagonal	128	466.3855	1360.4619	57.0188	466.2573	1304.6421	-123.7452	0.02022	0.92059	-0.39001	0.65591	0.28220	0.70010	0.16938	-1.22737	-0.63055	0	100.00
dodge_diagonal	129	470.2755	1371.3362	55.9419	466.2622	1305.1525	-129.3743	0.02892	0.92071	-0.38917	0.65043	0.27830	0.70675	0.07797	-1.18782	-0.63211	0	100.00
dodge_diagonal	130	474.1656	1382.2205	54.8150	464.7608	1306.3795	-135.0039	0.03751	0.92050	-0.38895	0.64509	0.27495	0.71292	-0.00462	-1.10315	-0.59401	0	100.00
dodge_diagonal	131	478.0128	1393.0416	53.8601	458.6448	1299.6432	-113.9840	0.04956	0.92330	-0.38087	0.63173	0.26639	0.72798	0.94619	-2.35792	-0.48726	0	100.00
dodge_diagonal	132	481.8322	1403.8746	52.8337	455.8962	1301.2902	-123.1509	0.06121	0.92625	-0.37190	0.61712	0.25772	0.74347	1.02283	-2.47048	-0.40021	0	100.00
dodge_diagonal	133	485.6294	1414.7184	51.7274	452.9657	1302.9760	-132.3159	0.07233	0.92936	-0.36203	0.60132	0.24896	0.75924	1.09524	-2.56905	-0.30935	0	100.00
dodge_diagonal	134	489.4050	1425.5823	50.5511	449.8554	1304.6864	-141.4705	0.08280	0.93259	-0.35131	0.58439	0.24012	0.77513	1.16331	-2.65376	-0.21453	0	100.00
dodge_diagonal	135	493.1491	1436.4565	49.2948	446.5663	1306.4213	-150.6245	0.09250	0.93595	-0.33978	0.56642	0.23119	0.79103	1.22694	-2.72489	-0.11563	0	100.00
dodge_diagonal	136	496.8718	1447.3511	47.9586	443.0989	1308.1799	-159.7681	0.10134	0.93941	-0.32748	0.54748	0.22219	0.80679	1.28606	-2.78286	-0.01254	0	100.00
dodge_diagonal	137	500.5629	1458.2556	46.5525	439.4535	1309.9424	-168.7997	0.10920	0.94297	-0.31446	0.52765	0.21312	0.82230	1.34319	-2.83012	0.09476	0	100.00
dodge_diagonal	138	504.2226	1469.1805	45.0673	435.6373	1311.7195	-177.0023	0.11599	0.94662	-0.30077	0.50701	0.20397	0.83746	1.41700	-2.88216	0.20605	0	100.00
dodge_diagonal	139	507.8508	1480.1154	43.5189	431.6245	1313.4949	-184.5102	0.12166	0.95039	-0.28629	0.48554	0.19459	0.85228	1.50506	-2.93928	0.32219	0	100.00
dodge_then_cancel	0	0.0000	7.5000	19.4572	-0.0005	901.4055	294.8611	-0.00000	1.00000	0.00000	0.00000	0.00000	1.00000	0.00000	0.00000	0.00000	1	100.00
dodge_then_cancel	1	0.0000	15.0117	21.9507	-0.0005	907.0082	298.8888	-0.00000	1.00000	0.00000	0.00000	0.00000	1.00000	0.00000	0.00000	0.00000	1	100.00
dodge_then_cancel	2	0.0000	22.5683	24.4742	-0.0005	912.5601	302.9088	-0.00000	1.00000	0.00000	0.00000	0.00000	1.00000	0.00000	0.00000	0.00000	1	100.00
dodge_then_cancel	3	0.0000	30.1747	27.0277	-0.0005	918.0724	306.9288	-0.00000	1.00000	0.00000	0.00000	0.00000	1.00000	0.00000	0.00000	0.00000	1	100.00
dodge_then_cancel	4	0.0000	37.8206	29.6212	0.0000	918.0710	310.9488	-0.00000	1.00000	0.00000	0.00000	0.00000	1.00000	0.00000	0.00000	0.00000	0	100.00
dodge_then_cancel	5	-0.0000	45.4752	32.2673	-0.0000	918.6265	317.6771	-0.00000	1.00000	0.00000	0.00000	0.00000	1.00000	0.00000	0.00000	0.00000	0	100.00
dodge_then_cancel	6	-0.0000	53.1398	34.9734	-0.0000	919.1765	324.4071	-0.00000	1.00000	0.00000	0.00000	0.00000	1.00000	0.00000	0.00000	0.00000	0	100.00
dodge_then_cancel	7	-0.0000	60.8044	37.6282	-0.0000	919.7264	318.9843	-0.00000	1.00000	0.00000	0.00000	0.00000	1.00000	0.00000	0.00000	0.00000	0	100.00
dodge_then_cancel	8	-0.0000	68.4690	40.2430	-0.0000	920.2764	313.5643	-0.00000	1.00000	0.00000	0.00000	0.00000	1.00000	0.00000	0.00000	0.00000	0	100.00
dodge_then_cancel	9	-0.0000	76.1436	42.8079	-0.0000	920.8264	308.1443	-0.00000	1.00000	0.00000	0.00000	0.00000	1.00000	0.00000	0.00000	0.00000	0	100.00
dodge_then_cancel	10	-0.0000	83.8181	45.3327	-0.0000	921.3765	302.7243	-0.00000	1.00000	0.00000	0.00000	0.00000	1.00000	0.00000	0.00000	0.00000	0	100.00
dodge_then_cancel	11	-0.0000	91.5027	47.8075	-0.0000	921.9265	297.3044	-0.00000	1.00000	0.00000	0.00000	0.00000	1.00000	0.00000	0.00000	0.00000	0	100.00
dodge_then_cancel	12	-0.0000	103.3540	50.2424	-0.0019	1422.4764	291.8843	-0.00000	1.00000	-0.00087	-0.00000	0.00087	1.00000	-0.10386	-0.00000	0.00000	0	100.00
dodge_then_cancel	13	-0.0000	115.2086	52.6272	-0.0000	1423.0265	286.4639	-0.00000	1.00000	-0.00189	-0.00000	0.00189	1.00000	-0.12334	-0.00000	-0.00000	0	100.00
dodge_then_cancel	14	-0.0000	127.0731	54.9720	-0.0000	1423.5764	281.0433	-0.00000	1.00000	-0.00308	-0.00000	0.00308	1.00000	-0.14281	-0.00000	0.00000	0	100.00
dodge_then_cancel	15	-0.0000	138.9377	57.2669	-0.0000	1424.1265	275.6226	-0.00000	0.99999	-0.00444	-0.00000	0.00444	0.99999	-0.16229	-0.00000	0.00000	0	100.00
dodge_then_cancel	16	-0.0000	150.8123	59.5217	-0.0000	1424.6764	270.2018	-0.00000	0.99998	-0.00595	-0.00000	0.00595	0.99998	-0.18177	-0.00000	0.00000	0	100.00
dodge_then_cancel	17	-0.0000	162.6869	61.7265	-0.0000	1425.2264	264.7810	-0.00000	0.99997	-0.00763	-0.00000	0.00763	0.99997	-0.20124	-0.00000	0.00000	0	100.00
dodge_then_cancel	18	-0.0000	174.5715	63.8913	-0.0000	1425.7764	259.3601	-0.00000	0.99996	-0.00926	-0.00000	0.00926	0.99996	-0.19642	-0.00000	0.00000	0	100.00
dodge_then_cancel	19	-0.0000	186.4561	66.0062	-0.0000	1426.3264	253.9392	-0.00000	0.99994	-0.01086	-0.00000	0.01086	0.99994	-0.19171	-0.00000	0.00000	0	100.00
dodge_then_cancel	20	-0.0000	198.3506	68.0809	-0.0000	1426.8765	248.5083	-0.00000	0.99992	-0.01242	-0.00000	0.01242	0.99992	-0.18712	-0.00000	0.00000	0	100.00
dodge_then_cancel	21	-0.0000	210.2452	70.1057	-0.0000	1427.4264	243.0774	-0.00000	0.99990	-0.01394	-0.00000	0.01394	0.99990	-0.18263	-0.00000	0.00000	0	100.00
dodge_then_cancel	22	-0.0000	222.1498	72.0904	-0.0000	1427.9764	237.6466	-0.00000	0.99988	-0.01543	-0.00000	0.01543	0.99988	-0.17825	-0.00000	0.00000	0	100.00
dodge_then_cancel	23	-0.0000	234.0544	74.0251	-0.0000	1428.5264	232.2158	-0.00000	0.99986	-0.01688	-0.00000	0.01688	0.99986	-0.17398	-0.00000	0.00000	0	100.00
dodge_then_cancel	24	-0.0000	245.9590	75.9199	-0.0000	1429.0765	226.7849	-0.00000	0.99983	-0.01829	-0.00000	0.01829	0.99983	-0.16981	-0.00000	0.00000	0	100.00
dodge_then_cancel	25	-0.0000	257.8736	77.7646	-0.0000	1429.6262	221.3542	-0.00000	0.99981	-0.01967	-0.00000	0.01967	0.99981	-0.16574	-0.00000	0.00000	0	100.00
dodge_then_cancel	26	-0.0000	269.7881	79.5594	-0.0000	1430.1764	215.9234	-0.00000	0.99978	-0.02102	-0.00000	0.02102	0.99978	-0.16176	-0.00000	0.00000	0	100.00
dodge_then_cancel	27	-0.0000	281.7127	81.3141	-0.0000	1430.7262	210.4927	-0.00000	0.99975	-0.02234	-0.00000	0.02234	0.99975	-0.15788	-0.00000	0.00000	0	100.00
dodge_then_cancel	28	-0.0000	293.6373	83.0188	-0.0000	1431.2764	205.0619	-0.00000	0.99972	-0.02362	-0.00000	0.02362	0.99972	-0.15410	-0.00000	0.00000	0	100.00
dodge_then_cancel	29	-0.0000	305.5719	84.0855	-0.0000	1431.8264	127.8599	-0.00000	0.99969	-0.02487	-0.00000	0.02487	0.99969	-0.15040	-0.00000	0.00000	0	100.00
dodge_then_cancel	30	-0.0000	317.5065	84.7373	-0.0000	1432.3763	77.6727	-0.00000	0.99966	-0.02610	-0.00000	0.02610	0.99966	-0.14680	-0.00000	0.00000	0	100.00
dodge_then_cancel	31	-0.0000	329.4510	85.1154	-0.0000	1432.9263	45.0550	-0.00000	0.99963	-0.02729	-0.00000	0.02729	0.99963	-0.14328	-0.00000	0.00000	0	100.00
dodge_then_cancel	32	-0.0000	341.3956	85.3188	-0.0000	1433.4762	23.8513	-0.00000	0.99960	-0.02845	-0.00000	0.02845	0.99960	-0.13984	-0.00000	0.00000	0	100.00
dodge_then_cancel	33	-0.0000	353.3502	85.4039	-0.0000	1434.0262	10.0707	-0.00000	0.99956	-0.02959	-0.00000	0.02959	0.99956	-0.13649	-0.00000	0.00000	0	100.00
dodge_then_cancel	34	-0.0000	365.3048	85.4093	-0.0000	1434.5763	1.1130	-0.00000	0.99953	-0.03070	-0.00000	0.03070	0.99953	-0.13322	-0.00000	0.00000	0	100.00
dodge_then_cancel	35	-0.0000	377.2594	85.3707	-0.0000	1435.1262	-4.7116	-0.00000	0.99949	-0.03178	-0.00000	0.03178	0.99949	-0.13003	-0.00000	0.00000	0	100.00
dodge_then_cancel	36	-0.0000	389.2240	85.2992	-0.0000	1435.6761	-8.4965	-0.00000	0.99946	-0.03284	-0.00000	0.03284	0.99946	-0.12691	-0.00000	0.00000	0	100.00
dodge_then_cancel	37	-0.0000	401.1886	85.2087	-0.0000	1436.2261	-10.9541	-0.00000	0.99943	-0.03387	-0.00000	0.03387	0.99943	-0.12387	-0.00000	0.00000	0	100.00
dodge_then_cancel	38	-0.0000	413.1631	85.1054	-0.0000	1436.7761	-12.5536	-0.00000	0.99939	-0.03488	-0.00000	0.03488	0.99939	-0.12090	-0.00000	0.00000	0	100.00
dodge_then_cancel	39	-0.0000	425.1377	84.9967	-0.0000	1437.3263	-13.5942	-0.00000	0.99936	-0.03586	-0.00000	0.03586	0.99936	-0.11800	-0.00000	0.00000	0	100.00
dodge_then_cancel	40	-0.0000	437.1223	84.8811	-0.0000	1437.8761	-14.2707	-0.00000	0.99932	-0.03682	-0.00000	0.03682	0.99932	-0.11517	-0.00000	0.00000	0	100.00
dodge_then_cancel	41	-0.0000	449.1069	84.7574	-0.0000	1438.4261	-14.7133	-0.00000	0.99929	-0.03776	-0.00000	0.03776	0.99929	-0.11241	-0.00000	0.00000	0	100.00
dodge_then_cancel	42	-0.0000	461.1014	84.6350	-0.0000	1438.9760	-14.9998	-0.00000	0.99925	-0.03867	-0.00000	0.03867	0.99925	-0.10971	-0.00000	0.00000	0	100.00
dodge_then_cancel	43	-0.0000	473.0960	84.5135	-0.0000	1439.5261	-15.1823	-0.00000	0.99922	-0.03956	-0.00000	0.03956	0.99922	-0.10708	-0.00000	0.00000	0	100.00
dodge_then_cancel	44	-0.0000	485.1006	84.3824	-0.0000	1440.0760	-15.3063	-0.00000	0.99918	-0.04043	-0.00000	0.04043	0.99918	-0.10451	-0.00000	0.00000	0	100.00
dodge_then_cancel	45	-0.0000	497.1052	84.2518	-0.0000	1440.6261	-15.3848	-0.00000	0.99915	-0.04128	-0.00000	0.04128	0.99915	-0.10201	-0.00000	0.00000	0	100.00
dodge_then_cancel	46	-0.0000	509.1198	84.1214	-0.0000	1441.1759	-15.4373	-0.00000	0.99911	-0.04211	-0.00000	0.04211	0.99911	-0.09956	-0.00000	0.00000	0	100.00
dodge_then_cancel	47	-0.0000	521.1344	83.9911	-0.0000	1441.7260	-15.4702	-0.00000	0.99908	-0.04292	-0.00000	0.04292	0.99908	-0.09717	-0.00000	0.00000	0	100.00
dodge_then_cancel	48	-0.0000	533.1489	83.8609	-0.0000	1442.2760	-15.4967	-0.00000	0.99904	-0.04371	-0.00000	0.04371	0.99904	-0.09484	-0.00000	0.00000	0	100.00
dodge_then_cancel	49	-0.0000	545.1735	83.7307	-0.0000	1442.8259	-15.5101	-0.00000	0.99901	-0.04448	-0.00000	0.04448	0.99901	-0.09257	-0.00000	0.00000	0	100.00
dodge_then_cancel	50	-0.0000	557.1981	83.6006	-0.0000	1443.3760	-15.5235	-0.00000	0.99898	-0.04523	-0.00000	0.04523	0.99898	-0.09035	-0.00000	0.00000	0	100.00
dodge_then_cancel	51	-0.0000	569.2327	83.4706	-0.0000	1443.9259	-15.5304	-0.00000	0.99894	-0.04597	-0.00000	0.04597	0.99894	-0.08818	-0.00000	0.00000	0	100.00
dodge_then_cancel	52	-0.0000	581.2673	83.3405	-0.0000	1444.4758	-15.5374	-0.00000	0.99891	-0.04668	-0.00000	0.04668	0.99891	-0.08607	-0.00000	0.00000	0	100.00
dodge_then_cancel	53	-0.0000	593.3120	83.2105	-0.0000	1445.0259	-15.5378	-0.00000	0.99888	-0.04738	-0.00000	0.04738	0.99888	-0.08401	-0.00000	0.00000	0	100.00
dodge_then_cancel	54	-0.0000	605.3564	83.0805	-0.0000	1445.5759	-15.5381	-0.00000	0.99884	-0.04807	-0.00000	0.04807	0.99884	-0.08199	-0.00000	0.00000	0	100.00
dodge_then_cancel	55	-0.0000	617.4110	82.9505	-0.0000	1446.1257	-15.5385	-0.00000	0.99881	-0.04873	-0.00000	0.04873	0.99881	-0.08003	-0.00000	0.00000	0	100.00
dodge_then_cancel	56	-0.0000	629.4656	82.8205	-0.0000	1446.6759	-15.5389	-0.00000	0.99878	-0.04938	-0.00000	0.04938	0.99878	-0.07811	-0.00000	0.00000	0	100.00
dodge_then_cancel	57	-0.0000	641.5302	82.6905	-0.0000	1447.2257	-15.5393	-0.00000	0.99875	-0.05002	-0.00000	0.05002	0.99875	-0.07623	-0.00000	0.00000	0	100.00
dodge_then_cancel	58	-0.0000	653.5948	82.5605	-0.0000	1447.7758	-15.5396	-0.00000	0.99872	-0.05064	-0.00000	0.05064	0.99872	-0.07441	-0.00000	0.00000	0	100.00
dodge_then_cancel	59	-0.0000	665.6594	82.4305	-0.0000	1448.3258	-15.5399	-0.00000	0.99869	-0.05124	-0.00000	0.05124	0.99869	-0.07262	-0.00000	0.00000	0	100.00
dodge_then_cancel	60	-0.0000	677.7339	82.3005	-0.0000	1448.8757	-15.5403	-0.00000	0.99866	-0.05183	-0.00000	0.05183	0.99866	-0.07088	-0.00000	0.00000	0	100.00
dodge_then_cancel	61	-0.0000	689.8085	82.1704	-0.0000	1449.4258	-15.5471	-0.00000	0.99863	-0.05241	-0.00000	0.05241	0.99863	-0.06918	-0.00000	0.00000	0	100.00
dodge_then_cancel	62	-0.0000	701.8931	82.0404	-0.0000	1449.9756	-15.5474	-0.00000	0.99860	-0.05297	-0.00000	0.05297	0.99860	-0.06752	-0.00000	0.00000	0	100.00
dodge_then_cancel	63	-0.0000	713.9777	81.9104	-0.0000	1450.5256	-15.5477	-0.00000	0.99857	-0.05352	-0.00000	0.05352	0.99857	-0.06590	-0.00000	0.00000	0	100.00
dodge_then_cancel	64	-0.0000	726.0723	81.7804	-0.0000	1451.0757	-15.5480	-0.00000	0.99854	-0.05405	-0.00000	0.05405	0.99854	-0.06432	-0.00000	0.00000	0	100.00
dodge_then_cancel	65	-0.0000	738.1669	81.6504	-0.0000	1451.6256	-15.5483	-0.00000	0.99851	-0.05457	-0.00000	0.05457	0.99851	-0.06278	-0.00000	0.00000	0	100.00
dodge_then_cancel	66	-0.0000	750.2714	81.5204	-0.0000	1452.1757	-15.5486	-0.00000	0.99848	-0.05508	-0.00000	0.05508	0.99848	-0.06128	-0.00000	0.00000	0	100.00
dodge_then_cancel	67	-0.0000	762.3760	81.3904	-0.0000	1452.7256	-15.5489	-0.00000	0.99845	-0.05558	-0.00000	0.05558	0.99845	-0.05981	-0.00000	0.00000	0	100.00
dodge_then_cancel	68	-0.0000	774.4906	81.2604	-0.0000	1453.2756	-15.5492	-0.00000	0.99843	-0.05607	-0.00000	0.05607	0.99843	-0.05837	-0.00000	0.00000	0	100.00
dodge_then_cancel	69	-0.0000	786.6052	81.1304	-0.0000	1453.8257	-15.5495	-0.00000	0.99840	-0.05654	-0.00000	0.05654	0.99840	-0.05697	-0.00000	0.00000	0	100.00
dodge_then_cancel	70	-0.0000	798.7298	81.0004	-0.0000	1454.3756	-15.5497	-0.00000	0.99837	-0.05700	-0.00000	0.05700	0.99837	-0.05560	-0.00000	0.00000	0	100.00
dodge_then_cancel	71	-0.0000	810.8544	80.8704	-0.0000	1454.9257	-15.5500	-0.00000	0.99835	-0.05745	-0.00000	0.05745	0.99835	-0.05427	-0.00000	0.00000	0	100.00
dodge_then_cancel	72	-0.0000	822.9789	80.7404	-0.0000	1455.4755	-15.5502	-0.00000	0.99832	-0.05790	-0.00000	0.05790	0.99832	-0.05297	-0.00000	0.00000	0	100.00
dodge_then_cancel	73	-0.0000	835.1134	80.6104	-0.0000	1456.0256	-15.5570	-0.00000	0.99830	-0.05833	-0.00000	0.05833	0.99830	-0.05170	-0.00000	0.00000	0	100.00
dodge_then_cancel	74	-0.0000	847.2482	80.4804	-0.0000	1456.5756	-15.5572	-0.00000	0.99827	-0.05875	-0.00000	0.05875	0.99827	-0.05046	-0.00000	0.00000	0	100.00
dodge_then_cancel	75	-0.0000	859.3928	80.3504	-0.0000	1457.1255	-15.5575	-0.00000	0.99825	-0.05915	-0.00000	0.05915	0.99825	-0.04925	-0.00000	0.00000	0	100.00
dodge_then_cancel	76	-0.0000	871.5373	80.2203	-0.0000	1457.6754	-15.5577	-0.00000	0.99823	-0.05955	-0.00000	0.05955	0.99823	-0.04807	-0.00000	0.00000	0	100.00
dodge_then_cancel	77	-0.0000	883.6919	80.0903	-0.0000	1458.2255	-15.5579	-0.00000	0.99820	-0.05995	-0.00000	0.05995	0.99820	-0.04691	-0.00000	0.00000	0	100.00
dodge_then_cancel	78	-0.0000	895.8464	79.9603	-0.0000	1458.7755	-15.5581	-0.00000	0.99818	-0.06033	-0.00000	0.06033	0.99818	-0.04579	-0.00000	0.00000	0	100.00
dodge_then_cancel	79	-0.0000	908.0110	79.8303	-0.0000	1459.3256	-15.5583	-0.00000	0.99816	-0.06070	-0.00000	0.06070	0.99816	-0.04469	-0.00000	0.00000	0	100.00
dodge_then_cancel	80	-0.0000	920.1757	79.7003	-0.0000	1459.8755	-15.5585	-0.00000	0.99813	-0.06106	-0.00000	0.06106	0.99813	-0.04362	-0.00000	0.00000	0	100.00
dodge_then_cancel	81	-0.0000	932.3502	79.5703	-0.0000	1460.4254	-15.5587	-0.00000	0.99811	-0.06141	-0.00000	0.06141	0.99811	-0.04257	-0.00000	0.00000	0	100.00
dodge_then_cancel	82	-0.0000	944.5248	79.4403	-0.0000	1460.9753	-15.5589	-0.00000	0.99809	-0.06176	-0.00000	0.06176	0.99809	-0.04155	-0.00000	0.00000	0	100.00
dodge_then_cancel	83	-0.0000	956.6993	79.3103	-0.0000	1461.5254	-15.5591	-0.00000	0.99807	-0.06210	-0.00000	0.06210	0.99807	-0.04055	-0.00000	0.00000	0	100.00
dodge_then_cancel	84	-0.0000	968.8839	79.1803	-0.0000	1462.0754	-15.5593	-0.00000	0.99805	-0.06243	-0.00000	0.06243	0.99805	-0.03958	-0.00000	0.00000	0	100.00
dodge_then_cancel	85	-0.0000	981.0685	79.0503	-0.0000	1462.6254	-15.5595	-0.00000	0.99803	-0.06275	-0.00000	0.06275	0.99803	-0.03863	-0.00000	0.00000	0	100.00
dodge_then_cancel	86	-0.0000	993.2631	78.9203	-0.0000	1463.1754	-15.5597	-0.00000	0.99801	-0.06306	-0.00000	0.06306	0.99801	-0.03771	-0.00000	0.00000	0	100.00
dodge_then_cancel	87	-0.0000	1005.4577	78.7903	-0.0000	1463.7253	-15.5599	-0.00000	0.99799	-0.06337	-0.00000	0.06337	0.99799	-0.03680	-0.00000	0.00000	0	100.00
dodge_then_cancel	88	-0.0000	1017.6622	78.6603	-0.0000	1464.2754	-15.5600	-0.00000	0.99797	-0.06367	-0.00000	0.06367	0.99797	-0.03592	-0.00000	0.00000	0	100.00
dodge_then_cancel	89	-0.0000	1029.8668	78.5303	-0.0000	1464.8254	-15.5667	-0.00000	0.99795	-0.06396	-0.00000	0.06396	0.99795	-0.03506	-0.00000	0.00000	0	100.00
dodge_then_cancel	90	-0.0000	1042.0813	78.3549	-0.0000	1465.3752	-21.0132	-0.00000	0.99793	-0.06424	-0.00000	0.06424	0.99793	-0.03422	-0.00000	0.00000	0	100.00
dodge_then_cancel	91	-0.0000	1054.2960	78.1295	-0.0000	1465.9253	-26.4634	-0.00000	0.99792	-0.06452	-0.00000	0.06452	0.99792	-0.03340	-0.00000	0.00000	0	100.00
dodge_then_cancel	92	-0.0000	1066.5208	77.8641	-0.0000	1466.4752	-31.9135	-0.00001	0.99790	-0.06479	-0.00000	0.06479	0.99790	-0.03260	-0.00000	0.00000	0	100.00
dodge_then_cancel	93	-0.0000	1078.7452	77.5486	-0.0000	1467.0253	-37.3637	-0.00000	0.99788	-0.06506	-0.00000	0.06506	0.99788	-0.03181	-0.00000	0.00000	0	100.00
dodge_then_cancel	94	-0.0000	1090.9797	77.1932	-0.0000	1467.5753	-42.8138	-0.00000	0.99786	-0.06531	-0.00000	0.06531	0.99786	-0.03105	-0.00000	0.00000	0	100.00
dodge_then_cancel	95	-0.0000	1103.2144	76.7878	-0.0000	1468.1252	-48.2640	-0.00000	0.99785	-0.06557	-0.00000	0.06557	0.99785	-0.03030	-0.00000	0.00000	0	100.00
dodge_then_cancel	96	-0.0000	1115.4490	76.3424	-0.0000	1468.6753	-53.7141	-0.00001	0.99783	-0.06581	-0.00000	0.06581	0.99783	-0.02958	-0.00000	0.00000	0	100.00
dodge_then_cancel	97	-0.0000	1127.6935	75.8470	-0.0000	1469.2252	-59.1642	-0.00001	0.99782	-0.06605	-0.00000	0.06605	0.99782	-0.02887	-0.00000	0.00000	0	100.00
dodge_then_cancel	98	-0.0000	1139.9381	75.3115	-0.0000	1469.7753	-64.6144	-0.00001	0.99780	-0.06629	-0.00000	0.06629	0.99780	-0.02817	-0.00000	0.00000	0	100.00
dodge_then_cancel	99	-0.0000	1152.1926	74.7261	-0.0000	1470.3253	-70.0645	-0.00001	0.99779	-0.06652	-0.00000	0.06652	0.99779	-0.02750	-0.00000	0.00000	0	100.00
dodge_then_cancel	100	-0.0000	1164.4473	74.1007	-0.0000	1470.8752	-75.5146	-0.00001	0.99777	-0.06674	-0.00000	0.06674	0.99777	-0.02684	-0.00000	0.00000	0	100.00
dodge_then_cancel	101	-0.0000	1176.7118	73.4253	-0.0000	1471.4253	-80.9647	-0.00000	0.99776	-0.06696	-0.00000	0.06696	0.99776	-0.02619	-0.00000	0.00000	0	100.00
dodge_then_cancel	102	-0.0000	1188.9764	72.7099	-0.0000	1471.9751	-86.4149	-0.00001	0.99774	-0.06717	-0.00000	0.06717	0.99774	-0.02557	-0.00000	0.00000	0	100.00
dodge_then_cancel	103	-0.0000	1201.2510	71.9445	-0.0000	1472.5253	-91.8650	-0.00001	0.99773	-0.06738	-0.00000	0.06738	0.99773	-0.02495	-0.00000	0.00000	0	100.00
dodge_then_cancel	104	-0.0000	1213.5256	71.1290	-0.0000	1473.0752	-97.3151	-0.00001	0.99771	-0.06758	-0.00000	0.06758	0.99771	-0.02435	-0.00000	0.00000	0	100.00
dodge_then_cancel	105	-0.0000	1225.8102	70.2736	-0.0000	1473.6252	-102.7652	-0.00001	0.99770	-0.06778	-0.00000	0.06778	0.99770	-0.02377	-0.00000	0.00000	0	100.00
dodge_then_cancel	106	-0.0000	1238.0948	69.3682	-0.0000	1474.1752	-108.2153	-0.00001	0.99769	-0.06797	-0.00000	0.06797	0.99769	-0.02320	-0.00000	0.00000	0	100.00
dodge_then_cancel	107	-0.0000	1250.3793	68.4228	-0.0000	1474.7251	-113.6654	-0.00001	0.99767	-0.06816	-0.00000	0.06816	0.99767	-0.02264	-0.00000	0.00000	0	100.00
dodge_then_cancel	108	-0.0000	1262.6740	67.4274	-0.0000	1475.2753	-119.1155	-0.00001	0.99766	-0.06834	-0.00000	0.06834	0.99766	-0.02210	-0.00000	0.00000	0	100.00
dodge_then_cancel	109	-0.0000	1274.9686	66.3920	-0.0000	1475.8252	-124.5656	-0.00000	0.99765	-0.06852	-0.00000	0.06852	0.99765	-0.02157	-0.00000	0.00000	0	100.00
dodge_then_cancel	110	-0.0000	1287.2731	65.3065	-0.0000	1476.3752	-130.0157	-0.00000	0.99764	-0.06870	-0.00000	0.06870	0.99764	-0.02105	-0.00000	0.00000	0	100.00
dodge_then_cancel	111	-0.0000	1299.5778	64.1811	-0.0000	1476.9252	-135.4658	-0.00000	0.99763	-0.06887	-0.00000	0.06887	0.99763	-0.02055	-0.00000	0.00000	0	100.00
dodge_then_cancel	112	-0.0000	1311.8922	63.0057	-0.0000	1477.4752	-140.9159	-0.00001	0.99761	-0.06903	-0.00000	0.06903	0.99761	-0.02005	-0.00000	0.00000	0	100.00
dodge_then_cancel	113	-0.0000	1324.2069	61.7903	-0.0000	1478.0251	-146.3660	-0.00001	0.99760	-0.06920	-0.00000	0.06920	0.99760	-0.01957	-0.00000	0.00000	0	100.00
dodge_then_cancel	114	-0.0000	1336.5315	60.5249	-0.0000	1478.5752	-151.8161	-0.00001	0.99759	-0.06935	-0.00000	0.06935	0.99759	-0.01910	-0.00000	0.00000	0	100.00
dodge_then_cancel	115	-0.0000	1348.8561	59.2094	-0.0000	1479.1250	-157.2662	-0.00001	0.99758	-0.06951	-0.00000	0.06951	0.99758	-0.01864	-0.00000	0.00000	0	100.00
dodge_then_cancel	116	-0.0000	1361.1906	57.8540	-0.0000	1479.6750	-162.7163	-0.00001	0.99757	-0.06966	-0.00000	0.06966	0.99757	-0.01820	-0.00000	0.00000	0	100.00
dodge_then_cancel	117	-0.0000	1373.5251	56.4486	-0.0000	1480.2251	-168.1664	-0.00001	0.99756	-0.06981	-0.00000	0.06981	0.99756	-0.01776	-0.00000	0.00000	0	100.00
dodge_then_cancel	118	-0.0000	1385.8698	55.0032	-0.0000	1480.7750	-173.6165	-0.00001	0.99755	-0.06995	-0.00000	0.06995	0.99755	-0.01733	-0.00000	0.00000	0	100.00
dodge_then_cancel	119	-0.0000	1398.2144	53.5078	-0.0000	1481.3252	-179.0665	-0.00001	0.99754	-0.07009	-0.00000	0.07009	0.99754	-0.01692	-0.00000	0.00000	0	100.00
dodge_then_cancel	120	-0.0000	1410.5588	51.9724	-0.0000	1481.8750	-184.5166	-0.00001	0.99753	-0.07023	-0.00000	0.07023	0.99753	-0.01651	-0.00000	0.00000	0	100.00
dodge_then_cancel	121	-0.0000	1422.9136	50.3869	-0.0000	1482.4252	-189.9667	-0.00001	0.99752	-0.07036	-0.00000	0.07036	0.99752	-0.01611	-0.00000	0.00000	0	100.00
dodge_then_cancel	122	-0.0000	1435.2681	48.7615	-0.0000	1482.9750	-195.4167	-0.00001	0.99751	-0.07049	-0.00000	0.07049	0.99751	-0.01573	-0.00000	0.00000	0	100.00
dodge_then_cancel	123	-0.0000	1447.6327	47.0861	-0.0000	1483.5251	-200.8668	-0.00001	0.99750	-0.07062	-0.00000	0.07062	0.99750	-0.01535	-0.00000	0.00000	0	100.00
dodge_then_cancel	124	-0.0000	1459.9972	45.3707	-0.0000	1484.0752	-206.3169	-0.00001	0.99749	-0.07075	-0.00000	0.07075	0.99749	-0.01498	-0.00000	0.00000	0	100.00
dodge_then_cancel	125	-0.0000	1472.3718	43.6053	-0.0000	1484.6250	-211.7670	-0.00001	0.99749	-0.07087	-0.00000	0.07087	0.99749	-0.01462	-0.00000	0.00000	0	100.00
dodge_then_cancel	126	-0.0000	1484.7465	41.7999	-0.0000	1485.1752	-217.2170	-0.00001	0.99748	-0.07099	-0.00000	0.07099	0.99748	-0.01427	-0.00000	0.00000	0	100.00
dodge_then_cancel	127	-0.0000	1497.1311	39.9444	-0.0000	1485.7250	-222.6671	-0.00001	0.99753	-0.07024	-0.00000	0.07024	0.99753	0.08960	0.00000	-0.00000	0	100.00
dodge_then_cancel	128	-0.0000	1509.5156	38.0390	-0.0000	1486.2751	-228.1167	-0.00001	0.99764	-0.06863	-0.00000	0.06863	0.99764	0.19346	0.00000	-0.00000	0	100.00
dodge_then_cancel	129	-0.0000	1521.9102	36.0936	-0.0000	1486.8253	-233.5658	-0.00001	0.99781	-0.06616	-0.00000	0.06616	0.99781	0.29732	0.00000	-0.00000	0	100.00
dodge_then_cancel	130	-0.0000	1534.3048	34.0982	-0.0000	1487.3752	-239.0144	-0.00001	0.99802	-0.06283	-0.00000	0.06283	0.99802	0.40118	0.00000	-0.00000	0	100.00
dodge_then_cancel	131	-0.0000	1546.6995	32.0628	-0.0000	1487.9254	-244.4626	-0.00001	0.99828	-0.05863	-0.00000	0.05863	0.99828	0.50504	0.00000	-0.00000	0	100.00
dodge_then_cancel	132	-0.0000	1559.1039	29.9774	-0.0005	1488.4755	-246.2468	-0.00001	0.99856	-0.05356	-0.00000	0.05356	0.99856	0.74573	0.00000	0.00001	0	100.00
dodge_then_cancel	133	-0.0000	1571.5085	27.8531	-0.0020	1489.0256	-248.7054	-0.00001	0.99888	-0.04734	-0.00001	0.04734	0.99888	0.99262	-0.00087	0.00012	0	100.00
dodge_then_cancel	134	-0.0000	1583.9231	25.7026	-0.0017	1489.5758	-231.8526	-0.00001	0.99924	-0.03906	-0.00001	0.03906	0.99924	0.86594	-0.00007	0.00007	1	100.00
dodge_then_cancel	135	0.0000	1596.3331	23.7002	-0.0017	1489.5709	-209.5328	-0.00001	0.99949	-0.03185	-0.00001	0.03185	0.99949	0.73574	-0.00002	0.00006	1	100.00
dodge_then_cancel	136	0.0000	1608.7429	21.8862	-0.0018	1489.5709	-184.3383	-0.00001	0.99967	-0.02572	-0.00001	0.02572	0.99967	0.61086	0.00002	0.00006	1	100.00
dodge_then_cancel	137	0.0000	1621.1531	20.2862	-0.0018	1489.5709	-157.7459	-0.00001	0.99979	-0.02063	-0.00001	0.02063	0.99979	0.49545	0.00005	0.00005	1	100.00
dodge_then_cancel	138	0.0000	1633.5630	18.9078	-0.0019	1489.5709	-130.9684	-0.00001	0.99986	-0.01650	-0.00001	0.01650	0.99986	0.39170	0.00007	0.00004	1	100.00
dodge_then_cancel	139	0.0000	1645.9730	17.7509	-0.0020	1489.5709	-104.9581	-0.00001	0.99991	-0.01324	-0.00001	0.01324	0.99991	0.30053	0.00008	0.00004	1	100.00
double_jump	0	0.0000	5.8333	19.4641	-0.0004	696.7926	295.6944	-0.00000	1.00000	0.00000	0.00000	0.00000	1.00000	0.00000	0.00000	0.00000	1	100.00
double_jump	1	0.0000	11.6366	21.9577	-0.0004	693.5826	299.7188	-0.00000	1.00000	0.00000	0.00000	0.00000	1.00000	0.00000	0.00000	0.00000	1	100.00
double_jump	2	0.0000	17.4198	24.4912	-0.0004	690.3726	303.7388	-0.00000	1.00000	0.00000	0.00000	0.00000	1.00000	0.00000	0.00000	0.00000	1	100.00
double_jump	3	0.0000	23.1731	27.0547	-0.0003	687.1626	307.7588	-0.00000	1.00000	0.00000	0.00000	0.00000	1.00000	0.00000	0.00000	0.00000	1	100.00
double_jump	4	0.0000	28.8963	29.6482	0.0000	687.1609	311.7788	-0.00000	1.00000	0.00000	0.00000	0.00000	1.00000	0.00000	0.00000	0.00000	0	100.00
double_jump	5	0.0000	34.6263	32.3042	0.0000	687.1609	318.5071	-0.00000	1.00000	0.00000	0.00000	0.00000	1.00000	0.00000	0.00000	0.00000	0	100.00
double_jump	6	0.0000	40.3563	35.0103	0.0000	687.1609	325.2371	-0.00000	1.00000	0.00000	0.00000	0.00000	1.00000	0.00000	0.00000	0.00000	0	100.00
double_jump	7	0.0000	46.0863	37.7764	0.0000	687.1609	331.9671	-0.00000	1.00000	0.00000	0.00000	0.00000	1.00000	0.00000	0.00000	0.00000	0	100.00
double_jump	8	0.0000	51.8163	40.6025	0.0000	687.1609	338.6971	-0.00000	1.00000	0.00000	0.00000	0.00000	1.00000	0.00000	0.00000	0.00000	0	100.00
double_jump	9	0.0000	57.5463	43.3773	0.0000	687.1609	333.2744	-0.00000	1.00000	0.00000	0.00000	0.00000	1.00000	0.00000	0.00000	0.00000	0	100.00
double_jump	10	0.0000	63.2763	46.1121	0.0000	687.1609	327.8543	-0.00000	1.00000	0.00000	0.00000	0.00000	1.00000	0.00000	0.00000	0.00000	0	100.00
double_jump	11	0.0000	69.0063	48.7970	0.0000	687.1609	322.4344	-0.00000	1.00000	0.00000	0.00000	0.00000	1.00000	0.00000	0.00000	0.00000	0	100.00
double_jump	12	0.0000	74.7363	51.4418	0.0000	687.1609	317.0143	-0.00000	1.00000	0.00000	0.00000	0.00000	1.00000	0.00000	0.00000	0.00000	0	100.00
double_jump	13	0.0000	80.4663	54.0366	0.0000	687.1609	311.5943	-0.00000	1.00000	0.00000	0.00000	0.00000	1.00000	0.00000	0.00000	0.00000	0	100.00
double_jump	14	0.0000	86.1963	56.5914	0.0000	687.1609	306.1743	-0.00000	1.00000	0.00000	0.00000	0.00000	1.00000	0.00000	0.00000	0.00000	0	100.00
double_jump	15	0.0000	91.9263	59.0963	0.0000	687.1609	300.7543	-0.00000	1.00000	0.00000	0.00000	0.00000	1.00000	0.00000	0.00000	0.00000	0	100.00
double_jump	16	0.0000	97.6563	61.5611	0.0000	687.1609	295.3344	-0.00000	1.00000	0.00000	0.00000	0.00000	1.00000	0.00000	0.00000	0.00000	0	100.00
double_jump	17	0.0000	103.3863	63.9760	0.0000	687.1609	289.9143	-0.00000	1.00000	0.00000	0.00000	0.00000	1.00000	0.00000	0.00000	0.00000	0	100.00
double_jump	18	0.0000	109.1163	66.3508	0.0000	687.1609	284.4944	-0.00000	1.00000	0.00000	0.00000	0.00000	1.00000	0.00000	0.00000	0.00000	0	100.00
double_jump	19	0.0000	114.8463	68.6756	0.0000	687.1609	279.0743	-0.00000	1.00000	0.00000	0.00000	0.00000	1.00000	0.00000	0.00000	0.00000	0	100.00
double_jump	20	0.0000	120.5763	73.3910	0.0000	687.1609	565.3210	-0.00000	1.00000	0.00000	0.00000	0.00000	1.00000	0.00000	0.00000	0.00000	0	100.00
double_jump	21	0.0000	126.3063	78.0559	0.0000	687.1609	559.9043	-0.00000	1.00000	0.00000	0.00000	0.00000	1.00000	0.00000	0.00000	0.00000	0	100.00
double_jump	22	0.0000	132.0363	82.6807	0.0000	687.1609	554.4843	-0.00000	1.00000	0.00000	0.00000	0.00000	1.00000	0.00000	0.00000	0.00000	0	100.00
double_jump	23	0.0000	137.7663	87.2555	0.0000	687.1609	549.0643	-0.00000	1.00000	0.00000	0.00000	0.00000	1.00000	0.00000	0.00000	0.00000	0	100.00
double_jump	24	0.0000	143.4963	91.7904	0.0000	687.1609	543.6443	-0.00000	1.00000	0.00000	0.00000	0.00000	1.00000	0.00000	0.00000	0.00000	0	100.00
double_jump	25	0.0000	149.2263	96.2752	0.0000	687.1609	538.2243	-0.00000	1.00000	0.00000	0.00000	0.00000	1.00000	0.00000	0.00000	0.00000	0	100.00
double_jump	26	0.0000	154.9563	100.7200	0.0000	687.1609	532.8043	-0.00000	1.00000	0.00000	0.00000	0.00000	1.00000	0.00000	0.00000	0.00000	0	100.00
double_jump	27	0.0000	160.6863	105.1149	0.0000	687.1609	527.3843	-0.00000	1.00000	0.00000	0.00000	0.00000	1.00000	0.00000	0.00000	0.00000	0	100.00
double_jump	28	0.0000	166.4163	109.4597	0.0000	687.1609	521.9643	-0.00000	1.00000	0.00000	0.00000	0.00000	1.00000	0.00000	0.00000	0.00000	0	100.00
double_jump	29	0.0000	172.1463	113.7645	0.0000	687.1609	516.5443	-0.00000	1.00000	0.00000	0.00000	0.00000	1.00000	0.00000	0.00000	0.00000	0	100.00
double_jump	30	0.0000	177.8763	118.0194	0.0000	687.1609	511.1243	-0.00000	1.00000	0.00000	0.00000	0.00000	1.00000	0.00000	0.00000	0.00000	0	100.00
double_jump	31	0.0000	183.6063	122.2342	0.0000	687.1609	505.7043	-0.00000	1.00000	0.00000	0.00000	0.00000	1.00000	0.00000	0.00000	0.00000	0	100.00
double_jump	32	0.0000	189.3363	126.3990	0.0000	687.1609	500.2843	-0.00000	1.00000	0.00000	0.00000	0.00000	1.00000	0.00000	0.00000	0.00000	0	100.00
double_jump	33	0.0000	195.0663	130.5239	0.0000	687.1609	494.8643	-0.00000	1.00000	0.00000	0.00000	0.00000	1.00000	0.00000	0.00000	0.00000	0	100.00
double_jump	34	0.0000	200.7963	134.5987	0.0000	687.1609	489.4443	-0.00000	1.00000	0.00000	0.00000	0.00000	1.00000	0.00000	0.00000	0.00000	0	100.00
double_jump	35	0.0000	206.5263	138.6335	0.0000	687.1609	484.0243	-0.00000	1.00000	0.00000	0.00000	0.00000	1.00000	0.00000	0.00000	0.00000	0	100.00
double_jump	36	0.0000	212.2563	142.6184	0.0000	687.1609	478.6043	-0.00000	1.00000	0.00000	0.00000	0.00000	1.00000	0.00000	0.00000	0.00000	0	100.00
double_jump	37	0.0000	217.9863	146.5632	0.0000	687.1609	473.1843	-0.00000	1.00000	0.00000	0.00000	0.00000	1.00000	0.00000	0.00000	0.00000	0	100.00
double_jump	38	0.0000	223.7163	150.4580	0.0000	687.1609	467.7643	-0.00000	1.00000	0.00000	0.00000	0.00000	1.00000	0.00000	0.00000	0.00000	0	100.00
double_jump	39	0.0000	229.4463	154.3129	0.0000	687.1609	462.3443	-0.00000	1.00000	0.00000	0.00000	0.00000	1.00000	0.00000	0.00000	0.00000	0	100.00
double_jump	40	0.0000	235.1763	158.1177	0.0000	687.1609	456.9243	-0.00000	1.00000	0.00000	0.00000	0.00000	1.00000	0.00000	0.00000	0.00000	0	100.00
double_jump	41	0.0000	240.9063	161.8825	0.0000	687.1609	451.5043	-0.00000	1.00000	0.00000	0.00000	0.00000	1.00000	0.00000	0.00000	0.00000	0	100.00
double_jump	42	0.0000	246.6363	165.5974	0.0000	687.1609	446.0843	-0.00000	1.00000	0.00000	0.00000	0.00000	1.00000	0.00000	0.00000	0.00000	0	100.00
double_jump	43	0.0000	252.3663	169.2722	0.0000	687.1609	440.6643	-0.00000	1.00000	0.00000	0.00000	0.00000	1.00000	0.00000	0.00000	0.00000	0	100.00
double_jump	44	0.0000	258.0963	172.8970	0.0000	687.1609	435.2443	-0.00000	1.00000	0.00000	0.00000	0.00000	1.00000	0.00000	0.00000	0.00000	0	100.00
double_jump	45	0.0000	263.8264	176.4819	0.0000	687.1609	429.8243	-0.00000	1.00000	0.00000	0.00000	0.00000	1.00000	0.00000	0.00000	0.00000	0	100.00
double_jump	46	0.0000	269.5563	180.0167	0.0000	687.1609	424.4043	-0.00000	1.00000	0.00000	0.00000	0.00000	1.00000	0.00000	0.00000	0.00000	0	100.00
double_jump	47	0.0000	275.2863	183.5115	0.0000	687.1609	418.9843	-0.00000	1.00000	0.00000	0.00000	0.00000	1.00000	0.00000	0.00000	0.00000	0	100.00
double_jump	48	0.0000	281.0164	186.9564	0.0000	687.1609	413.5643	-0.00000	1.00000	0.00000	0.00000	0.00000	1.00000	0.00000	0.00000	0.00000	0	100.00
double_jump	49	0.0000	286.7463	190.3612	0.0000	687.1609	408.1443	-0.00000	1.00000	0.00000	0.00000	0.00000	1.00000	0.00000	0.00000	0.00000	0	100.00
double_jump	50	0.0000	292.4763	193.7160	0.0000	687.1609	402.7243	-0.00000	1.00000	0.00000	0.00000	0.00000	1.00000	0.00000	0.00000	0.00000	0	100.00
double_jump	51	0.0000	298.2064	197.0309	0.0000	687.1609	397.3043	-0.00000	1.00000	0.00000	0.00000	0.00000	1.00000	0.00000	0.00000	0.00000	0	100.00
double_jump	52	0.0000	303.9363	200.2957	0.0000	687.1609	391.8843	-0.00000	1.00000	0.00000	0.00000	0.00000	1.00000	0.00000	0.00000	0.00000	0	100.00
double_jump	53	0.0000	309.6663	203.5205	0.0000	687.1609	386.4644	-0.00000	1.00000	0.00000	0.00000	0.00000	1.00000	0.00000	0.00000	0.00000	0	100.00
double_jump	54	0.0000	315.3963	206.6954	0.0000	687.1609	381.0443	-0.00000	1.00000	0.00000	0.00000	0.00000	1.00000	0.00000	0.00000	0.00000	0	100.00
double_jump	55	0.0000	321.1263	209.8302	0.0000	687.1609	375.6243	-0.00000	1.00000	0.00000	0.00000	0.00000	1.00000	0.00000	0.00000	0.00000	0	100.00
double_jump	56	0.0000	326.8563	212.9150	0.0000	687.1609	370.2043	-0.00000	1.00000	0.00000	0.00000	0.00000	1.00000	0.00000	0.00000	0.00000	0	100.00
double_jump	57	0.0000	332.5863	215.9599	0.0000	687.1609	364.7843	-0.00000	1.00000	0.00000	0.00000	0.00000	1.00000	0.00000	0.00000	0.00000	0	100.00
double_jump	58	0.0000	338.3163	218.9547	0.0000	687.1609	359.3643	-0.00000	1.00000	0.00000	0.00000	0.00000	1.00000	0.00000	0.00000	0.00000	0	100.00
double_jump	59	0.0000	344.0463	221.8995	0.0000	687.1609	353.9443	-0.00000	1.00000	0.00000	0.00000	0.00000	1.00000	0.00000	0.00000	0.00000	0	100.00
double_jump	60	0.0000	349.7763	224.8044	0.0000	687.1609	348.5244	-0.00000	1.00000	0.00000	0.00000	0.00000	1.00000	0.00000	0.00000	0.00000	0	100.00
double_jump	61	0.0000	355.5063	227.6592	0.0000	687.1609	343.1043	-0.00000	1.00000	0.00000	0.00000	0.00000	1.00000	0.00000	0.00000	0.00000	0	100.00
double_jump	62	0.0000	361.2363	230.4740	0.0000	687.1609	337.6844	-0.00000	1.00000	0.00000	0.00000	0.00000	1.00000	0.00000	0.00000	0.00000	0	100.00
double_jump	63	0.0000	366.9663	233.2389	0.0000	687.1609	332.2643	-0.00000	1.00000	0.00000	0.00000	0.00000	1.00000	0.00000	0.00000	0.00000	0	100.00
double_jump	64	0.0000	372.6963	235.9637	0.0000	687.1609	326.8443	-0.00000	1.00000	0.00000	0.00000	0.00000	1.00000	0.00000	0.00000	0.00000	0	100.00
double_jump	65	0.0000	378.4263	238.6385	0.0000	687.1609	321.4243	-0.00000	1.00000	0.00000	0.00000	0.00000	1.00000	0.00000	0.00000	0.00000	0	100.00
double_jump	66	0.0000	384.1563	241.2734	0.0000	687.1609	316.0043	-0.00000	1.00000	0.00000	0.00000	0.00000	1.00000	0.00000	0.00000	0.00000	0	100.00
double_jump	67	0.0000	389.8863	243.8582	0.0000	687.1609	310.5844	-0.00000	1.00000	0.00000	0.00000	0.00000	1.00000	0.00000	0.00000	0.00000	0	100.00
double_jump	68	0.0000	395.6163	246.4030	0.0000	687.1609	305.1643	-0.00000	1.00000	0.00000	0.00000	0.00000	1.00000	0.00000	0.00000	0.00000	0	100.00
double_jump	69	0.0000	401.3463	248.8979	0.0000	687.1609	299.7444	-0.00000	1.00000	0.00000	0.00000	0.00000	1.00000	0.00000	0.00000	0.00000	0	100.00
double_jump	70	0.0000	407.0763	251.3527	0.0000	687.1609	294.3243	-0.00000	1.00000	0.00000	0.00000	0.00000	1.00000	0.00000	0.00000	0.00000	0	100.00
double_jump	71	0.0000	412.8063	253.7575	0.0000	687.1609	288.9044	-0.00000	1.00000	0.00000	0.00000	0.00000	1.00000	0.00000	0.00000	0.00000	0	100.00
double_jump	72	0.0000	418.5363	256.1223	0.0000	687.1609	283.4843	-0.00000	1.00000	0.00000	0.00000	0.00000	1.00000	0.00000	0.00000	0.00000	0	100.00
double_jump	73	0.0000	424.2663	258.4372	0.0000	687.1609	278.0643	-0.00000	1.00000	0.00000	0.00000	0.00000	1.00000	0.00000	0.00000	0.00000	0	100.00
double_jump	74	0.0000	429.9963	260.7120	0.0000	687.1609	272.6443	-0.00000	1.00000	0.00000	0.00000	0.00000	1.00000	0.00000	0.00000	0.00000	0	100.00
double_jump	75	0.0000	435.7263	262.9369	0.0000	687.1609	267.2243	-0.00000	1.00000	0.00000	0.00000	0.00000	1.00000	0.00000	0.00000	0.00000	0	100.00
double_jump	76	0.0000	441.4563	265.1217	0.0000	687.1609	261.8044	-0.00000	1.00000	0.00000	0.00000	0.00000	1.00000	0.00000	0.00000	0.00000	0	100.00
double_jump	77	0.0000	447.1863	267.2565	0.0000	687.1609	256.3843	-0.00000	1.00000	0.00000	0.00000	0.00000	1.00000	0.00000	0.00000	0.00000	0	100.00
double_jump	78	0.0000	452.9163	269.3513	0.0000	687.1609	250.9644	-0.00000	1.00000	0.00000	0.00000	0.00000	1.00000	0.00000	0.00000	0.00000	0	100.00
double_jump	79	0.0000	458.6463	271.3962	0.0000	687.1609	245.5443	-0.00000	1.00000	0.00000	0.00000	0.00000	1.00000	0.00000	0.00000	0.00000	0	100.00
double_jump	80	0.0000	464.3763	273.4010	0.0000	687.1609	240.1243	-0.00000	1.00000	0.00000	0.00000	0.00000	1.00000	0.00000	0.00000	0.00000	0	100.00
double_jump	81	0.0000	470.1063	275.3559	0.0000	687.1609	234.7043	-0.00000	1.00000	0.00000	0.00000	0.00000	1.00000	0.00000	0.00000	0.00000	0	100.00
double_jump	82	0.0000	475.8363	277.2707	0.0000	687.1609	229.2843	-0.00000	1.00000	0.00000	0.00000	0.00000	1.00000	0.00000	0.00000	0.00000	0	100.00
double_jump	83	0.0000	481.5663	279.1355	0.0000	687.1609	223.8643	-0.00000	1.00000	0.00000	0.00000	0.00000	1.00000	0.00000	0.00000	0.00000	0	100.00
double_jump	84	0.0000	487.2964	280.9604	0.0000	687.1609	218.4444	-0.00000	1.00000	0.00000	0.00000	0.00000	1.00000	0.00000	0.00000	0.00000	0	100.00
double_jump	85	0.0000	493.0263	282.7352	0.0000	687.1609	213.0244	-0.00000	1.00000	0.00000	0.00000	0.00000	1.00000	0.00000	0.00000	0.00000	0	100.00
double_jump	86	0.0000	498.7563	284.4700	0.0000	687.1609	207.6043	-0.00000	1.00000	0.00000	0.00000	0.00000	1.00000	0.00000	0.00000	0.00000	0	100.00
double_jump	87	0.0000	504.4863	286.1549	0.0000	687.1609	202.1843	-0.00000	1.00000	0.00000	0.00000	0.00000	1.00000	0.00000	0.00000	0.00000	0	100.00
double_jump	88	0.0000	510.2163	287.7897	0.0000	687.1609	196.7643	-0.00000	1.00000	0.00000	0.00000	0.00000	1.00000	0.00000	0.00000	0.00000	0	100.00
double_jump	89	0.0000	515.9464	289.3846	0.0000	687.1609	191.3443	-0.00000	1.00000	0.00000	0.00000	0.00000	1.00000	0.00000	0.00000	0.00000	0	100.00
double_jump	90	0.0000	521.6763	290.9294	0.0000	687.1609	185.9243	-0.00000	1.00000	0.00000	0.00000	0.00000	1.00000	0.00000	0.00000	0.00000	0	100.00
double_jump	91	0.0000	527.4063	292.4342	0.0000	687.1609	180.5043	-0.00000	1.00000	0.00000	0.00000	0.00000	1.00000	0.00000	0.00000	0.00000	0	100.00
double_jump	92	0.0000	533.1363	293.8890	0.0000	687.1609	175.0843	-0.00000	1.00000	0.00000	0.00000	0.00000	1.00000	0.00000	0.00000	0.00000	0	100.00
double_jump	93	0.0000	538.8663	295.3039	0.0000	687.1609	169.6643	-0.00000	1.00000	0.00000	0.00000	0.00000	1.00000	0.00000	0.00000	0.00000	0	100.00
double_jump	94	0.0000	544.5963	296.6687	0.0000	687.1609	164.2443	-0.00000	1.00000	0.00000	0.00000	0.00000	1.00000	0.00000	0.00000	0.00000	0	100.00
double_jump	95	0.0000	550.3263	297.9935	0.0000	687.1609	158.8243	-0.00000	1.00000	0.00000	0.00000	0.00000	1.00000	0.00000	0.00000	0.00000	0	100.00
double_jump	96	0.0000	556.0563	299.2684	0.0000	687.1609	153.4043	-0.00000	1.00000	0.00000	0.00000	0.00000	1.00000	0.00000	0.00000	0.00000	0	100.00
double_jump	97	0.0000	561.7863	300.5032	0.0000	687.1609	147.9843	-0.00000	1.00000	0.00000	0.00000	0.00000	1.00000	0.00000	0.00000	0.00000	0	100.00
double_jump	98	0.0000	567.5163	301.6880	0.0000	687.1609	142.5643	-0.00000	1.00000	0.00000	0.00000	0.00000	1.00000	0.00000	0.00000	0.00000	0	100.00
double_jump	99	0.0000	573.2463	302.8329	0.0000	687.1609	137.1443	-0.00000	1.00000	0.00000	0.00000	0.00000	1.00000	0.00000	0.00000	0.00000	0	100.00
double_jump	100	0.0000	578.9763	303.9277	0.0000	687.1609	131.7243	-0.00000	1.00000	0.00000	0.00000	0.00000	1.00000	0.00000	0.00000	0.00000	0	100.00
double_jump	101	0.0000	584.7063	304.9825	0.0000	687.1609	126.3043	-0.00000	1.00000	0.00000	0.00000	0.00000	1.00000	0.00000	0.00000	0.00000	0	100.00
double_jump	102	0.0000	590.4363	305.9874	0.0000	687.1609	120.8843	-0.00000	1.00000	0.00000	0.00000	0.00000	1.00000	0.00000	0.00000	0.00000	0	100.00
double_jump	103	0.0000	596.1663	306.9522	0.0000	687.1609	115.4643	-0.00000	1.00000	0.00000	0.00000	0.00000	1.00000	0.00000	0.00000	0.00000	0	100.00
double_jump	104	0.0000	601.8963	307.8670	0.0000	687.1609	110.0443	-0.00000	1.00000	0.00000	0.00000	0.00000	1.00000	0.00000	0.00000	0.00000	0	100.00
double_jump	105	0.0000	607.6263	308.7419	0.0000	687.1609	104.6243	-0.00000	1.00000	0.00000	0.00000	0.00000	1.00000	0.00000	0.00000	0.00000	0	100.00
double_jump	106	0.0000	613.3563	309.5667	0.0000	687.1609	99.2043	-0.00000	1.00000	0.00000	0.00000	0.00000	1.00000	0.00000	0.00000	0.00000	0	100.00
double_jump	107	0.0000	619.0863	310.3515	0.0000	687.1609	93.7843	-0.00000	1.00000	0.00000	0.00000	0.00000	1.00000	0.00000	0.00000	0.00000	0	100.00
double_jump	108	0.0000	624.8163	311.0864	0.0000	687.1609	88.3643	-0.00000	1.00000	0.00000	0.00000	0.00000	1.00000	0.00000	0.00000	0.00000	0	100.00
double_jump	109	0.0000	630.5463	311.7812	0.0000	687.1609	82.9443	-0.00000	1.00000	0.00000	0.00000	0.00000	1.00000	0.00000	0.00000	0.00000	0	100.00
double_jump	110	0.0000	636.2763	312.4261	0.0000	687.1609	77.5243	-0.00000	1.00000	0.00000	0.00000	0.00000	1.00000	0.00000	0.00000	0.00000	0	100.00
double_jump	111	0.0000	642.0063	313.0309	0.0000	687.1609	72.1043	-0.00000	1.00000	0.00000	0.00000	0.00000	1.00000	0.00000	0.00000	0.00000	0	100.00
double_jump	112	0.0000	647.7363	313.5857	0.0000	687.1609	66.6843	-0.00000	1.00000	0.00000	0.00000	0.00000	1.00000	0.00000	0.00000	0.00000	0	100.00
double_jump	113	0.0000	653.4663	314.1005	0.0000	687.1609	61.2643	-0.00000	1.00000	0.00000	0.00000	0.00000	1.00000	0.00000	0.00000	0.00000	0	100.00
double_jump	114	0.0000	659.1963	314.5654	0.0000	687.1609	55.8443	-0.00000	1.00000	0.00000	0.00000	0.00000	1.00000	0.00000	0.00000	0.00000	0	100.00
double_jump	115	0.0000	664.9263	314.9902	0.0000	687.1609	50.4243	-0.00000	1.00000	0.00000	0.00000	0.00000	1.00000	0.00000	0.00000	0.00000	0	100.00
double_jump	116	0.0000	670.6563	315.3650	0.0000	687.1609	45.0043	-0.00000	1.00000	0.00000	0.00000	0.00000	1.00000	0.00000	0.00000	0.00000	0	100.00
double_jump	117	0.0000	676.3863	315.6898	0.0000	687.1609	39.5843	-0.00000	1.00000	0.00000	0.00000	0.00000	1.00000	0.00000	0.00000	0.00000	0	100.00
double_jump	118	0.0000	682.1163	315.9747	0.0000	687.1609	34.1643	-0.00000	1.00000	0.00000	0.00000	0.00000	1.00000	0.00000	0.00000	0.00000	0	100.00
double_jump	119	0.0000	687.8463	316.2095	0.0000	687.1609	28.7443	-0.00000	1.00000	0.00000	0.00000	0.00000	1.00000	0.00000	0.00000	0.00000	0	100.00
double_jump	120	0.0000	693.5763	316.4044	0.0000	687.1609	23.3243	-0.00000	1.00000	0.00000	0.00000	0.00000	1.00000	0.00000	0.00000	0.00000	0	100.00
double_jump	121	0.0000	699.3063	316.5492	0.0000	687.1609	17.9043	-0.00000	1.00000	0.00000	0.00000	0.00000	1.00000	0.00000	0.00000	0.00000	0	100.00
double_jump	122	0.0000	705.0363	316.6541	0.0000	687.1609	12.4843	-0.00000	1.00000	0.00000	0.00000	0.00000	1.00000	0.00000	0.00000	0.00000	0	100.00
double_jump	123	0.0000	710.7663	316.7089	0.0000	687.1609	7.0643	-0.00000	1.00000	0.00000	0.00000	0.00000	1.00000	0.00000	0.00000	0.00000	0	100.00
double_jump	124	0.0000	716.4963	316.7237	0.0000	687.1609	1.6443	-0.00000	1.00000	0.00000	0.00000	0.00000	1.00000	0.00000	0.00000	0.00000	0	100.00
double_jump	125	0.0000	722.2263	316.6885	0.0000	687.1609	-3.7757	-0.00000	1.00000	0.00000	0.00000	0.00000	1.00000	0.00000	0.00000	0.00000	0	100.00
double_jump	126	0.0000	727.9563	316.6134	0.0000	687.1609	-9.1877	-0.00000	1.00000	0.00000	0.00000	0.00000	1.00000	0.00000	0.00000	0.00000	0	100.00
double_jump	127	0.0000	733.6863	316.4883	0.0000	687.1609	-14.5977	-0.00000	1.00000	0.00000	0.00000	0.00000	1.00000	0.00000	0.00000	0.00000	0	100.00
double_jump	128	0.0000	739.4163	316.3232	0.0000	687.1609	-20.0077	-0.00000	1.00000	0.00000	0.00000	0.00000	1.00000	0.00000	0.00000	0.00000	0	100.00
double_jump	129	0.0000	745.1463	316.1082	0.0000	687.1609	-25.4177	-0.00000	1.00000	0.00000	0.00000	0.00000	1.00000	0.00000	0.00000	0.00000	0	100.00
double_jump	130	0.0000	750.8763	315.8531	0.0000	687.1609	-30.8277	-0.00000	1.00000	0.00000	0.00000	0.00000	1.00000	0.00000	0.00000	0.00000	0	100.00
double_jump	131	0.0000	756.6063	315.5480	0.0000	687.1609	-36.2377	-0.00000	1.00000	0.00000	0.00000	0.00000	1.00000	0.00000	0.00000	0.00000	0	100.00
double_jump	132	0.0000	762.3363	315.2029	0.0000	687.1609	-41.6477	-0.00000	1.00000	0.00000	0.00000	0.00000	1.00000	0.00000	0.00000	0.00000	0	100.00
double_jump	133	0.0000	768.0663	314.8078	0.0000	687.1609	-47.0577	-0.00000	1.00000	0.00000	0.00000	0.00000	1.00000	0.00000	0.00000	0.00000	0	100.00
double_jump	134	0.0000	773.7963	314.3727	0.0000	687.1609	-52.4677	-0.00000	1.00000	0.00000	0.00000	0.00000	1.00000	0.00000	0.00000	0.00000	0	100.00
double_jump	135	0.0000	779.5263	313.8877	0.0000	687.1609	-57.8777	-0.00000	1.00000	0.00000	0.00000	0.00000	1.00000	0.00000	0.00000	0.00000	0	100.00
double_jump	136	0.0000	785.2563	313.3626	0.0000	687.1609	-63.2877	-0.00000	1.00000	0.00000	0.00000	0.00000	1.00000	0.00000	0.00000	0.00000	0	100.00
double_jump	137	0.0000	790.9863	312.7875	0.0000	687.1609	-68.6977	-0.00000	1.00000	0.00000	0.00000	0.00000	1.00000	0.00000	0.00000	0.00000	0	100.00
double_jump	138	0.0000	796.7163	312.1724	0.0000	687.1609	-74.1077	-0.00000	1.00000	0.00000	0.00000	0.00000	1.00000	0.00000	0.00000	0.00000	0	100.00
double_jump	139	0.0000	802.4463	311.5074	0.0000	687.1609	-79.5177	-0.00000	1.00000	0.00000	0.00000	0.00000	1.00000	0.00000	0.00000	0.00000	0	100.00
drive_throttle	0	0.0000	-2000.0000	16.9549	-0.0000	3.3333	4.1609	-0.00000	1.00000	0.00000	0.00000	0.00000	1.00000	-0.05091	-0.00000	-0.00000	1	100.00
drive_throttle	1	0.0000	-1999.9722	16.9170	-0.0001	16.6358	5.4689	-0.00000	1.00000	-0.00042	0.00000	0.00042	1.00000	-0.08575	-0.00000	0.00000	1	100.00
drive_throttle	2	0.0000	-1999.8312	16.8978	-0.0001	29.8218	6.5602	-0.00000	1.00000	-0.00114	0.00000	0.00114	1.00000	-0.10687	-0.00000	0.00000	1	100.00
drive_throttle	3	0.0000	-1999.5813	16.8870	-0.0001	42.8988	7.3389	-0.00000	1.00000	-0.00203	0.00000	0.00203	1.00000	-0.11400	-0.00000	0.00000	1	100.00
drive_throttle	4	0.0000	-1999.2225	16.8834	-0.0001	55.8568	7.8865	-0.00000	1.00000	-0.00298	-0.00000	0.00298	1.00000	-0.11214	0.00000	0.00000	1	100.00
drive_throttle	5	0.0000	-1998.7545	16.8780	-0.0001	68.7058	8.3072	-0.00000	0.99999	-0.00391	0.00000	0.00391	0.99999	-0.10481	-0.00000	0.00000	1	100.00
drive_throttle	6	0.0000	-1998.1774	16.8815	-0.0001	81.4458	8.6115	-0.00000	0.99999	-0.00479	-0.00000	0.00479	0.99999	-0.09442	-0.00000	0.00000	1	100.00
drive_throttle	7	0.0000	-1997.5013	16.8840	-0.0001	94.0766	8.8489	-0.00000	0.99998	-0.00557	0.00000	0.00557	0.99998	-0.08267	-0.00000	0.00000	1	100.00
drive_throttle	8	0.0000	-1996.7161	16.8860	-0.0001	106.5984	9.0353	-0.00000	0.99998	-0.00626	-0.00000	0.00626	0.99998	-0.07071	-0.00000	0.00000	1	100.00
drive_throttle	9	0.0000	-1995.8317	16.8975	-0.0001	119.0112	9.1534	-0.00000	0.99998	-0.00685	-0.00000	0.00685	0.99998	-0.05922	-0.00000	0.00000	1	100.00
drive_throttle	10	0.0000	-1994.8381	16.9086	-0.0001	131.3248	9.2228	-0.00000	0.99997	-0.00735	-0.00000	0.00735	0.99997	-0.04870	0.00000	0.00000	1	100.00
drive_throttle	11	0.0000	-1993.7454	16.9191	-0.0001	143.5293	9.2557	-0.00000	0.99997	-0.00775	-0.00000	0.00775	0.99997	-0.03938	-0.00000	0.00000	1	100.00
drive_throttle	12	0.0000	-1992.5540	16.9294	-0.0001	155.6248	9.2583	-0.00000	0.99997	-0.00808	-0.00000	0.00808	0.99997	-0.03137	-0.00000	0.00000	1	100.00
drive_throttle	13	0.0000	-1991.2533	16.9394	-0.0001	167.6211	9.2371	-0.00000	0.99997	-0.00834	-0.00000	0.00834	0.99997	-0.02464	-0.00000	0.00000	1	100.00
drive_throttle	14	0.0000	-1989.8533	16.9492	-0.0001	179.5183	9.1990	-0.00000	0.99996	-0.00855	-0.00000	0.00855	0.99996	-0.01910	0.00000	0.00000	1	100.00
drive_throttle	15	0.0000	-1988.3539	16.9589	-0.0002	191.3064	9.1398	-0.00000	0.99996	-0.00871	-0.00000	0.00871	0.99996	-0.01482	-0.00000	0.00000	1	100.00
drive_throttle	16	0.0000	-1986.7557	16.9684	-0.0002	202.9953	9.0604	-0.00000	0.99996	-0.00883	-0.00000	0.00883	0.99996	-0.01173	0.00000	0.00000	1	100.00
drive_throttle	17	0.0000	-1985.0684	16.9778	-0.0002	214.5852	8.9746	-0.00000	0.99996	-0.00893	-0.00000	0.00893	0.99996	-0.00946	-0.00000	0.00000	1	100.00
drive_throttle	18	0.0000	-1983.2817	16.9870	-0.0002	226.0758	8.8761	-0.00000	0.99996	-0.00901	-0.00000	0.00901	0.99996	-0.00775	0.00000	0.00000	1	100.00
drive_throttle	19	0.0000	-1981.3961	16.9962	-0.0002	237.4673	8.7713	-0.00000	0.99996	-0.00907	0.00000	0.00907	0.99996	-0.00644	-0.00000	0.00000	1	100.00
drive_throttle	20	0.0000	-1979.4210	17.0054	-0.0002	248.7598	8.6664	-0.00000	0.99996	-0.00912	-0.00000	0.00912	0.99996	-0.00541	0.00000	0.00000	1	100.00
drive_throttle	21	0.0000	-1977.3472	17.0145	-0.0002	259.9529	8.5553	-0.00000	0.99996	-0.00917	-0.00000	0.00917	0.99996	-0.00460	-0.00000	0.00000	1	100.00
drive_throttle	22	0.0000	-1975.1837	17.0135	-0.0002	271.0569	8.4858	-0.00000	0.99996	-0.00921	-0.00000	0.00921	0.99996	-0.00394	-0.00000	0.00000	1	100.00
drive_throttle	23	0.0000	-1972.9214	17.0130	-0.0002	282.0618	8.4416	-0.00000	0.99996	-0.00924	-0.00000	0.00924	0.99996	-0.00339	-0.00000	0.00000	1	100.00
drive_throttle	24	0.0000	-1970.5696	17.0126	-0.0002	292.9774	8.4163	-0.00000	0.99996	-0.00927	-0.00000	0.00927	0.99996	-0.00294	0.00000	0.00000	1	100.00
drive_throttle	25	0.0000	-1968.1285	17.0124	-0.0002	303.7939	8.3974	-0.00000	0.99996	-0.00929	-0.00000	0.00929	0.99996	-0.00256	-0.00000	0.00000	1	100.00
drive_throttle	26	0.0000	-1965.5983	17.0122	-0.0002	314.5211	8.3847	-0.00000	0.99996	-0.00931	-0.00000	0.00931	0.99996	-0.00224	0.00000	0.00000	1	100.00
drive_throttle	27	0.0000	-1962.9789	17.0121	-0.0003	325.1592	8.3784	-0.00000	0.99996	-0.00933	-0.00000	0.00933	0.99996	-0.00196	-0.00000	0.00000	1	100.00
drive_throttle	28	0.0000	-1960.2703	17.0121	-0.0003	335.6982	8.3721	-0.00000	0.99996	-0.00935	-0.00000	0.00935	0.99996	-0.00172	-0.00000	0.00000	1	100.00
drive_throttle	29	0.0000	-1957.4724	17.0121	-0.0003	346.1478	8.3721	-0.00000	0.99996	-0.00936	-0.00000	0.00936	0.99996	-0.00151	-0.00000	0.00000	1	100.00
drive_throttle	30	0.0000	-1954.5854	17.0121	-0.0003	356.5082	8.3721	-0.00000	0.99996	-0.00938	-0.00000	0.00938	0.99996	-0.00133	0.00000	0.00000	1	100.00
drive_throttle	31	0.0000	-1951.6189	17.0121	-0.0003	366.7794	8.3721	-0.00000	0.99996	-0.00939	-0.00000	0.00939	0.99996	-0.00118	-0.00000	0.00000	1	100.00
drive_throttle	32	0.0000	-1948.5636	17.0121	-0.0003	376.9614	8.3721	-0.00000	0.99996	-0.00940	-0.00000	0.00940	0.99996	-0.00104	-0.00000	0.00000	1	100.00
drive_throttle	33	0.0000	-1945.4186	17.0121	-0.0003	387.0640	8.3721	-0.00000	0.99996	-0.00941	-0.00000	0.00941	0.99996	-0.00092	-0.00000	0.00000	1	100.00
drive_throttle	34	0.0000	-1942.1946	17.0121	-0.0003	397.0775	8.3721	-0.00000	0.99996	-0.00941	-0.00000	0.00941	0.99996	-0.00086	-0.00000	0.00000	1	100.00
drive_throttle	35	0.0000	-1938.8811	17.0121	-0.0003	407.0016	8.3721	-0.00000	0.99996	-0.00941	-0.00000	0.00941	0.99996	-0.00083	-0.00000	0.00000	1	100.00
drive_throttle	36	0.0000	-1935.4883	17.0121	-0.0003	416.8466	8.3721	-0.00000	0.99996	-0.00941	-0.00000	0.00941	0.99996	-0.00082	-0.00000	0.00000	1	100.00
drive_throttle	37	0.0000	-1932.0164	17.0121	-0.0003	426.6022	8.3721	-0.00000	0.99996	-0.00941	-0.00000	0.00941	0.99996	-0.00082	-0.00000	0.00000	1	100.00
drive_throttle	38	0.0000	-1928.4651	17.0121	-0.0003	436.2785	8.3721	-0.00000	0.99996	-0.00941	-0.00000	0.00941	0.99996	-0.00082	-0.00000	0.00000	1	100.00
drive_throttle	39	0.0000	-1924.8342	17.0121	-0.0003	445.8657	8.3721	-0.00000	0.99996	-0.00941	-0.00000	0.00941	0.99996	-0.00083	-0.00000	0.00000	1	100.00
drive_throttle	40	0.0000	-1921.1144	17.0121	-0.0003	455.3735	8.3721	-0.00000	0.99996	-0.00941	-0.00000	0.00941	0.99996	-0.00084	-0.00000	0.00000	1	100.00
drive_throttle	41	0.0000	-1917.3153	17.0121	-0.0003	464.8021	8.3721	-0.00000	0.99996	-0.00941	-0.00000	0.00941	0.99996	-0.00085	-0.00000	0.00000	1	100.00
drive_throttle	42	0.0000	-1913.4467	17.0121	-0.0003	474.1512	8.3721	-0.00000	0.99996	-0.00941	-0.00000	0.00941	0.99996	-0.00086	-0.00000	0.00000	1	100.00
drive_throttle	43	0.0000	-1909.4985	17.0121	-0.0004	483.4211	8.3721	-0.00000	0.99996	-0.00941	-0.00000	0.00941	0.99996	-0.00087	-0.00000	0.00000	1	100.00
drive_throttle	44	0.0000	-1905.4714	17.0121	-0.0004	492.6115	8.3721	-0.00000	0.99996	-0.00941	-0.00000	0.00941	0.99996	-0.00088	-0.00000	0.00000	1	100.00
drive_throttle	45	0.0000	-1901.3647	17.0121	-0.0004	501.7228	8.3721	-0.00000	0.99996	-0.00941	-0.00000	0.00941	0.99996	-0.00089	-0.00000	0.00000	1	100.00
drive_throttle	46	0.0000	-1897.1788	17.0121	-0.0004	510.7548	8.3721	-0.00000	0.99996	-0.00941	-0.00000	0.00941	0.99996	-0.00091	-0.00000	0.00000	1	100.00
drive_throttle	47	0.0000	-1892.9237	17.0121	-0.0004	519.7073	8.3721	-0.00000	0.99996	-0.00941	-0.00000	0.00941	0.99996	-0.00092	-0.00000	0.00000	1	100.00
drive_throttle	48	0.0000	-1888.5891	17.0121	-0.0004	528.5806	8.3721	-0.00000	0.99996	-0.00941	-0.00000	0.00941	0.99996	-0.00093	-0.00000	0.00000	1	100.00
drive_throttle	49	0.0000	-1884.1851	17.0121	-0.0004	537.3846	8.3721	-0.00000	0.99996	-0.00941	-0.00000	0.00941	0.99996	-0.00094	-0.00000	0.00000	1	100.00
drive_throttle	50	0.0000	-1879.7018	17.0121	-0.0004	546.1090	8.3721	-0.00000	0.99996	-0.00941	-0.00000	0.00941	0.99996	-0.00095	-0.00000	0.00000	1	100.00
drive_throttle	51	0.0000	-1875.1489	17.0121	-0.0004	554.7542	8.3721	-0.00000	0.99996	-0.00941	-0.00000	0.00941	0.99996	-0.00096	-0.00000	0.00000	1	100.00
drive_throttle	52	0.0000	-1870.5271	17.0121	-0.0004	563.3302	8.3721	-0.00000	0.99996	-0.00941	-0.00000	0.00941	0.99996	-0.00097	-0.00000	0.00000	1	100.00
drive_throttle	53	0.0000	-1865.8356	17.0121	-0.0004	571.8366	8.3721	-0.00000	0.99996	-0.00941	-0.00000	0.00941	0.99996	-0.00098	-0.00000	0.00000	1	100.00
drive_throttle	54	0.0000	-1861.0746	17.0121	-0.0004	580.2637	8.3721	-0.00000	0.99996	-0.00941	-0.00000	0.00941	0.99996	-0.00099	-0.00000	0.00000	1	100.00
drive_throttle	55	0.0000	-1856.2344	17.0121	-0.0004	588.6215	8.3721	-0.00000	0.99996	-0.00941	-0.00000	0.00941	0.99996	-0.00100	-0.00000	0.00000	1	100.00
drive_throttle	56	0.0000	-1851.3248	17.0121	-0.0004	596.9099	8.3721	-0.00000	0.99996	-0.00941	-0.00000	0.00941	0.99996	-0.00097	-0.00000	0.00000	1	100.00
drive_throttle	57	0.0000	-1846.3457	17.0121	-0.0004	605.1190	8.3721	-0.00000	0.99996	-0.00941	-0.00000	0.00941	0.99996	-0.00095	-0.00000	0.00000	1	100.00
drive_throttle	58	0.0000	-1841.3073	17.0121	-0.0005	613.2585	8.3721	-0.00000	0.99996	-0.00941	-0.00000	0.00941	0.99996	-0.00095	-0.00000	0.00000	1	100.00
drive_throttle	59	0.0000	-1836.1996	17.0121	-0.0005	621.3288	8.3721	-0.00000	0.99996	-0.00941	-0.00000	0.00941	0.99996	-0.00095	-0.00000	0.00000	1	100.00
drive_throttle	60	0.0000	-1831.0222	17.0121	-0.0005	629.3295	8.3721	-0.00000	0.99996	-0.00941	-0.00000	0.00941	0.99996	-0.00096	-0.00000	0.00000	1	100.00
drive_throttle	61	0.0000	-1825.7758	17.0121	-0.0005	637.2610	8.3721	-0.00000	0.99996	-0.00941	-0.00000	0.00941	0.99996	-0.00096	-0.00000	0.00000	1	100.00
drive_throttle	62	0.0000	-1820.4695	17.0121	-0.0005	645.1330	8.3721	-0.00000	0.99996	-0.00941	-0.00000	0.00941	0.99996	-0.00097	-0.00000	0.00000	1	100.00
drive_throttle	63	0.0000	-1815.0938	17.0121	-0.0005	652.9355	8.3721	-0.00000	0.99996	-0.00941	-0.00000	0.00941	0.99996	-0.00098	-0.00000	0.00000	1	100.00
drive_throttle	64	0.0000	-1809.6489	17.0121	-0.0005	660.6687	8.3721	-0.00000	0.99996	-0.00941	-0.00000	0.00941	0.99996	-0.00099	-0.00000	0.00000	1	100.00
drive_throttle	65	0.0000	-1804.1445	17.0121	-0.0005	668.3325	8.3721	-0.00000	0.99996	-0.00941	-0.00000	0.00941	0.99996	-0.00100	-0.00000	0.00000	1	100.00
drive_throttle	66	0.0000	-1798.5704	17.0121	-0.0005	675.9366	8.3721	-0.00000	0.99996	-0.00941	-0.00000	0.00941	0.99996	-0.00101	-0.00000	0.00000	1	100.00
drive_throttle	67	0.0000	-1792.9371	17.0121	-0.0005	683.4715	8.3721	-0.00000	0.99996	-0.00942	-0.00000	0.00942	0.99996	-0.00097	0.00000	0.00000	1	100.00
drive_throttle	68	0.0000	-1787.2444	17.0121	-0.0005	690.9468	8.3721	-0.00000	0.99996	-0.00942	-0.00000	0.00942	0.99996	-0.00096	0.00000	0.00000	1	100.00
drive_throttle	69	0.0000	-1781.4822	17.0121	-0.0005	698.3529	8.3721	-0.00000	0.99996	-0.00942	-0.00000	0.00942	0.99996	-0.00095	0.00000	0.00000	1	100.00
drive_throttle	70	0.0000	-1775.6605	17.0121	-0.0005	705.6994	8.3721	-0.00000	0.99996	-0.00942	-0.00000	0.00942	0.99996	-0.00095	0.00000	0.00000	1	100.00
drive_throttle	71	0.0000	-1769.7792	17.0121	-0.0005	712.9764	8.3721	-0.00000	0.99996	-0.00942	-0.00000	0.00942	0.99996	-0.00096	0.00000	0.00000	1	100.00
drive_throttle	72	0.0000	-1763.8386	17.0121	-0.0005	720.1940	8.3721	-0.00000	0.99996	-0.00942	-0.00000	0.00942	0.99996	-0.00096	0.00000	0.00000	1	100.00
drive_throttle	73	0.0000	-1757.8383	17.0121	-0.0005	727.3521	8.3721	-0.00000	0.99996	-0.00942	-0.00000	0.00942	0.99996	-0.00097	0.00000	0.00000	1	100.00
drive_throttle	74	0.0000	-1751.7788	17.0121	-0.0005	734.4509	8.3721	-0.00000	0.99996	-0.00942	-0.00000	0.00942	0.99996	-0.00098	0.00000	0.00000	1	100.00
drive_throttle	75	0.0000	-1745.6594	17.0121	-0.0006	741.4901	8.3721	-0.00000	0.99996	-0.00942	-0.00000	0.00942	0.99996	-0.00099	0.00000	0.00000	1	100.00
drive_throttle	76	0.0000	-1739.4810	17.0121	-0.0006	748.4695	8.3721	-0.00000	0.99996	-0.00942	-0.00000	0.00942	0.99996	-0.00099	0.00000	0.00000	1	100.00
drive_throttle	77	0.0000	-1733.2428	17.0121	-0.0006	755.3798	8.3721	-0.00000	0.99996	-0.00942	-0.00000	0.00942	0.99996	-0.00100	-0.00000	0.00000	1	100.00
drive_throttle	78	0.0000	-1726.9451	17.0121	-0.0006	762.2307	8.3721	-0.00000	0.99996	-0.00943	-0.00000	0.00943	0.99996	-0.00097	0.00000	0.00000	1	100.00
drive_throttle	79	0.0000	-1720.5881	17.0121	-0.0006	769.0317	8.3721	-0.00000	0.99996	-0.00943	-0.00000	0.00943	0.99996	-0.00095	0.00000	0.00000	1	100.00
drive_throttle	80	0.0000	-1714.1815	17.0121	-0.0006	775.7736	8.3721	-0.00000	0.99996	-0.00943	-0.00000	0.00943	0.99996	-0.00095	0.00000	0.00000	1	100.00
drive_throttle	81	0.0000	-1707.7152	17.0121	-0.0006	782.4557	8.3721	-0.00000	0.99996	-0.00943	-0.00000	0.00943	0.99996	-0.00095	0.00000	0.00000	1	100.00
drive_throttle	82	0.0000	-1701.1996	17.0121	-0.0006	789.0786	8.3721	-0.00000	0.99996	-0.00943	-0.00000	0.00943	0.99996	-0.00095	0.00000	0.00000	1	100.00
drive_throttle	83	0.0000	-1694.6243	17.0121	-0.0006	795.6418	8.3721	-0.00000	0.99996	-0.00943	-0.00000	0.00943	0.99996	-0.00096	0.00000	0.00000	1	100.00
drive_throttle	84	0.0000	-1687.9896	17.0121	-0.0006	802.1554	8.3721	-0.00000	0.99996	-0.00943	-0.00000	0.00943	0.99996	-0.00096	0.00000	0.00000	1	100.00
drive_throttle	85	0.0000	-1681.3053	17.0121	-0.0006	808.6096	8.3721	-0.00000	0.99996	-0.00943	-0.00000	0.00943	0.99996	-0.00097	0.00000	0.00000	1	100.00
drive_throttle	86	0.0000	-1674.5718	17.0121	-0.0006	815.0043	8.3721	-0.00000	0.99996	-0.00943	-0.00000	0.00943	0.99996	-0.00098	0.00000	0.00000	1	100.00
drive_throttle	87	0.0000	-1667.7782	17.0121	-0.0006	821.3494	8.3721	-0.00000	0.99996	-0.00943	-0.00000	0.00943	0.99996	-0.00099	0.00000	0.00000	1	100.00
drive_throttle	88	0.0000	-1660.9354	17.0121	-0.0006	827.6352	8.3721	-0.00000	0.99996	-0.00943	-0.00000	0.00943	0.99996	-0.00099	0.00000	0.00000	1	100.00
drive_throttle	89	0.0000	-1654.0430	17.0121	-0.0006	833.8715	8.3721	-0.00000	0.99996	-0.00943	-0.00000	0.00943	0.99996	-0.00100	0.00000	0.00000	1	100.00
drive_throttle	90	0.0000	-1647.0911	17.0121	-0.0006	840.0577	8.3721	-0.00000	0.99996	-0.00944	-0.00000	0.00944	0.99996	-0.00096	0.00000	0.00000	1	100.00
drive_throttle	91	0.0000	-1640.0896	17.0121	-0.0006	846.1850	8.3721	-0.00000	0.99996	-0.00944	-0.00000	0.00944	0.99996	-0.00094	0.00000	0.00000	1	100.00
drive_throttle	92	0.0000	-1633.0386	17.0121	-0.0006	852.2623	8.3721	-0.00000	0.99996	-0.00944	-0.00000	0.00944	0.99996	-0.00094	0.00000	0.00000	1	100.00
drive_throttle	93	0.0000	-1625.9379	17.0121	-0.0006	858.2901	8.3721	-0.00000	0.99996	-0.00944	-0.00000	0.00944	0.99996	-0.00094	-0.00000	0.00000	1	100.00
drive_throttle	94	0.0000	-1618.7876	17.0121	-0.0006	864.2686	8.3721	-0.00000	0.99996	-0.00944	-0.00000	0.00944	0.99996	-0.00094	-0.00000	0.00000	1	100.00
drive_throttle	95	0.0000	-1611.5879	17.0121	-0.0006	870.1875	8.3721	-0.00000	0.99996	-0.00944	-0.00000	0.00944	0.99996	-0.00095	0.00000	0.00000	1	100.00
drive_throttle	96	0.0000	-1604.3385	17.0121	-0.0006	876.0568	8.3721	-0.00000	0.99996	-0.00944	-0.00000	0.00944	0.99996	-0.00095	-0.00000	0.00000	1	100.00
drive_throttle	97	0.0000	-1597.0396	17.0121	-0.0006	881.8763	8.3721	-0.00000	0.99996	-0.00944	-0.00000	0.00944	0.99996	-0.00096	-0.00000	0.00000	1	100.00
drive_throttle	98	0.0000	-1589.6910	17.0121	-0.0006	887.6464	8.3721	-0.00000	0.99996	-0.00944	-0.00000	0.00944	0.99996	-0.00096	-0.00000	0.00000	1	100.00
drive_throttle	99	0.0000	-1582.2930	17.0121	-0.0006	893.3668	8.3721	-0.00000	0.99996	-0.00944	-0.00000	0.00944	0.99996	-0.00097	-0.00000	0.00000	1	100.00
drive_throttle	100	0.0000	-1574.8453	17.0121	-0.0006	899.0380	8.3721	-0.00000	0.99996	-0.00944	-0.00000	0.00944	0.99996	-0.00098	0.00000	0.00000	1	100.00
drive_throttle	101	0.0000	-1567.3580	17.0121	-0.0006	904.6592	8.3721	-0.00000	0.99996	-0.00944	-0.00000	0.00944	0.99996	-0.00098	-0.00000	0.00000	1	100.00
drive_throttle	102	0.0000	-1559.8212	17.0121	-0.0006	910.2310	8.3721	-0.00000	0.99996	-0.00944	-0.00000	0.00944	0.99996	-0.00099	-0.00000	0.00000	1	100.00
drive_throttle	103	0.0000	-1552.2346	17.0121	-0.0007	915.7634	8.3721	-0.00000	0.99996	-0.00944	-0.00000	0.00944	0.99996	-0.00100	-0.00000	0.00000	1	100.00
drive_throttle	104	0.0000	-1544.5986	17.0121	-0.0007	921.2462	8.3721	-0.00000	0.99996	-0.00944	-0.00000	0.00944	0.99996	-0.00100	-0.00000	0.00000	1	100.00
drive_throttle	105	0.0000	-1536.9230	17.0121	-0.0007	926.6788	8.3721	-0.00000	0.99996	-0.00945	-0.00000	0.00945	0.99996	-0.00097	0.00000	0.00000	1	100.00
drive_throttle	106	0.0000	-1529.1978	17.0121	-0.0007	932.0623	8.3721	-0.00000	0.99996	-0.00945	-0.00000	0.00945	0.99996	-0.00095	0.00000	0.00000	1	100.00
drive_throttle	107	0.0000	-1521.4327	17.0121	-0.0007	937.4061	8.3721	-0.00000	0.99996	-0.00945	-0.00000	0.00945	0.99996	-0.00094	0.00000	0.00000	1	100.00
drive_throttle	108	0.0000	-1513.6184	17.0121	-0.0007	942.7003	8.3721	-0.00000	0.99996	-0.00945	-0.00000	0.00945	0.99996	-0.00094	0.00000	0.00000	1	100.00
drive_throttle	109	0.0000	-1505.7642	17.0121	-0.0007	947.9548	8.3721	-0.00000	0.99996	-0.00945	-0.00000	0.00945	0.99996	-0.00094	0.00000	0.00000	1	100.00
drive_throttle	110	0.0000	-1497.8605	17.0121	-0.0007	953.1599	8.3721	-0.00000	0.99996	-0.00945	-0.00000	0.00945	0.99996	-0.00095	-0.00000	0.00000	1	100.00
drive_throttle	111	0.0000	-1489.9170	17.0121	-0.0007	958.3153	8.3721	-0.00000	0.99996	-0.00945	-0.00000	0.00945	0.99996	-0.00095	0.00000	0.00000	1	100.00
drive_throttle	112	0.0000	-1481.9342	17.0121	-0.0007	963.4315	8.3721	-0.00000	0.99996	-0.00945	-0.00000	0.00945	0.99996	-0.00096	-0.00000	0.00000	1	100.00
drive_throttle	113	0.0000	-1473.9015	17.0121	-0.0007	968.5072	8.3721	-0.00000	0.99996	-0.00945	-0.00000	0.00945	0.99996	-0.00096	-0.00000	0.00000	1	100.00
drive_throttle	114	0.0000	-1465.8292	17.0121	-0.0007	973.5341	8.3721	-0.00000	0.99996	-0.00945	-0.00000	0.00945	0.99996	-0.00097	-0.00000	0.00000	1	100.00
drive_throttle	115	0.0000	-1457.7173	17.0121	-0.0007	978.5210	8.3721	-0.00000	0.99996	-0.00945	-0.00000	0.00945	0.99996	-0.00097	0.00000	0.00000	1	100.00
drive_throttle	116	0.0000	-1449.5656	17.0121	-0.0007	983.4678	8.3721	-0.00000	0.99996	-0.00945	-0.00000	0.00945	0.99996	-0.00098	0.00000	0.00000	1	100.00
drive_throttle	117	0.0000	-1441.3744	17.0121	-0.0007	988.3655	8.3721	-0.00000	0.99996	-0.00945	-0.00000	0.00945	0.99996	-0.00099	0.00000	0.00000	1	100.00
drive_throttle	118	0.0000	-1433.1337	17.0121	-0.0007	993.2236	8.3721	-0.00000	0.99996	-0.00945	-0.00000	0.00945	0.99996	-0.00099	0.00000	0.00000	1	100.00
drive_throttle	119	0.0000	-1424.8531	17.0121	-0.0007	998.0419	8.3721	-0.00000	0.99996	-0.00945	-0.00000	0.00945	0.99996	-0.00100	-0.00000	0.00000	1	100.00
drive_throttle	120	0.0000	-1416.5330	17.0121	-0.0007	1002.8208	8.3721	-0.00000	0.99996	-0.00945	-0.00000	0.00945	0.99996	-0.00100	-0.00000	0.00000	1	100.00
drive_throttle	121	0.0000	-1408.1732	17.0121	-0.0007	1007.5596	8.3721	-0.00000	0.99996	-0.00946	-0.00000	0.00946	0.99996	-0.00097	-0.00000	0.00000	1	100.00
drive_throttle	122	0.0000	-1399.7738	17.0121	-0.0007	1012.2491	8.3721	-0.00000	0.99996	-0.00946	-0.00000	0.00946	0.99996	-0.00095	0.00000	0.00000	1	100.00
drive_throttle	123	0.0000	-1391.3346	17.0121	-0.0007	1016.8991	8.3721	-0.00000	0.99996	-0.00946	-0.00000	0.00946	0.99996	-0.00094	-0.00000	0.00000	1	100.00
drive_throttle	124	0.0000	-1382.8558	17.0121	-0.0007	1021.5090	8.3721	-0.00000	0.99996	-0.00946	-0.00000	0.00946	0.99996	-0.00093	-0.00000	0.00000	1	100.00
drive_throttle	125	0.0000	-1374.3475	17.0121	-0.0007	1026.0797	8.3721	-0.00000	0.99996	-0.00946	-0.00000	0.00946	0.99996	-0.00094	0.00000	0.00000	1	100.00
drive_throttle	126	0.0000	-1365.7994	17.0121	-0.0007	1030.6104	8.3721	-0.00000	0.99996	-0.00946	-0.00000	0.00946	0.99996	-0.00094	0.00000	0.00000	1	100.00
drive_throttle	127	0.0000	-1357.2115	17.0121	-0.0008	1035.1116	8.3721	-0.00000	0.99996	-0.00946	-0.00000	0.00946	0.99996	-0.00094	-0.00000	0.00000	1	100.00
drive_throttle	128	0.0000	-1348.5841	17.0121	-0.0008	1039.5730	8.3721	-0.00000	0.99996	-0.00946	-0.00000	0.00946	0.99996	-0.00095	-0.00000	0.00000	1	100.00
drive_throttle	129	0.0000	-1339.9167	17.0121	-0.0008	1043.9948	8.3721	-0.00000	0.99996	-0.00946	-0.00000	0.00946	0.99996	-0.00095	0.00000	0.00000	1	100.00
drive_throttle	130	0.0000	-1331.2201	17.0121	-0.0008	1048.3767	8.3721	-0.00000	0.99996	-0.00946	-0.00000	0.00946	0.99996	-0.00096	-0.00000	0.00000	1	100.00
drive_throttle	131	0.0000	-1322.4835	17.0121	-0.0008	1052.7194	8.3721	-0.00000	0.99996	-0.00946	-0.00000	0.00946	0.99996	-0.00096	0.00000	0.00000	1	100.00
drive_throttle	132	0.0000	-1313.7074	17.0121	-0.0008	1057.0219	8.3721	-0.00000	0.99996	-0.00946	-0.00000	0.00946	0.99996	-0.00097	-0.00000	0.00000	1	100.00
drive_throttle	133	0.0000	-1304.9014	17.0121	-0.0008	1061.2953	8.3721	-0.00000	0.99996	-0.00946	-0.00000	0.00946	0.99996	-0.00097	-0.00000	0.00000	1	100.00
drive_throttle	134	0.0000	-1296.0559	17.0121	-0.0008	1065.5286	8.3721	-0.00000	0.99996	-0.00946	-0.00000	0.00946	0.99996	-0.00098	-0.00000	0.00000	1	100.00
drive_throttle	135	0.0000	-1287.1807	17.0121	-0.0008	1069.7224	8.3721	-0.00000	0.99996	-0.00946	-0.00000	0.00946	0.99996	-0.00098	0.00000	0.00000	1	100.00
drive_throttle	136	0.0000	-1278.2656	17.0121	-0.0008	1073.8862	8.3721	-0.00000	0.99996	-0.00946	-0.00000	0.00946	0.99996	-0.00099	-0.00000	0.00000	1	100.00
drive_throttle	137	0.0000	-1269.3209	17.0121	-0.0008	1078.0107	8.3721	-0.00000	0.99996	-0.00946	-0.00000	0.00946	0.99996	-0.00099	-0.00000	0.00000	1	100.00
drive_throttle	138	0.0000	-1260.3365	17.0121	-0.0008	1082.1052	8.3721	-0.00000	0.99996	-0.00946	-0.00000	0.00946	0.99996	-0.00100	-0.00000	0.00000	1	100.00
drive_throttle	139	0.0000	-1251.3225	17.0121	-0.0008	1086.1602	8.3721	-0.00000	0.99996	-0.00946	-0.00000	0.00946	0.99996	-0.00100	0.00000	0.00000	1	100.00
drive_throttle	140	0.0000	-1242.2686	17.0121	-0.0008	1090.1854	8.3721	-0.00000	0.99996	-0.00946	-0.00000	0.00946	0.99996	-0.00097	-0.00000	0.00000	1	100.00
drive_throttle	141	0.0000	-1233.1852	17.0121	-0.0008	1094.1710	8.3721	-0.00000	0.99996	-0.00946	-0.00000	0.00946	0.99996	-0.00094	-0.00000	0.00000	1	100.00
drive_throttle	142	0.0000	-1224.0718	17.0121	-0.0008	1098.1267	8.3721	-0.00000	0.99996	-0.00946	-0.00000	0.00946	0.99996	-0.00094	-0.00000	0.00000	1	100.00
drive_throttle	143	0.0000	-1214.9189	17.0121	-0.0008	1102.0428	8.3721	-0.00000	0.99996	-0.00946	-0.00000	0.00946	0.99996	-0.00093	-0.00000	0.00000	1	100.00
drive_throttle	144	0.0000	-1205.7363	17.0121	-0.0008	1105.9292	8.3721	-0.00000	0.99996	-0.00946	-0.00000	0.00946	0.99996	-0.00093	-0.00000	0.00000	1	100.00
drive_throttle	145	0.0000	-1196.5239	17.0121	-0.0008	1109.7760	8.3721	-0.00000	0.99996	-0.00946	-0.00000	0.00946	0.99996	-0.00093	-0.00000	0.00000	1	100.00
drive_throttle	146	0.0000	-1187.2719	17.0121	-0.0008	1113.5929	8.3721	-0.00000	0.99996	-0.00946	-0.00000	0.00946	0.99996	-0.00094	-0.00000	0.00000	1	100.00
drive_throttle	147	0.0000	-1177.9901	17.0121	-0.0008	1117.3804	8.3721	-0.00000	0.99996	-0.00946	-0.00000	0.00946	0.99996	-0.00094	-0.00000	0.00000	1	100.00
drive_throttle	148	0.0000	-1168.6785	17.0121	-0.0008	1121.1377	8.3721	-0.00000	0.99996	-0.00946	-0.00000	0.00946	0.99996	-0.00095	-0.00000	0.00000	1	100.00
drive_throttle	149	0.0000	-1159.3373	17.0121	-0.0008	1124.8556	8.3721	-0.00000	0.99996	-0.00946	-0.00000	0.00946	0.99996	-0.00095	-0.00000	0.00000	1	100.00
drive_throttle	150	0.0000	-1149.9662	17.0121	-0.0008	1128.5439	8.3721	-0.00000	0.99996	-0.00946	-0.00000	0.00946	0.99996	-0.00095	-0.00000	0.00000	1	100.00
drive_throttle	151	0.0000	-1140.5654	17.0121	-0.0008	1132.2023	8.3721	-0.00000	0.99996	-0.00946	-0.00000	0.00946	0.99996	-0.00096	-0.00000	0.00000	1	100.00
drive_throttle	152	0.0000	-1131.1349	17.0121	-0.0008	1135.8306	8.3721	-0.00000	0.99996	-0.00946	-0.00000	0.00946	0.99996	-0.00096	-0.00000	0.00000	1	100.00
drive_throttle	153	0.0000	-1121.6647	17.0121	-0.0008	1139.4297	8.3721	-0.00000	0.99996	-0.00946	-0.00000	0.00946	0.99996	-0.00097	-0.00000	0.00000	1	100.00
drive_throttle	154	0.0000	-1112.1649	17.0121	-0.0008	1142.9888	8.3721	-0.00000	0.99996	-0.00946	-0.00000	0.00946	0.99996	-0.00097	-0.00000	0.00000	1	100.00
drive_throttle	155	0.0000	-1102.6353	17.0121	-0.0008	1146.5183	8.3721	-0.00000	0.99996	-0.00946	-0.00000	0.00946	0.99996	-0.00098	-0.00000	0.00000	1	100.00
drive_throttle	156	0.0000	-1093.0857	17.0121	-0.0008	1150.0182	8.3721	-0.00000	0.99996	-0.00946	-0.00000	0.00946	0.99996	-0.00098	-0.00000	0.00000	1	100.00
drive_throttle	157	0.0000	-1083.5066	17.0121	-0.0008	1153.4880	8.3721	-0.00000	0.99996	-0.00946	-0.00000	0.00946	0.99996	-0.00099	-0.00000	0.00000	1	100.00
drive_throttle	158	0.0000	-1073.8977	17.0121	-0.0008	1156.9282	8.3721	-0.00000	0.99996	-0.00946	-0.00000	0.00946	0.99996	-0.00099	-0.00000	0.00000	1	100.00
drive_throttle	159	0.0000	-1064.2590	17.0121	-0.0008	1160.3389	8.3721	-0.00000	0.99996	-0.00946	-0.00000	0.00946	0.99996	-0.00099	-0.00000	0.00000	1	100.00
drive_throttle	160	0.0000	-1054.5906	17.0121	-0.0008	1163.7195	8.3721	-0.00000	0.99996	-0.00946	-0.00000	0.00946	0.99996	-0.00100	-0.00000	0.00000	1	100.00
drive_throttle	161	0.0000	-1044.8923	17.0121	-0.0008	1167.0704	8.3721	-0.00000	0.99996	-0.00946	-0.00000	0.00946	0.99996	-0.00100	-0.00000	0.00000	1	100.00
drive_throttle	162	0.0000	-1035.1644	17.0121	-0.0008	1170.4019	8.3721	-0.00000	0.99996	-0.00947	-0.00000	0.00947	0.99996	-0.00096	-0.00000	0.00000	1	100.00
drive_throttle	163	0.0000	-1025.4066	17.0121	-0.0008	1173.7034	8.3721	-0.00000	0.99996	-0.00947	-0.00000	0.00947	0.99996	-0.00094	-0.00000	0.00000	1	100.00
drive_throttle	164	0.0000	-1015.6291	17.0121	-0.0008	1176.9751	8.3721	-0.00000	0.99996	-0.00947	-0.00000	0.00947	0.99996	-0.00093	-0.00000	0.00000	1	100.00
drive_throttle	165	0.0000	-1005.8219	17.0121	-0.0008	1180.2173	8.3721	-0.00000	0.99996	-0.00947	-0.00000	0.00947	0.99996	-0.00093	-0.00000	0.00000	1	100.00
drive_throttle	166	0.0000	-995.9849	17.0121	-0.0009	1183.4293	8.3721	-0.00000	0.99996	-0.00947	-0.00000	0.00947	0.99996	-0.00093	-0.00000	0.00000	1	100.00
drive_throttle	167	0.0000	-986.1181	17.0121	-0.0009	1186.6118	8.3721	-0.00000	0.99996	-0.00947	-0.00000	0.00947	0.99996	-0.00093	-0.00000	0.00000	1	100.00
drive_throttle	168	0.0000	-976.2315	17.0121	-0.0009	1189.7744	8.3721	-0.00000	0.99996	-0.00947	-0.00000	0.00947	0.99996	-0.00093	-0.00000	0.00000	1	100.00
drive_throttle	169	0.0000	-966.3152	17.0121	-0.0009	1192.9075	8.3721	-0.00000	0.99996	-0.00947	-0.00000	0.00947	0.99996	-0.00093	-0.00000	0.00000	1	100.00
drive_throttle	170	0.0000	-956.3792	17.0121	-0.0009	1196.0107	8.3721	-0.00000	0.99996	-0.00947	-0.00000	0.00947	0.99996	-0.00094	-0.00000	0.00000	1	100.00
drive_throttle	171	0.0000	-946.4132	17.0121	-0.0009	1199.0940	8.3721	-0.00000	0.99996	-0.00947	-0.00000	0.00947	0.99996	-0.00094	-0.00000	0.00000	1	100.00
drive_throttle	172	0.0000	-936.4176	17.0121	-0.0009	1202.1477	8.3721	-0.00000	0.99996	-0.00947	-0.00000	0.00947	0.99996	-0.00094	-0.00000	0.00000	1	100.00
drive_throttle	173	0.0000	-926.4021	17.0121	-0.0009	1205.1714	8.3721	-0.00000	0.99996	-0.00947	-0.00000	0.00947	0.99996	-0.00095	-0.00000	0.00000	1	100.00
drive_throttle	174	0.0000	-916.3569	17.0121	-0.0009	1208.1754	8.3721	-0.00000	0.99996	-0.00947	-0.00000	0.00947	0.99996	-0.00095	-0.00000	0.00000	1	100.00
drive_throttle	175	0.0000	-906.2919	17.0121	-0.0009	1211.1498	8.3721	-0.00000	0.99996	-0.00947	-0.00000	0.00947	0.99996	-0.00096	-0.00000	0.00000	1	100.00
drive_throttle	176	0.0000	-896.1971	17.0121	-0.0009	1214.0942	8.3721	-0.00000	0.99996	-0.00947	-0.00000	0.00947	0.99996	-0.00096	-0.00000	0.00000	1	100.00
drive_throttle	177	0.0000	-886.0826	17.0121	-0.0009	1217.0190	8.3721	-0.00000	0.99996	-0.00947	-0.00000	0.00947	0.99996	-0.00096	-0.00000	0.00000	1	100.00
drive_throttle	178	0.0000	-875.9382	17.0121	-0.0009	1219.9139	8.3721	-0.00000	0.99996	-0.00947	-0.00000	0.00947	0.99996	-0.00097	-0.00000	0.00000	1	100.00
drive_throttle	179	0.0000	-865.7740	17.0121	-0.0009	1222.7891	8.3721	-0.00000	0.99996	-0.00947	-0.00000	0.00947	0.99996	-0.00097	-0.00000	0.00000	1	100.00
drive_throttle	180	0.0000	-855.5801	17.0121	-0.0009	1225.6344	8.3721	-0.00000	0.99996	-0.00947	-0.00000	0.00947	0.99996	-0.00097	-0.00000	0.00000	1	100.00
drive_throttle	181	0.0000	-845.3665	17.0121	-0.0009	1228.4600	8.3721	-0.00000	0.99996	-0.00947	-0.00000	0.00947	0.99996	-0.00098	-0.00000	0.00000	1	100.00
drive_throttle	182	0.0000	-835.1328	17.0121	-0.0009	1231.2659	8.3721	-0.00000	0.99996	-0.00947	-0.00000	0.00947	0.99996	-0.00098	-0.00000	0.00000	1	100.00
drive_throttle	183	0.0000	-824.8695	17.0121	-0.0009	1234.0419	8.3721	-0.00000	0.99996	-0.00947	-0.00000	0.00947	0.99996	-0.00098	-0.00000	0.00000	1	100.00
drive_throttle	184	0.0000	-814.5864	17.0121	-0.0009	1236.7977	8.3721	-0.00000	0.99996	-0.00947	-0.00000	0.00947	0.99996	-0.00099	-0.00000	0.00000	1	100.00
drive_throttle	185	0.0000	-804.2834	17.0121	-0.0009	1239.5244	8.3721	-0.00000	0.99996	-0.00947	-0.00000	0.00947	0.99996	-0.00099	-0.00000	0.00000	1	100.00
drive_throttle	186	0.0000	-793.9507	17.0121	-0.0009	1242.2308	8.3721	-0.00000	0.99996	-0.00947	-0.00000	0.00947	0.99996	-0.00099	-0.00000	0.00000	1	100.00
drive_throttle	187	0.0000	-783.5980	17.0121	-0.0009	1244.9176	8.3721	-0.00000	0.99996	-0.00947	-0.00000	0.00947	0.99996	-0.00100	-0.00000	0.00000	1	100.00
drive_throttle	188	0.0000	-773.2257	17.0121	-0.0009	1247.5747	8.3721	-0.00000	0.99996	-0.00947	-0.00000	0.00947	0.99996	-0.00100	-0.00000	0.00000	1	100.00
drive_throttle	189	0.0000	-762.8336	17.0121	-0.0009	1250.2118	8.3721	-0.00000	0.99996	-0.00948	-0.00000	0.00948	0.99996	-0.00096	-0.00000	0.00000	1	100.00
drive_throttle	190	0.0000	-752.4116	17.0121	-0.0009	1252.8293	8.3721	-0.00000	0.99996	-0.00948	-0.00000	0.00948	0.99996	-0.00094	-0.00000	0.00000	1	100.00
drive_throttle	191	0.0000	-741.9698	17.0121	-0.0009	1255.4167	8.3721	-0.00000	0.99996	-0.00948	-0.00000	0.00948	0.99996	-0.00093	-0.00000	0.00000	1	100.00
drive_throttle	192	0.0000	-731.5082	17.0121	-0.0009	1257.9846	8.3721	-0.00000	0.99996	-0.00948	-0.00000	0.00948	0.99996	-0.00092	-0.00000	0.00000	1	100.00
drive_throttle	193	0.0000	-721.0268	17.0121	-0.0009	1260.5326	8.3721	-0.00000	0.99996	-0.00948	-0.00000	0.00948	0.99996	-0.00092	-0.00000	0.00000	1	100.00
drive_throttle	194	0.0000	-710.5256	17.0121	-0.0009	1263.0609	8.3721	-0.00000	0.99996	-0.00948	-0.00000	0.00948	0.99996	-0.00092	-0.00000	0.00000	1	100.00
drive_throttle	195	0.0000	-700.0045	17.0121	-0.0009	1265.5690	8.3721	-0.00000	0.99996	-0.00948	-0.00000	0.00948	0.99996	-0.00092	-0.00000	0.00000	1	100.00
drive_throttle	196	0.0000	-689.4537	17.0121	-0.0009	1268.0477	8.3721	-0.00000	0.99996	-0.00948	-0.00000	0.00948	0.99996	-0.00093	-0.00000	0.00000	1	100.00
drive_throttle	197	0.0000	-678.8830	17.0121	-0.0009	1270.5063	8.3721	-0.00000	0.99996	-0.00948	-0.00000	0.00948	0.99996	-0.00093	-0.00000	0.00000	1	100.00
drive_throttle	198	0.0000	-668.2925	17.0121	-0.0009	1272.9454	8.3721	-0.00000	0.99996	-0.00948	-0.00000	0.00948	0.99996	-0.00093	-0.00000	0.00000	1	100.00
drive_throttle	199	0.0000	-657.6821	17.0121	-0.0009	1275.3644	8.3721	-0.00000	0.99996	-0.00948	-0.00000	0.00948	0.99996	-0.00093	-0.00000	0.00000	1	100.00
drive_boost	0	-0.0000	-1999.9312	16.9323	-0.0001	21.5972	2.1110	-0.00000	1.00000	0.00000	0.00000	0.00000	1.00000	-0.05091	-0.00000	-0.00000	1	99.72
drive_boost	1	-0.0000	-1999.6813	16.8799	-0.0001	43.0032	4.0006	-0.00000	1.00000	-0.00042	0.00000	0.00042	1.00000	-0.08575	-0.00000	0.00000	1	99.44
drive_boost	2	-0.0000	-1999.2527	16.8456	-0.0001	64.2297	5.6366	-0.00000	1.00000	-0.00114	0.00000	0.00114	1.00000	-0.10732	-0.00000	0.00000	1	99.17
drive_boost	3	-0.0000	-1998.6460	16.8291	-0.0001	85.2678	6.9059	-0.00000	1.00000	-0.00203	-0.00000	0.00203	1.00000	-0.11608	-0.00000	0.00000	1	98.89
drive_boost	4	-0.0000	-1997.8706	16.8197	-0.0001	106.1275	7.8267	-0.00000	1.00000	-0.00300	-0.00000	0.00300	1.00000	-0.11428	-0.00000	0.00000	1	98.61
drive_boost	5	-0.0000	-1996.9166	16.8173	-0.0001	126.8088	8.4939	-0.00000	0.99999	-0.00395	-0.00000	0.00395	0.99999	-0.10620	-0.00000	0.00000	1	98.33
drive_boost	6	-0.0000	-1995.7944	16.8228	-0.0002	147.3116	8.9652	-0.00000	0.99999	-0.00484	-0.00000	0.00484	0.99999	-0.09480	-0.00000	0.00000	1	98.06
drive_boost	7	-0.0000	-1994.4935	16.8266	-0.0002	167.6458	9.3092	-0.00000	0.99998	-0.00563	-0.00000	0.00563	0.99998	-0.08207	-0.00000	0.00000	1	97.78
drive_boost	8	-0.0000	-1993.0240	16.8394	-0.0002	187.8017	9.5270	-0.00000	0.99998	-0.00631	-0.00000	0.00631	0.99998	-0.06929	-0.00000	0.00000	1	97.50
drive_boost	9	-0.0000	-1991.3862	16.8512	-0.0002	207.7889	9.6639	-0.00000	0.99998	-0.00689	-0.00000	0.00689	0.99998	-0.05728	-0.00000	0.00000	1	97.22
drive_boost	10	-0.0000	-1989.5897	16.8623	-0.0002	227.5977	9.7449	-0.00000	0.99997	-0.00737	-0.00000	0.00737	0.99997	-0.04647	-0.00000	0.00000	1	96.94
drive_boost	11	-0.0000	-1987.6244	16.8730	-0.0002	247.2379	9.7827	-0.00000	0.99997	-0.00775	-0.00000	0.00775	0.99997	-0.03706	-0.00000	0.00000	1	96.67
drive_boost	12	-0.0000	-1985.4908	16.8833	-0.0002	266.7096	9.7902	-0.00000	0.99997	-0.00806	-0.00000	0.00806	0.99997	-0.02908	-0.00000	0.00000	1	96.39
drive_boost	13	-0.0000	-1983.1987	16.8933	-0.0003	286.0126	9.7684	-0.00000	0.99997	-0.00830	-0.00000	0.00830	0.99997	-0.02268	-0.00000	0.00000	1	96.11
drive_boost	14	-0.0000	-1980.7476	16.9031	-0.0003	305.1572	9.7067	-0.00000	0.99996	-0.00849	-0.00000	0.00849	0.99996	-0.01805	0.00000	0.00000	1	95.83
drive_boost	15	-0.0000	-1978.1382	16.9125	-0.0003	324.1331	9.6262	-0.00000	0.99996	-0.00864	-0.00000	0.00864	0.99996	-0.01461	-0.00000	0.00000	1	95.56
drive_boost	16	-0.0000	-1975.3699	16.9219	-0.0003	342.9504	9.5333	-0.00000	0.99996	-0.00877	0.00000	0.00877	0.99996	-0.01202	-0.00000	0.00000	1	95.28
drive_boost	17	-0.0000	-1972.4432	16.9311	-0.0003	361.6091	9.4342	-0.00000	0.99996	-0.00887	0.00000	0.00887	0.99996	-0.01002	-0.00000	0.00000	1	95.00
drive_boost	18	-0.0000	-1969.3577	16.9403	-0.0003	380.0993	9.3288	-0.00000	0.99996	-0.00895	-0.00000	0.00895	0.99996	-0.00845	-0.00000	0.00000	1	94.72
drive_boost	19	-0.0000	-1966.1238	16.9494	-0.0003	398.4308	9.2173	-0.00000	0.99996	-0.00902	-0.00000	0.00902	0.99996	-0.00719	-0.00000	0.00000	1	94.44
drive_boost	20	-0.0000	-1962.7308	16.9584	-0.0003	416.6135	9.1057	-0.00000	0.99996	-0.00908	-0.00000	0.00908	0.99996	-0.00616	-0.00000	0.00000	1	94.17
drive_boost	21	-0.0000	-1959.1895	16.9675	-0.0003	434.6377	8.9943	-0.00000	0.99996	-0.00913	0.00000	0.00913	0.99996	-0.00532	-0.00000	0.00000	1	93.89
drive_boost	22	-0.0000	-1955.4993	16.9766	-0.0004	452.5034	8.8828	-0.00000	0.99996	-0.00918	0.00000	0.00918	0.99996	-0.00461	-0.00000	0.00000	1	93.61
drive_boost	23	-0.0000	-1951.6604	16.9857	-0.0004	470.2202	8.7714	-0.00000	0.99996	-0.00921	0.00000	0.00921	0.99996	-0.00401	-0.00000	0.00000	1	93.33
drive_boost	24	-0.0000	-1947.6726	16.9947	-0.0004	487.7882	8.6600	-0.00000	0.99996	-0.00925	0.00000	0.00925	0.99996	-0.00350	-0.00000	0.00000	1	93.06
drive_boost	25	-0.0000	-1943.5361	16.9938	-0.0004	505.1977	8.5904	-0.00000	0.99996	-0.00928	0.00000	0.00928	0.99996	-0.00307	0.00000	0.00000	1	92.78
drive_boost	26	-0.0000	-1939.2612	16.9932	-0.0004	522.4586	8.5460	-0.00000	0.99996	-0.00930	0.00000	0.00930	0.99996	-0.00270	-0.00000	0.00000	1	92.50
drive_boost	27	-0.0000	-1934.8374	16.9928	-0.0004	539.5705	8.5143	-0.00000	0.99996	-0.00932	0.00000	0.00932	0.99996	-0.00238	-0.00000	0.00000	1	92.22
drive_boost	28	-0.0000	-1930.2748	16.9926	-0.0004	556.5438	8.4952	-0.00000	0.99996	-0.00934	0.00000	0.00934	0.99996	-0.00210	-0.00000	0.00000	1	91.94
drive_boost	29	-0.0000	-1925.5632	16.9924	-0.0004	573.3683	8.4825	-0.00000	0.99996	-0.00936	0.00000	0.00936	0.99996	-0.00186	-0.00000	0.00000	1	91.67
drive_boost	30	-0.0000	-1920.7130	16.9923	-0.0004	590.0443	8.4761	-0.00000	0.99996	-0.00938	0.00000	0.00938	0.99996	-0.00165	-0.00000	0.00000	1	91.39
drive_boost	31	-0.0000	-1915.7241	16.9922	-0.0004	606.5812	8.4697	-0.00000	0.99996	-0.00939	0.00000	0.00939	0.99996	-0.00147	0.00000	0.00000	1	91.11
drive_boost	32	-0.0000	-1910.5963	16.9922	-0.0004	622.9795	8.4633	-0.00000	0.99996	-0.00940	0.00000	0.00940	0.99996	-0.00131	-0.00000	0.00000	1	90.83
drive_boost	33	-0.0000	-1905.3396	16.9922	-0.0005	639.2289	8.4632	-0.00000	0.99996	-0.00941	0.00000	0.00941	0.99996	-0.00116	-0.00000	0.00000	1	90.56
drive_boost	34	-0.0000	-1899.9443	16.9922	-0.0005	655.3397	8.4632	-0.00000	0.99996	-0.00942	0.00000	0.00942	0.99996	-0.00104	0.00000	0.00000	1	90.28
drive_boost	35	-0.0000	-1894.4099	16.9922	-0.0005	671.3116	8.4631	-0.00000	0.99996	-0.00943	0.00000	0.00943	0.99996	-0.00093	0.00000	0.00000	1	90.00
drive_boost	36	-0.0000	-1888.7468	16.9921	-0.0005	687.1547	8.4631	-0.00000	0.99996	-0.00943	-0.00000	0.00943	0.99996	-0.00088	-0.00000	0.00000	1	89.72
drive_boost	37	-0.0000	-1882.9548	16.9921	-0.0005	702.8588	8.4631	-0.00000	0.99996	-0.00943	-0.00000	0.00943	0.99996	-0.00086	-0.00000	0.00000	1	89.44
drive_boost	38	-0.0000	-1877.0239	16.9921	-0.0005	718.4244	8.4631	-0.00000	0.99996	-0.00943	-0.00000	0.00943	0.99996	-0.00086	-0.00000	0.00000	1	89.17
drive_boost	39	-0.0000	-1870.9645	16.9921	-0.0005	733.8609	8.4631	-0.00000	0.99996	-0.00943	-0.00000	0.00943	0.99996	-0.00086	-0.00000	0.00000	1	88.89
drive_boost	40	-0.0000	-1864.7755	16.9921	-0.0005	749.1685	8.4631	-0.00000	0.99996	-0.00943	-0.00000	0.00943	0.99996	-0.00087	-0.00000	0.00000	1	88.61
drive_boost	41	-0.0000	-1858.4683	16.9921	-0.0005	764.3375	8.4631	-0.00000	0.99996	-0.00943	-0.00000	0.00943	0.99996	-0.00089	-0.00000	0.00000	1	88.33
drive_boost	42	-0.0000	-1852.0317	16.9921	-0.0006	779.3774	8.4631	-0.00000	0.99996	-0.00943	-0.00000	0.00943	0.99996	-0.00091	-0.00000	0.00000	1	88.06
drive_boost	43	-0.0000	-1845.4664	16.9921	-0.0006	794.2885	8.4631	-0.00000	0.99996	-0.00943	-0.00000	0.00943	0.99996	-0.00092	-0.00000	0.00000	1	87.78
drive_boost	44	-0.0000	-1838.7820	16.9921	-0.0006	809.0706	8.4631	-0.00000	0.99996	-0.00943	-0.00000	0.00943	0.99996	-0.00094	-0.00000	0.00000	1	87.50
drive_boost	45	-0.0000	-1831.9689	16.9921	-0.0006	823.7340	8.4631	-0.00000	0.99996	-0.00943	-0.00000	0.00943	0.99996	-0.00096	-0.00000	0.00000	1	87.22
drive_boost	46	-0.0000	-1825.0369	16.9921	-0.0006	838.2681	8.4631	-0.00000	0.99996	-0.00943	-0.00000	0.00943	0.99996	-0.00098	-0.00000	0.00000	1	86.94
drive_boost	47	-0.0000	-1817.9857	16.9921	-0.0006	852.6737	8.4631	-0.00000	0.99996	-0.00943	-0.00000	0.00943	0.99996	-0.00099	-0.00000	0.00000	1	86.67
drive_boost	48	-0.0000	-1810.8154	16.9921	-0.0006	866.9601	8.4631	-0.00000	0.99996	-0.00943	-0.00000	0.00943	0.99996	-0.00101	-0.00000	0.00000	1	86.39
drive_boost	49	-0.0000	-1803.5264	16.9921	-0.0006	881.1276	8.4631	-0.00000	0.99996	-0.00944	-0.00000	0.00944	0.99996	-0.00098	-0.00000	0.00000	1	86.11
drive_boost	50	-0.0000	-1796.1184	16.9921	-0.0006	895.1664	8.4630	-0.00000	0.99996	-0.00944	-0.00000	0.00944	0.99996	-0.00098	-0.00000	0.00000	1	85.83
drive_boost	51	-0.0000	-1788.5914	16.9921	-0.0006	909.0858	8.4630	-0.00000	0.99996	-0.00944	0.00000	0.00944	0.99996	-0.00098	-0.00000	0.00000	1	85.56
drive_boost	52	-0.0000	-1780.9454	16.9921	-0.0006	922.8868	8.4630	-0.00000	0.99996	-0.00944	0.00000	0.00944	0.99996	-0.00099	-0.00000	0.00000	1	85.28
drive_boost	53	-0.0000	-1773.1906	16.9921	-0.0006	936.5685	8.4630	-0.00000	0.99996	-0.00944	0.00000	0.00944	0.99996	-0.00100	-0.00000	0.00000	1	85.00
drive_boost	54	-0.0000	-1765.3164	16.9921	-0.0006	950.1310	8.4630	-0.00000	0.99996	-0.00945	-0.00000	0.00945	0.99996	-0.00097	-0.00000	0.00000	1	84.72
drive_boost	55	-0.0000	-1757.3331	16.9921	-0.0006	963.5847	8.4630	-0.00000	0.99996	-0.00945	-0.00000	0.00945	0.99996	-0.00096	-0.00000	0.00000	1	84.44
drive_boost	56	-0.0000	-1749.2312	16.9921	-0.0006	976.9194	8.4630	-0.00000	0.99996	-0.00945	-0.00000	0.00945	0.99996	-0.00096	-0.00000	0.00000	1	84.17
drive_boost	57	-0.0000	-1741.0203	16.9921	-0.0006	990.1355	8.4630	-0.00000	0.99996	-0.00945	-0.00000	0.00945	0.99996	-0.00097	-0.00000	0.00000	1	83.89
drive_boost	58	-0.0000	-1732.7000	16.9921	-0.0007	1003.2422	8.4630	-0.00000	0.99996	-0.00945	-0.00000	0.00945	0.99996	-0.00098	-0.00000	0.00000	1	83.61
drive_boost	59	-0.0000	-1724.2709	16.9921	-0.0007	1016.2396	8.4630	-0.00000	0.99996	-0.00945	-0.00000	0.00945	0.99996	-0.00100	-0.00000	0.00000	1	83.33
drive_boost	60	-0.0000	-1715.7325	16.9921	-0.0007	1029.1183	8.4630	-0.00000	0.99996	-0.00945	-0.00000	0.00945	0.99996	-0.00101	-0.00000	0.00000	1	83.06
drive_boost	61	-0.0000	-1707.0851	16.9921	-0.0007	1041.8879	8.4630	-0.00000	0.99996	-0.00946	0.00000	0.00946	0.99996	-0.00098	-0.00000	0.00000	1	82.78
drive_boost	62	-0.0000	-1698.3387	16.9921	-0.0007	1054.5486	8.4629	-0.00000	0.99996	-0.00946	0.00000	0.00946	0.99996	-0.00097	-0.00000	0.00000	1	82.50
drive_boost	63	-0.0000	-1689.4830	16.9921	-0.0007	1067.0996	8.4629	-0.00000	0.99996	-0.00946	0.00000	0.00946	0.99996	-0.00097	0.00000	0.00000	1	82.22
drive_boost	64	-0.0000	-1680.5187	16.9921	-0.0007	1079.5421	8.4629	-0.00000	0.99996	-0.00946	0.00000	0.00946	0.99996	-0.00098	-0.00000	0.00000	1	81.94
drive_boost	65	-0.0000	-1671.4550	16.9921	-0.0007	1091.8856	8.4629	-0.00000	0.99996	-0.00946	0.00000	0.00946	0.99996	-0.00099	0.00000	0.00000	1	81.67
drive_boost	66	-0.0000	-1662.2921	16.9921	-0.0007	1104.1198	8.4629	-0.00000	0.99996	-0.00946	0.00000	0.00946	0.99996	-0.00100	0.00000	0.00000	1	81.39
drive_boost	67	-0.0000	-1653.0203	16.9921	-0.0007	1116.2451	8.4629	-0.00000	0.99996	-0.00947	0.00000	0.00947	0.99996	-0.00097	-0.00000	0.00000	1	81.11
drive_boost	68	-0.0000	-1643.6490	16.9921	-0.0007	1128.2711	8.4629	-0.00000	0.99996	-0.00947	0.00000	0.00947	0.99996	-0.00096	-0.00000	0.00000	1	80.83
drive_boost	69	-0.0000	-1634.1790	16.9921	-0.0007	1140.1981	8.4629	-0.00000	0.99996	-0.00947	0.00000	0.00947	0.99996	-0.00096	-0.00000	0.00000	1	80.56
drive_boost	70	-0.0000	-1624.6096	16.9921	-0.0007	1152.0157	8.4629	-0.00000	0.99996	-0.00947	0.00000	0.00947	0.99996	-0.00097	-0.00000	0.00000	1	80.28
drive_boost	71	-0.0000	-1614.9410	16.9921	-0.0007	1163.7344	8.4629	-0.00000	0.99996	-0.00947	0.00000	0.00947	0.99996	-0.00098	-0.00000	0.00000	1	80.00
drive_boost	72	-0.0000	-1605.1733	16.9921	-0.0007	1175.3540	8.4629	-0.00000	0.99996	-0.00947	0.00000	0.00947	0.99996	-0.00099	-0.00000	0.00000	1	79.72
drive_boost	73	-0.0000	-1595.3066	16.9921	-0.0007	1186.8745	8.4629	-0.00000	0.99996	-0.00947	0.00000	0.00947	0.99996	-0.00100	-0.00000	0.00000	1	79.44
drive_boost	74	-0.0000	-1585.3506	16.9921	-0.0008	1198.2957	8.4629	-0.00000	0.99996	-0.00947	0.00000	0.00947	0.99996	-0.00097	0.00000	0.00000	1	79.17
drive_boost	75	-0.0000	-1575.2954	16.9921	-0.0008	1209.6179	8.4628	-0.00000	0.99996	-0.00947	0.00000	0.00947	0.99996	-0.00096	-0.00000	0.00000	1	78.89
drive_boost	76	-0.0000	-1565.1510	16.9921	-0.0008	1220.8407	8.4628	-0.00000	0.99996	-0.00947	-0.00000	0.00947	0.99996	-0.00096	-0.00000	0.00000	1	78.61
drive_boost	77	-0.0000	-1554.9075	16.9921	-0.0008	1231.9746	8.4628	-0.00000	0.99996	-0.00947	-0.00000	0.00947	0.99996	-0.00096	-0.00000	0.00000	1	78.33
drive_boost	78	-0.0000	-1544.5747	16.9921	-0.0008	1243.0092	8.4628	-0.00000	0.99996	-0.00947	-0.00000	0.00947	0.99996	-0.00097	-0.00000	0.00000	1	78.06
drive_boost	79	-0.0000	-1534.1427	16.9921	-0.0008	1253.9447	8.4628	-0.00000	0.99996	-0.00947	-0.00000	0.00947	0.99996	-0.00098	-0.00000	0.00000	1	77.78
drive_boost	80	-0.0000	-1523.6217	16.9921	-0.0008	1264.7908	8.4628	-0.00000	0.99996	-0.00947	-0.00000	0.00947	0.99996	-0.00100	-0.00000	0.00000	1	77.50
drive_boost	81	-0.0000	-1513.0112	16.9921	-0.0009	1275.5476	8.4628	-0.00000	0.99996	-0.00947	-0.00000	0.00947	0.99996	-0.00101	-0.00000	0.00000	1	77.22
drive_boost	82	-0.0000	-1502.3115	16.9921	-0.0008	1286.2057	8.4628	-0.00000	0.99996	-0.00948	-0.00000	0.00948	0.99996	-0.00098	-0.00000	0.00000	1	76.94
drive_boost	83	-0.0000	-1491.5228	16.9921	-0.0008	1296.7742	8.4628	-0.00000	0.99996	-0.00948	-0.00000	0.00948	0.99996	-0.00096	0.00000	0.00000	1	76.67
drive_boost	84	-0.0000	-1480.6447	16.9921	-0.0009	1307.2538	8.4628	-0.00000	0.99996	-0.00948	-0.00000	0.00948	0.99996	-0.00096	-0.00000	0.00000	1	76.39
drive_boost	85	-0.0000	-1469.6774	16.9921	-0.0009	1317.6438	8.4628	-0.00000	0.99996	-0.00948	-0.00000	0.00948	0.99996	-0.00097	0.00000	0.00000	1	76.11
drive_boost	86	-0.0000	-1458.6309	16.9921	-0.0009	1327.9449	8.4628	-0.00000	0.99996	-0.00948	-0.00000	0.00948	0.99996	-0.00098	0.00000	0.00000	1	75.83
drive_boost	87	-0.0000	-1447.4950	16.9921	-0.0009	1338.1567	8.4628	-0.00000	0.99996	-0.00948	-0.00000	0.00948	0.99996	-0.00099	-0.00000	0.00000	1	75.56
drive_boost	88	-0.0000	-1436.2799	16.9921	-0.0009	1348.2791	8.4628	-0.00000	0.99996	-0.00948	-0.00000	0.00948	0.99996	-0.00100	-0.00000	0.00000	1	75.28
drive_boost	89	-0.0000	-1424.9755	16.9921	-0.0009	1358.3125	8.4628	-0.00000	0.99996	-0.00948	-0.00000	0.00948	0.99996	-0.00101	0.00000	0.00000	1	75.00
drive_boost	90	-0.0000	-1413.5919	16.9921	-0.0009	1368.2662	8.4628	-0.00000	0.99995	-0.00949	-0.00000	0.00949	0.99995	-0.00098	0.00000	0.00000	1	74.72
drive_boost	91	-0.0000	-1402.1189	16.9921	-0.0009	1378.1312	8.4627	-0.00000	0.99995	-0.00949	-0.00000	0.00949	0.99995	-0.00096	0.00000	0.00000	1	74.44
drive_boost	92	-0.0000	-1390.5667	16.9921	-0.0009	1387.9165	8.4627	-0.00000	0.99995	-0.00949	-0.00000	0.00949	0.99995	-0.00096	0.00000	0.00000	1	74.17
drive_boost	93	-0.0000	-1378.9351	16.9921	-0.0009	1397.6124	8.4627	-0.00000	0.99995	-0.00949	-0.00000	0.00949	0.99995	-0.00097	0.00000	0.00000	1	73.89
drive_boost	94	-0.0000	-1367.2244	16.9921	-0.0009	1407.2294	8.4627	-0.00000	0.99995	-0.00949	-0.00000	0.00949	0.99995	-0.00097	0.00000	0.00000	1	73.61
drive_boost	95	-0.0000	-1355.4242	16.9921	-0.0009	1415.8743	8.4627	-0.00000	0.99995	-0.00949	-0.00000	0.00949	0.99995	-0.00104	0.00000	0.00000	1	73.33
drive_boost	96	-0.0000	-1343.5522	16.9921	-0.0010	1424.1344	8.4627	-0.00000	0.99995	-0.00950	-0.00000	0.00950	0.99995	-0.00105	-0.00000	0.00000	1	73.06
drive_boost	97	-0.0000	-1331.6134	16.9921	-0.0010	1432.3944	8.4627	-0.00000	0.99995	-0.00951	-0.00000	0.00951	0.99995	-0.00101	0.00000	0.00000	1	72.78
drive_boost	98	-0.0000	-1319.6045	16.9921	-0.0009	1440.6544	8.4626	-0.00000	0.99995	-0.00952	-0.00000	0.00952	0.99995	-0.00095	-0.00000	0.00000	1	72.50
drive_boost	99	-0.0000	-1307.5256	16.9921	-0.0009	1448.9144	8.4626	-0.00000	0.99995	-0.00952	-0.00000	0.00952	0.99995	-0.00091	0.00000	0.00000	1	72.22
drive_boost	100	-0.0000	-1295.3868	16.9921	-0.0009	1457.1744	8.4626	-0.00000	0.99995	-0.00952	-0.00000	0.00952	0.99995	-0.00089	0.00000	0.00000	1	71.94
drive_boost	101	-0.0000	-1283.1780	16.9921	-0.0009	1465.4343	8.4626	-0.00000	0.99995	-0.00952	-0.00000	0.00952	0.99995	-0.00088	0.00000	0.00000	1	71.67
drive_boost	102	-0.0000	-1270.8993	16.9921	-0.0010	1473.6943	8.4626	-0.00000	0.99995	-0.00952	-0.00000	0.00952	0.99995	-0.00087	0.00000	0.00000	1	71.39
drive_boost	103	-0.0000	-1258.5504	16.9921	-0.0010	1481.9543	8.4626	-0.00000	0.99995	-0.00952	-0.00000	0.00952	0.99995	-0.00087	0.00000	0.00000	1	71.11
drive_boost	104	-0.0000	-1246.1315	16.9921	-0.0010	1490.2144	8.4626	-0.00000	0.99995	-0.00952	-0.00000	0.00952	0.99995	-0.00086	-0.00000	0.00000	1	70.83
drive_boost	105	-0.0000	-1233.6427	16.9921	-0.0010	1498.4744	8.4626	-0.00000	0.99995	-0.00952	-0.00000	0.00952	0.99995	-0.00086	0.00000	0.00000	1	70.56
drive_boost	106	-0.0000	-1221.0840	16.9921	-0.0010	1506.7344	8.4626	-0.00000	0.99995	-0.00952	-0.00000	0.00952	0.99995	-0.00086	-0.00000	0.00000	1	70.28
drive_boost	107	-0.0000	-1208.4550	16.9921	-0.0010	1514.9944	8.4626	-0.00000	0.99995	-0.00952	-0.00000	0.00952	0.99995	-0.00086	-0.00000	0.00000	1	70.00
drive_boost	108	-0.0000	-1195.7561	16.9921	-0.0010	1523.2544	8.4626	-0.00000	0.99995	-0.00952	-0.00000	0.00952	0.99995	-0.00086	-0.00000	0.00000	1	81.72
drive_boost	109	-0.0000	-1182.9973	16.9921	-0.0010	1531.5144	8.4626	-0.00000	0.99995	-0.00952	-0.00000	0.00952	0.99995	-0.00086	-0.00000	0.00000	1	81.44
drive_boost	110	-0.0000	-1170.1685	16.9921	-0.0010	1539.7744	8.4626	-0.00000	0.99995	-0.00952	-0.00000	0.00952	0.99995	-0.00086	-0.00000	0.00000	1	81.17
drive_boost	111	-0.0000	-1157.2698	16.9921	-0.0010	1548.0344	8.4626	-0.00000	0.99995	-0.00952	-0.00000	0.00952	0.99995	-0.00086	-0.00000	0.00000	1	80.89
drive_boost	112	-0.0000	-1144.3008	16.9921	-0.0010	1556.2943	8.4626	-0.00000	0.99995	-0.00952	-0.00000	0.00952	0.99995	-0.00086	-0.00000	0.00000	1	80.61
drive_boost	113	-0.0000	-1131.2620	16.9921	-0.0010	1564.5543	8.4626	-0.00000	0.99995	-0.00952	-0.00000	0.00952	0.99995	-0.00086	-0.00000	0.00000	1	80.33
drive_boost	114	-0.0000	-1118.1532	16.9921	-0.0010	1572.8143	8.4626	-0.00000	0.99995	-0.00952	-0.00000	0.00952	0.99995	-0.00086	-0.00000	0.00000	1	80.06
drive_boost	115	-0.0000	-1104.9745	16.9921	-0.0010	1581.0743	8.4626	-0.00000	0.99995	-0.00952	-0.00000	0.00952	0.99995	-0.00086	-0.00000	0.00000	1	79.78
drive_boost	116	-0.0000	-1091.7256	16.9921	-0.0010	1589.3344	8.4626	-0.00000	0.99995	-0.00952	-0.00000	0.00952	0.99995	-0.00086	-0.00000	0.00000	1	79.50
drive_boost	117	-0.0000	-1078.4166	16.9921	-0.0010	1597.5944	8.4626	-0.00000	0.99995	-0.00952	-0.00000	0.00952	0.99995	-0.00086	-0.00000	0.00000	1	79.22
drive_boost	118	-0.0000	-1065.0380	16.9921	-0.0010	1605.8544	8.4626	-0.00000	0.99995	-0.00952	-0.00000	0.00952	0.99995	-0.00086	-0.00000	0.00000	1	78.94
drive_boost	119	-0.0000	-1051.5891	16.9921	-0.0010	1614.1146	8.4626	-0.00000	0.99995	-0.00952	-0.00000	0.00952	0.99995	-0.00086	-0.00000	0.00000	1	78.67
drive_boost	120	-0.0000	-1038.0702	16.9921	-0.0010	1622.3745	8.4626	-0.00000	0.99995	-0.00952	-0.00000	0.00952	0.99995	-0.00086	-0.00000	0.00000	1	78.39
drive_boost	121	-0.0000	-1024.4813	16.9921	-0.0011	1630.6345	8.4626	-0.00000	0.99995	-0.00952	-0.00000	0.00952	0.99995	-0.00086	-0.00000	0.00000	1	78.11
drive_boost	122	-0.0000	-1010.8225	16.9921	-0.0011	1638.8944	8.4626	-0.00000	0.99995	-0.00952	-0.00000	0.00952	0.99995	-0.00086	-0.00000	0.00000	1	77.83
drive_boost	123	-0.0000	-997.0937	16.9921	-0.0011	1647.1547	8.4626	-0.00000	0.99995	-0.00952	-0.00000	0.00952	0.99995	-0.00086	-0.00000	0.00000	1	77.56
drive_boost	124	-0.0000	-983.2949	16.9921	-0.0011	1655.4144	8.4626	-0.00000	0.99995	-0.00952	-0.00000	0.00952	0.99995	-0.00086	-0.00000	0.00000	1	77.28
drive_boost	125	-0.0000	-969.4260	16.9921	-0.0011	1663.6743	8.4626	-0.00000	0.99995	-0.00952	-0.00000	0.00952	0.99995	-0.00086	-0.00000	0.00000	1	77.00
drive_boost	126	-0.0000	-955.4972	16.9921	-0.0011	1671.9346	8.4626	-0.00000	0.99995	-0.00952	-0.00000	0.00952	0.99995	-0.00086	-0.00000	0.00000	1	76.72
drive_boost	127	-0.0000	-941.4983	16.9921	-0.0011	1680.1945	8.4626	-0.00000	0.99995	-0.00952	-0.00000	0.00952	0.99995	-0.00086	-0.00000	0.00000	1	76.44
drive_boost	128	-0.0000	-927.4296	16.9921	-0.0011	1688.4545	8.4626	-0.00000	0.99995	-0.00952	-0.00000	0.00952	0.99995	-0.00086	-0.00000	0.00000	1	76.17
drive_boost	129	-0.0000	-913.2907	16.9921	-0.0011	1696.7144	8.4626	-0.00000	0.99995	-0.00952	-0.00000	0.00952	0.99995	-0.00086	-0.00000	0.00000	1	75.89
drive_boost	130	-0.0000	-899.0818	16.9921	-0.0011	1704.9746	8.4626	-0.00000	0.99995	-0.00952	-0.00000	0.00952	0.99995	-0.00086	-0.00000	0.00000	1	75.61
drive_boost	131	-0.0000	-884.8030	16.9921	-0.0011	1713.2345	8.4626	-0.00000	0.99995	-0.00952	-0.00000	0.00952	0.99995	-0.00086	-0.00000	0.00000	1	75.33
drive_boost	132	-0.0000	-870.4542	16.9921	-0.0011	1721.4945	8.4626	-0.00000	0.99995	-0.00952	-0.00000	0.00952	0.99995	-0.00086	-0.00000	0.00000	1	75.06
drive_boost	133	-0.0000	-856.0354	16.9921	-0.0011	1729.7544	8.4626	-0.00000	0.99995	-0.00952	-0.00000	0.00952	0.99995	-0.00086	-0.00000	0.00000	1	74.78
drive_boost	134	-0.0000	-841.5565	16.9921	-0.0011	1738.0146	8.4626	-0.00000	0.99995	-0.00952	-0.00000	0.00952	0.99995	-0.00086	-0.00000	0.00000	1	74.50
drive_boost	135	-0.0000	-827.0077	16.9921	-0.0011	1746.2745	8.4626	-0.00000	0.99995	-0.00952	-0.00000	0.00952	0.99995	-0.00086	-0.00000	0.00000	1	74.22
drive_boost	136	-0.0000	-812.3888	16.9921	-0.0011	1754.5345	8.4626	-0.00000	0.99995	-0.00952	-0.00000	0.00952	0.99995	-0.00086	-0.00000	0.00000	1	73.94
drive_boost	137	-0.0000	-797.7001	16.9921	-0.0011	1762.7944	8.4626	-0.00000	0.99995	-0.00952	-0.00000	0.00952	0.99995	-0.00086	-0.00000	0.00000	1	73.67
drive_boost	138	-0.0000	-782.9412	16.9921	-0.0011	1771.0544	8.4626	-0.00000	0.99995	-0.00952	-0.00000	0.00952	0.99995	-0.00086	-0.00000	0.00000	1	73.39
drive_boost	139	-0.0000	-768.1124	16.9921	-0.0011	1779.3145	8.4626	-0.00000	0.99995	-0.00952	-0.00000	0.00952	0.99995	-0.00086	-0.00000	0.00000	1	73.11
drive_boost	140	-0.0000	-753.2136	16.9921	-0.0012	1787.5743	8.4626	-0.00000	0.99995	-0.00952	-0.00000	0.00952	0.99995	-0.00086	-0.00000	0.00000	1	72.83
drive_boost	141	-0.0000	-738.2448	16.9921	-0.0012	1795.8346	8.4626	-0.00000	0.99995	-0.00952	-0.00000	0.00952	0.99995	-0.00086	-0.00000	0.00000	1	72.56
drive_boost	142	-0.0000	-723.2059	16.9921	-0.0012	1804.0945	8.4626	-0.00000	0.99995	-0.00952	-0.00000	0.00952	0.99995	-0.00086	-0.00000	0.00000	1	72.28
drive_boost	143	-0.0000	-708.1071	16.9921	-0.0012	1812.3545	8.4626	-0.00000	0.99995	-0.00952	-0.00000	0.00952	0.99995	-0.00086	-0.00000	0.00000	1	72.00
drive_boost	144	-0.0000	-692.9382	16.9921	-0.0012	1820.6144	8.4626	-0.00000	0.99995	-0.00952	-0.00000	0.00952	0.99995	-0.00086	-0.00000	0.00000	1	71.72
drive_boost	145	-0.0000	-677.6994	16.9921	-0.0012	1828.8746	8.4626	-0.00000	0.99995	-0.00952	-0.00000	0.00952	0.99995	-0.00086	-0.00000	0.00000	1	71.44
drive_boost	146	-0.0000	-662.3905	16.9921	-0.0012	1837.1345	8.4626	-0.00000	0.99995	-0.00952	-0.00000	0.00952	0.99995	-0.00086	-0.00000	0.00000	1	71.17
drive_boost	147	-0.0000	-647.0117	16.9921	-0.0012	1845.3945	8.4626	-0.00000	0.99995	-0.00952	-0.00000	0.00952	0.99995	-0.00086	-0.00000	0.00000	1	70.89
drive_boost	148	-0.0000	-631.5629	16.9921	-0.0012	1853.6545	8.4626	-0.00000	0.99995	-0.00952	-0.00000	0.00952	0.99995	-0.00086	-0.00000	0.00000	1	70.61
drive_boost	149	-0.0000	-616.0441	16.9921	-0.0012	1861.9144	8.4626	-0.00000	0.99995	-0.00952	-0.00000	0.00952	0.99995	-0.00086	-0.00000	0.00000	1	70.33
drive_boost	150	-0.0000	-600.4551	16.9921	-0.0012	1870.1744	8.4626	-0.00000	0.99995	-0.00952	-0.00000	0.00952	0.99995	-0.00086	-0.00000	0.00000	1	70.06
drive_boost	151	-0.0000	-584.8064	16.9921	-0.0012	1878.4343	8.4626	-0.00000	0.99995	-0.00952	-0.00000	0.00952	0.99995	-0.00086	-0.00000	0.00000	1	69.78
drive_boost	152	-0.0000	-569.0875	16.9921	-0.0012	1886.6946	8.4626	-0.00000	0.99995	-0.00952	-0.00000	0.00952	0.99995	-0.00086	-0.00000	0.00000	1	69.50
drive_boost	153	-0.0000	-553.2988	16.9921	-0.0012	1894.9545	8.4626	-0.00000	0.99995	-0.00952	-0.00000	0.00952	0.99995	-0.00086	-0.00000	0.00000	1	69.22
drive_boost	154	-0.0000	-537.4399	16.9921	-0.0012	1903.2145	8.4626	-0.00000	0.99995	-0.00952	-0.00000	0.00952	0.99995	-0.00086	-0.00000	0.00000	1	68.94
drive_boost	155	-0.0000	-521.5111	16.9921	-0.0012	1911.4744	8.4626	-0.00000	0.99995	-0.00952	-0.00000	0.00952	0.99995	-0.00086	-0.00000	0.00000	1	68.67
drive_boost	156	-0.0000	-505.5122	16.9921	-0.0012	1919.7346	8.4626	-0.00000	0.99995	-0.00952	-0.00000	0.00952	0.99995	-0.00086	-0.00000	0.00000	1	68.39
drive_boost	157	-0.0000	-489.4434	16.9921	-0.0012	1927.9945	8.4626	-0.00000	0.99995	-0.00952	-0.00000	0.00952	0.99995	-0.00086	-0.00000	0.00000	1	68.11
drive_boost	158	-0.0000	-473.3046	16.9921	-0.0012	1936.2545	8.4626	-0.00000	0.99995	-0.00952	-0.00000	0.00952	0.99995	-0.00086	-0.00000	0.00000	1	67.83
drive_boost	159	-0.0000	-457.0957	16.9921	-0.0012	1944.5144	8.4626	-0.00000	0.99995	-0.00952	-0.00000	0.00952	0.99995	-0.00086	-0.00000	0.00000	1	67.56
drive_boost	160	-0.0000	-440.8269	16.9921	-0.0013	1952.7747	8.4626	-0.00000	0.99995	-0.00952	-0.00000	0.00952	0.99995	-0.00086	-0.00000	0.00000	1	67.28
drive_boost	161	-0.0000	-424.4880	16.9921	-0.0013	1961.0344	8.4626	-0.00000	0.99995	-0.00952	-0.00000	0.00952	0.99995	-0.00086	-0.00000	0.00000	1	67.00
drive_boost	162	-0.0000	-408.0792	16.9921	-0.0013	1969.2943	8.4626	-0.00000	0.99995	-0.00952	-0.00000	0.00952	0.99995	-0.00086	-0.00000	0.00000	1	66.72
drive_boost	163	-0.0000	-391.6003	16.9921	-0.0013	1977.5546	8.4626	-0.00000	0.99995	-0.00952	-0.00000	0.00952	0.99995	-0.00086	-0.00000	0.00000	1	66.44
drive_boost	164	-0.0000	-375.0515	16.9921	-0.0013	1985.8145	8.4626	-0.00000	0.99995	-0.00952	-0.00000	0.00952	0.99995	-0.00086	-0.00000	0.00000	1	66.17
drive_boost	165	-0.0000	-358.4327	16.9921	-0.0013	1994.0745	8.4626	-0.00000	0.99995	-0.00952	-0.00000	0.00952	0.99995	-0.00086	-0.00000	0.00000	1	65.89
drive_boost	166	-0.0000	-341.7438	16.9921	-0.0013	2002.3344	8.4626	-0.00000	0.99995	-0.00952	-0.00000	0.00952	0.99995	-0.00086	-0.00000	0.00000	1	65.61
drive_boost	167	-0.0000	-324.9850	16.9921	-0.0013	2010.5946	8.4626	-0.00000	0.99995	-0.00952	-0.00000	0.00952	0.99995	-0.00086	-0.00000	0.00000	1	65.33
drive_boost	168	-0.0000	-308.1662	16.9921	-0.0013	2018.8545	8.4626	-0.00000	0.99995	-0.00952	-0.00000	0.00952	0.99995	-0.00086	-0.00000	0.00000	1	65.06
drive_boost	169	-0.0000	-291.2774	16.9921	-0.0013	2027.1145	8.4626	-0.00000	0.99995	-0.00952	-0.00000	0.00952	0.99995	-0.00086	-0.00000	0.00000	1	64.78
drive_boost	170	-0.0000	-274.3185	16.9921	-0.0013	2035.3745	8.4626	-0.00000	0.99995	-0.00952	-0.00000	0.00952	0.99995	-0.00086	-0.00000	0.00000	1	64.50
drive_boost	171	-0.0000	-257.2897	16.9921	-0.0013	2043.6346	8.4626	-0.00000	0.99995	-0.00952	-0.00000	0.00952	0.99995	-0.00086	-0.00000	0.00000	1	64.22
drive_boost	172	-0.0000	-240.1909	16.9921	-0.0013	2051.8945	8.4626	-0.00000	0.99995	-0.00952	-0.00000	0.00952	0.99995	-0.00086	-0.00000	0.00000	1	63.94
drive_boost	173	-0.0000	-223.0220	16.9921	-0.0013	2060.1543	8.4626	-0.00000	0.99995	-0.00952	-0.00000	0.00952	0.99995	-0.00086	-0.00000	0.00000	1	63.67
drive_boost	174	-0.0000	-205.7832	16.9921	-0.0013	2068.4146	8.4626	-0.00000	0.99995	-0.00952	-0.00000	0.00952	0.99995	-0.00086	-0.00000	0.00000	1	63.39
drive_boost	175	-0.0000	-188.4744	16.9921	-0.0013	2076.6746	8.4626	-0.00000	0.99995	-0.00952	-0.00000	0.00952	0.99995	-0.00086	-0.00000	0.00000	1	63.11
drive_boost	176	-0.0000	-171.0955	16.9921	-0.0013	2084.9343	8.4626	-0.00000	0.99995	-0.00952	-0.00000	0.00952	0.99995	-0.00086	-0.00000	0.00000	1	62.83
drive_boost	177	-0.0000	-153.6567	16.9921	-0.0013	2093.1943	8.4626	-0.00000	0.99995	-0.00952	-0.00000	0.00952	0.99995	-0.00086	-0.00000	0.00000	1	62.56
drive_boost	178	-0.0000	-136.1479	16.9921	-0.0013	2101.4546	8.4626	-0.00000	0.99995	-0.00952	-0.00000	0.00952	0.99995	-0.00086	-0.00000	0.00000	1	62.28
drive_boost	179	-0.0000	-118.5690	16.9921	-0.0014	2109.7146	8.4626	-0.00000	0.99995	-0.00952	-0.00000	0.00952	0.99995	-0.00086	-0.00000	0.00000	1	62.00
drive_boost	180	-0.0000	-100.9202	16.9921	-0.0014	2117.9744	8.4626	-0.00000	0.99995	-0.00952	-0.00000	0.00952	0.99995	-0.00086	-0.00000	0.00000	1	61.72
drive_boost	181	-0.0000	-83.2014	16.9921	-0.0014	2126.2344	8.4626	-0.00000	0.99995	-0.00952	-0.00000	0.00952	0.99995	-0.00086	-0.00000	0.00000	1	61.44
drive_boost	182	-0.0000	-65.4125	16.9921	-0.0014	2134.4946	8.4626	-0.00000	0.99995	-0.00952	-0.00000	0.00952	0.99995	-0.00086	-0.00000	0.00000	1	61.17
drive_boost	183	-0.0000	-47.5537	16.9921	-0.0014	2142.7546	8.4626	-0.00000	0.99995	-0.00952	-0.00000	0.00952	0.99995	-0.00086	-0.00000	0.00000	1	60.89
drive_boost	184	-0.0000	-29.6249	16.9921	-0.0014	2151.0144	8.4626	-0.00000	0.99995	-0.00952	-0.00000	0.00952	0.99995	-0.00086	-0.00000	0.00000	1	60.61
drive_boost	185	-0.0000	-11.6260	16.9921	-0.0014	2159.2744	8.4626	-0.00000	0.99995	-0.00952	-0.00000	0.00952	0.99995	-0.00086	-0.00000	0.00000	1	60.33
drive_boost	186	-0.0000	6.4328	16.9921	-0.0014	2167.5344	8.4626	-0.00000	0.99995	-0.00952	-0.00000	0.00952	0.99995	-0.00086	-0.00000	0.00000	1	60.06
drive_boost	187	-0.0000	24.5616	16.9921	-0.0014	2175.7947	8.4626	-0.00000	0.99995	-0.00952	-0.00000	0.00952	0.99995	-0.00086	-0.00000	0.00000	1	59.78
drive_boost	188	-0.0000	42.7605	16.9921	-0.0014	2184.0547	8.4626	-0.00000	0.99995	-0.00952	-0.00000	0.00952	0.99995	-0.00086	-0.00000	0.00000	1	59.50
drive_boost	189	-0.0000	61.0293	16.9921	-0.0014	2192.3145	8.4626	-0.00000	0.99995	-0.00952	-0.00000	0.00952	0.99995	-0.00086	-0.00000	0.00000	1	59.22
drive_boost	190	-0.0000	79.3681	16.9921	-0.0014	2200.5745	8.4626	-0.00000	0.99995	-0.00952	-0.00000	0.00952	0.99995	-0.00086	-0.00000	0.00000	1	58.94
drive_boost	191	-0.0000	97.7770	16.9921	-0.0014	2208.8347	8.4626	-0.00000	0.99995	-0.00952	-0.00000	0.00952	0.99995	-0.00086	-0.00000	0.00000	1	58.67
drive_boost	192	-0.0000	116.2558	16.9921	-0.0014	2217.0945	8.4626	-0.00000	0.99995	-0.00952	-0.00000	0.00952	0.99995	-0.00086	-0.00000	0.00000	1	58.39
drive_boost	193	-0.0000	134.8046	16.9921	-0.0014	2225.3545	8.4626	-0.00000	0.99995	-0.00952	-0.00000	0.00952	0.99995	-0.00086	-0.00000	0.00000	1	58.11
drive_boost	194	-0.0000	153.4135	16.9921	-0.0014	2233.6143	8.4626	-0.00000	0.99995	-0.00952	-0.00000	0.00952	0.99995	-0.00086	-0.00000	0.00000	1	57.83
drive_boost	195	-0.0000	172.0923	16.9921	-0.0014	2241.8743	8.4626	-0.00000	0.99995	-0.00952	-0.00000	0.00952	0.99995	-0.00086	-0.00000	0.00000	1	57.56
drive_boost	196	-0.0000	190.8411	16.9921	-0.0014	2250.1345	8.4626	-0.00000	0.99995	-0.00952	-0.00000	0.00952	0.99995	-0.00086	-0.00000	0.00000	1	57.28
drive_boost	197	-0.0000	209.6600	16.9921	-0.0014	2258.3945	8.4626	-0.00000	0.99995	-0.00952	-0.00000	0.00952	0.99995	-0.00086	-0.00000	0.00000	1	57.00
drive_boost	198	-0.0000	228.5488	16.9921	-0.0015	2266.6543	8.4626	-0.00000	0.99995	-0.00952	-0.00000	0.00952	0.99995	-0.00086	-0.00000	0.00000	1	56.72
drive_boost	199	-0.0000	247.5076	16.9921	-0.0015	2274.9143	8.4626	-0.00000	0.99995	-0.00952	-0.00000	0.00952	0.99995	-0.00086	-0.00000	0.00000	1	56.44
coast_decel	0	0.0000	-1988.3334	16.9323	-0.0009	1396.7928	2.1110	-0.00000	1.00000	0.00000	0.00000	0.00000	1.00000	-0.05091	-0.00000	0.00000	1	100.00
coast_decel	1	0.0000	-1976.6899	16.8799	-0.0009	1393.5828	4.0006	-0.00000	1.00000	-0.00042	0.00000	0.00042	1.00000	-0.08579	-0.00000	0.00000	1	100.00
coast_decel	2	0.0000	-1965.0768	16.8456	-0.0008	1390.3728	5.6393	-0.00000	1.00000	-0.00114	0.00000	0.00114	1.00000	-0.10747	-0.00000	0.00000	1	100.00
coast_decel	3	0.0000	-1953.4935	16.8292	-0.0008	1387.1628	6.9119	-0.00000	1.00000	-0.00203	0.00000	0.00203	1.00000	-0.11637	-0.00000	0.00000	1	100.00
coast_decel	4	0.0000	-1941.9302	16.8199	-0.0009	1383.9528	7.8443	-0.00000	1.00000	-0.00300	-0.00000	0.00300	1.00000	-0.11471	-0.00000	0.00000	1	100.00
coast_decel	5	0.0000	-1930.3970	16.8176	-0.0008	1380.7428	8.5233	-0.00000	0.99999	-0.00396	0.00000	0.00396	0.99999	-0.10677	-0.00000	0.00000	1	100.00
coast_decel	6	0.0000	-1918.8938	16.8233	-0.0009	1377.5327	9.0064	-0.00000	0.99999	-0.00485	-0.00000	0.00485	0.99999	-0.09548	-0.00000	0.00000	1	100.00
coast_decel	7	0.0000	-1907.4106	16.8273	-0.0009	1374.3228	9.3619	-0.00000	0.99998	-0.00565	-0.00000	0.00565	0.99998	-0.08284	-0.00000	0.00000	1	100.00
coast_decel	8	0.0000	-1895.9574	16.8403	-0.0008	1371.1127	9.5976	-0.00000	0.99998	-0.00634	-0.00000	0.00634	0.99998	-0.07009	-0.00000	0.00000	1	100.00
coast_decel	9	0.0000	-1884.5339	16.8522	-0.0009	1367.9027	9.7450	-0.00000	0.99998	-0.00692	0.00000	0.00692	0.99998	-0.05808	-0.00000	0.00000	1	100.00
coast_decel	10	0.0000	-1873.1309	16.8635	-0.0009	1364.6927	9.8362	-0.00000	0.99997	-0.00740	0.00000	0.00740	0.99997	-0.04725	-0.00000	0.00000	1	100.00
coast_decel	11	0.0000	-1861.7577	16.8742	-0.0008	1361.4827	9.8835	-0.00000	0.99997	-0.00780	0.00000	0.00780	0.99997	-0.03780	-0.00000	0.00000	1	100.00
coast_decel	12	0.0000	-1850.4143	16.8846	-0.0009	1358.2727	9.9001	-0.00000	0.99997	-0.00811	0.00000	0.00811	0.99997	-0.02975	-0.00000	0.00000	1	100.00
coast_decel	13	0.0000	-1839.0911	16.8948	-0.0009	1355.0627	9.8800	-0.00000	0.99997	-0.00836	-0.00000	0.00836	0.99997	-0.02353	0.00000	0.00000	1	100.00
coast_decel	14	0.0000	-1827.7977	16.9045	-0.0009	1351.8527	9.8195	-0.00000	0.99996	-0.00856	-0.00000	0.00856	0.99996	-0.01897	-0.00000	0.00000	1	100.00
coast_decel	15	0.0000	-1816.5347	16.9141	-0.0009	1348.6427	9.7400	-0.00000	0.99996	-0.00871	-0.00000	0.00871	0.99996	-0.01555	-0.00000	0.00000	1	100.00
coast_decel	16	0.0000	-1805.2914	16.9234	-0.0009	1345.4327	9.6478	-0.00000	0.99996	-0.00884	-0.00000	0.00884	0.99996	-0.01292	-0.00000	0.00000	1	100.00
coast_decel	17	0.0000	-1794.0781	16.9326	-0.0008	1342.2227	9.5494	-0.00000	0.99996	-0.00895	-0.00000	0.00895	0.99996	-0.01086	0.00000	0.00000	1	100.00
coast_decel	18	0.0000	-1782.8947	16.9418	-0.0008	1339.0127	9.4446	-0.00000	0.99996	-0.00904	-0.00000	0.00904	0.99996	-0.00922	-0.00000	0.00000	1	100.00
coast_decel	19	0.0000	-1771.7316	16.9510	-0.0008	1335.8029	9.3397	-0.00000	0.99996	-0.00912	0.00000	0.00912	0.99996	-0.00788	-0.00000	0.00000	1	100.00
coast_decel	20	0.0000	-1760.5981	16.9601	-0.0008	1332.5927	9.2286	-0.00000	0.99996	-0.00919	-0.00000	0.00919	0.99996	-0.00677	-0.00000	0.00000	1	100.00
coast_decel	21	0.0000	-1749.4949	16.9691	-0.0009	1329.3827	9.1174	-0.00000	0.99996	-0.00924	0.00000	0.00924	0.99996	-0.00585	-0.00000	0.00000	1	100.00
coast_decel	22	0.0000	-1738.4117	16.9782	-0.0009	1326.1729	9.0062	-0.00000	0.99996	-0.00929	0.00000	0.00929	0.99996	-0.00507	-0.00000	0.00000	1	100.00
coast_decel	23	0.0000	-1727.3586	16.9873	-0.0008	1322.9626	8.8951	-0.00000	0.99996	-0.00933	0.00000	0.00933	0.99996	-0.00440	-0.00000	0.00000	1	100.00
coast_decel	24	0.0000	-1716.3353	16.9964	-0.0008	1319.7528	8.7839	-0.00000	0.99996	-0.00937	0.00000	0.00937	0.99996	-0.00383	-0.00000	0.00000	1	100.00
coast_decel	25	0.0000	-1705.3419	17.0055	-0.0008	1316.5428	8.6727	-0.00000	0.99996	-0.00940	0.00000	0.00940	0.99996	-0.00334	0.00000	0.00000	1	100.00
coast_decel	26	0.0000	-1694.3688	17.0145	-0.0008	1313.3328	8.5616	-0.00000	0.99996	-0.00943	-0.00000	0.00943	0.99996	-0.00291	-0.00000	0.00000	1	100.00
coast_decel	27	0.0000	-1683.4255	17.0136	-0.0008	1310.1228	8.4921	-0.00000	0.99996	-0.00945	0.00000	0.00945	0.99996	-0.00255	-0.00000	0.00000	1	100.00
coast_decel	28	0.0000	-1672.5125	17.0131	-0.0008	1306.9128	8.4478	-0.00000	0.99996	-0.00947	0.00000	0.00947	0.99996	-0.00223	-0.00000	0.00000	1	100.00
coast_decel	29	0.0000	-1661.6190	17.0126	-0.0008	1303.7028	8.4162	-0.00000	0.99995	-0.00949	0.00000	0.00949	0.99995	-0.00195	0.00000	0.00000	1	100.00
coast_decel	30	0.0000	-1650.7557	17.0124	-0.0008	1300.4928	8.3973	-0.00000	0.99995	-0.00951	0.00000	0.00951	0.99995	-0.00171	0.00000	0.00000	1	100.00
coast_decel	31	0.0000	-1639.9225	17.0122	-0.0008	1297.2828	8.3847	-0.00000	0.99995	-0.00952	0.00000	0.00952	0.99995	-0.00150	0.00000	0.00000	1	100.00
coast_decel	32	0.0000	-1629.1094	17.0121	-0.0008	1294.0729	8.3783	-0.00000	0.99995	-0.00954	0.00000	0.00954	0.99995	-0.00132	-0.00000	0.00000	1	100.00
coast_decel	33	0.0000	-1618.3260	17.0121	-0.0008	1290.8628	8.3720	-0.00000	0.99995	-0.00955	0.00000	0.00955	0.99995	-0.00115	-0.00000	0.00000	1	100.00
coast_decel	34	0.0000	-1607.5728	17.0121	-0.0008	1287.6528	8.3720	-0.00000	0.99995	-0.00956	0.00000	0.00956	0.99995	-0.00101	-0.00000	0.00000	1	100.00
coast_decel	35	0.0000	-1596.8395	17.0121	-0.0008	1284.4427	8.3720	-0.00000	0.99995	-0.00956	0.00000	0.00956	0.99995	-0.00088	-0.00000	0.00000	1	100.00
coast_decel	36	0.0000	-1586.1362	17.0121	-0.0008	1281.2328	8.3720	-0.00000	0.99995	-0.00956	0.00000	0.00956	0.99995	-0.00081	-0.00000	0.00000	1	100.00
coast_decel	37	0.0000	-1575.4630	17.0121	-0.0008	1278.0227	8.3720	-0.00000	0.99995	-0.00956	0.00000	0.00956	0.99995	-0.00077	-0.00000	0.00000	1	100.00
coast_decel	38	0.0000	-1564.8098	17.0121	-0.0008	1274.8127	8.3720	-0.00000	0.99995	-0.00956	0.00000	0.00956	0.99995	-0.00075	0.00000	0.00000	1	100.00
coast_decel	39	0.0000	-1554.1865	17.0121	-0.0008	1271.6028	8.3720	-0.00000	0.99995	-0.00956	0.00000	0.00956	0.99995	-0.00074	-0.00000	0.00000	1	100.00
coast_decel	40	0.0000	-1543.5933	17.0121	-0.0008	1268.3927	8.3720	-0.00000	0.99995	-0.00956	0.00000	0.00956	0.99995	-0.00073	0.00000	0.00000	1	100.00
coast_decel	41	0.0000	-1533.0200	17.0121	-0.0008	1265.1827	8.3720	-0.00000	0.99995	-0.00956	0.00000	0.00956	0.99995	-0.00073	-0.00000	0.00000	1	100.00
coast_decel	42	0.0000	-1522.4768	17.0121	-0.0008	1261.9727	8.3720	-0.00000	0.99995	-0.00956	0.00000	0.00956	0.99995	-0.00072	-0.00000	0.00000	1	100.00
coast_decel	43	0.0000	-1511.9635	17.0121	-0.0008	1258.7627	8.3720	-0.00000	0.99995	-0.00956	0.00000	0.00956	0.99995	-0.00072	-0.00000	0.00000	1	100.00
coast_decel	44	0.0000	-1501.4703	17.0121	-0.0008	1255.5527	8.3720	-0.00000	0.99995	-0.00956	0.00000	0.00956	0.99995	-0.00072	-0.00000	0.00000	1	100.00
coast_decel	45	0.0000	-1491.0070	17.0121	-0.0008	1252.3427	8.3720	-0.00000	0.99995	-0.00956	0.00000	0.00956	0.99995	-0.00072	-0.00000	0.00000	1	100.00
coast_decel	46	0.0000	-1480.5739	17.0121	-0.0008	1249.1327	8.3720	-0.00000	0.99995	-0.00956	0.00000	0.00956	0.99995	-0.00072	-0.00000	0.00000	1	100.00
coast_decel	47	0.0000	-1470.1605	17.0121	-0.0008	1245.9227	8.3720	-0.00000	0.99995	-0.00956	0.00000	0.00956	0.99995	-0.00072	-0.00000	0.00000	1	100.00
coast_decel	48	0.0000	-1459.7773	17.0121	-0.0008	1242.7126	8.3720	-0.00000	0.99995	-0.00956	0.00000	0.00956	0.99995	-0.00072	-0.00000	0.00000	1	100.00
coast_decel	49	0.0000	-1449.4241	17.0121	-0.0008	1239.5027	8.3720	-0.00000	0.99995	-0.00956	0.00000	0.00956	0.99995	-0.00072	-0.00000	0.00000	1	100.00
coast_decel	50	0.0000	-1439.0908	17.0121	-0.0008	1236.2927	8.3720	-0.00000	0.99995	-0.00956	0.00000	0.00956	0.99995	-0.00072	-0.00000	0.00000	1	100.00
coast_decel	51	0.0000	-1428.7875	17.0121	-0.0008	1233.0826	8.3720	-0.00000	0.99995	-0.00956	0.00000	0.00956	0.99995	-0.00072	-0.00000	0.00000	1	100.00
coast_decel	52	0.0000	-1418.5144	17.0121	-0.0008	1229.8727	8.3720	-0.00000	0.99995	-0.00956	0.00000	0.00956	0.99995	-0.00072	-0.00000	0.00000	1	100.00
coast_decel	53	0.0000	-1408.2610	17.0121	-0.0008	1226.6628	8.3720	-0.00000	0.99995	-0.00956	0.00000	0.00956	0.99995	-0.00072	-0.00000	0.00000	1	100.00
coast_decel	54	0.0000	-1398.0378	17.0121	-0.0008	1223.4526	8.3720	-0.00000	0.99995	-0.00956	0.00000	0.00956	0.99995	-0.00072	-0.00000	0.00000	1	100.00
coast_decel	55	0.0000	-1387.8446	17.0121	-0.0008	1220.2428	8.3720	-0.00000	0.99995	-0.00956	0.00000	0.00956	0.99995	-0.00072	-0.00000	0.00000	1	100.00
coast_decel	56	0.0000	-1377.6713	17.0121	-0.0008	1217.0328	8.3720	-0.00000	0.99995	-0.00956	0.00000	0.00956	0.99995	-0.00072	-0.00000	0.00000	1	100.00
coast_decel	57	0.0000	-1367.5281	17.0121	-0.0008	1213.8229	8.3720	-0.00000	0.99995	-0.00956	0.00000	0.00956	0.99995	-0.00072	-0.00000	0.00000	1	100.00
coast_decel	58	0.0000	-1357.4148	17.0121	-0.0008	1210.6128	8.3720	-0.00000	0.99995	-0.00956	0.00000	0.00956	0.99995	-0.00072	-0.00000	0.00000	1	100.00
coast_decel	59	0.0000	-1347.3217	17.0121	-0.0008	1207.4028	8.3720	-0.00000	0.99995	-0.00956	0.00000	0.00956	0.99995	-0.00072	-0.00000	0.00000	1	100.00
coast_decel	60	0.0000	-1337.2583	17.0121	-0.0008	1204.1929	8.3720	-0.00000	0.99995	-0.00956	0.00000	0.00956	0.99995	-0.00072	-0.00000	0.00000	1	100.00
coast_decel	61	0.0000	-1327.2250	17.0121	-0.0008	1200.9828	8.3720	-0.00000	0.99995	-0.00956	0.00000	0.00956	0.99995	-0.00072	-0.00000	0.00000	1	100.00
coast_decel	62	0.0000	-1317.2118	17.0121	-0.0008	1197.7728	8.3720	-0.00000	0.99995	-0.00956	0.00000	0.00956	0.99995	-0.00072	-0.00000	0.00000	1	100.00
coast_decel	63	0.0000	-1307.2285	17.0121	-0.0008	1194.5629	8.3720	-0.00000	0.99995	-0.00956	0.00000	0.00956	0.99995	-0.00072	-0.00000	0.00000	1	100.00
coast_decel	64	0.0000	-1297.2754	17.0121	-0.0008	1191.3528	8.3720	-0.00000	0.99995	-0.00956	0.00000	0.00956	0.99995	-0.00072	0.00000	0.00000	1	100.00
coast_decel	65	0.0000	-1287.3521	17.0121	-0.0008	1188.1428	8.3720	-0.00000	0.99995	-0.00956	0.00000	0.00956	0.99995	-0.00072	-0.00000	0.00000	1	100.00
coast_decel	66	0.0000	-1277.4489	17.0121	-0.0008	1184.9329	8.3720	-0.00000	0.99995	-0.00956	0.00000	0.00956	0.99995	-0.00072	-0.00000	0.00000	1	100.00
coast_decel	67	0.0000	-1267.5754	17.0121	-0.0008	1181.7228	8.3720	-0.00000	0.99995	-0.00956	0.00000	0.00956	0.99995	-0.00072	0.00000	0.00000	1	100.00
coast_decel	68	0.0000	-1257.7323	17.0121	-0.0008	1178.5128	8.3720	-0.00000	0.99995	-0.00956	0.00000	0.00956	0.99995	-0.00072	-0.00000	0.00000	1	100.00
coast_decel	69	0.0000	-1247.9089	17.0121	-0.0008	1175.3027	8.3720	-0.00000	0.99995	-0.00956	0.00000	0.00956	0.99995	-0.00072	-0.00000	0.00000	1	100.00
coast_decel	70	0.0000	-1238.1158	17.0121	-0.0008	1172.0928	8.3720	-0.00000	0.99995	-0.00956	0.00000	0.00956	0.99995	-0.00072	0.00000	0.00000	1	100.00
coast_decel	71	0.0000	-1228.3525	17.0121	-0.0007	1168.8828	8.3720	-0.00000	0.99995	-0.00956	0.00000	0.00956	0.99995	-0.00072	-0.00000	0.00000	1	100.00
coast_decel	72	0.0000	-1218.6094	17.0121	-0.0007	1165.6727	8.3720	-0.00000	0.99995	-0.00956	0.00000	0.00956	0.99995	-0.00072	-0.00000	0.00000	1	100.00
coast_decel	73	0.0000	-1208.8961	17.0121	-0.0007	1162.4628	8.3720	-0.00000	0.99995	-0.00956	0.00000	0.00956	0.99995	-0.00072	-0.00000	0.00000	1	100.00
coast_decel	74	0.0000	-1199.2129	17.0121	-0.0007	1159.2527	8.3720	-0.00000	0.99995	-0.00956	0.00000	0.00956	0.99995	-0.00072	-0.00000	0.00000	1	100.00
coast_decel	75	0.0000	-1189.5496	17.0121	-0.0007	1156.0427	8.3720	-0.00000	0.99995	-0.00956	0.00000	0.00956	0.99995	-0.00072	-0.00000	0.00000	1	100.00
coast_decel	76	0.0000	-1179.9164	17.0121	-0.0007	1152.8326	8.3720	-0.00000	0.99995	-0.00956	0.00000	0.00956	0.99995	-0.00072	-0.00000	0.00000	1	100.00
coast_decel	77	0.0000	-1170.3131	17.0121	-0.0007	1149.6227	8.3720	-0.00000	0.99995	-0.00956	0.00000	0.00956	0.99995	-0.00072	-0.00000	0.00000	1	100.00
coast_decel	78	0.0000	-1160.7299	17.0121	-0.0007	1146.4127	8.3720	-0.00000	0.99995	-0.00956	0.00000	0.00956	0.99995	-0.00072	-0.00000	0.00000	1	100.00
coast_decel	79	0.0000	-1151.1765	17.0121	-0.0007	1143.2028	8.3720	-0.00000	0.99995	-0.00956	0.00000	0.00956	0.99995	-0.00072	-0.00000	0.00000	1	100.00
coast_decel	80	0.0000	-1141.6533	17.0121	-0.0007	1139.9927	8.3720	-0.00000	0.99995	-0.00956	0.00000	0.00956	0.99995	-0.00072	-0.00000	0.00000	1	100.00
coast_decel	81	0.0000	-1132.1500	17.0121	-0.0007	1136.7827	8.3720	-0.00000	0.99995	-0.00956	0.00000	0.00956	0.99995	-0.00072	-0.00000	0.00000	1	100.00
coast_decel	82	0.0000	-1122.6769	17.0121	-0.0007	1133.5729	8.3720	-0.00000	0.99995	-0.00956	0.00000	0.00956	0.99995	-0.00072	-0.00000	0.00000	1	100.00
coast_decel	83	0.0000	-1113.2335	17.0121	-0.0007	1130.3627	8.3720	-0.00000	0.99995	-0.00956	0.00000	0.00956	0.99995	-0.00072	-0.00000	0.00000	1	100.00
coast_decel	84	0.0000	-1103.8103	17.0121	-0.0007	1127.1527	8.3720	-0.00000	0.99995	-0.00956	0.00000	0.00956	0.99995	-0.00072	-0.00000	0.00000	1	100.00
coast_decel	85	0.0000	-1094.4171	17.0121	-0.0007	1123.9429	8.3720	-0.00000	0.99995	-0.00956	0.00000	0.00956	0.99995	-0.00072	-0.00000	0.00000	1	100.00
coast_decel	86	0.0000	-1085.0540	17.0121	-0.0007	1120.7327	8.3720	-0.00000	0.99995	-0.00956	0.00000	0.00956	0.99995	-0.00072	-0.00000	0.00000	1	100.00
coast_decel	87	0.0000	-1075.7106	17.0121	-0.0007	1117.5228	8.3720	-0.00000	0.99995	-0.00956	0.00000	0.00956	0.99995	-0.00072	-0.00000	0.00000	1	100.00
coast_decel	88	0.0000	-1066.3973	17.0121	-0.0007	1114.3129	8.3720	-0.00000	0.99995	-0.00956	0.00000	0.00956	0.99995	-0.00072	-0.00000	0.00000	1	100.00
coast_decel	89	0.0000	-1057.1140	17.0121	-0.0007	1111.1028	8.3720	-0.00000	0.99995	-0.00956	0.00000	0.00956	0.99995	-0.00072	0.00000	0.00000	1	100.00
coast_decel	90	0.0000	-1047.8508	17.0121	-0.0007	1107.8928	8.3720	-0.00000	0.99995	-0.00956	0.00000	0.00956	0.99995	-0.00072	0.00000	0.00000	1	100.00
coast_decel	91	0.0000	-1038.6176	17.0121	-0.0007	1104.6829	8.3720	-0.00000	0.99995	-0.00956	0.00000	0.00956	0.99995	-0.00072	-0.00000	0.00000	1	100.00
coast_decel	92	0.0000	-1029.4143	17.0121	-0.0007	1101.4728	8.3720	-0.00000	0.99995	-0.00956	0.00000	0.00956	0.99995	-0.00072	-0.00000	0.00000	1	100.00
coast_decel	93	0.0000	-1020.2311	17.0121	-0.0007	1098.2628	8.3720	-0.00000	0.99995	-0.00956	0.00000	0.00956	0.99995	-0.00072	0.00000	0.00000	1	100.00
coast_decel	94	0.0000	-1011.0777	17.0121	-0.0007	1095.0529	8.3720	-0.00000	0.99995	-0.00956	0.00000	0.00956	0.99995	-0.00072	-0.00000	0.00000	1	100.00
coast_decel	95	0.0000	-1001.9545	17.0121	-0.0007	1091.8428	8.3720	-0.00000	0.99995	-0.00956	0.00000	0.00956	0.99995	-0.00072	-0.00000	0.00000	1	100.00
coast_decel	96	0.0000	-992.8513	17.0121	-0.0007	1088.6328	8.3720	-0.00000	0.99995	-0.00956	0.00000	0.00956	0.99995	-0.00072	-0.00000	0.00000	1	100.00
coast_decel	97	0.0000	-983.7780	17.0121	-0.0007	1085.4229	8.3720	-0.00000	0.99995	-0.00956	0.00000	0.00956	0.99995	-0.00072	-0.00000	0.00000	1	100.00
coast_decel	98	0.0000	-974.7348	17.0121	-0.0007	1082.2128	8.3720	-0.00000	0.99995	-0.00956	0.00000	0.00956	0.99995	-0.00072	-0.00000	0.00000	1	100.00
coast_decel	99	0.0000	-965.7115	17.0121	-0.0007	1079.0028	8.3720	-0.00000	0.99995	-0.00956	0.00000	0.00956	0.99995	-0.00072	-0.00000	0.00000	1	100.00
coast_decel	100	0.0000	-956.7183	17.0121	-0.0007	1075.7928	8.3720	-0.00000	0.99995	-0.00956	0.00000	0.00956	0.99995	-0.00072	-0.00000	0.00000	1	100.00
coast_decel	101	0.0000	-947.7551	17.0121	-0.0007	1072.5828	8.3720	-0.00000	0.99995	-0.00956	0.00000	0.00956	0.99995	-0.00072	0.00000	0.00000	1	100.00
coast_decel	102	0.0000	-938.8218	17.0121	-0.0007	1069.3728	8.3720	-0.00000	0.99995	-0.00956	0.00000	0.00956	0.99995	-0.00072	-0.00000	0.00000	1	100.00
coast_decel	103	0.0000	-929.9086	17.0121	-0.0007	1066.1627	8.3720	-0.00000	0.99995	-0.00956	0.00000	0.00956	0.99995	-0.00072	-0.00000	0.00000	1	100.00
coast_decel	104	0.0000	-921.0253	17.0121	-0.0007	1062.9528	8.3720	-0.00000	0.99995	-0.00956	0.00000	0.00956	0.99995	-0.00072	0.00000	0.00000	1	100.00
coast_decel	105	0.0000	-912.1721	17.0121	-0.0007	1059.7427	8.3720	-0.00000	0.99995	-0.00956	0.00000	0.00956	0.99995	-0.00072	-0.00000	0.00000	1	100.00
coast_decel	106	0.0000	-903.3387	17.0121	-0.0007	1056.5327	8.3720	-0.00000	0.99995	-0.00956	0.00000	0.00956	0.99995	-0.00072	-0.00000	0.00000	1	100.00
coast_decel	107	0.0000	-894.5356	17.0121	-0.0007	1053.3228	8.3720	-0.00000	0.99995	-0.00956	0.00000	0.00956	0.99995	-0.00072	-0.00000	0.00000	1	100.00
coast_decel	108	0.0000	-885.7622	17.0121	-0.0007	1050.1127	8.3720	-0.00000	0.99995	-0.00956	0.00000	0.00956	0.99995	-0.00072	0.00000	0.00000	1	100.00
coast_decel	109	0.0000	-877.0091	17.0121	-0.0007	1046.9027	8.3720	-0.00000	0.99995	-0.00956	0.00000	0.00956	0.99995	-0.00072	-0.00000	0.00000	1	100.00
coast_decel	110	0.0000	-868.2858	17.0121	-0.0007	1043.6927	8.3720	-0.00000	0.99995	-0.00956	0.00000	0.00956	0.99995	-0.00072	0.00000	0.00000	1	100.00
coast_decel	111	0.0000	-859.5925	17.0121	-0.0007	1040.4827	8.3720	-0.00000	0.99995	-0.00956	0.00000	0.00956	0.99995	-0.00072	-0.00000	0.00000	1	100.00
coast_decel	112	0.0000	-850.9193	17.0121	-0.0007	1037.2727	8.3720	-0.00000	0.99995	-0.00956	0.00000	0.00956	0.99995	-0.00072	-0.00000	0.00000	1	100.00
coast_decel	113	0.0000	-842.2761	17.0121	-0.0007	1034.0627	8.3720	-0.00000	0.99995	-0.00956	0.00000	0.00956	0.99995	-0.00072	-0.00000	0.00000	1	100.00
coast_decel	114	0.0000	-833.6628	17.0121	-0.0007	1030.8527	8.3720	-0.00000	0.99995	-0.00956	0.00000	0.00956	0.99995	-0.00072	-0.00000	0.00000	1	100.00
coast_decel	115	0.0000	-825.0695	17.0121	-0.0007	1027.6427	8.3720	-0.00000	0.99995	-0.00956	0.00000	0.00956	0.99995	-0.00072	-0.00000	0.00000	1	100.00
coast_decel	116	0.0000	-816.5063	17.0121	-0.0007	1024.4329	8.3720	-0.00000	0.99995	-0.00956	0.00000	0.00956	0.99995	-0.00072	-0.00000	0.00000	1	100.00
coast_decel	117	0.0000	-807.9731	17.0121	-0.0007	1021.2227	8.3720	-0.00000	0.99995	-0.00956	0.00000	0.00956	0.99995	-0.00072	-0.00000	0.00000	1	100.00
coast_decel	118	0.0000	-799.4598	17.0121	-0.0007	1018.0128	8.3720	-0.00000	0.99995	-0.00956	0.00000	0.00956	0.99995	-0.00072	-0.00000	0.00000	1	100.00
coast_decel	119	0.0000	-790.9766	17.0121	-0.0006	1014.8027	8.3720	-0.00000	0.99995	-0.00956	0.00000	0.00956	0.99995	-0.00072	-0.00000	0.00000	1	100.00
coast_decel	120	0.0000	-782.5233	17.0121	-0.0006	1011.5928	8.3720	-0.00000	0.99995	-0.00956	0.00000	0.00956	0.99995	-0.00072	-0.00000	0.00000	1	100.00
coast_decel	121	0.0000	-774.0901	17.0121	-0.0006	1008.3828	8.3720	-0.00000	0.99995	-0.00956	0.00000	0.00956	0.99995	-0.00072	-0.00000	0.00000	1	100.00
coast_decel	122	0.0000	-765.6868	17.0121	-0.0006	1005.1729	8.3720	-0.00000	0.99995	-0.00956	0.00000	0.00956	0.99995	-0.00072	-0.00000	0.00000	1	100.00
coast_decel	123	0.0000	-757.3136	17.0121	-0.0006	1001.9628	8.3720	-0.00000	0.99995	-0.00956	0.00000	0.00956	0.99995	-0.00072	-0.00000	0.00000	1	100.00
coast_decel	124	0.0000	-748.9603	17.0121	-0.0006	998.7528	8.3720	-0.00000	0.99995	-0.00956	0.00000	0.00956	0.99995	-0.00072	-0.00000	0.00000	1	100.00
coast_decel	125	0.0000	-740.6371	17.0121	-0.0006	995.5428	8.3720	-0.00000	0.99995	-0.00956	0.00000	0.00956	0.99995	-0.00072	-0.00000	0.00000	1	100.00
coast_decel	126	0.0000	-732.3439	17.0121	-0.0006	992.3328	8.3720	-0.00000	0.99995	-0.00956	0.00000	0.00956	0.99995	-0.00072	-0.00000	0.00000	1	100.00
coast_decel	127	0.0000	-724.0706	17.0121	-0.0006	989.1228	8.3720	-0.00000	0.99995	-0.00956	0.00000	0.00956	0.99995	-0.00072	-0.00000	0.00000	1	100.00
coast_decel	128	0.0000	-715.8273	17.0121	-0.0006	985.9128	8.3720	-0.00000	0.99995	-0.00956	0.00000	0.00956	0.99995	-0.00072	-0.00000	0.00000	1	100.00
coast_decel	129	0.0000	-707.6141	17.0121	-0.0006	982.7028	8.3720	-0.00000	0.99995	-0.00956	0.00000	0.00956	0.99995	-0.00072	-0.00000	0.00000	1	100.00
coast_decel	130	0.0000	-699.4208	17.0121	-0.0006	979.4927	8.3720	-0.00000	0.99995	-0.00956	0.00000	0.00956	0.99995	-0.00072	-0.00000	0.00000	1	100.00
coast_decel	131	0.0000	-691.2576	17.0121	-0.0006	976.2828	8.3720	-0.00000	0.99995	-0.00956	0.00000	0.00956	0.99995	-0.00072	-0.00000	0.00000	1	100.00
coast_decel	132	0.0000	-683.1243	17.0121	-0.0006	973.0727	8.3720	-0.00000	0.99995	-0.00956	0.00000	0.00956	0.99995	-0.00072	-0.00000	0.00000	1	100.00
coast_decel	133	0.0000	-675.0110	17.0121	-0.0006	969.8629	8.3720	-0.00000	0.99995	-0.00956	0.00000	0.00956	0.99995	-0.00072	-0.00000	0.00000	1	100.00
coast_decel	134	0.0000	-666.9279	17.0121	-0.0006	966.6528	8.3720	-0.00000	0.99995	-0.00956	0.00000	0.00956	0.99995	-0.00072	-0.00000	0.00000	1	100.00
coast_decel	135	0.0000	-658.8745	17.0121	-0.0006	963.4428	8.3720	-0.00000	0.99995	-0.00956	0.00000	0.00956	0.99995	-0.00072	-0.00000	0.00000	1	100.00
coast_decel	136	0.0000	-650.8413	17.0121	-0.0006	960.2328	8.3720	-0.00000	0.99995	-0.00956	0.00000	0.00956	0.99995	-0.00072	-0.00000	0.00000	1	100.00
coast_decel	137	0.0000	-642.8381	17.0121	-0.0006	957.0228	8.3720	-0.00000	0.99995	-0.00956	0.00000	0.00956	0.99995	-0.00072	-0.00000	0.00000	1	100.00
coast_decel	138	0.0000	-634.8648	17.0121	-0.0006	953.8128	8.3720	-0.00000	0.99995	-0.00956	0.00000	0.00956	0.99995	-0.00072	-0.00000	0.00000	1	100.00
coast_decel	139	0.0000	-626.9116	17.0121	-0.0006	950.6028	8.3720	-0.00000	0.99995	-0.00956	0.00000	0.00956	0.99995	-0.00072	-0.00000	0.00000	1	100.00
coast_decel	140	0.0000	-618.9883	17.0121	-0.0006	947.3928	8.3720	-0.00000	0.99995	-0.00956	0.00000	0.00956	0.99995	-0.00072	-0.00000	0.00000	1	100.00
coast_decel	141	0.0000	-611.0950	17.0121	-0.0006	944.1828	8.3720	-0.00000	0.99995	-0.00956	0.00000	0.00956	0.99995	-0.00072	-0.00000	0.00000	1	100.00
coast_decel	142	0.0000	-603.2318	17.0121	-0.0006	940.9728	8.3720	-0.00000	0.99995	-0.00956	0.00000	0.00956	0.99995	-0.00072	-0.00000	0.00000	1	100.00
coast_decel	143	0.0000	-595.3885	17.0121	-0.0006	937.7628	8.3720	-0.00000	0.99995	-0.00956	0.00000	0.00956	0.99995	-0.00072	-0.00000	0.00000	1	100.00
coast_decel	144	0.0000	-587.5753	17.0121	-0.0006	934.5527	8.3720	-0.00000	0.99995	-0.00956	0.00000	0.00956	0.99995	-0.00072	-0.00000	0.00000	1	100.00
coast_decel	145	0.0000	-579.7921	17.0121	-0.0006	931.3428	8.3720	-0.00000	0.99995	-0.00956	0.00000	0.00956	0.99995	-0.00072	-0.00000	0.00000	1	100.00
coast_decel	146	0.0000	-572.0288	17.0121	-0.0006	928.1328	8.3720	-0.00000	0.99995	-0.00956	0.00000	0.00956	0.99995	-0.00072	-0.00000	0.00000	1	100.00
coast_decel	147	0.0000	-564.2956	17.0121	-0.0006	924.9229	8.3720	-0.00000	0.99995	-0.00956	0.00000	0.00956	0.99995	-0.00072	-0.00000	0.00000	1	100.00
coast_decel	148	0.0000	-556.5923	17.0121	-0.0006	921.7128	8.3720	-0.00000	0.99995	-0.00956	0.00000	0.00956	0.99995	-0.00072	-0.00000	0.00000	1	100.00
coast_decel	149	0.0000	-548.9091	17.0121	-0.0006	918.5027	8.3720	-0.00000	0.99995	-0.00956	0.00000	0.00956	0.99995	-0.00072	-0.00000	0.00000	1	100.00
coast_decel	150	0.0000	-541.2557	17.0121	-0.0006	915.2928	8.3720	-0.00000	0.99995	-0.00956	0.00000	0.00956	0.99995	-0.00072	-0.00000	0.00000	1	100.00
coast_decel	151	0.0000	-533.6326	17.0121	-0.0006	912.0828	8.3720	-0.00000	0.99995	-0.00956	0.00000	0.00956	0.99995	-0.00072	-0.00000	0.00000	1	100.00
coast_decel	152	0.0000	-526.0293	17.0121	-0.0006	908.8728	8.3720	-0.00000	0.99995	-0.00956	0.00000	0.00956	0.99995	-0.00072	-0.00000	0.00000	1	100.00
coast_decel	153	0.0000	-518.4561	17.0121	-0.0006	905.6628	8.3720	-0.00000	0.99995	-0.00956	0.00000	0.00956	0.99995	-0.00072	-0.00000	0.00000	1	100.00
coast_decel	154	0.0000	-510.9128	17.0121	-0.0006	902.4528	8.3720	-0.00000	0.99995	-0.00956	0.00000	0.00956	0.99995	-0.00072	-0.00000	0.00000	1	100.00
coast_decel	155	0.0000	-503.3896	17.0121	-0.0006	899.2428	8.3720	-0.00000	0.99995	-0.00956	0.00000	0.00956	0.99995	-0.00072	-0.00000	0.00000	1	100.00
coast_decel	156	0.0000	-495.8963	17.0121	-0.0006	896.0328	8.3720	-0.00000	0.99995	-0.00956	0.00000	0.00956	0.99995	-0.00072	-0.00000	0.00000	1	100.00
coast_decel	157	0.0000	-488.4330	17.0121	-0.0006	892.8228	8.3720	-0.00000	0.99995	-0.00956	0.00000	0.00956	0.99995	-0.00072	-0.00000	0.00000	1	100.00
coast_decel	158	0.0000	-480.9898	17.0121	-0.0006	889.6128	8.3720	-0.00000	0.99995	-0.00956	0.00000	0.00956	0.99995	-0.00072	-0.00000	0.00000	1	100.00
coast_decel	159	0.0000	-473.5765	17.0121	-0.0006	886.4028	8.3720	-0.00000	0.99995	-0.00956	0.00000	0.00956	0.99995	-0.00072	-0.00000	0.00000	1	100.00
coast_decel	160	0.0000	-466.1933	17.0121	-0.0006	883.1927	8.3720	-0.00000	0.99995	-0.00956	0.00000	0.00956	0.99995	-0.00072	-0.00000	0.00000	1	100.00
coast_decel	161	0.0000	-458.8301	17.0121	-0.0006	879.9828	8.3720	-0.00000	0.99995	-0.00956	0.00000	0.00956	0.99995	-0.00072	-0.00000	0.00000	1	100.00
coast_decel	162	0.0000	-451.4968	17.0121	-0.0006	876.7728	8.3720	-0.00000	0.99995	-0.00956	0.00000	0.00956	0.99995	-0.00072	-0.00000	0.00000	1	100.00
coast_decel	163	0.0000	-444.1935	17.0121	-0.0006	873.5627	8.3720	-0.00000	0.99995	-0.00956	0.00000	0.00956	0.99995	-0.00072	-0.00000	0.00000	1	100.00
coast_decel	164	0.0000	-436.9103	17.0121	-0.0006	870.3528	8.3720	-0.00000	0.99995	-0.00956	0.00000	0.00956	0.99995	-0.00072	-0.00000	0.00000	1	100.00
coast_decel	165	0.0000	-429.6571	17.0121	-0.0006	867.1428	8.3720	-0.00000	0.99995	-0.00956	0.00000	0.00956	0.99995	-0.00072	-0.00000	0.00000	1	100.00
coast_decel	166	0.0000	-422.4338	17.0121	-0.0006	863.9327	8.3720	-0.00000	0.99995	-0.00956	0.00000	0.00956	0.99995	-0.00072	-0.00000	0.00000	1	100.00
coast_decel	167	0.0000	-415.2306	17.0121	-0.0005	860.7228	8.3720	-0.00000	0.99995	-0.00956	0.00000	0.00956	0.99995	-0.00072	-0.00000	0.00000	1	100.00
coast_decel	168	0.0000	-408.0573	17.0121	-0.0005	857.5128	8.3720	-0.00000	0.99995	-0.00956	0.00000	0.00956	0.99995	-0.00072	-0.00000	0.00000	1	100.00
coast_decel	169	0.0000	-400.9141	17.0121	-0.0005	854.3028	8.3720	-0.00000	0.99995	-0.00956	0.00000	0.00956	0.99995	-0.00072	-0.00000	0.00000	1	100.00
coast_decel	170	0.0000	-393.7908	17.0121	-0.0005	851.0928	8.3720	-0.00000	0.99995	-0.00956	0.00000	0.00956	0.99995	-0.00072	-0.00000	0.00000	1	100.00
coast_decel	171	0.0000	-386.6976	17.0121	-0.0005	847.8828	8.3720	-0.00000	0.99995	-0.00956	0.00000	0.00956	0.99995	-0.00072	-0.00000	0.00000	1	100.00
coast_decel	172	0.0000	-379.6343	17.0121	-0.0005	844.6728	8.3720	-0.00000	0.99995	-0.00956	0.00000	0.00956	0.99995	-0.00072	-0.00000	0.00000	1	100.00
coast_decel	173	0.0000	-372.5911	17.0121	-0.0005	841.4628	8.3720	-0.00000	0.99995	-0.00956	0.00000	0.00956	0.99995	-0.00072	-0.00000	0.00000	1	100.00
coast_decel	174	0.0000	-365.5778	17.0121	-0.0005	838.2527	8.3720	-0.00000	0.99995	-0.00956	0.00000	0.00956	0.99995	-0.00072	-0.00000	0.00000	1	100.00
coast_decel	175	0.0000	-358.5946	17.0121	-0.0005	835.0428	8.3720	-0.00000	0.99995	-0.00956	0.00000	0.00956	0.99995	-0.00072	-0.00000	0.00000	1	100.00
coast_decel	176	0.0000	-351.6313	17.0121	-0.0005	831.8328	8.3720	-0.00000	0.99995	-0.00956	0.00000	0.00956	0.99995	-0.00072	-0.00000	0.00000	1	100.00
coast_decel	177	0.0000	-344.6981	17.0121	-0.0005	828.6227	8.3720	-0.00000	0.99995	-0.00956	0.00000	0.00956	0.99995	-0.00072	-0.00000	0.00000	1	100.00
coast_decel	178	0.0000	-337.7948	17.0121	-0.0005	825.4127	8.3720	-0.00000	0.99995	-0.00956	0.00000	0.00956	0.99995	-0.00072	-0.00000	0.00000	1	100.00
coast_decel	179	0.0000	-330.9116	17.0121	-0.0005	822.2028	8.3720	-0.00000	0.99995	-0.00956	0.00000	0.00956	0.99995	-0.00072	-0.00000	0.00000	1	100.00
coast_decel	180	0.0000	-324.0583	17.0121	-0.0005	818.9927	8.3720	-0.00000	0.99995	-0.00956	0.00000	0.00956	0.99995	-0.00072	-0.00000	0.00000	1	100.00
coast_decel	181	0.0000	-317.2351	17.0121	-0.0005	815.7828	8.3720	-0.00000	0.99995	-0.00956	0.00000	0.00956	0.99995	-0.00072	-0.00000	0.00000	1	100.00
coast_decel	182	0.0000	-310.4418	17.0121	-0.0005	812.5728	8.3720	-0.00000	0.99995	-0.00956	0.00000	0.00956	0.99995	-0.00072	-0.00000	0.00000	1	100.00
coast_decel	183	0.0000	-303.6686	17.0121	-0.0005	809.3628	8.3720	-0.00000	0.99995	-0.00956	0.00000	0.00956	0.99995	-0.00072	-0.00000	0.00000	1	100.00
coast_decel	184	0.0000	-296.9253	17.0121	-0.0005	806.1528	8.3720	-0.00000	0.99995	-0.00956	0.00000	0.00956	0.99995	-0.00072	-0.00000	0.00000	1	100.00
coast_decel	185	0.0000	-290.2121	17.0121	-0.0005	802.9427	8.3720	-0.00000	0.99995	-0.00956	0.00000	0.00956	0.99995	-0.00072	-0.00000	0.00000	1	100.00
coast_decel	186	0.0000	-283.5188	17.0121	-0.0005	799.7327	8.3720	-0.00000	0.99995	-0.00956	0.00000	0.00956	0.99995	-0.00072	-0.00000	0.00000	1	100.00
coast_decel	187	0.0000	-276.8556	17.0121	-0.0005	796.5226	8.3720	-0.00000	0.99995	-0.00956	0.00000	0.00956	0.99995	-0.00072	-0.00000	0.00000	1	100.00
coast_decel	188	0.0000	-270.2223	17.0121	-0.0005	793.3126	8.3720	-0.00000	0.99995	-0.00956	0.00000	0.00956	0.99995	-0.00072	-0.00000	0.00000	1	100.00
coast_decel	189	0.0000	-263.6091	17.0121	-0.0005	790.1026	8.3720	-0.00000	0.99995	-0.00956	0.00000	0.00956	0.99995	-0.00072	-0.00000	0.00000	1	100.00
coast_decel	190	0.0000	-257.0258	17.0121	-0.0005	786.8926	8.3720	-0.00000	0.99995	-0.00956	0.00000	0.00956	0.99995	-0.00072	-0.00000	0.00000	1	100.00
coast_decel	191	0.0000	-250.4726	17.0121	-0.0005	783.6826	8.3720	-0.00000	0.99995	-0.00956	0.00000	0.00956	0.99995	-0.00072	-0.00000	0.00000	1	100.00
coast_decel	192	0.0000	-243.9393	17.0121	-0.0005	780.4726	8.3720	-0.00000	0.99995	-0.00956	0.00000	0.00956	0.99995	-0.00072	-0.00000	0.00000	1	100.00
coast_decel	193	0.0000	-237.4361	17.0121	-0.0005	777.2626	8.3720	-0.00000	0.99995	-0.00956	0.00000	0.00956	0.99995	-0.00072	-0.00000	0.00000	1	100.00
coast_decel	194	0.0000	-230.9628	17.0121	-0.0005	774.0526	8.3720	-0.00000	0.99995	-0.00956	0.00000	0.00956	0.99995	-0.00072	-0.00000	0.00000	1	100.00
coast_decel	195	0.0000	-224.5096	17.0121	-0.0005	770.8426	8.3720	-0.00000	0.99995	-0.00956	0.00000	0.00956	0.99995	-0.00072	-0.00000	0.00000	1	100.00
coast_decel	196	0.0000	-218.0863	17.0121	-0.0005	767.6326	8.3720	-0.00000	0.99995	-0.00956	0.00000	0.00956	0.99995	-0.00072	-0.00000	0.00000	1	100.00
coast_decel	197	0.0000	-211.6931	17.0121	-0.0005	764.4226	8.3720	-0.00000	0.99995	-0.00956	0.00000	0.00956	0.99995	-0.00072	-0.00000	0.00000	1	100.00
coast_decel	198	0.0000	-205.3198	17.0121	-0.0005	761.2126	8.3720	-0.00000	0.99995	-0.00956	0.00000	0.00956	0.99995	-0.00072	-0.00000	0.00000	1	100.00
coast_decel	199	0.0000	-198.9766	17.0121	-0.0005	758.0026	8.3720	-0.00000	0.99995	-0.00956	0.00000	0.00956	0.99995	-0.00072	-0.00000	0.00000	1	100.00
coast_decel	200	0.0000	-192.6633	17.0121	-0.0005	754.7926	8.3720	-0.00000	0.99995	-0.00956	0.00000	0.00956	0.99995	-0.00072	-0.00000	0.00000	1	100.00
coast_decel	201	0.0000	-186.3701	17.0121	-0.0005	751.5826	8.3720	-0.00000	0.99995	-0.00956	0.00000	0.00956	0.99995	-0.00072	-0.00000	0.00000	1	100.00
coast_decel	202	0.0000	-180.1068	17.0121	-0.0005	748.3726	8.3720	-0.00000	0.99995	-0.00956	0.00000	0.00956	0.99995	-0.00072	-0.00000	0.00000	1	100.00
coast_decel	203	0.0000	-173.8736	17.0121	-0.0005	745.1626	8.3720	-0.00000	0.99995	-0.00956	0.00000	0.00956	0.99995	-0.00072	-0.00000	0.00000	1	100.00
coast_decel	204	0.0000	-167.6603	17.0121	-0.0005	741.9526	8.3720	-0.00000	0.99995	-0.00956	0.00000	0.00956	0.99995	-0.00072	-0.00000	0.00000	1	100.00
coast_decel	205	0.0000	-161.4771	17.0121	-0.0005	738.7426	8.3720	-0.00000	0.99995	-0.00956	0.00000	0.00956	0.99995	-0.00072	-0.00000	0.00000	1	100.00
coast_decel	206	0.0000	-155.3238	17.0121	-0.0005	735.5326	8.3720	-0.00000	0.99995	-0.00956	0.00000	0.00956	0.99995	-0.00072	-0.00000	0.00000	1	100.00
coast_decel	207	0.0000	-149.1906	17.0121	-0.0005	732.3226	8.3720	-0.00000	0.99995	-0.00956	0.00000	0.00956	0.99995	-0.00072	-0.00000	0.00000	1	100.00
coast_decel	208	0.0000	-143.0873	17.0121	-0.0005	729.1126	8.3720	-0.00000	0.99995	-0.00956	0.00000	0.00956	0.99995	-0.00072	-0.00000	0.00000	1	100.00
coast_decel	209	0.0000	-137.0141	17.0121	-0.0005	725.9026	8.3720	-0.00000	0.99995	-0.00956	0.00000	0.00956	0.99995	-0.00072	-0.00000	0.00000	1	100.00
coast_decel	210	0.0000	-130.9608	17.0121	-0.0005	722.6926	8.3720	-0.00000	0.99995	-0.00956	0.00000	0.00956	0.99995	-0.00072	-0.00000	0.00000	1	100.00
coast_decel	211	0.0000	-124.9376	17.0121	-0.0005	719.4826	8.3720	-0.00000	0.99995	-0.00956	0.00000	0.00956	0.99995	-0.00072	-0.00000	0.00000	1	100.00
coast_decel	212	0.0000	-118.9443	17.0121	-0.0005	716.2726	8.3720	-0.00000	0.99995	-0.00956	0.00000	0.00956	0.99995	-0.00072	-0.00000	0.00000	1	100.00
coast_decel	213	0.0000	-112.9711	17.0121	-0.0005	713.0626	8.3720	-0.00000	0.99995	-0.00956	0.00000	0.00956	0.99995	-0.00072	-0.00000	0.00000	1	100.00
coast_decel	214	0.0000	-107.0278	17.0121	-0.0005	709.8526	8.3720	-0.00000	0.99995	-0.00956	0.00000	0.00956	0.99995	-0.00072	-0.00000	0.00000	1	100.00
coast_decel	215	0.0000	-101.1146	17.0121	-0.0004	706.6426	8.3720	-0.00000	0.99995	-0.00956	0.00000	0.00956	0.99995	-0.00072	-0.00000	0.00000	1	100.00
coast_decel	216	0.0000	-95.2213	17.0121	-0.0004	703.4326	8.3720	-0.00000	0.99995	-0.00956	0.00000	0.00956	0.99995	-0.00072	-0.00000	0.00000	1	100.00
coast_decel	217	0.0000	-89.3581	17.0121	-0.0004	700.2226	8.3720	-0.00000	0.99995	-0.00956	0.00000	0.00956	0.99995	-0.00072	-0.00000	0.00000	1	100.00
coast_decel	218	0.0000	-83.5248	17.0121	-0.0004	697.0126	8.3720	-0.00000	0.99995	-0.00956	0.00000	0.00956	0.99995	-0.00072	-0.00000	0.00000	1	100.00
coast_decel	219	0.0000	-77.7116	17.0121	-0.0004	693.8026	8.3720	-0.00000	0.99995	-0.00956	0.00000	0.00956	0.99995	-0.00072	-0.00000	0.00000	1	100.00
brake_hard	0	0.0000	-1988.3334	16.9323	-0.0008	1370.8341	2.1110	-0.00000	1.00000	0.00000	0.00000	0.00000	1.00000	-0.05091	-0.00000	0.00000	1	100.00
brake_hard	1	0.0000	-1976.9062	16.8799	-0.0008	1341.6641	4.0006	-0.00000	1.00000	-0.00042	0.00000	0.00042	1.00000	-0.08587	-0.00000	0.00000	1	100.00
brake_hard	2	0.0000	-1965.7295	16.8456	-0.0007	1312.4941	5.6393	-0.00000	1.00000	-0.00114	0.00000	0.00114	1.00000	-0.10771	-0.00000	0.00000	1	100.00
brake_hard	3	0.0000	-1954.7924	16.8292	-0.0007	1283.3241	6.9113	-0.00000	1.00000	-0.00204	0.00000	0.00204	1.00000	-0.11687	-0.00000	0.00000	1	100.00
brake_hard	4	0.0000	-1944.0956	16.8199	-0.0007	1254.1541	7.8430	-0.00000	1.00000	-0.00301	-0.00000	0.00301	1.00000	-0.11552	-0.00000	0.00000	1	100.00
brake_hard	5	0.0000	-1933.6487	16.8176	-0.0007	1224.9841	8.5212	-0.00000	0.99999	-0.00397	0.00000	0.00397	0.99999	-0.10791	-0.00000	0.00000	1	100.00
brake_hard	6	0.0000	-1923.4419	16.8233	-0.0007	1195.8141	9.0035	-0.00000	0.99999	-0.00487	-0.00000	0.00487	0.99999	-0.09695	-0.00000	0.00000	1	100.00
brake_hard	7	0.0000	-1913.4749	16.8273	-0.0006	1166.6440	9.3582	-0.00000	0.99998	-0.00568	0.00000	0.00568	0.99998	-0.08460	-0.00000	0.00000	1	100.00
brake_hard	8	0.0000	-1903.7479	16.8402	-0.0006	1137.4741	9.5862	-0.00000	0.99998	-0.00639	-0.00000	0.00639	0.99998	-0.07210	-0.00000	0.00000	1	100.00
brake_hard	9	0.0000	-1894.2711	16.8521	-0.0006	1108.3041	9.7330	-0.00000	0.99998	-0.00699	-0.00000	0.00699	0.99998	-0.06028	-0.00000	0.00000	1	100.00
brake_hard	10	0.0000	-1885.0342	16.8634	-0.0006	1079.1340	9.8236	-0.00000	0.99997	-0.00749	-0.00000	0.00749	0.99997	-0.04956	-0.00000	0.00000	1	100.00
brake_hard	11	0.0000	-1876.0372	16.8741	-0.0006	1049.9641	9.8706	-0.00000	0.99997	-0.00790	-0.00000	0.00790	0.99997	-0.04014	-0.00000	0.00000	1	100.00
brake_hard	12	0.0000	-1867.2905	16.8846	-0.0005	1020.7941	9.8871	-0.00000	0.99997	-0.00824	-0.00000	0.00824	0.99997	-0.03208	-0.00000	0.00000	1	100.00
brake_hard	13	0.0000	-1858.7833	16.8946	-0.0005	991.6241	9.8671	-0.00000	0.99996	-0.00850	-0.00000	0.00850	0.99996	-0.02555	-0.00000	0.00000	1	100.00
brake_hard	14	0.0000	-1850.5164	16.9045	-0.0005	962.4541	9.8130	-0.00000	0.99996	-0.00872	0.00000	0.00872	0.99996	-0.02075	0.00000	0.00000	1	100.00
brake_hard	15	0.0000	-1842.4995	16.9141	-0.0005	933.2841	9.7398	-0.00000	0.99996	-0.00889	0.00000	0.00889	0.99996	-0.01715	-0.00000	0.00000	1	100.00
brake_hard	16	0.0000	-1834.7225	16.9234	-0.0005	904.1141	9.6476	-0.00000	0.99996	-0.00903	0.00000	0.00903	0.99996	-0.01438	-0.00000	0.00000	1	100.00
brake_hard	17	0.0000	-1827.1857	16.9326	-0.0005	874.9441	9.5492	-0.00000	0.99996	-0.00915	0.00000	0.00915	0.99996	-0.01219	-0.00000	0.00000	1	100.00
brake_hard	18	0.0000	-1819.8986	16.9418	-0.0004	845.7742	9.4444	-0.00000	0.99996	-0.00925	0.00000	0.00925	0.99996	-0.01043	-0.00000	0.00000	1	100.00
brake_hard	19	0.0000	-1812.8519	16.9510	-0.0004	816.6041	9.3395	-0.00000	0.99996	-0.00934	0.00000	0.00934	0.99996	-0.00899	-0.00000	0.00000	1	100.00
brake_hard	20	0.0000	-1806.0449	16.9601	-0.0004	787.4342	9.2284	-0.00000	0.99996	-0.00942	0.00000	0.00942	0.99996	-0.00779	-0.00000	0.00000	1	100.00
brake_hard	21	0.0000	-1799.4781	16.9691	-0.0004	758.2643	9.1172	-0.00000	0.99995	-0.00948	0.00000	0.00948	0.99996	-0.00677	-0.00000	0.00000	1	100.00
brake_hard	22	0.0000	-1793.1610	16.9782	-0.0004	729.0944	9.0060	-0.00000	0.99995	-0.00954	0.00000	0.00954	0.99995	-0.00591	-0.00000	0.00000	1	100.00
brake_hard	23	0.0000	-1787.0844	16.9873	-0.0004	699.9243	8.8949	-0.00000	0.99995	-0.00959	0.00000	0.00959	0.99995	-0.00517	-0.00000	0.00000	1	100.00
brake_hard	24	0.0000	-1781.2473	16.9964	-0.0003	670.7543	8.7837	-0.00000	0.99995	-0.00963	0.00000	0.00963	0.99995	-0.00453	-0.00000	0.00000	1	100.00
brake_hard	25	0.0000	-1775.6603	17.0055	-0.0003	641.5844	8.6725	-0.00000	0.99995	-0.00967	0.00000	0.00967	0.99995	-0.00397	-0.00000	0.00000	1	100.00
brake_hard	26	0.0000	-1770.3135	17.0145	-0.0003	612.4143	8.5614	-0.00000	0.99995	-0.00970	0.00000	0.00970	0.99995	-0.00349	0.00000	0.00000	1	100.00
brake_hard	27	0.0000	-1765.2065	17.0136	-0.0003	583.2443	8.4919	-0.00000	0.99995	-0.00973	0.00000	0.00973	0.99995	-0.00307	0.00000	0.00000	1	100.00
brake_hard	28	0.0000	-1760.3496	17.0131	-0.0003	554.0743	8.4476	-0.00000	0.99995	-0.00975	-0.00000	0.00975	0.99995	-0.00271	-0.00000	0.00000	1	100.00
brake_hard	29	0.0000	-1755.7325	17.0126	-0.0002	524.9044	8.4161	-0.00000	0.99995	-0.00978	-0.00000	0.00978	0.99995	-0.00239	0.00000	0.00000	1	100.00
brake_hard	30	0.0000	-1751.3557	17.0124	-0.0002	495.7343	8.3971	-0.00000	0.99995	-0.00980	-0.00000	0.00980	0.99995	-0.00210	0.00000	0.00000	1	100.00
brake_hard	31	0.0000	-1747.2288	17.0122	-0.0002	466.5644	8.3845	-0.00000	0.99995	-0.00981	-0.00000	0.00981	0.99995	-0.00186	0.00000	0.00000	1	100.00
brake_hard	32	0.0000	-1743.3420	17.0121	-0.0002	437.3944	8.3782	-0.00000	0.99995	-0.00983	-0.00000	0.00983	0.99995	-0.00164	-0.00000	0.00000	1	100.00
brake_hard	33	0.0000	-1739.6949	17.0121	-0.0002	408.2244	8.3718	-0.00000	0.99995	-0.00984	0.00000	0.00984	0.99995	-0.00144	-0.00000	0.00000	1	100.00
brake_hard	34	0.0000	-1736.2982	17.0121	-0.0001	379.0543	8.3718	-0.00000	0.99995	-0.00986	0.00000	0.00986	0.99995	-0.00127	-0.00000	0.00000	1	100.00
brake_hard	35	0.0000	-1733.1414	17.0121	-0.0001	349.8843	8.3718	-0.00000	0.99995	-0.00987	0.00000	0.00987	0.99995	-0.00112	-0.00000	0.00000	1	100.00
brake_hard	36	0.0000	-1730.2242	17.0121	-0.0001	320.7143	8.3718	-0.00000	0.99995	-0.00988	0.00000	0.00988	0.99995	-0.00099	-0.00000	0.00000	1	100.00
brake_hard	37	0.0000	-1727.5472	17.0121	-0.0001	291.5443	8.3718	-0.00000	0.99995	-0.00988	-0.00000	0.00988	0.99995	-0.00091	-0.00000	0.00000	1	100.00
brake_hard	38	0.0000	-1725.1204	17.0121	-0.0001	262.3743	8.3719	-0.00000	0.99995	-0.00988	-0.00000	0.00988	0.99995	-0.00087	-0.00000	0.00000	1	100.00
brake_hard	39	0.0000	-1722.9336	17.0121	-0.0001	233.2043	8.3719	-0.00000	0.99995	-0.00988	-0.00000	0.00988	0.99995	-0.00084	-0.00000	0.00000	1	100.00
brake_hard	40	0.0000	-1720.9866	17.0121	-0.0000	204.0343	8.3719	-0.00000	0.99995	-0.00988	-0.00000	0.00988	0.99995	-0.00083	-0.00000	0.00000	1	100.00
brake_hard	41	0.0000	-1719.2898	17.0121	-0.0000	174.8643	8.3719	-0.00000	0.99995	-0.00988	-0.00000	0.00988	0.99995	-0.00082	-0.00000	0.00000	1	100.00
brake_hard	42	0.0000	-1717.8328	17.0121	-0.0000	145.6944	8.3719	-0.00000	0.99995	-0.00988	-0.00000	0.00988	0.99995	-0.00082	-0.00000	0.00000	1	100.00
brake_hard	43	0.0000	-1716.6158	17.0121	0.0000	116.5244	8.3719	-0.00000	0.99995	-0.00988	-0.00000	0.00988	0.99995	-0.00081	-0.00000	0.00000	1	100.00
brake_hard	44	0.0000	-1715.6488	17.0121	0.0000	87.3543	8.3719	-0.00000	0.99995	-0.00988	-0.00000	0.00988	0.99995	-0.00081	-0.00000	0.00000	1	100.00
brake_hard	45	0.0000	-1714.9221	17.0121	0.0001	58.1843	8.3719	-0.00000	0.99995	-0.00988	-0.00000	0.00988	0.99995	-0.00081	-0.00000	0.00000	1	100.00
brake_hard	46	0.0000	-1714.4352	17.0121	0.0001	29.0143	8.3719	-0.00000	0.99995	-0.00988	-0.00000	0.00988	0.99995	-0.00081	-0.00000	0.00000	1	100.00
brake_hard	47	0.0000	-1714.1981	17.0121	0.0001	-0.1557	8.3719	-0.00000	0.99995	-0.00988	-0.00000	0.00988	0.99995	-0.00081	-0.00000	0.00000	1	100.00
brake_hard	48	0.0000	-1714.2012	17.0121	0.0001	-13.4823	8.3719	-0.00000	0.99995	-0.00988	-0.00000	0.00988	0.99995	0.00022	-0.00000	0.00000	1	100.00
brake_hard	49	0.0000	-1714.3121	17.0121	0.0001	-26.6981	8.3719	-0.00000	0.99995	-0.00988	-0.00000	0.00988	0.99995	0.00081	-0.00000	-0.00000	1	100.00
brake_hard	50	0.0000	-1714.5325	17.0121	0.0001	-39.7949	8.3719	-0.00000	0.99995	-0.00988	-0.00000	0.00988	0.99995	0.00115	-0.00000	-0.00000	1	100.00
brake_hard	51	0.0000	-1714.8615	17.0121	0.0001	-52.7826	8.3720	-0.00000	0.99995	-0.00987	-0.00000	0.00987	0.99995	0.00130	-0.00000	-0.00000	1	100.00
brake_hard	52	0.0000	-1715.2998	17.0121	0.0001	-65.6612	8.3720	-0.00000	0.99995	-0.00986	0.00000	0.00986	0.99995	0.00133	-0.00000	-0.00000	1	100.00
brake_hard	53	0.0000	-1715.8472	17.0121	0.0001	-78.4308	8.3720	-0.00000	0.99995	-0.00984	0.00000	0.00984	0.99995	0.00130	0.00000	-0.00000	1	100.00
brake_hard	54	0.0000	-1716.5035	17.0121	0.0001	-91.0914	8.3720	-0.00000	0.99995	-0.00983	0.00000	0.00983	0.99995	0.00124	-0.00000	-0.00000	1	100.00
brake_hard	55	0.0000	-1717.2590	17.0121	0.0001	-103.6429	8.3720	-0.00000	0.99995	-0.00982	0.00000	0.00982	0.99995	0.00115	-0.00000	-0.00000	1	100.00
brake_hard	56	0.0000	-1718.1237	17.0121	0.0001	-116.0853	8.3720	-0.00000	0.99995	-0.00981	0.00000	0.00981	0.99995	0.00106	0.00000	-0.00000	1	100.00
brake_hard	57	0.0000	-1719.0874	17.0121	0.0001	-128.4187	8.3720	-0.00000	0.99995	-0.00980	0.00000	0.00980	0.99995	0.00097	-0.00000	-0.00000	1	100.00
brake_hard	58	0.0000	-1720.1599	17.0121	0.0001	-140.6430	8.3720	-0.00000	0.99995	-0.00980	0.00000	0.00980	0.99995	0.00093	-0.00000	-0.00000	1	100.00
brake_hard	59	0.0000	-1721.3320	17.0121	0.0001	-152.7682	8.3720	-0.00000	0.99995	-0.00980	0.00000	0.00980	0.99995	0.00091	-0.00000	-0.00000	1	100.00
brake_hard	60	0.0000	-1722.6028	17.0121	0.0001	-164.7843	8.3720	-0.00000	0.99995	-0.00980	0.00000	0.00980	0.99995	0.00090	-0.00000	-0.00000	1	100.00
brake_hard	61	0.0000	-1723.9731	17.0121	0.0001	-176.7013	8.3720	-0.00000	0.99995	-0.00980	0.00000	0.00980	0.99995	0.00091	-0.00000	-0.00000	1	100.00
brake_hard	62	0.0000	-1725.4423	17.0121	0.0001	-188.5191	8.3720	-0.00000	0.99995	-0.00980	0.00000	0.00980	0.99995	0.00092	-0.00000	-0.00000	1	100.00
brake_hard	63	0.0000	-1727.0107	17.0121	0.0002	-200.2279	8.3720	-0.00000	0.99995	-0.00980	0.00000	0.00980	0.99995	0.00093	-0.00000	-0.00000	1	100.00
brake_hard	64	0.0000	-1728.6785	17.0121	0.0002	-211.8375	8.3720	-0.00000	0.99995	-0.00980	0.00000	0.00980	0.99995	0.00094	-0.00000	-0.00000	1	100.00
brake_hard	65	0.0000	-1730.4453	17.0121	0.0002	-223.3481	8.3720	-0.00000	0.99995	-0.00980	0.00000	0.00980	0.99995	0.00096	-0.00000	-0.00000	1	100.00
brake_hard	66	0.0000	-1732.3110	17.0121	0.0002	-234.7593	8.3720	-0.00000	0.99995	-0.00980	0.00000	0.00980	0.99995	0.00097	-0.00000	-0.00000	1	100.00
brake_hard	67	0.0000	-1734.2662	17.0121	0.0002	-246.0716	8.3720	-0.00000	0.99995	-0.00980	0.00000	0.00980	0.99995	0.00099	-0.00000	-0.00000	1	100.00
brake_hard	68	0.0000	-1736.3206	17.0121	0.0002	-257.2945	8.3720	-0.00000	0.99995	-0.00980	0.00000	0.00980	0.99995	0.00100	-0.00000	-0.00000	1	100.00
brake_hard	69	0.0000	-1738.4640	17.0121	0.0002	-268.4184	8.3720	-0.00000	0.99995	-0.00980	0.00000	0.00980	0.99995	0.00101	-0.00000	-0.00000	1	100.00
brake_hard	70	0.0000	-1740.6968	17.0121	0.0002	-279.4431	8.3720	-0.00000	0.99995	-0.00980	0.00000	0.00980	0.99995	0.00098	-0.00000	-0.00000	1	100.00
brake_hard	71	0.0000	-1743.0287	17.0121	0.0002	-290.3785	8.3720	-0.00000	0.99995	-0.00980	0.00000	0.00980	0.99995	0.00097	-0.00000	-0.00000	1	100.00
brake_hard	72	0.0000	-1745.4498	17.0121	0.0002	-301.2148	8.3720	-0.00000	0.99995	-0.00980	0.00000	0.00980	0.99995	0.00097	0.00000	-0.00000	1	100.00
brake_hard	73	0.0000	-1747.9600	17.0121	0.0002	-311.9620	8.3720	-0.00000	0.99995	-0.00980	0.00000	0.00980	0.99995	0.00098	0.00000	-0.00000	1	100.00
brake_hard	74	0.0000	-1750.5596	17.0121	0.0002	-322.6198	8.3720	-0.00000	0.99995	-0.00980	0.00000	0.00980	0.99995	0.00099	0.00000	-0.00000	1	100.00
brake_hard	75	0.0000	-1753.2484	17.0121	0.0002	-333.1786	8.3720	-0.00000	0.99995	-0.00980	0.00000	0.00980	0.99995	0.00100	0.00000	-0.00000	1	100.00
brake_hard	76	0.0000	-1756.0262	17.0121	0.0002	-343.6479	8.3720	-0.00000	0.99995	-0.00980	0.00000	0.00980	0.99995	0.00101	0.00000	-0.00000	1	100.00
brake_hard	77	0.0000	-1758.8938	17.0121	0.0003	-354.0282	8.3720	-0.00000	0.99995	-0.00979	0.00000	0.00979	0.99995	0.00098	-0.00000	-0.00000	1	100.00
brake_hard	78	0.0000	-1761.8401	17.0121	0.0003	-364.3193	8.3720	-0.00000	0.99995	-0.00979	0.00000	0.00979	0.99995	0.00097	-0.00000	-0.00000	1	100.00
brake_hard	79	0.0000	-1764.8757	17.0121	0.0003	-374.5211	8.3720	-0.00000	0.99995	-0.00979	0.00000	0.00979	0.99995	0.00096	-0.00000	-0.00000	1	100.00
brake_hard	80	0.0000	-1768.0010	17.0121	0.0003	-384.6436	8.3720	-0.00000	0.99995	-0.00979	0.00000	0.00979	0.99995	0.00097	-0.00000	-0.00000	1	100.00
brake_hard	81	0.0000	-1771.2053	17.0121	0.0003	-394.6769	8.3720	-0.00000	0.99995	-0.00979	0.00000	0.00979	0.99995	0.00098	-0.00000	-0.00000	1	100.00
brake_hard	82	0.0000	-1774.4988	17.0121	0.0003	-404.6209	8.3720	-0.00000	0.99995	-0.00979	0.00000	0.00979	0.99995	0.00099	-0.00000	-0.00000	1	100.00
brake_hard	83	0.0000	-1777.8717	17.0121	0.0003	-414.4856	8.3720	-0.00000	0.99995	-0.00979	0.00000	0.00979	0.99995	0.00100	-0.00000	-0.00000	1	100.00
brake_hard	84	0.0000	-1781.3240	17.0121	0.0003	-424.2611	8.3720	-0.00000	0.99995	-0.00979	0.00000	0.00979	0.99995	0.00101	-0.00000	-0.00000	1	100.00
brake_hard	85	0.0000	-1784.8555	17.0121	0.0003	-433.9572	8.3720	-0.00000	0.99995	-0.00978	0.00000	0.00978	0.99995	0.00098	-0.00000	-0.00000	1	100.00
brake_hard	86	0.0000	-1788.4763	17.0121	0.0003	-443.5642	8.3720	-0.00000	0.99995	-0.00978	0.00000	0.00978	0.99995	0.00097	-0.00000	-0.00000	1	100.00
brake_hard	87	0.0000	-1792.1763	17.0121	0.0003	-453.0918	8.3720	-0.00000	0.99995	-0.00978	0.00000	0.00978	0.99995	0.00096	-0.00000	-0.00000	1	100.00
brake_hard	88	0.0000	-1795.9558	17.0121	0.0003	-462.5402	8.3720	-0.00000	0.99995	-0.00978	0.00000	0.00978	0.99995	0.00097	-0.00000	-0.00000	1	100.00
brake_hard	89	0.0000	-1799.8145	17.0121	0.0003	-471.9091	8.3720	-0.00000	0.99995	-0.00978	0.00000	0.00978	0.99995	0.00097	-0.00000	-0.00000	1	100.00
brake_hard	90	0.0000	-1803.7426	17.0121	0.0003	-481.1890	8.3720	-0.00000	0.99995	-0.00978	0.00000	0.00978	0.99995	0.00098	-0.00000	-0.00000	1	100.00
brake_hard	91	0.0000	-1807.7498	17.0121	0.0003	-490.3895	8.3720	-0.00000	0.99995	-0.00978	0.00000	0.00978	0.99995	0.00100	-0.00000	-0.00000	1	100.00
brake_hard	92	0.0000	-1811.8364	17.0121	0.0003	-499.5105	8.3720	-0.00000	0.99995	-0.00978	0.00000	0.00978	0.99995	0.00101	-0.00000	-0.00000	1	100.00
brake_hard	93	0.0000	-1816.0024	17.0121	0.0004	-508.5623	8.3720	-0.00000	0.99995	-0.00977	0.00000	0.00977	0.99995	0.00097	-0.00000	-0.00000	1	100.00
brake_hard	94	0.0000	-1820.2379	17.0121	0.0004	-517.5347	8.3720	-0.00000	0.99995	-0.00977	0.00000	0.00977	0.99995	0.00096	-0.00000	-0.00000	1	100.00
brake_hard	95	0.0000	-1824.5527	17.0121	0.0004	-526.4277	8.3720	-0.00000	0.99995	-0.00977	0.00000	0.00977	0.99995	0.00096	-0.00000	-0.00000	1	100.00
brake_hard	96	0.0000	-1828.9370	17.0121	0.0004	-535.2416	8.3720	-0.00000	0.99995	-0.00977	0.00000	0.00977	0.99995	0.00096	-0.00000	-0.00000	1	100.00
brake_hard	97	0.0000	-1833.4001	17.0121	0.0004	-543.9860	8.3720	-0.00000	0.99995	-0.00977	0.00000	0.00977	0.99995	0.00097	-0.00000	-0.00000	1	100.00
brake_hard	98	0.0000	-1837.9331	17.0121	0.0004	-552.6512	8.3720	-0.00000	0.99995	-0.00977	0.00000	0.00977	0.99995	0.00098	-0.00000	-0.00000	1	100.00
brake_hard	99	0.0000	-1842.5356	17.0121	0.0004	-561.2468	8.3720	-0.00000	0.99995	-0.00977	0.00000	0.00977	0.99995	0.00098	-0.00000	-0.00000	1	100.00
brake_hard	100	0.0000	-1847.2170	17.0121	0.0004	-569.7632	8.3720	-0.00000	0.99995	-0.00977	0.00000	0.00977	0.99995	0.00100	-0.00000	-0.00000	1	100.00
brake_hard	101	0.0000	-1851.9678	17.0121	0.0004	-578.2101	8.3720	-0.00000	0.99995	-0.00977	0.00000	0.00977	0.99995	0.00101	-0.00000	-0.00000	1	100.00
brake_hard	102	0.0000	-1856.7882	17.0121	0.0004	-586.5876	8.3720	-0.00000	0.99995	-0.00976	0.00000	0.00976	0.99995	0.00097	-0.00000	-0.00000	1	100.00
brake_hard	103	0.0000	-1861.6781	17.0121	0.0004	-594.8860	8.3720	-0.00000	0.99995	-0.00976	0.00000	0.00976	0.99995	0.00096	-0.00000	-0.00000	1	100.00
brake_hard	104	0.0000	-1866.6375	17.0121	0.0004	-603.1148	8.3720	-0.00000	0.99995	-0.00976	0.00000	0.00976	0.99995	0.00095	-0.00000	-0.00000	1	100.00
brake_hard	105	0.0000	-1871.6658	17.0121	0.0004	-611.2744	8.3720	-0.00000	0.99995	-0.00976	0.00000	0.00976	0.99995	0.00096	-0.00000	-0.00000	1	100.00
brake_hard	106	0.0000	-1876.7639	17.0121	0.0004	-619.3644	8.3720	-0.00000	0.99995	-0.00976	0.00000	0.00976	0.99995	0.00096	-0.00000	-0.00000	1	100.00
brake_hard	107	0.0000	-1881.9211	17.0121	0.0004	-627.3850	8.3720	-0.00000	0.99995	-0.00976	0.00000	0.00976	0.99995	0.00097	-0.00000	-0.00000	1	100.00
brake_hard	108	0.0000	-1887.1483	17.0121	0.0004	-635.3364	8.3720	-0.00000	0.99995	-0.00976	0.00000	0.00976	0.99995	0.00098	-0.00000	-0.00000	1	100.00
brake_hard	109	0.0000	-1892.4445	17.0121	0.0004	-643.2182	8.3720	-0.00000	0.99995	-0.00976	0.00000	0.00976	0.99995	0.00099	-0.00000	-0.00000	1	100.00
brake_hard	110	0.0000	-1897.7999	17.0121	0.0004	-651.0307	8.3720	-0.00000	0.99995	-0.00976	0.00000	0.00976	0.99995	0.00100	-0.00000	-0.00000	1	100.00
brake_hard	111	0.0000	-1903.2253	17.0121	0.0004	-658.7835	8.3720	-0.00000	0.99995	-0.00976	0.00000	0.00976	0.99995	0.00101	-0.00000	-0.00000	1	100.00
brake_hard	112	0.0000	-1908.7198	17.0121	0.0004	-666.4672	8.3720	-0.00000	0.99995	-0.00975	0.00000	0.00975	0.99995	0.00098	0.00000	-0.00000	1	100.00
brake_hard	113	0.0000	-1914.2738	17.0121	0.0004	-674.0814	8.3720	-0.00000	0.99995	-0.00975	-0.00000	0.00975	0.99995	0.00096	0.00000	-0.00000	1	100.00
brake_hard	114	0.0000	-1919.8873	17.0121	0.0005	-681.6359	8.3720	-0.00000	0.99995	-0.00975	-0.00000	0.00975	0.99995	0.00096	0.00000	-0.00000	1	100.00
brake_hard	115	0.0000	-1925.5703	17.0121	0.0005	-689.1213	8.3720	-0.00000	0.99995	-0.00975	-0.00000	0.00975	0.99995	0.00096	0.00000	-0.00000	1	100.00
brake_hard	116	0.0000	-1931.3125	17.0121	0.0005	-696.5471	8.3720	-0.00000	0.99995	-0.00975	-0.00000	0.00975	0.99995	0.00096	-0.00000	-0.00000	1	100.00
brake_hard	117	0.0000	-1937.1145	17.0121	0.0005	-703.9035	8.3720	-0.00000	0.99995	-0.00975	-0.00000	0.00975	0.99995	0.00097	0.00000	-0.00000	1	100.00
brake_hard	118	0.0000	-1942.9758	17.0121	0.0005	-711.2003	8.3720	-0.00000	0.99995	-0.00975	-0.00000	0.00975	0.99995	0.00098	0.00000	-0.00000	1	100.00
brake_hard	119	0.0000	-1948.9067	17.0121	0.0005	-718.4378	8.3720	-0.00000	0.99995	-0.00975	-0.00000	0.00975	0.99995	0.00099	-0.00000	-0.00000	1	100.00
brake_hard	120	0.0000	-1954.8970	17.0121	0.0005	-725.6058	8.3720	-0.00000	0.99995	-0.00975	-0.00000	0.00975	0.99995	0.00099	-0.00000	-0.00000	1	100.00
brake_hard	121	0.0000	-1960.9467	17.0121	0.0005	-732.7144	8.3720	-0.00000	0.99995	-0.00975	-0.00000	0.00975	0.99995	0.00100	-0.00000	-0.00000	1	100.00
brake_hard	122	0.0000	-1967.0559	17.0121	0.0005	-739.7635	8.3720	-0.00000	0.99995	-0.00975	0.00000	0.00975	0.99995	0.00097	-0.00000	-0.00000	1	100.00
brake_hard	123	0.0000	-1973.2249	17.0121	0.0005	-746.7531	8.3720	-0.00000	0.99995	-0.00975	0.00000	0.00975	0.99995	0.00095	0.00000	-0.00000	1	100.00
brake_hard	124	0.0000	-1979.4427	17.0121	0.0005	-753.6832	8.3720	-0.00000	0.99995	-0.00975	0.00000	0.00975	0.99995	0.00095	0.00000	-0.00000	1	100.00
brake_hard	125	0.0000	-1985.7206	17.0121	0.0005	-760.5537	8.3720	-0.00000	0.99995	-0.00975	0.00000	0.00975	0.99995	0.00095	0.00000	-0.00000	1	100.00
brake_hard	126	0.0000	-1992.0579	17.0121	0.0005	-767.3649	8.3720	-0.00000	0.99995	-0.00975	0.00000	0.00975	0.99995	0.00095	0.00000	-0.00000	1	100.00
brake_hard	127	0.0000	-1998.4548	17.0121	0.0005	-774.1166	8.3720	-0.00000	0.99995	-0.00975	0.00000	0.00975	0.99995	0.00096	0.00000	-0.00000	1	100.00
brake_hard	128	0.0000	-2004.9008	17.0121	0.0005	-780.8086	8.3720	-0.00000	0.99995	-0.00975	0.00000	0.00975	0.99995	0.00096	0.00000	-0.00000	1	100.00
brake_hard	129	0.0000	-2011.4067	17.0121	0.0005	-787.4414	8.3720	-0.00000	0.99995	-0.00975	0.00000	0.00975	0.99995	0.00097	0.00000	-0.00000	1	100.00
brake_hard	130	0.0000	-2017.9720	17.0121	0.0005	-794.0244	8.3720	-0.00000	0.99995	-0.00975	0.00000	0.00975	0.99995	0.00098	0.00000	-0.00000	1	100.00
brake_hard	131	0.0000	-2024.5867	17.0121	0.0005	-800.5481	8.3720	-0.00000	0.99995	-0.00975	0.00000	0.00975	0.99995	0.00099	0.00000	-0.00000	1	100.00
brake_hard	132	0.0000	-2031.2611	17.0121	0.0005	-807.0122	8.3720	-0.00000	0.99995	-0.00975	0.00000	0.00975	0.99995	0.00100	0.00000	-0.00000	1	100.00
brake_hard	133	0.0000	-2037.9850	17.0121	0.0005	-813.4265	8.3720	-0.00000	0.99995	-0.00975	0.00000	0.00975	0.99995	0.00100	0.00000	-0.00000	1	100.00
brake_hard	134	0.0000	-2044.7584	17.0121	0.0005	-819.7816	8.3720	-0.00000	0.99995	-0.00974	0.00000	0.00974	0.99995	0.00097	0.00000	-0.00000	1	100.00
brake_hard	135	0.0000	-2051.5916	17.0121	0.0005	-826.0874	8.3720	-0.00000	0.99995	-0.00974	0.00000	0.00974	0.99995	0.00095	0.00000	-0.00000	1	100.00
brake_hard	136	0.0000	-2058.4739	17.0121	0.0005	-832.3332	8.3720	-0.00000	0.99995	-0.00974	0.00000	0.00974	0.99995	0.00095	0.00000	-0.00000	1	100.00
brake_hard	137	0.0000	-2065.4060	17.0121	0.0005	-838.5298	8.3720	-0.00000	0.99995	-0.00974	0.00000	0.00974	0.99995	0.00095	-0.00000	-0.00000	1	100.00
brake_hard	138	0.0000	-2072.3977	17.0121	0.0005	-844.6664	8.3720	-0.00000	0.99995	-0.00974	0.00000	0.00974	0.99995	0.00095	-0.00000	-0.00000	1	100.00
brake_hard	139	0.0000	-2079.4387	17.0121	0.0005	-850.7542	8.3720	-0.00000	0.99995	-0.00974	0.00000	0.00974	0.99995	0.00095	0.00000	-0.00000	1	100.00
brake_hard	140	0.0000	-2086.5295	17.0121	0.0005	-856.7919	8.3720	-0.00000	0.99995	-0.00974	0.00000	0.00974	0.99995	0.00096	-0.00000	-0.00000	1	100.00
brake_hard	141	0.0000	-2093.6699	17.0121	0.0005	-862.7800	8.3720	-0.00000	0.99995	-0.00974	0.00000	0.00974	0.99995	0.00097	0.00000	-0.00000	1	100.00
brake_hard	142	0.0000	-2100.8596	17.0121	0.0005	-868.7185	8.3720	-0.00000	0.99995	-0.00974	0.00000	0.00974	0.99995	0.00098	-0.00000	-0.00000	1	100.00
brake_hard	143	0.0000	-2108.0994	17.0121	0.0006	-874.5977	8.3720	-0.00000	0.99995	-0.00974	0.00000	0.00974	0.99995	0.00098	-0.00000	-0.00000	1	100.00
brake_hard	144	0.0000	-2115.3882	17.0121	0.0006	-880.4274	8.3720	-0.00000	0.99995	-0.00974	0.00000	0.00974	0.99995	0.00099	-0.00000	-0.00000	1	100.00
brake_hard	145	0.0000	-2122.7266	17.0121	0.0006	-886.2075	8.3720	-0.00000	0.99995	-0.00974	0.00000	0.00974	0.99995	0.00100	-0.00000	-0.00000	1	100.00
brake_hard	146	0.0000	-2130.1150	17.0121	0.0006	-891.9378	8.3720	-0.00000	0.99995	-0.00974	0.00000	0.00974	0.99995	0.00101	-0.00000	-0.00000	1	100.00
brake_hard	147	0.0000	-2137.5527	17.0121	0.0006	-897.6187	8.3720	-0.00000	0.99995	-0.00973	0.00000	0.00973	0.99995	0.00097	-0.00000	-0.00000	1	100.00
brake_hard	148	0.0000	-2145.0300	17.0121	0.0006	-903.2502	8.3720	-0.00000	0.99995	-0.00973	-0.00000	0.00973	0.99995	0.00095	0.00000	-0.00000	1	100.00
brake_hard	149	0.0000	-2152.5571	17.0121	0.0006	-908.8418	8.3720	-0.00000	0.99995	-0.00973	0.00000	0.00973	0.99995	0.00094	0.00000	-0.00000	1	100.00
brake_hard	150	0.0000	-2160.1338	17.0121	0.0006	-914.3837	8.3720	-0.00000	0.99995	-0.00973	-0.00000	0.00973	0.99995	0.00094	-0.00000	-0.00000	1	100.00
brake_hard	151	0.0000	-2167.7498	17.0121	0.0006	-919.8764	8.3720	-0.00000	0.99995	-0.00973	-0.00000	0.00973	0.99995	0.00094	0.00000	-0.00000	1	100.00
brake_hard	152	0.0000	-2175.4155	17.0121	0.0006	-925.3195	8.3720	-0.00000	0.99995	-0.00973	-0.00000	0.00973	0.99995	0.00095	0.00000	-0.00000	1	100.00
brake_hard	153	0.0000	-2183.1306	17.0121	0.0006	-930.7126	8.3720	-0.00000	0.99995	-0.00973	-0.00000	0.00973	0.99995	0.00096	0.00000	-0.00000	1	100.00
brake_hard	154	0.0000	-2190.8857	17.0121	0.0006	-936.0663	8.3720	-0.00000	0.99995	-0.00973	-0.00000	0.00973	0.99995	0.00096	0.00000	-0.00000	1	100.00
brake_hard	155	0.0000	-2198.6904	17.0121	0.0006	-941.3707	8.3720	-0.00000	0.99995	-0.00973	-0.00000	0.00973	0.99995	0.00097	-0.00000	-0.00000	1	100.00
brake_hard	156	0.0000	-2206.5347	17.0121	0.0007	-946.6353	8.3720	-0.00000	0.99995	-0.00973	-0.00000	0.00973	0.99995	0.00097	0.00000	-0.00000	1	100.00
brake_hard	157	0.0000	-2214.4187	17.0121	0.0007	-951.8499	8.3720	-0.00000	0.99995	-0.00973	-0.00000	0.00973	0.99995	0.00098	0.00000	-0.00000	1	100.00
brake_hard	158	0.0000	-2222.3521	17.0121	0.0007	-957.0151	8.3720	-0.00000	0.99995	-0.00973	-0.00000	0.00973	0.99995	0.00099	-0.00000	-0.00000	1	100.00
brake_hard	159	0.0000	-2230.3252	17.0121	0.0007	-962.1409	8.3720	-0.00000	0.99995	-0.00973	-0.00000	0.00973	0.99995	0.00099	0.00000	-0.00000	1	100.00
brake_hard	160	0.0000	-2238.3479	17.0121	0.0007	-967.2271	8.3720	-0.00000	0.99995	-0.00973	-0.00000	0.00973	0.99995	0.00100	0.00000	-0.00000	1	100.00
brake_hard	161	0.0000	-2246.4104	17.0121	0.0007	-972.2635	8.3720	-0.00000	0.99995	-0.00972	-0.00000	0.00972	0.99995	0.00096	-0.00000	-0.00000	1	100.00
brake_hard	162	0.0000	-2254.5120	17.0121	0.0007	-977.2604	8.3720	-0.00000	0.99995	-0.00972	-0.00000	0.00972	0.99995	0.00094	-0.00000	-0.00000	1	100.00
brake_hard	163	0.0000	-2262.6538	17.0121	0.0007	-982.2173	8.3720	-0.00000	0.99995	-0.00972	-0.00000	0.00972	0.99995	0.00094	0.00000	-0.00000	1	100.00
brake_hard	164	0.0000	-2270.8350	17.0121	0.0007	-987.1250	8.3720	-0.00000	0.99995	-0.00972	-0.00000	0.00972	0.99995	0.00093	-0.00000	-0.00000	1	100.00
brake_hard	165	0.0000	-2279.0662	17.0121	0.0007	-991.9930	8.3720	-0.00000	0.99995	-0.00972	-0.00000	0.00972	0.99995	0.00094	-0.00000	-0.00000	1	100.00
brake_hard	166	0.0000	-2287.3367	17.0121	0.0007	-996.8211	8.3720	-0.00000	0.99995	-0.00972	-0.00000	0.00972	0.99995	0.00094	-0.00000	-0.00000	1	100.00
brake_hard	167	0.0000	-2295.6470	17.0121	0.0007	-1001.6099	8.3720	-0.00000	0.99995	-0.00972	-0.00000	0.00972	0.99995	0.00095	-0.00000	-0.00000	1	100.00
brake_hard	168	0.0000	-2303.9966	17.0121	0.0007	-1006.3487	8.3720	-0.00000	0.99995	-0.00972	-0.00000	0.00972	0.99995	0.00095	0.00000	-0.00000	1	100.00
brake_hard	169	0.0000	-2312.3862	17.0121	0.0007	-1011.0482	8.3720	-0.00000	0.99995	-0.00972	-0.00000	0.00972	0.99995	0.00096	-0.00000	-0.00000	1	100.00
brake_hard	170	0.0000	-2320.8152	17.0121	0.0007	-1015.7079	8.3720	-0.00000	0.99995	-0.00972	-0.00000	0.00972	0.99995	0.00096	-0.00000	-0.00000	1	100.00
brake_hard	171	0.0000	-2329.2842	17.0121	0.0007	-1020.3281	8.3720	-0.00000	0.99995	-0.00972	-0.00000	0.00972	0.99995	0.00097	-0.00000	-0.00000	1	100.00
brake_hard	172	0.0000	-2337.7827	17.0121	0.0007	-1024.9086	8.3720	-0.00000	0.99995	-0.00972	-0.00000	0.00972	0.99995	0.00097	-0.00000	-0.00000	1	100.00
brake_hard	173	0.0000	-2346.3208	17.0121	0.0007	-1029.4492	8.3720	-0.00000	0.99995	-0.00972	-0.00000	0.00972	0.99995	0.00098	0.00000	-0.00000	1	100.00
brake_hard	174	0.0000	-2354.8987	17.0121	0.0007	-1033.9502	8.3720	-0.00000	0.99995	-0.00972	-0.00000	0.00972	0.99995	0.00099	-0.00000	-0.00000	1	100.00
brake_hard	175	0.0000	-2363.5161	17.0121	0.0007	-1038.4214	8.3720	-0.00000	0.99995	-0.00972	-0.00000	0.00972	0.99995	0.00099	0.00000	-0.00000	1	100.00
brake_hard	176	0.0000	-2372.1736	17.0121	0.0007	-1042.8531	8.3720	-0.00000	0.99995	-0.00972	-0.00000	0.00972	0.99995	0.00100	0.00000	-0.00000	1	100.00
brake_hard	177	0.0000	-2380.8604	17.0121	0.0007	-1047.2451	8.3720	-0.00000	0.99995	-0.00972	-0.00000	0.00972	0.99995	0.00100	-0.00000	-0.00000	1	100.00
brake_hard	178	0.0000	-2389.5872	17.0121	0.0007	-1051.5977	8.3720	-0.00000	0.99995	-0.00971	-0.00000	0.00971	0.99995	0.00096	0.00000	-0.00000	1	100.00
brake_hard	179	0.0000	-2398.3533	17.0121	0.0007	-1055.9103	8.3720	-0.00000	0.99995	-0.00971	-0.00000	0.00971	0.99995	0.00094	0.00000	-0.00000	1	100.00
steer_full	0	0.0000	-990.8333	16.9323	-13.3596	1101.6844	2.1110	-0.00000	1.00000	0.00000	0.00000	0.00000	1.00000	-0.05091	-0.00000	0.37108	1	100.00
steer_full	1	-0.1113	-981.6494	16.8799	-23.8770	1103.8413	4.0006	-0.00310	1.00000	-0.00042	-0.00000	0.00042	1.00000	-0.08580	-0.00002	0.65115	1	100.00
steer_full	2	-0.3089	-972.4513	16.8456	-33.8302	1106.1133	5.6393	-0.00852	0.99996	-0.00114	-0.00001	0.00114	1.00000	-0.10749	-0.00010	0.89219	1	100.00
steer_full	3	-0.5919	-963.2324	16.8292	-43.6276	1108.4309	6.9119	-0.01596	0.99987	-0.00203	-0.00002	0.00203	1.00000	-0.11640	-0.00037	1.09871	1	100.00
steer_full	4	-0.9535	-953.9930	16.8199	-53.5666	1110.7386	7.8443	-0.02511	0.99968	-0.00300	-0.00004	0.00300	1.00000	-0.11474	-0.00070	1.27512	1	100.00
steer_full	5	-1.3963	-944.7339	16.8176	-63.8799	1112.9701	8.5234	-0.03573	0.99935	-0.00396	-0.00009	0.00396	0.99999	-0.10679	-0.00107	1.42561	1	100.00
steer_full	6	-1.9323	-935.4552	16.8233	-74.7190	1115.0881	9.0065	-0.04760	0.99885	-0.00485	-0.00015	0.00485	0.99999	-0.09548	-0.00147	1.55396	1	100.00
steer_full	7	-2.5526	-926.1677	16.8273	-86.1900	1117.0267	9.3622	-0.06053	0.99815	-0.00565	-0.00023	0.00564	0.99998	-0.08281	-0.00186	1.66348	1	100.00
steer_full	8	-3.2683	-916.8615	16.8403	-98.3568	1118.7501	9.5979	-0.07436	0.99721	-0.00633	-0.00033	0.00633	0.99998	-0.07004	-0.00221	1.75706	1	100.00
steer_full	9	-4.0896	-907.5371	16.8522	-111.2319	1120.2212	9.7454	-0.08895	0.99601	-0.00692	-0.00044	0.00691	0.99998	-0.05799	-0.00252	1.83715	1	100.00
steer_full	10	-5.0169	-898.2048	16.8635	-124.8292	1121.3947	9.8365	-0.10419	0.99453	-0.00740	-0.00057	0.00738	0.99997	-0.04713	-0.00276	1.90582	1	100.00
steer_full	11	-6.0602	-888.8551	16.8742	-139.1223	1122.2344	9.8838	-0.11997	0.99275	-0.00779	-0.00072	0.00776	0.99997	-0.03763	-0.00294	1.96483	1	100.00
steer_full	12	-7.2193	-879.5080	16.8846	-154.0971	1122.7145	9.9004	-0.13621	0.99065	-0.00811	-0.00087	0.00806	0.99997	-0.02955	-0.00305	2.01564	1	100.00
steer_full	13	-8.5041	-870.1541	16.8948	-169.7062	1122.8086	9.8800	-0.15283	0.98822	-0.00836	-0.00103	0.00829	0.99997	-0.02329	-0.00324	2.05949	1	100.00
steer_full	14	-9.9142	-860.7933	16.9045	-185.9133	1122.4908	9.8195	-0.16977	0.98545	-0.00855	-0.00120	0.00847	0.99996	-0.01868	-0.00340	2.09740	1	100.00
steer_full	15	-11.4593	-851.4359	16.9141	-202.6748	1121.7542	9.7400	-0.18696	0.98233	-0.00871	-0.00138	0.00860	0.99996	-0.01521	-0.00352	2.13026	1	100.00
steer_full	16	-13.1489	-842.0920	16.9234	-219.9398	1120.5717	9.6478	-0.20437	0.97885	-0.00884	-0.00156	0.00870	0.99996	-0.01253	-0.00358	2.15878	1	100.00
steer_full	17	-14.9828	-832.7520	16.9326	-237.6580	1118.9360	9.5494	-0.22195	0.97502	-0.00895	-0.00175	0.00878	0.99996	-0.01042	-0.00359	2.18360	1	100.00
steer_full	18	-16.9604	-823.4255	16.9418	-255.7891	1116.8302	9.4445	-0.23965	0.97082	-0.00904	-0.00194	0.00883	0.99996	-0.00873	-0.00355	2.20523	1	100.00
steer_full	19	-19.0915	-814.1230	16.9510	-274.2853	1114.2559	9.3397	-0.25745	0.96625	-0.00912	-0.00213	0.00887	0.99996	-0.00736	-0.00347	2.22412	1	100.00
steer_full	20	-21.3757	-804.8345	16.9601	-293.1065	1111.1957	9.2286	-0.27531	0.96131	-0.00918	-0.00233	0.00889	0.99996	-0.00622	-0.00335	2.24064	1	100.00
steer_full	21	-23.8225	-795.5701	16.9691	-312.2059	1107.6509	9.1174	-0.29321	0.95600	-0.00924	-0.00252	0.00889	0.99996	-0.00528	-0.00321	2.25512	1	100.00
steer_full	22	-26.4217	-786.3396	16.9782	-331.5455	1103.6228	9.0062	-0.31113	0.95032	-0.00929	-0.00271	0.00889	0.99996	-0.00448	-0.00305	2.26783	1	100.00
steer_full	23	-29.1828	-777.1431	16.9873	-351.0869	1099.1033	8.8951	-0.32903	0.94427	-0.00933	-0.00291	0.00887	0.99996	-0.00380	-0.00288	2.27900	1	100.00
steer_full	24	-32.1057	-767.9808	16.9964	-370.7924	1094.0936	8.7839	-0.34690	0.93785	-0.00937	-0.00310	0.00885	0.99996	-0.00323	-0.00270	2.28883	1	100.00
steer_full	25	-35.1999	-758.8625	17.0055	-390.6335	1088.5945	8.6727	-0.36473	0.93107	-0.00941	-0.00329	0.00881	0.99996	-0.00274	-0.00252	2.29750	1	100.00
steer_full	26	-38.4553	-749.7884	17.0145	-410.5728	1082.6067	8.5615	-0.38248	0.92391	-0.00943	-0.00348	0.00877	0.99996	-0.00232	-0.00234	2.30515	1	100.00
steer_full	27	-41.8814	-740.7683	17.0136	-430.5857	1076.1294	8.4920	-0.40016	0.91640	-0.00946	-0.00367	0.00872	0.99996	-0.00197	-0.00216	2.31188	1	100.00
steer_full	28	-45.4682	-731.8023	17.0131	-450.6402	1069.1653	8.4478	-0.41774	0.90852	-0.00948	-0.00385	0.00867	0.99996	-0.00167	-0.00199	2.31783	1	100.00
steer_full	29	-49.2253	-722.8903	17.0126	-470.7169	1061.7250	8.4162	-0.43521	0.90028	-0.00950	-0.00404	0.00860	0.99995	-0.00141	-0.00183	2.32307	1	100.00
steer_full	30	-53.1526	-714.0424	17.0124	-490.7796	1053.8080	8.3973	-0.45255	0.89169	-0.00952	-0.00422	0.00853	0.99995	-0.00119	-0.00168	2.32770	1	100.00
steer_full	31	-57.2398	-705.2583	17.0122	-510.8085	1045.4156	8.3846	-0.46976	0.88274	-0.00953	-0.00440	0.00846	0.99995	-0.00100	-0.00153	2.33179	1	100.00
steer_full	32	-61.4967	-696.5482	17.0121	-530.7850	1036.5581	8.3783	-0.48683	0.87345	-0.00955	-0.00457	0.00838	0.99995	-0.00084	-0.00139	2.33540	1	100.00
steer_full	33	-65.9232	-687.9121	17.0121	-550.6899	1027.2363	8.3720	-0.50373	0.86381	-0.00956	-0.00475	0.00830	0.99995	-0.00070	-0.00127	2.33859	1	100.00
steer_full	34	-70.5090	-679.3497	17.0121	-570.4959	1017.4593	8.3720	-0.52047	0.85383	-0.00957	-0.00492	0.00821	0.99995	-0.00058	-0.00115	2.34140	1	100.00
steer_full	35	-75.2641	-670.8712	17.0121	-590.1926	1007.2285	8.3720	-0.53703	0.84351	-0.00958	-0.00509	0.00812	0.99995	-0.00048	-0.00104	2.34388	1	100.00
steer_full	36	-80.1783	-662.4764	17.0121	-609.7617	996.5537	8.3720	-0.55340	0.83286	-0.00959	-0.00525	0.00802	0.99995	-0.00039	-0.00094	2.34607	1	100.00
steer_full	37	-85.2613	-654.1754	17.0121	-629.1844	985.4448	8.3720	-0.56958	0.82188	-0.00959	-0.00542	0.00792	0.99995	-0.00032	-0.00084	2.34799	1	100.00
steer_full	38	-90.5032	-645.9680	17.0121	-648.4419	973.9017	8.3720	-0.58555	0.81058	-0.00960	-0.00558	0.00781	0.99995	-0.00026	-0.00076	2.34969	1	100.00
steer_full	39	-95.9037	-637.8541	17.0121	-667.5244	961.9352	8.3720	-0.60131	0.79896	-0.00961	-0.00574	0.00771	0.99995	-0.00021	-0.00068	2.35118	1	100.00
steer_full	40	-101.4627	-629.8339	17.0121	-686.4128	949.5452	8.3720	-0.61684	0.78703	-0.00961	-0.00589	0.00759	0.99995	-0.00016	-0.00061	2.35248	1	100.00
steer_full	41	-107.1801	-621.9172	17.0121	-705.0981	936.7416	8.3720	-0.63215	0.77478	-0.00962	-0.00604	0.00748	0.99995	-0.00013	-0.00055	2.35363	1	100.00
steer_full	42	-113.0558	-614.1138	17.0121	-723.5612	923.5341	8.3720	-0.64723	0.76224	-0.00962	-0.00619	0.00736	0.99995	-0.00010	-0.00049	2.35463	1	100.00
steer_full	43	-119.0897	-606.4139	17.0121	-741.8013	909.9243	8.3720	-0.66206	0.74939	-0.00962	-0.00634	0.00724	0.99995	-0.00007	-0.00044	2.35549	1	100.00
steer_full	44	-125.2717	-598.8273	17.0121	-759.8003	895.9210	8.3720	-0.67664	0.73625	-0.00963	-0.00649	0.00711	0.99995	-0.00005	-0.00039	2.35625	1	100.00
steer_full	45	-131.6017	-591.3640	17.0121	-777.5484	881.5344	8.3720	-0.69096	0.72282	-0.00963	-0.00663	0.00698	0.99995	-0.00003	-0.00035	2.35690	1	100.00
steer_full	46	-138.0795	-584.0139	17.0121	-795.0262	866.7646	8.3720	-0.70503	0.70911	-0.00963	-0.00677	0.00685	0.99995	-0.00002	-0.00031	2.35746	1	100.00
steer_full	47	-144.7052	-576.7870	17.0121	-812.2338	851.6219	8.3720	-0.71882	0.69513	-0.00963	-0.00690	0.00672	0.99995	-0.00001	-0.00028	2.35794	1	100.00
steer_full	48	-151.4786	-569.6931	17.0121	-829.1616	836.1165	8.3720	-0.73234	0.68087	-0.00963	-0.00704	0.00658	0.99995	-0.00000	-0.00025	2.35834	1	100.00
steer_full	49	-158.3897	-562.7224	17.0121	-845.7998	820.2488	8.3720	-0.74558	0.66635	-0.00964	-0.00717	0.00644	0.99995	0.00000	-0.00022	2.35868	1	100.00
steer_full	50	-165.4383	-555.8846	17.0121	-862.1295	804.0280	8.3720	-0.75853	0.65156	-0.00964	-0.00729	0.00630	0.99995	0.00001	-0.00019	2.35897	1	100.00
steer_full	51	-172.6243	-549.1798	17.0121	-878.1506	787.4644	8.3720	-0.77119	0.63653	-0.00964	-0.00742	0.00615	0.99995	0.00001	-0.00017	2.35920	1	100.00
steer_full	52	-179.9379	-542.6178	17.0121	-893.8633	770.5684	8.3720	-0.78356	0.62124	-0.00964	-0.00754	0.00601	0.99995	0.00001	-0.00015	2.35938	1	100.00
steer_full	53	-187.3888	-536.1987	17.0121	-909.2477	753.3404	8.3720	-0.79562	0.60572	-0.00964	-0.00766	0.00586	0.99995	0.00002	-0.00014	2.35952	1	100.00
steer_full	54	-194.9670	-529.9222	17.0121	-924.2953	735.7986	8.3720	-0.80738	0.58996	-0.00964	-0.00777	0.00571	0.99995	0.00002	-0.00012	2.35963	1	100.00
steer_full	55	-202.6724	-523.7883	17.0121	-939.0049	717.9357	8.3720	-0.81882	0.57397	-0.00964	-0.00788	0.00555	0.99995	0.00002	-0.00011	2.35970	1	100.00
steer_full	56	-210.4950	-517.8072	17.0121	-953.3678	699.7701	8.3720	-0.82995	0.55776	-0.00964	-0.00799	0.00540	0.99995	0.00002	-0.00010	2.35975	1	100.00
steer_full	57	-218.4447	-511.9785	17.0121	-967.3740	681.3116	8.3720	-0.84075	0.54133	-0.00964	-0.00810	0.00524	0.99995	0.00002	-0.00009	2.35977	1	100.00
steer_full	58	-226.5014	-506.3024	17.0121	-981.0234	662.5612	8.3720	-0.85124	0.52470	-0.00964	-0.00820	0.00508	0.99995	0.00002	-0.00008	2.35976	1	100.00
steer_full	59	-234.6752	-500.7786	17.0121	-994.3062	643.5290	8.3720	-0.86139	0.50786	-0.00964	-0.00830	0.00491	0.99995	0.00002	-0.00007	2.35973	1	100.00
steer_full	60	-242.9658	-495.4174	17.0121	-1007.2125	624.2155	8.3720	-0.87121	0.49082	-0.00964	-0.00839	0.00475	0.99995	0.00002	-0.00006	2.35969	1	100.00
steer_full	61	-251.3634	-490.2182	17.0121	-1019.7432	604.6396	8.3720	-0.88069	0.47359	-0.00964	-0.00848	0.00458	0.99995	0.00002	-0.00005	2.35963	1	100.00
steer_full	62	-259.8578	-485.1814	17.0121	-1031.8882	584.8023	8.3720	-0.88983	0.45619	-0.00964	-0.00857	0.00442	0.99995	0.00002	-0.00005	2.35955	1	100.00
steer_full	63	-268.4590	-480.3067	17.0121	-1043.6379	564.7222	8.3720	-0.89863	0.43860	-0.00964	-0.00866	0.00425	0.99995	0.00002	-0.00004	2.35946	1	100.00
steer_full	64	-277.1569	-475.6040	17.0121	-1054.9924	544.4003	8.3720	-0.90708	0.42085	-0.00965	-0.00874	0.00408	0.99995	0.00002	-0.00004	2.35936	1	100.00
steer_full	65	-285.9516	-471.0633	17.0121	-1065.9518	523.8470	8.3720	-0.91518	0.40294	-0.00965	-0.00882	0.00390	0.99995	0.00002	-0.00003	2.35925	1	100.00
steer_full	66	-294.8329	-466.6946	17.0121	-1076.5059	503.0628	8.3720	-0.92292	0.38487	-0.00965	-0.00890	0.00373	0.99995	0.00001	-0.00003	2.35913	1	100.00
steer_full	67	-303.8008	-462.4979	17.0121	-1086.6458	482.0664	8.3720	-0.93031	0.36665	-0.00965	-0.00897	0.00355	0.99995	0.00001	-0.00003	2.35900	1	100.00
steer_full	68	-312.8553	-458.4828	17.0121	-1096.3707	460.8589	8.3720	-0.93734	0.34829	-0.00965	-0.00904	0.00338	0.99995	0.00001	-0.00002	2.35887	1	100.00
steer_full	69	-321.9964	-454.6396	17.0121	-1105.6814	439.4508	8.3720	-0.94400	0.32980	-0.00965	-0.00910	0.00320	0.99995	0.00001	-0.00002	2.35872	1	100.00
steer_full	70	-331.2140	-450.9779	17.0121	-1114.5681	417.8600	8.3720	-0.95030	0.31118	-0.00965	-0.00916	0.00302	0.99995	0.00001	-0.00002	2.35857	1	100.00
steer_full	71	-340.4980	-447.4978	17.0121	-1123.0214	396.0872	8.3720	-0.95623	0.29244	-0.00965	-0.00922	0.00284	0.99995	0.00001	-0.00002	2.35842	1	100.00
steer_full	72	-349.8585	-444.1993	17.0121	-1131.0504	374.1351	8.3720	-0.96180	0.27360	-0.00965	-0.00927	0.00266	0.99995	0.00001	-0.00002	2.35827	1	100.00
steer_full	73	-359.2854	-441.0822	17.0121	-1138.6460	352.0212	8.3720	-0.96699	0.25464	-0.00965	-0.00932	0.00247	0.99995	0.00001	-0.00002	2.35810	1	100.00
steer_full	74	-368.7787	-438.1465	17.0121	-1145.7986	329.7556	8.3720	-0.97180	0.23559	-0.00965	-0.00937	0.00229	0.99995	0.00001	-0.00001	2.35794	1	100.00
steer_full	75	-378.3282	-435.4021	17.0121	-1152.5077	307.3392	8.3720	-0.97625	0.21645	-0.00965	-0.00941	0.00210	0.99995	0.00001	-0.00001	2.35777	1	100.00
steer_full	76	-387.9341	-432.8389	17.0121	-1158.7738	284.7826	8.3720	-0.98031	0.19723	-0.00965	-0.00945	0.00192	0.99995	0.00001	-0.00001	2.35761	1	100.00
steer_full	77	-397.5864	-430.4668	17.0121	-1164.5975	262.1038	8.3720	-0.98400	0.17793	-0.00965	-0.00949	0.00173	0.99995	0.00001	-0.00001	2.35744	1	100.00
steer_full	78	-407.2950	-428.2858	17.0121	-1169.9683	239.3046	8.3720	-0.98730	0.15857	-0.00965	-0.00952	0.00155	0.99995	0.00001	-0.00001	2.35726	1	100.00
steer_full	79	-417.0397	-426.2958	17.0121	-1174.8870	216.3942	8.3720	-0.99022	0.13915	-0.00965	-0.00955	0.00136	0.99995	0.00001	-0.00001	2.35709	1	100.00
steer_full	80	-426.8307	-424.4967	17.0121	-1179.3534	193.3833	8.3720	-0.99277	0.11967	-0.00965	-0.00958	0.00117	0.99995	0.00001	-0.00001	2.35692	1	100.00
steer_full	81	-436.6579	-422.8885	17.0121	-1183.3677	170.2813	8.3720	-0.99493	0.10015	-0.00965	-0.00960	0.00098	0.99995	0.00001	-0.00001	2.35674	1	100.00
steer_full	82	-446.5213	-421.4710	17.0121	-1186.9204	147.0984	8.3720	-0.99670	0.08059	-0.00965	-0.00961	0.00079	0.99995	0.00001	-0.00001	2.35657	1	100.00
steer_full	83	-456.4110	-420.2442	17.0121	-1190.0210	123.8355	8.3720	-0.99809	0.06100	-0.00965	-0.00963	0.00060	0.99995	0.00001	-0.00001	2.35639	1	100.00
steer_full	84	-466.3268	-419.2080	17.0121	-1192.6605	100.5115	8.3720	-0.99910	0.04140	-0.00965	-0.00964	0.00042	0.99995	0.00001	-0.00001	2.35621	1	100.00
steer_full	85	-476.2688	-418.3724	17.0121	-1194.8389	77.1363	8.3720	-0.99972	0.02177	-0.00965	-0.00964	0.00023	0.99995	0.00000	-0.00001	2.35604	1	100.00
steer_full	86	-486.2269	-417.7272	17.0121	-1196.5459	53.7108	8.3720	-0.99995	0.00214	-0.00965	-0.00965	0.00004	0.99995	0.00000	-0.00001	2.35586	1	100.00
steer_full	87	-496.2012	-417.2824	17.0121	-1197.7920	30.2540	8.3720	-0.99980	-0.01749	-0.00965	-0.00965	-0.00015	0.99995	0.00000	-0.00001	2.35568	1	100.00
steer_full	88	-506.1816	-417.0279	17.0121	-1198.5776	6.7668	8.3720	-0.99926	-0.03711	-0.00965	-0.00964	-0.00034	0.99995	0.00000	-0.00001	2.35550	1	100.00
steer_full	89	-516.1681	-416.9736	17.0121	-1198.8928	-16.7406	8.3720	-0.99834	-0.05672	-0.00965	-0.00963	-0.00053	0.99995	0.00000	-0.00000	2.35533	1	100.00
steer_full	90	-526.1607	-417.1095	17.0121	-1198.7477	-40.2514	8.3720	-0.99704	-0.07630	-0.00965	-0.00962	-0.00072	0.99995	0.00000	-0.00000	2.35515	1	100.00
steer_full	91	-536.1495	-417.4454	17.0121	-1198.1321	-63.7611	8.3720	-0.99535	-0.09585	-0.00965	-0.00960	-0.00091	0.99995	0.00000	-0.00000	2.35498	1	100.00
steer_full	92	-546.1345	-417.9813	17.0121	-1197.0569	-87.2612	8.3720	-0.99328	-0.11537	-0.00965	-0.00959	-0.00110	0.99995	0.00000	-0.00000	2.35480	1	100.00
steer_full	93	-556.1054	-418.7072	17.0121	-1195.5115	-110.7422	8.3720	-0.99082	-0.13484	-0.00965	-0.00956	-0.00129	0.99995	0.00000	-0.00000	2.35463	1	100.00
steer_full	94	-566.0726	-419.6328	17.0121	-1193.5070	-134.1936	8.3720	-0.98798	-0.15425	-0.00965	-0.00953	-0.00147	0.99995	0.00000	-0.00000	2.35446	1	100.00
steer_full	95	-576.0158	-420.7483	17.0121	-1191.0328	-157.6064	8.3720	-0.98477	-0.17360	-0.00965	-0.00950	-0.00166	0.99995	0.00000	-0.00000	2.35429	1	100.00
steer_full	96	-585.9453	-422.0634	17.0121	-1188.0992	-180.9697	8.3720	-0.98117	-0.19289	-0.00965	-0.00947	-0.00185	0.99995	0.00000	-0.00000	2.35412	1	100.00
steer_full	97	-595.8508	-423.5680	17.0121	-1184.6968	-204.2742	8.3720	-0.97720	-0.21210	-0.00965	-0.00943	-0.00203	0.99995	0.00000	-0.00000	2.35395	1	100.00
steer_full	98	-605.7224	-425.2723	17.0121	-1180.8354	-227.5189	8.3720	-0.97285	-0.23123	-0.00965	-0.00939	-0.00222	0.99995	0.00000	-0.00000	2.35378	1	100.00
steer_full	99	-615.5602	-427.1659	17.0121	-1176.5156	-250.6848	8.3720	-0.96813	-0.25026	-0.00965	-0.00934	-0.00240	0.99995	0.00000	-0.00000	2.35362	1	100.00
steer_full	100	-625.3643	-429.2590	17.0121	-1171.7374	-273.7708	8.3720	-0.96304	-0.26920	-0.00965	-0.00930	-0.00258	0.99995	0.00000	-0.00000	2.35345	1	100.00
steer_full	101	-635.1244	-431.5414	17.0121	-1166.5010	-296.7673	8.3720	-0.95757	-0.28804	-0.00965	-0.00924	-0.00276	0.99995	0.00000	-0.00000	2.35329	1	100.00
steer_full	102	-644.8408	-434.0130	17.0121	-1160.8160	-319.6557	8.3720	-0.95174	-0.30676	-0.00965	-0.00919	-0.00294	0.99995	0.00000	-0.00000	2.35312	1	100.00
steer_full	103	-654.5134	-436.6737	17.0121	-1154.6735	-342.4344	8.3720	-0.94554	-0.32536	-0.00965	-0.00913	-0.00312	0.99995	0.00000	-0.00000	2.35296	1	100.00
steer_full	104	-664.1322	-439.5236	17.0121	-1148.0833	-365.0942	8.3720	-0.93898	-0.34384	-0.00965	-0.00907	-0.00330	0.99995	0.00000	-0.00000	2.35280	1	100.00
steer_full	105	-673.6973	-442.5624	17.0121	-1141.0455	-387.6250	8.3720	-0.93206	-0.36218	-0.00965	-0.00900	-0.00348	0.99995	0.00000	-0.00000	2.35264	1	100.00
steer_full	106	-683.2087	-445.7902	17.0121	-1133.5603	-410.0167	8.3720	-0.92478	-0.38038	-0.00965	-0.00893	-0.00366	0.99995	0.00000	-0.00000	2.35248	1	100.00
steer_full	107	-692.6563	-449.2068	17.0121	-1125.6376	-432.2601	8.3720	-0.91714	-0.39844	-0.00965	-0.00886	-0.00383	0.99995	0.00000	-0.00000	2.35232	1	100.00
steer_full	108	-702.0402	-452.8121	17.0121	-1117.2688	-454.3537	8.3720	-0.90916	-0.41634	-0.00965	-0.00878	-0.00400	0.99995	0.00000	-0.00000	2.35216	1	100.00
steer_full	109	-711.3505	-456.5963	17.0121	-1108.4625	-476.2791	8.3720	-0.90082	-0.43408	-0.00965	-0.00870	-0.00417	0.99995	0.00000	-0.00000	2.35200	1	100.00
steer_full	110	-720.5872	-460.5689	17.0121	-1099.2292	-498.0266	8.3720	-0.89214	-0.45165	-0.00965	-0.00862	-0.00434	0.99995	0.00000	-0.00000	2.35184	1	100.00
steer_full	111	-729.7502	-464.7202	17.0121	-1089.5601	-519.5948	8.3720	-0.88312	-0.46905	-0.00965	-0.00853	-0.00451	0.99995	0.00000	-0.00000	2.35169	1	100.00
steer_full	112	-738.8297	-469.0499	17.0121	-1079.4740	-540.9749	8.3720	-0.87376	-0.48626	-0.00965	-0.00844	-0.00468	0.99995	0.00000	-0.00000	2.35153	1	100.00
steer_full	113	-747.8256	-473.5581	17.0121	-1068.9622	-562.1562	8.3720	-0.86406	-0.50329	-0.00965	-0.00835	-0.00484	0.99995	0.00000	-0.00000	2.35138	1	100.00
steer_full	114	-756.7380	-478.2446	17.0121	-1058.0339	-583.1293	8.3720	-0.85404	-0.52012	-0.00965	-0.00825	-0.00501	0.99995	0.00000	-0.00000	2.35123	1	100.00
steer_full	115	-765.5569	-483.0993	17.0121	-1046.6898	-603.8848	8.3720	-0.84368	-0.53676	-0.00965	-0.00815	-0.00517	0.99995	0.00000	-0.00000	2.35108	1	100.00
steer_full	116	-774.2823	-488.1323	17.0121	-1034.9307	-624.4207	8.3720	-0.83300	-0.55318	-0.00965	-0.00805	-0.00532	0.99995	0.00000	-0.00000	2.35093	1	100.00
steer_full	117	-782.9044	-493.3335	17.0121	-1022.7756	-644.7291	8.3720	-0.82201	-0.56939	-0.00965	-0.00794	-0.00548	0.99995	0.00000	-0.00000	2.35078	1	100.00
steer_full	118	-791.4231	-498.7026	17.0121	-1010.2151	-664.7899	8.3720	-0.81070	-0.58539	-0.00965	-0.00783	-0.00564	0.99995	0.00000	-0.00000	2.35063	1	100.00
steer_full	119	-799.8384	-504.2398	17.0121	-997.2593	-684.6027	8.3720	-0.79907	-0.60115	-0.00965	-0.00772	-0.00579	0.99995	0.00000	-0.00000	2.35048	1	100.00
steer_full	120	-808.1505	-509.9450	17.0121	-983.9095	-704.1666	8.3720	-0.78715	-0.61669	-0.00965	-0.00760	-0.00594	0.99995	0.00000	-0.00000	2.35033	1	100.00
steer_full	121	-816.3492	-515.8080	17.0121	-970.1741	-723.4636	8.3720	-0.77492	-0.63199	-0.00965	-0.00749	-0.00609	0.99995	0.00000	-0.00000	2.35019	1	100.00
steer_full	122	-824.4348	-521.8388	17.0121	-956.0642	-742.4928	8.3720	-0.76239	-0.64704	-0.00965	-0.00737	-0.00623	0.99995	0.00000	-0.00000	2.35004	1	100.00
steer_full	123	-832.3972	-528.0275	17.0121	-941.5793	-761.2448	8.3720	-0.74958	-0.66185	-0.00965	-0.00724	-0.00637	0.99995	0.00000	-0.00000	2.34990	1	100.00
steer_full	124	-840.2465	-534.3737	17.0121	-926.7206	-779.7089	8.3720	-0.73647	-0.67640	-0.00965	-0.00712	-0.00652	0.99995	0.00000	-0.00000	2.34976	1	100.00
steer_full	125	-847.9727	-540.8675	17.0121	-911.5065	-797.8768	8.3720	-0.72309	-0.69069	-0.00965	-0.00699	-0.00665	0.99995	0.00000	-0.00000	2.34961	1	100.00
steer_full	126	-855.5657	-547.5189	17.0121	-895.9288	-815.7469	8.3720	-0.70943	-0.70471	-0.00965	-0.00686	-0.00679	0.99995	0.00000	-0.00000	2.34947	1	100.00
steer_full	127	-863.0361	-554.3179	17.0121	-879.9974	-833.3098	8.3720	-0.69549	-0.71847	-0.00965	-0.00672	-0.00692	0.99995	0.00000	-0.00000	2.34933	1	100.00
steer_full	128	-870.3732	-561.2642	17.0121	-863.7217	-850.5562	8.3720	-0.68130	-0.73195	-0.00965	-0.00659	-0.00705	0.99995	0.00000	-0.00000	2.34920	1	100.00
steer_full	129	-877.5677	-568.3479	17.0121	-847.1120	-867.4857	8.3720	-0.66684	-0.74514	-0.00965	-0.00645	-0.00718	0.99995	0.00000	-0.00000	2.34906	1	100.00
steer_full	130	-884.6293	-575.5790	17.0121	-830.1690	-884.0885	8.3720	-0.65212	-0.75805	-0.00965	-0.00630	-0.00730	0.99995	0.00000	-0.00000	2.34893	1	100.00
steer_full	131	-891.5480	-582.9473	17.0121	-812.8929	-900.3544	8.3720	-0.63716	-0.77067	-0.00965	-0.00616	-0.00743	0.99995	0.00000	-0.00000	2.34879	1	100.00
steer_full	132	-898.3240	-590.4529	17.0121	-795.3031	-916.2843	8.3720	-0.62196	-0.78299	-0.00965	-0.00601	-0.00755	0.99995	0.00000	-0.00000	2.34866	1	100.00
steer_full	133	-904.9474	-598.0857	17.0121	-777.3999	-931.8679	8.3720	-0.60651	-0.79502	-0.00965	-0.00586	-0.00766	0.99995	0.00000	-0.00000	2.34852	1	100.00
steer_full	134	-911.4282	-605.8556	17.0121	-759.1844	-947.0948	8.3720	-0.59084	-0.80673	-0.00965	-0.00571	-0.00778	0.99995	0.00000	-0.00000	2.34839	1	100.00
steer_full	135	-917.7565	-613.7524	17.0121	-740.6755	-961.9661	8.3720	-0.57494	-0.81814	-0.00965	-0.00556	-0.00789	0.99995	0.00000	-0.00000	2.34826	1	100.00
steer_full	136	-923.9323	-621.7664	17.0121	-721.8734	-976.4717	8.3720	-0.55882	-0.82923	-0.00965	-0.00541	-0.00799	0.99995	0.00000	-0.00000	2.34813	1	100.00
steer_full	137	-929.9456	-629.9073	17.0121	-702.7890	-990.6113	8.3720	-0.54249	-0.84001	-0.00965	-0.00525	-0.00810	0.99995	0.00000	-0.00000	2.34800	1	100.00
steer_full	138	-935.8065	-638.1650	17.0121	-683.4224	-1004.3752	8.3720	-0.52595	-0.85046	-0.00965	-0.00509	-0.00820	0.99995	0.00000	-0.00000	2.34787	1	100.00
steer_full	139	-941.5051	-646.5397	17.0121	-663.7922	-1017.7541	8.3720	-0.50921	-0.86059	-0.00965	-0.00493	-0.00830	0.99995	0.00000	-0.00000	2.34774	1	100.00
steer_full	140	-947.0416	-655.0212	17.0121	-643.8996	-1030.7477	8.3720	-0.49227	-0.87039	-0.00965	-0.00476	-0.00839	0.99995	0.00000	-0.00000	2.34762	1	100.00
steer_full	141	-952.4058	-663.6095	17.0121	-623.7452	-1043.3461	8.3720	-0.47515	-0.87985	-0.00965	-0.00460	-0.00848	0.99995	0.00000	-0.00000	2.34749	1	100.00
steer_full	142	-957.6077	-672.3045	17.0121	-603.3484	-1055.5494	8.3720	-0.45785	-0.88898	-0.00965	-0.00443	-0.00857	0.99995	0.00000	-0.00000	2.34736	1	100.00
steer_full	143	-962.6378	-681.0961	17.0121	-582.7094	-1067.3481	8.3720	-0.44038	-0.89776	-0.00965	-0.00426	-0.00866	0.99995	0.00000	-0.00000	2.34724	1	100.00
steer_full	144	-967.4958	-689.9944	17.0121	-561.8390	-1078.7419	8.3720	-0.42273	-0.90620	-0.00965	-0.00409	-0.00874	0.99995	0.00000	-0.00000	2.34712	1	100.00
steer_full	145	-972.1820	-698.9795	17.0121	-540.7465	-1089.7314	8.3720	-0.40493	-0.91430	-0.00965	-0.00392	-0.00882	0.99995	0.00000	-0.00000	2.34700	1	100.00
steer_full	146	-976.6862	-708.0610	17.0121	-519.4419	-1100.3063	8.3720	-0.38697	-0.92204	-0.00965	-0.00375	-0.00889	0.99995	0.00000	-0.00000	2.34687	1	100.00
steer_full	147	-981.0186	-717.2292	17.0121	-497.9347	-1110.4574	8.3720	-0.36886	-0.92943	-0.00965	-0.00357	-0.00896	0.99995	0.00000	-0.00000	2.34675	1	100.00
steer_full	148	-985.1694	-726.4837	17.0121	-476.2261	-1120.1846	8.3720	-0.35062	-0.93647	-0.00965	-0.00340	-0.00903	0.99995	0.00000	-0.00000	2.34664	1	100.00
steer_full	149	-989.1385	-735.8148	17.0121	-454.3260	-1129.4875	8.3720	-0.33224	-0.94315	-0.00965	-0.00322	-0.00910	0.99995	0.00000	0.00000	2.34652	1	100.00
steer_full	150	-992.9260	-745.2224	17.0121	-432.2445	-1138.3572	8.3720	-0.31373	-0.94946	-0.00965	-0.00304	-0.00916	0.99995	0.00000	-0.00000	2.34640	1	100.00
steer_full	151	-996.5320	-754.7062	17.0121	-409.9915	-1146.7932	8.3720	-0.29511	-0.95541	-0.00965	-0.00286	-0.00921	0.99995	0.00000	0.00000	2.34629	1	100.00
steer_full	152	-999.9466	-764.2666	17.0121	-387.5768	-1154.7957	8.3720	-0.27638	-0.96100	-0.00965	-0.00268	-0.00927	0.99995	0.00000	0.00000	2.34617	1	100.00
steer_full	153	-1003.1797	-773.8932	17.0121	-365.0012	-1162.3550	8.3720	-0.25753	-0.96622	-0.00965	-0.00250	-0.00932	0.99995	0.00000	-0.00000	2.34605	1	100.00
steer_full	154	-1006.2216	-783.5763	17.0121	-342.2834	-1169.4717	8.3720	-0.23860	-0.97107	-0.00965	-0.00232	-0.00937	0.99995	0.00000	-0.00000	2.34594	1	100.00
steer_full	155	-1009.0723	-793.3256	17.0121	-319.4253	-1176.1450	8.3720	-0.21957	-0.97555	-0.00965	-0.00213	-0.00941	0.99995	0.00000	0.00000	2.34583	1	100.00
steer_full	156	-1011.7318	-803.1312	17.0121	-296.4358	-1182.3660	8.3720	-0.20046	-0.97966	-0.00965	-0.00195	-0.00945	0.99995	0.00000	-0.00000	2.34572	1	100.00
steer_full	157	-1014.2003	-812.9829	17.0121	-273.3251	-1188.1345	8.3720	-0.18127	-0.98339	-0.00965	-0.00176	-0.00949	0.99995	0.00000	-0.00000	2.34561	1	100.00
steer_full	158	-1016.4777	-822.8810	17.0121	-250.1035	-1193.4507	8.3720	-0.16201	-0.98674	-0.00965	-0.00158	-0.00952	0.99995	0.00000	0.00000	2.34550	1	100.00
steer_full	159	-1018.5641	-832.8254	17.0121	-226.7807	-1198.3146	8.3720	-0.14270	-0.98972	-0.00965	-0.00139	-0.00955	0.99995	0.00000	0.00000	2.34539	1	100.00
steer_full	160	-1020.4497	-842.8159	17.0121	-203.3665	-1202.7167	8.3720	-0.12333	-0.99232	-0.00965	-0.00121	-0.00957	0.99995	0.00000	0.00000	2.34528	1	100.00
steer_full	161	-1022.1447	-852.8425	17.0121	-179.8620	-1206.6570	8.3720	-0.10391	-0.99454	-0.00965	-0.00102	-0.00960	0.99995	0.00000	0.00000	2.34517	1	100.00
steer_full	162	-1023.6388	-862.8955	17.0121	-156.2857	-1210.1357	8.3720	-0.08446	-0.99638	-0.00965	-0.00083	-0.00961	0.99995	0.00000	0.00000	2.34507	1	100.00
steer_full	163	-1024.9423	-872.9844	17.0121	-132.6396	-1213.1530	8.3720	-0.06497	-0.99784	-0.00965	-0.00064	-0.00963	0.99995	0.00000	0.00000	2.34496	1	100.00
steer_full	164	-1026.0452	-883.0895	17.0121	-108.9326	-1215.7089	8.3720	-0.04546	-0.99892	-0.00965	-0.00045	-0.00964	0.99995	0.00000	0.00000	2.34485	1	100.00
steer_full	165	-1026.9578	-893.2209	17.0121	-85.1841	-1217.7937	8.3720	-0.02593	-0.99962	-0.00965	-0.00027	-0.00965	0.99995	0.00000	0.00000	2.34475	1	100.00
steer_full	166	-1027.6697	-903.3682	17.0121	-61.3948	-1219.4177	8.3720	-0.00640	-0.99993	-0.00965	-0.00008	-0.00965	0.99995	0.00000	0.00000	2.34465	1	100.00
steer_full	167	-1028.1815	-913.5318	17.0121	-37.5748	-1220.5713	8.3720	0.01314	-0.99987	-0.00965	0.00011	-0.00965	0.99995	0.00000	0.00000	2.34454	1	100.00
steer_full	168	-1028.4932	-923.7014	17.0121	-13.7339	-1221.2640	8.3720	0.03267	-0.99942	-0.00965	0.00030	-0.00964	0.99995	0.00000	0.00000	2.34444	1	100.00
steer_full	169	-1028.6044	-933.8771	17.0121	10.1179	-1221.4867	8.3720	0.05219	-0.99859	-0.00965	0.00049	-0.00964	0.99995	0.00000	0.00000	2.34434	1	100.00
steer_full	170	-1028.5156	-944.0590	17.0121	33.9636	-1221.2390	8.3720	0.07169	-0.99738	-0.00965	0.00068	-0.00963	0.99995	0.00000	0.00000	2.34424	1	100.00
steer_full	171	-1028.2369	-954.2369	17.0121	57.8075	-1220.5212	8.3720	0.09116	-0.99579	-0.00965	0.00086	-0.00961	0.99995	0.00000	0.00000	2.34415	1	100.00
steer_full	172	-1027.7583	-964.4109	17.0121	81.6326	-1219.3436	8.3720	0.11059	-0.99382	-0.00965	0.00105	-0.00959	0.99995	0.00000	0.00000	2.34405	1	100.00
steer_full	173	-1027.0798	-974.5711	17.0121	105.4379	-1217.6965	8.3720	0.12998	-0.99147	-0.00965	0.00124	-0.00957	0.99995	0.00000	0.00000	2.34396	1	100.00
steer_full	174	-1026.2013	-984.7173	17.0121	129.2045	-1215.5798	8.3720	0.14932	-0.98874	-0.00965	0.00143	-0.00954	0.99995	0.00000	0.00000	2.34386	1	100.00
steer_full	175	-1025.1232	-994.8497	17.0121	152.9312	-1212.9941	8.3720	0.16860	-0.98564	-0.00965	0.00161	-0.00951	0.99995	0.00000	0.00000	2.34377	1	100.00
steer_full	176	-1023.8456	-1004.9583	17.0121	176.6085	-1209.9493	8.3720	0.18782	-0.98216	-0.00965	0.00180	-0.00948	0.99995	0.00000	0.00000	2.34368	1	100.00
steer_full	177	-1022.3782	-1015.0428	17.0121	200.2175	-1206.4355	8.3720	0.20696	-0.97830	-0.00965	0.00198	-0.00944	0.99995	0.00000	0.00000	2.34359	1	100.00
steer_full	178	-1020.7115	-1025.0935	17.0121	223.7574	-1202.4629	8.3720	0.22603	-0.97407	-0.00965	0.00217	-0.00940	0.99995	0.00000	0.00000	2.34350	1	100.00
steer_full	179	-1018.8453	-1035.1105	17.0121	247.2180	-1198.0317	8.3720	0.24501	-0.96947	-0.00965	0.00235	-0.00936	0.99995	0.00000	0.00000	2.34342	1	100.00
steer_full	180	-1016.7898	-1045.0936	17.0121	270.5896	-1193.1421	8.3720	0.26389	-0.96450	-0.00965	0.00253	-0.00931	0.99995	0.00000	0.00000	2.34333	1	100.00
steer_full	181	-1014.5350	-1055.0327	17.0121	293.8624	-1187.7944	8.3720	0.28268	-0.95917	-0.00965	0.00271	-0.00926	0.99995	0.00000	0.00000	2.34324	1	100.00
steer_full	182	-1012.0911	-1064.9282	17.0121	317.0351	-1181.9889	8.3720	0.30135	-0.95346	-0.00965	0.00289	-0.00921	0.99995	0.00000	0.00000	2.34316	1	100.00
steer_full	183	-1009.4481	-1074.7799	17.0121	340.0888	-1175.7257	8.3720	0.31991	-0.94740	-0.00965	0.00307	-0.00915	0.99995	0.00000	0.00000	2.34307	1	100.00
steer_full	184	-1006.6159	-1084.5776	17.0121	363.0145	-1169.0145	8.3720	0.33835	-0.94097	-0.00965	0.00325	-0.00909	0.99995	0.00000	0.00000	2.34299	1	100.00
steer_full	185	-1003.5948	-1094.3218	17.0121	385.8108	-1161.8563	8.3720	0.35665	-0.93419	-0.00965	0.00343	-0.00902	0.99995	0.00000	0.00000	2.34290	1	100.00
steer_full	186	-1000.3749	-1104.0020	17.0121	408.4678	-1154.2507	8.3720	0.37482	-0.92705	-0.00965	0.00360	-0.00895	0.99995	0.00000	0.00000	2.34282	1	100.00
steer_full	187	-996.9661	-1113.6188	17.0121	430.9672	-1146.2075	8.3720	0.39285	-0.91955	-0.00965	0.00378	-0.00888	0.99995	0.00000	0.00000	2.34273	1	100.00
steer_full	188	-993.3787	-1123.1718	17.0121	453.3075	-1137.7177	8.3720	0.41072	-0.91171	-0.00965	0.00395	-0.00880	0.99995	0.00000	0.00000	2.34265	1	100.00
steer_full	189	-989.6025	-1132.6510	17.0121	475.4793	-1128.7909	8.3720	0.42844	-0.90352	-0.00965	0.00412	-0.00873	0.99995	0.00000	0.00000	2.34257	1	100.00
steer_full	190	-985.6378	-1142.0565	17.0121	497.4730	-1119.4373	8.3720	0.44600	-0.89498	-0.00965	0.00429	-0.00864	0.99995	0.00000	0.00000	2.34249	1	100.00
steer_full	191	-981.4943	-1151.3885	17.0121	519.2870	-1109.6479	8.3720	0.46338	-0.88611	-0.00965	0.00446	-0.00856	0.99995	0.00000	0.00000	2.34241	1	100.00
steer_full	192	-977.1627	-1160.6370	17.0121	540.9030	-1099.4321	8.3720	0.48059	-0.87689	-0.00965	0.00462	-0.00847	0.99995	0.00000	0.00000	2.34233	1	100.00
steer_full	193	-972.6525	-1169.8019	17.0121	562.3207	-1088.7998	8.3720	0.49762	-0.86734	-0.00965	0.00479	-0.00838	0.99995	0.00000	0.00000	2.34225	1	100.00
steer_full	194	-967.9640	-1178.8733	17.0121	583.5297	-1077.7422	8.3720	0.51445	-0.85747	-0.00965	0.00495	-0.00828	0.99995	0.00000	0.00000	2.34217	1	100.00
steer_full	195	-963.0973	-1187.8512	17.0121	604.5118	-1066.2781	8.3720	0.53109	-0.84726	-0.00965	0.00511	-0.00818	0.99995	0.00000	0.00000	2.34209	1	100.00
steer_full	196	-958.0624	-1196.7355	17.0121	625.2747	-1054.3990	8.3720	0.54752	-0.83674	-0.00965	0.00527	-0.00808	0.99995	0.00000	0.00000	2.34201	1	100.00
steer_full	197	-952.8494	-1205.5265	17.0121	645.7996	-1042.1143	8.3720	0.56374	-0.82589	-0.00965	0.00543	-0.00798	0.99995	0.00000	0.00000	2.34193	1	100.00
steer_full	198	-947.4684	-1214.2142	17.0121	666.0777	-1029.4333	8.3720	0.57975	-0.81473	-0.00965	0.00558	-0.00787	0.99995	0.00000	0.00000	2.34185	1	100.00
steer_full	199	-941.9193	-1222.7886	17.0121	686.1078	-1016.3574	8.3720	0.59554	-0.80327	-0.00965	0.00573	-0.00776	0.99995	0.00000	0.00000	2.34178	1	100.00
handbrake_turn	0	0.0000	-990.8333	16.9323	-8.0594	1102.4890	2.1110	-0.00000	1.00000	0.00000	0.00000	0.00000	1.00000	-0.05091	-0.00000	0.22380	1	100.00
handbrake_turn	1	-0.0671	-981.6427	16.8799	-18.8698	1104.3287	4.0006	-0.00187	1.00000	-0.00042	-0.00000	0.00042	1.00000	-0.08581	0.00004	0.51720	1	100.00
handbrake_turn	2	-0.2272	-972.4373	16.8456	-28.8332	1106.2046	5.6393	-0.00618	0.99998	-0.00114	-0.00000	0.00114	1.00000	-0.10750	0.00006	0.77107	1	100.00
handbrake_turn	3	-0.4703	-963.2216	16.8292	-38.3937	1108.0563	6.9119	-0.01260	0.99992	-0.00204	-0.00001	0.00204	1.00000	-0.11643	-0.00008	0.99150	1	100.00
handbrake_turn	4	-0.7899	-953.9861	16.8199	-47.8397	1109.8242	7.8442	-0.02087	0.99978	-0.00301	-0.00003	0.00301	1.00000	-0.11479	-0.00029	1.18406	1	100.00
handbrake_turn	5	-1.1886	-944.7415	16.8176	-57.3652	1111.4646	8.5233	-0.03073	0.99952	-0.00396	-0.00007	0.00396	0.99999	-0.10687	-0.00055	1.35331	1	100.00
handbrake_turn	6	-1.6680	-935.4778	16.8233	-67.0958	1112.9348	9.0064	-0.04200	0.99911	-0.00485	-0.00013	0.00485	0.99999	-0.09559	-0.00086	1.50313	1	100.00
handbrake_turn	7	-2.2291	-926.2056	16.8273	-77.0846	1114.2012	9.3619	-0.05451	0.99850	-0.00565	-0.00020	0.00565	0.99998	-0.08296	-0.00117	1.63667	1	100.00
handbrake_turn	8	-2.8723	-916.9250	16.8403	-87.3461	1115.2404	9.5975	-0.06812	0.99766	-0.00634	-0.00029	0.00633	0.99998	-0.07022	-0.00147	1.75650	1	100.00
handbrake_turn	9	-3.5978	-907.6364	16.8522	-97.8597	1116.0289	9.7450	-0.08272	0.99655	-0.00692	-0.00040	0.00691	0.99998	-0.05822	-0.00174	1.86468	1	100.00
handbrake_turn	10	-4.4154	-898.3398	16.8635	-108.5815	1116.5436	9.8361	-0.09819	0.99514	-0.00741	-0.00052	0.00739	0.99997	-0.04738	-0.00197	1.96284	1	100.00
handbrake_turn	11	-5.3248	-889.0355	16.8742	-119.4624	1116.7917	9.8834	-0.11446	0.99340	-0.00780	-0.00067	0.00778	0.99997	-0.03791	-0.00215	2.05230	1	100.00
handbrake_turn	12	-6.3155	-879.7334	16.8846	-130.4195	1116.7711	9.8999	-0.13143	0.99129	-0.00812	-0.00082	0.00808	0.99997	-0.02983	-0.00229	2.13409	1	100.00
handbrake_turn	13	-7.4068	-870.4235	16.8947	-141.3621	1116.4897	9.8736	-0.14904	0.98880	-0.00837	-0.00098	0.00831	0.99996	-0.02356	-0.00254	2.20901	1	100.00
handbrake_turn	14	-8.5880	-861.1159	16.9045	-152.2108	1115.9569	9.8195	-0.16721	0.98588	-0.00856	-0.00116	0.00849	0.99996	-0.01892	-0.00278	2.27767	1	100.00
handbrake_turn	15	-9.8584	-851.8204	16.9141	-162.8590	1115.2109	9.7400	-0.18589	0.98253	-0.00872	-0.00135	0.00862	0.99996	-0.01542	-0.00296	2.34053	1	100.00
handbrake_turn	16	-11.2171	-842.5266	16.9234	-173.1910	1114.2924	9.6478	-0.20502	0.97872	-0.00885	-0.00154	0.00872	0.99996	-0.01270	-0.00310	2.39795	1	100.00
handbrake_turn	17	-12.6633	-833.2442	16.9326	-183.1111	1113.2415	9.5493	-0.22453	0.97442	-0.00896	-0.00174	0.00880	0.99996	-0.01054	-0.00319	2.45016	1	100.00
handbrake_turn	18	-14.1859	-823.9630	16.9418	-192.4951	1112.1202	9.4445	-0.24438	0.96964	-0.00905	-0.00195	0.00885	0.99996	-0.00879	-0.00324	2.49732	1	100.00
handbrake_turn	19	-15.7941	-814.6923	16.9510	-201.2193	1111.0000	9.3397	-0.26451	0.96434	-0.00913	-0.00216	0.00888	0.99996	-0.00734	-0.00324	2.53951	1	100.00
handbrake_turn	20	-17.4668	-805.4316	16.9601	-209.1601	1109.9644	9.2285	-0.28485	0.95853	-0.00920	-0.00237	0.00889	0.99996	-0.00612	-0.00321	2.57677	1	100.00
handbrake_turn	21	-19.2130	-796.1802	16.9691	-216.2043	1109.1069	9.1174	-0.30537	0.95219	-0.00925	-0.00259	0.00889	0.99996	-0.00506	-0.00315	2.60907	1	100.00
handbrake_turn	22	-21.0117	-786.9375	16.9782	-222.2099	1108.5425	9.0062	-0.32600	0.94533	-0.00930	-0.00281	0.00887	0.99996	-0.00415	-0.00307	2.63636	1	100.00
handbrake_turn	23	-22.8617	-777.7021	16.9873	-227.0451	1108.4061	8.8951	-0.34668	0.93794	-0.00934	-0.00303	0.00884	0.99996	-0.00334	-0.00297	2.65856	1	100.00
handbrake_turn	24	-24.7520	-768.4633	16.9964	-232.0973	1108.0814	8.7839	-0.36738	0.93002	-0.00938	-0.00325	0.00880	0.99996	-0.00270	-0.00282	2.68025	1	100.00
handbrake_turn	25	-26.6841	-759.2260	17.0055	-237.3519	1107.5657	8.6727	-0.38806	0.92159	-0.00941	-0.00347	0.00875	0.99996	-0.00220	-0.00265	2.70159	1	100.00
handbrake_turn	26	-28.6579	-750.0003	17.0145	-242.8050	1106.8453	8.5616	-0.40870	0.91262	-0.00943	-0.00369	0.00868	0.99996	-0.00179	-0.00247	2.72259	1	100.00
handbrake_turn	27	-30.6833	-740.7764	17.0136	-248.4375	1105.9198	8.4921	-0.42930	0.90311	-0.00946	-0.00390	0.00861	0.99996	-0.00147	-0.00227	2.74325	1	100.00
handbrake_turn	28	-32.7503	-731.5641	17.0131	-254.2387	1104.7804	8.4478	-0.44983	0.89306	-0.00948	-0.00412	0.00853	0.99996	-0.00121	-0.00209	2.76359	1	100.00
handbrake_turn	29	-34.8686	-722.3535	17.0126	-260.1987	1103.4375	8.4162	-0.47028	0.88247	-0.00949	-0.00433	0.00845	0.99995	-0.00099	-0.00190	2.78361	1	100.00
handbrake_turn	30	-37.0383	-713.1547	17.0124	-266.3073	1101.8713	8.3973	-0.49062	0.87132	-0.00951	-0.00454	0.00835	0.99995	-0.00082	-0.00173	2.80332	1	100.00
handbrake_turn	31	-39.2592	-703.9678	17.0122	-272.5549	1100.0929	8.3846	-0.51084	0.85962	-0.00952	-0.00475	0.00825	0.99995	-0.00067	-0.00156	2.82272	1	100.00
handbrake_turn	32	-41.5313	-694.8026	17.0121	-278.9314	1098.0922	8.3783	-0.53092	0.84737	-0.00953	-0.00496	0.00814	0.99995	-0.00054	-0.00141	2.84183	1	100.00
handbrake_turn	33	-43.8544	-685.6492	17.0121	-285.4268	1095.8699	8.3720	-0.55083	0.83456	-0.00954	-0.00516	0.00803	0.99995	-0.00044	-0.00126	2.86065	1	100.00
handbrake_turn	34	-46.2285	-676.5178	17.0121	-292.0215	1093.4165	8.3720	-0.57057	0.82119	-0.00955	-0.00536	0.00790	0.99995	-0.00036	-0.00113	2.87918	1	100.00
handbrake_turn	35	-48.6635	-667.4083	17.0121	-298.7154	1090.7423	8.3720	-0.59011	0.80727	-0.00956	-0.00556	0.00778	0.99995	-0.00028	-0.00102	2.89742	1	100.00
handbrake_turn	36	-51.1493	-658.3204	17.0121	-305.4888	1087.8478	8.3720	-0.60943	0.79279	-0.00957	-0.00575	0.00764	0.99995	-0.00022	-0.00091	2.91538	1	100.00
handbrake_turn	37	-53.6957	-649.2546	17.0121	-312.3318	1084.7238	8.3720	-0.62850	0.77775	-0.00957	-0.00594	0.00750	0.99995	-0.00018	-0.00081	2.93306	1	100.00
handbrake_turn	38	-56.3028	-640.2106	17.0121	-319.2446	1081.3802	8.3721	-0.64732	0.76215	-0.00958	-0.00613	0.00736	0.99995	-0.00013	-0.00072	2.95046	1	100.00
handbrake_turn	39	-58.9603	-631.1985	17.0121	-326.2075	1077.8179	8.3720	-0.66587	0.74601	-0.00958	-0.00632	0.00720	0.99995	-0.00010	-0.00064	2.96760	1	100.00
handbrake_turn	40	-61.6783	-622.2182	17.0121	-333.2106	1074.0270	8.3720	-0.68411	0.72932	-0.00959	-0.00650	0.00705	0.99995	-0.00007	-0.00057	2.98446	1	100.00
handbrake_turn	41	-64.4568	-613.2698	17.0121	-340.2543	1070.0181	8.3720	-0.70203	0.71208	-0.00959	-0.00668	0.00688	0.99995	-0.00004	-0.00050	3.00105	1	100.00
handbrake_turn	42	-67.2954	-604.3532	17.0121	-347.3187	1065.7916	8.3720	-0.71962	0.69430	-0.00959	-0.00685	0.00671	0.99995	-0.00002	-0.00044	3.01737	1	100.00
handbrake_turn	43	-70.1943	-595.4684	17.0121	-354.3943	1061.3577	8.3721	-0.73685	0.67599	-0.00960	-0.00702	0.00654	0.99995	-0.00001	-0.00039	3.03343	1	100.00
handbrake_turn	44	-73.1433	-586.6254	17.0121	-361.4814	1056.7070	8.3720	-0.75370	0.65715	-0.00960	-0.00719	0.00636	0.99995	0.00001	-0.00035	3.04923	1	100.00
handbrake_turn	45	-76.1523	-577.8242	17.0121	-368.5701	1051.8499	8.3720	-0.77015	0.63779	-0.00960	-0.00735	0.00618	0.99995	0.00002	-0.00030	3.06475	1	100.00
handbrake_turn	46	-79.2214	-569.0546	17.0121	-375.6510	1046.7864	8.3721	-0.78619	0.61791	-0.00960	-0.00751	0.00599	0.99995	0.00003	-0.00026	3.08002	1	100.00
handbrake_turn	47	-82.3504	-560.3268	17.0121	-382.7144	1041.5273	8.3721	-0.80179	0.59753	-0.00960	-0.00766	0.00579	0.99995	0.00004	-0.00023	3.09502	1	100.00
handbrake_turn	48	-85.5393	-551.6507	17.0121	-389.7508	1036.0724	8.3721	-0.81693	0.57666	-0.00961	-0.00781	0.00559	0.99995	0.00004	-0.00019	3.10976	1	100.00
handbrake_turn	49	-88.7879	-543.0161	17.0121	-396.7604	1030.4320	8.3720	-0.83160	0.55529	-0.00961	-0.00795	0.00539	0.99995	0.00005	-0.00016	3.12424	1	100.00
handbrake_turn	50	-92.0963	-534.4331	17.0121	-403.7337	1024.6066	8.3720	-0.84577	0.53346	-0.00961	-0.00809	0.00518	0.99995	0.00005	-0.00014	3.13845	1	100.00
handbrake_turn	51	-95.4644	-525.8917	17.0121	-410.6612	1018.5964	8.3720	-0.85943	0.51116	-0.00961	-0.00823	0.00496	0.99995	0.00006	-0.00011	3.15241	1	100.00
handbrake_turn	52	-98.8822	-517.4017	17.0121	-417.5434	1012.4114	8.3721	-0.87256	0.48841	-0.00961	-0.00836	0.00475	0.99995	0.00006	-0.00009	3.16611	1	100.00
handbrake_turn	53	-102.3595	-508.9633	17.0121	-424.3706	1006.0620	8.3721	-0.88514	0.46522	-0.00961	-0.00848	0.00452	0.99995	0.00006	-0.00006	3.17955	1	100.00
handbrake_turn	54	-105.8964	-500.5761	17.0121	-431.1434	999.5480	8.3721	-0.89716	0.44160	-0.00961	-0.00860	0.00430	0.99995	0.00007	-0.00004	3.19273	1	100.00
handbrake_turn	55	-109.4928	-492.2505	17.0121	-437.8522	992.8696	8.3721	-0.90859	0.41758	-0.00961	-0.00871	0.00406	0.99995	0.00007	-0.00002	3.20565	1	100.00
handbrake_turn	56	-113.1388	-483.9761	17.0121	-444.4976	986.0372	8.3721	-0.91942	0.39316	-0.00961	-0.00881	0.00383	0.99995	0.00007	-0.00000	3.21831	1	100.00
handbrake_turn	57	-116.8441	-475.7631	17.0121	-451.0700	979.0605	8.3721	-0.92963	0.36837	-0.00961	-0.00891	0.00359	0.99995	0.00007	0.00002	3.23072	1	100.00
handbrake_turn	58	-120.5988	-467.6012	17.0121	-457.5700	971.9495	8.3721	-0.93921	0.34321	-0.00961	-0.00901	0.00335	0.99995	0.00007	0.00003	3.24287	1	100.00
handbrake_turn	59	-124.4130	-459.5005	17.0121	-463.9979	964.6943	8.3721	-0.94814	0.31770	-0.00961	-0.00909	0.00311	0.99995	0.00007	0.00005	3.25477	1	100.00
handbrake_turn	60	-128.2766	-451.4609	17.0121	-470.3542	957.3146	8.3720	-0.95641	0.29187	-0.00961	-0.00917	0.00286	0.99995	0.00007	0.00007	3.26640	1	100.00
handbrake_turn	61	-132.1996	-443.4824	17.0121	-476.6396	949.8107	8.3721	-0.96400	0.26573	-0.00961	-0.00925	0.00261	0.99995	0.00006	0.00009	3.27779	1	100.00
handbrake_turn	62	-136.1719	-435.5649	17.0121	-482.8444	942.1920	8.3721	-0.97090	0.23931	-0.00961	-0.00931	0.00235	0.99995	0.00006	0.00010	3.28891	1	100.00
handbrake_turn	63	-140.1937	-427.7084	17.0121	-488.9792	934.4586	8.3721	-0.97709	0.21261	-0.00961	-0.00937	0.00209	0.99995	0.00006	0.00012	3.29979	1	100.00
handbrake_turn	64	-144.2648	-419.9229	17.0121	-495.0342	926.6102	8.3721	-0.98257	0.18567	-0.00960	-0.00943	0.00184	0.99995	0.00005	0.00014	3.31040	1	100.00
handbrake_turn	65	-148.3853	-412.1982	17.0121	-501.0201	918.6666	8.3721	-0.98731	0.15849	-0.00960	-0.00947	0.00157	0.99995	0.00005	0.00015	3.32076	1	100.00
handbrake_turn	66	-152.5652	-404.5445	17.0121	-506.9373	910.6176	8.3721	-0.99132	0.13111	-0.00960	-0.00951	0.00131	0.99995	0.00004	0.00017	3.33087	1	100.00
handbrake_turn	67	-156.7944	-396.9516	17.0121	-512.7762	902.4731	8.3721	-0.99458	0.10355	-0.00960	-0.00954	0.00105	0.99995	0.00004	0.00019	3.34072	1	100.00
handbrake_turn	68	-161.0631	-389.4294	17.0121	-518.5471	894.2421	8.3721	-0.99708	0.07583	-0.00960	-0.00957	0.00078	0.99995	0.00003	0.00021	3.35031	1	100.00
handbrake_turn	69	-165.3812	-381.9780	17.0121	-524.2506	885.9247	8.3721	-0.99880	0.04796	-0.00960	-0.00958	0.00051	0.99995	0.00002	0.00022	3.35964	1	100.00
handbrake_turn	70	-169.7488	-374.5973	17.0121	-529.8969	877.5204	8.3721	-0.99975	0.01998	-0.00960	-0.00959	0.00024	0.99995	0.00001	0.00024	3.36871	1	100.00
handbrake_turn	71	-174.1658	-367.2873	17.0121	-535.4764	869.0391	8.3721	-0.99992	-0.00809	-0.00959	-0.00959	-0.00003	0.99995	0.00000	0.00026	3.37750	1	100.00
handbrake_turn	72	-178.6322	-360.0481	17.0121	-540.9994	860.4699	8.3721	-0.99930	-0.03622	-0.00959	-0.00959	-0.00030	0.99995	-0.00001	0.00027	3.38603	1	100.00
handbrake_turn	73	-183.1383	-352.8795	17.0121	-546.4662	851.8226	8.3721	-0.99788	-0.06440	-0.00959	-0.00957	-0.00057	0.99995	-0.00002	0.00029	3.39429	1	100.00
handbrake_turn	74	-187.6938	-345.7815	17.0121	-551.8872	843.1064	8.3721	-0.99566	-0.09260	-0.00959	-0.00955	-0.00084	0.99995	-0.00003	0.00031	3.40226	1	100.00
handbrake_turn	75	-192.2890	-338.7542	17.0121	-557.2625	834.3111	8.3721	-0.99263	-0.12079	-0.00958	-0.00952	-0.00111	0.99995	-0.00004	0.00032	3.40994	1	100.00
handbrake_turn	76	-196.9338	-331.7974	17.0121	-562.6022	825.4461	8.3721	-0.98880	-0.14894	-0.00958	-0.00948	-0.00138	0.99995	-0.00006	0.00034	3.41732	1	100.00
handbrake_turn	77	-201.6183	-324.9213	17.0121	-567.9064	816.5005	8.3721	-0.98416	-0.17704	-0.00958	-0.00944	-0.00164	0.99995	-0.00008	0.00036	3.42439	1	100.00
handbrake_turn	78	-206.3525	-318.1158	17.0121	-573.1758	807.4841	8.3721	-0.97871	-0.20504	-0.00958	-0.00938	-0.00191	0.99995	-0.00009	0.00037	3.43113	1	100.00
handbrake_turn	79	-211.1264	-311.3910	17.0121	-578.4199	798.3859	8.3721	-0.97244	-0.23294	-0.00957	-0.00932	-0.00218	0.99995	-0.00011	0.00039	3.43754	1	100.00
handbrake_turn	80	-215.9501	-304.7368	17.0121	-583.6395	789.2060	8.3721	-0.96537	-0.26070	-0.00957	-0.00925	-0.00244	0.99995	-0.00013	0.00041	3.44358	1	100.00
handbrake_turn	81	-220.8136	-298.1633	17.0121	-588.8325	779.9373	8.3721	-0.95750	-0.28829	-0.00957	-0.00917	-0.00271	0.99995	-0.00015	0.00042	3.44961	1	100.00
handbrake_turn	82	-225.7169	-291.6606	17.0121	-593.9157	770.5346	8.3721	-0.94881	-0.31569	-0.00956	-0.00909	-0.00297	0.99995	-0.00017	0.00040	3.45863	1	100.00
handbrake_turn	83	-230.6693	-285.2389	17.0121	-598.8810	761.0063	8.3721	-0.93932	-0.34290	-0.00956	-0.00900	-0.00323	0.99995	-0.00018	0.00037	3.47057	1	100.00
handbrake_turn	84	-235.6607	-278.8983	17.0121	-603.7383	751.3516	8.3721	-0.92901	-0.36992	-0.00955	-0.00890	-0.00349	0.99995	-0.00019	0.00033	3.48538	1	100.00
handbrake_turn	85	-240.6911	-272.6387	17.0121	-608.4781	741.5799	8.3721	-0.91788	-0.39675	-0.00955	-0.00879	-0.00374	0.99995	-0.00020	0.00029	3.50303	1	100.00
handbrake_turn	86	-245.7606	-266.4603	17.0121	-613.1100	731.6807	8.3721	-0.90591	-0.42337	-0.00955	-0.00867	-0.00399	0.99995	-0.00020	0.00025	3.52348	1	100.00
handbrake_turn	87	-250.8692	-260.3626	17.0121	-617.6444	721.6732	8.3721	-0.89309	-0.44978	-0.00955	-0.00855	-0.00424	0.99995	-0.00020	0.00021	3.54671	1	100.00
handbrake_turn	88	-256.0170	-254.3461	17.0121	-622.0713	711.5467	8.3721	-0.87941	-0.47598	-0.00954	-0.00842	-0.00449	0.99995	-0.00020	0.00018	3.57270	1	100.00
handbrake_turn	89	-261.2039	-248.4205	17.0121	-626.4005	701.3005	8.3721	-0.86485	-0.50194	-0.00954	-0.00828	-0.00474	0.99995	-0.00020	0.00015	3.60143	1	100.00
handbrake_turn	90	-266.4200	-242.5758	17.0121	-630.6147	690.9394	8.3721	-0.84940	-0.52767	-0.00954	-0.00813	-0.00499	0.99995	-0.00020	0.00012	3.63309	1	100.00
handbrake_turn	91	-271.6751	-236.8222	17.0121	-634.5953	680.4226	8.3721	-0.83303	-0.55314	-0.00954	-0.00798	-0.00523	0.99995	-0.00022	0.00005	3.66893	1	100.00
handbrake_turn	92	-276.9683	-231.1498	17.0121	-638.3480	669.7756	8.3721	-0.81574	-0.57835	-0.00954	-0.00781	-0.00547	0.99995	-0.00024	-0.00006	3.70886	1	100.00
handbrake_turn	93	-282.2895	-225.5686	17.0121	-641.8731	658.9976	8.3721	-0.79747	-0.60328	-0.00954	-0.00764	-0.00570	0.99995	-0.00027	-0.00017	3.75281	1	100.00
handbrake_turn	94	-287.6389	-220.0784	17.0121	-645.1810	648.0982	8.3721	-0.77822	-0.62792	-0.00954	-0.00746	-0.00594	0.99995	-0.00029	-0.00029	3.80072	1	100.00
handbrake_turn	95	-293.0165	-214.6792	17.0121	-648.1530	637.0112	8.3721	-0.75794	-0.65225	-0.00954	-0.00727	-0.00617	0.99995	-0.00029	-0.00038	3.85071	1	100.00
handbrake_turn	96	-298.4212	-209.3716	17.0121	-650.7556	625.7441	8.3721	-0.73663	-0.67623	-0.00954	-0.00707	-0.00640	0.99995	-0.00027	-0.00044	3.90237	1	100.00
handbrake_turn	97	-303.8429	-204.1555	17.0121	-652.9844	614.3041	8.3721	-0.71425	-0.69982	-0.00954	-0.00687	-0.00662	0.99995	-0.00024	-0.00047	3.95563	1	100.00
handbrake_turn	98	-309.2815	-199.0408	17.0121	-654.8402	602.7112	8.3721	-0.69080	-0.72298	-0.00954	-0.00665	-0.00684	0.99995	-0.00019	-0.00049	4.01047	1	100.00
handbrake_turn	99	-314.7370	-194.0174	17.0121	-656.3234	590.9854	8.3721	-0.66625	-0.74566	-0.00954	-0.00642	-0.00706	0.99995	-0.00014	-0.00049	4.06685	1	100.00
handbrake_turn	100	-320.2094	-189.0952	17.0121	-657.4059	579.1786	8.3721	-0.64061	-0.76781	-0.00954	-0.00618	-0.00727	0.99995	-0.00009	-0.00049	4.12438	1	100.00
handbrake_turn	101	-325.6883	-184.2736	17.0121	-658.0071	567.5108	8.3721	-0.61384	-0.78937	-0.00954	-0.00593	-0.00748	0.99995	-0.00002	-0.00046	4.18137	1	100.00
handbrake_turn	102	-331.1733	-179.5407	17.0121	-658.1523	556.0139	8.3721	-0.58597	-0.81028	-0.00955	-0.00567	-0.00768	0.99995	0.00005	-0.00041	4.23768	1	100.00
handbrake_turn	103	-336.6546	-174.9066	17.0121	-657.8641	544.6992	8.3721	-0.55700	-0.83046	-0.00955	-0.00540	-0.00788	0.99995	0.00012	-0.00036	4.29333	1	100.00
handbrake_turn	104	-342.1322	-170.3709	17.0121	-657.1544	533.5861	8.3721	-0.52694	-0.84985	-0.00955	-0.00512	-0.00807	0.99995	0.00018	-0.00029	4.34831	1	100.00
handbrake_turn	105	-347.6063	-165.9235	17.0121	-656.0453	522.7029	8.3721	-0.49580	-0.86838	-0.00955	-0.00482	-0.00825	0.99995	0.00023	-0.00023	4.40263	1	100.00
handbrake_turn	106	-353.0770	-161.5642	17.0121	-654.5588	512.0682	8.3721	-0.46361	-0.88599	-0.00956	-0.00452	-0.00842	0.99995	0.00028	-0.00016	4.45630	1	100.00
handbrake_turn	107	-358.5346	-157.2928	17.0121	-652.5634	501.6687	8.3721	-0.43040	-0.90259	-0.00956	-0.00421	-0.00858	0.99995	0.00032	-0.00007	4.50584	1	100.00
handbrake_turn	108	-363.9680	-153.1095	17.0121	-650.0823	491.5342	8.3721	-0.39621	-0.91811	-0.00956	-0.00388	-0.00874	0.99995	0.00034	0.00003	4.55102	1	100.00
handbrake_turn	109	-369.3873	-149.0139	17.0121	-647.1376	481.6947	8.3721	-0.36112	-0.93247	-0.00956	-0.00355	-0.00888	0.99995	0.00036	0.00013	4.59183	1	100.00
handbrake_turn	110	-374.7828	-144.9959	17.0121	-643.7525	472.1678	8.3721	-0.32518	-0.94560	-0.00957	-0.00320	-0.00901	0.99995	0.00036	0.00023	4.62828	1	100.00
handbrake_turn	111	-380.1446	-141.0653	17.0121	-639.9695	462.9704	8.3721	-0.28848	-0.95744	-0.00957	-0.00285	-0.00913	0.99995	0.00036	0.00032	4.66038	1	100.00
handbrake_turn	112	-385.4730	-137.2119	17.0121	-635.8099	454.1301	8.3720	-0.25109	-0.96792	-0.00957	-0.00249	-0.00924	0.99995	0.00035	0.00041	4.68814	1	100.00
handbrake_turn	113	-390.7683	-133.4256	17.0121	-631.3154	445.6535	8.3721	-0.21309	-0.97699	-0.00957	-0.00212	-0.00933	0.99995	0.00032	0.00050	4.71156	1	100.00
handbrake_turn	114	-396.0309	-129.7162	17.0121	-626.5276	437.5475	8.3721	-0.17458	-0.98460	-0.00957	-0.00175	-0.00941	0.99995	0.00030	0.00058	4.73066	1	100.00
handbrake_turn	115	-401.2510	-126.0738	17.0121	-621.4773	429.8185	8.3720	-0.13564	-0.99071	-0.00958	-0.00138	-0.00948	0.99995	0.00026	0.00064	4.74546	1	100.00
handbrake_turn	116	-406.4289	-122.4882	17.0121	-616.2048	422.4732	8.3721	-0.09636	-0.99530	-0.00958	-0.00099	-0.00953	0.99995	0.00022	0.00071	4.75596	1	100.00
handbrake_turn	117	-411.5650	-118.9694	17.0121	-610.7506	415.5182	8.3721	-0.05685	-0.99834	-0.00958	-0.00061	-0.00956	0.99995	0.00018	0.00076	4.76218	1	100.00
handbrake_turn	118	-416.6496	-115.5074	17.0121	-605.1543	408.9399	8.3721	-0.01720	-0.99981	-0.00958	-0.00022	-0.00958	0.99995	0.00013	0.00081	4.76412	1	100.00
handbrake_turn	119	-421.6929	-112.1022	17.0121	-599.4451	402.7352	8.3721	0.02250	-0.99970	-0.00958	0.00016	-0.00958	0.99995	0.00009	0.00084	4.76179	1	100.00
handbrake_turn	120	-426.6853	-108.7439	17.0121	-593.6627	396.9007	8.3721	0.06214	-0.99802	-0.00958	0.00055	-0.00957	0.99995	0.00003	0.00088	4.75518	1	100.00
handbrake_turn	121	-431.6372	-105.4325	17.0121	-587.8454	391.4235	8.3720	0.10163	-0.99478	-0.00958	0.00094	-0.00954	0.99995	-0.00002	0.00090	4.74429	1	100.00
handbrake_turn	122	-436.5387	-102.1682	17.0121	-582.0223	386.2803	8.3721	0.14087	-0.98998	-0.00958	0.00132	-0.00949	0.99995	-0.00007	0.00092	4.72908	1	100.00
handbrake_turn	123	-441.3902	-98.9510	17.0121	-576.2314	381.4585	8.3721	0.17976	-0.98366	-0.00959	0.00170	-0.00943	0.99995	-0.00013	0.00094	4.70955	1	100.00
handbrake_turn	124	-446.1919	-95.7712	17.0121	-570.5011	376.9256	8.3721	0.21822	-0.97585	-0.00959	0.00208	-0.00936	0.99995	-0.00018	0.00095	4.68564	1	100.00
handbrake_turn	125	-450.9442	-92.6290	17.0121	-564.8591	372.6693	8.3721	0.25615	-0.96659	-0.00959	0.00245	-0.00927	0.99995	-0.00023	0.00096	4.65731	1	100.00
handbrake_turn	126	-455.6471	-89.5245	17.0121	-559.3059	368.6376	8.3721	0.29346	-0.95592	-0.00959	0.00281	-0.00916	0.99995	-0.00029	0.00095	4.62446	1	100.00
handbrake_turn	127	-460.3109	-86.4481	17.0121	-553.8444	364.7870	8.3721	0.33007	-0.94391	-0.00959	0.00317	-0.00905	0.99995	-0.00036	0.00092	4.58715	1	100.00
handbrake_turn	128	-464.9253	-83.4101	17.0121	-548.4871	361.0980	8.3721	0.36590	-0.93060	-0.00959	0.00352	-0.00892	0.99995	-0.00043	0.00088	4.54557	1	100.00
handbrake_turn	129	-469.5006	-80.4009	17.0121	-543.2396	357.5467	8.3721	0.40088	-0.91608	-0.00959	0.00387	-0.00877	0.99995	-0.00049	0.00082	4.49992	1	100.00
handbrake_turn	130	-474.0269	-77.4205	17.0121	-538.0368	354.0637	8.3721	0.43495	-0.90041	-0.00959	0.00420	-0.00862	0.99995	-0.00057	0.00076	4.45274	1	100.00
handbrake_turn	131	-478.5136	-74.4695	17.0121	-532.8840	350.6495	8.3721	0.46805	-0.88365	-0.00958	0.00452	-0.00845	0.99995	-0.00066	0.00068	4.40426	1	100.00
handbrake_turn	132	-482.9507	-71.5480	17.0121	-527.7786	347.2906	8.3721	0.50016	-0.86588	-0.00958	0.00483	-0.00827	0.99995	-0.00073	0.00059	4.35480	1	100.00
handbrake_turn	133	-487.3481	-68.6559	17.0121	-522.7097	343.9962	8.3721	0.53125	-0.84716	-0.00958	0.00514	-0.00809	0.99995	-0.00078	0.00050	4.30464	1	100.00
handbrake_turn	134	-491.7058	-65.7934	17.0121	-517.6770	340.7459	8.3721	0.56129	-0.82757	-0.00958	0.00543	-0.00789	0.99995	-0.00082	0.00040	4.25408	1	100.00
handbrake_turn	135	-496.0239	-62.9505	17.0121	-512.6799	337.5399	8.3721	0.59027	-0.80715	-0.00957	0.00571	-0.00769	0.99995	-0.00084	0.00030	4.20337	1	100.00
handbrake_turn	136	-500.2923	-60.1372	17.0121	-507.7082	334.3680	8.3721	0.61817	-0.78599	-0.00957	0.00597	-0.00747	0.99995	-0.00084	0.00021	4.15276	1	100.00
handbrake_turn	137	-504.5208	-57.3537	17.0121	-502.7611	331.2310	8.3721	0.64500	-0.76413	-0.00956	0.00623	-0.00726	0.99995	-0.00083	0.00011	4.10250	1	100.00
handbrake_turn	138	-508.7097	-54.5897	17.0121	-497.8383	328.1292	8.3721	0.67074	-0.74163	-0.00956	0.00648	-0.00703	0.99995	-0.00081	0.00002	4.05280	1	100.00
handbrake_turn	139	-512.8586	-51.8557	17.0121	-492.9197	325.0433	8.3721	0.69540	-0.71856	-0.00955	0.00671	-0.00680	0.99995	-0.00077	-0.00006	4.00389	1	100.00
handbrake_turn	140	-516.9675	-49.1513	17.0121	-488.0052	321.9837	8.3721	0.71898	-0.69496	-0.00955	0.00693	-0.00657	0.99995	-0.00072	-0.00014	3.95597	1	100.00
handbrake_turn	141	-521.0366	-46.4668	17.0121	-483.0942	318.9414	8.3721	0.74150	-0.67089	-0.00954	0.00714	-0.00633	0.99995	-0.00067	-0.00021	3.90923	1	100.00
handbrake_turn	142	-525.0657	-43.8122	17.0121	-478.1771	315.9169	8.3721	0.76295	-0.64638	-0.00954	0.00734	-0.00609	0.99995	-0.00061	-0.00028	3.86385	1	100.00
handbrake_turn	143	-529.0547	-41.1774	17.0121	-473.2436	312.9010	8.3721	0.78337	-0.62148	-0.00953	0.00753	-0.00584	0.99995	-0.00054	-0.00035	3.82002	1	100.00
handbrake_turn	144	-532.9937	-38.5725	17.0121	-468.2942	309.9044	8.3721	0.80275	-0.59624	-0.00953	0.00771	-0.00560	0.99995	-0.00048	-0.00040	3.77789	1	100.00
handbrake_turn	145	-536.8924	-35.9875	17.0121	-463.3188	306.9179	8.3721	0.82112	-0.57067	-0.00952	0.00788	-0.00535	0.99995	-0.00041	-0.00045	3.73763	1	100.00
handbrake_turn	146	-540.7509	-33.4324	17.0121	-458.3077	303.9420	8.3721	0.83850	-0.54482	-0.00952	0.00804	-0.00510	0.99995	-0.00033	-0.00050	3.69940	1	100.00
handbrake_turn	147	-544.5692	-30.8972	17.0121	-453.2613	300.9875	8.3721	0.85489	-0.51872	-0.00951	0.00819	-0.00484	0.99995	-0.00026	-0.00054	3.66333	1	100.00
handbrake_turn	148	-548.3472	-28.3918	17.0121	-448.1801	298.0449	8.3721	0.87033	-0.49239	-0.00951	0.00833	-0.00459	0.99995	-0.00019	-0.00057	3.62957	1	100.00
handbrake_turn	149	-552.0848	-25.9063	17.0121	-443.0543	295.1250	8.3721	0.88482	-0.46584	-0.00950	0.00846	-0.00433	0.99995	-0.00011	-0.00061	3.59826	1	100.00
handbrake_turn	150	-555.7721	-23.4507	17.0121	-437.8746	292.2278	8.3721	0.89839	-0.43910	-0.00950	0.00858	-0.00408	0.99995	-0.00004	-0.00063	3.56952	1	100.00
handbrake_turn	151	-559.4189	-21.0148	17.0121	-432.6415	289.3542	8.3721	0.91105	-0.41219	-0.00949	0.00869	-0.00382	0.99995	0.00003	-0.00065	3.54349	1	100.00
handbrake_turn	152	-563.0253	-18.5987	17.0121	-427.3559	286.5146	8.3722	0.92282	-0.38511	-0.00949	0.00880	-0.00356	0.99995	0.00010	-0.00067	3.52028	1	100.00
handbrake_turn	153	-566.5912	-16.2124	17.0121	-422.0082	283.7088	8.3722	0.93372	-0.35788	-0.00948	0.00889	-0.00330	0.99995	0.00017	-0.00069	3.50002	1	100.00
handbrake_turn	154	-570.1067	-13.8458	17.0121	-416.6124	280.9416	8.3722	0.94376	-0.33050	-0.00948	0.00898	-0.00304	0.99996	0.00024	-0.00071	3.48280	1	100.00
handbrake_turn	155	-573.5817	-11.5088	17.0121	-411.0684	278.2036	8.3722	0.95295	-0.30297	-0.00947	0.00906	-0.00278	0.99996	0.00031	-0.00070	3.46893	1	100.00
handbrake_turn	156	-577.0056	-9.1917	17.0121	-405.3437	275.5044	8.3722	0.96131	-0.27530	-0.00947	0.00913	-0.00252	0.99996	0.00038	-0.00066	3.45836	1	100.00
handbrake_turn	157	-580.3878	-6.8942	17.0121	-399.4426	272.8676	8.3722	0.96885	-0.24748	-0.00947	0.00919	-0.00226	0.99996	0.00044	-0.00062	3.45104	1	100.00
handbrake_turn	158	-583.7187	-4.6162	17.0121	-393.3565	270.3131	8.3722	0.97556	-0.21952	-0.00946	0.00925	-0.00200	0.99996	0.00050	-0.00057	3.44694	1	100.00
handbrake_turn	159	-586.9979	-2.3674	17.0121	-387.0765	267.8708	8.3721	0.98146	-0.19141	-0.00946	0.00930	-0.00174	0.99996	0.00054	-0.00052	3.44604	1	100.00
handbrake_turn	160	-590.2256	-0.1377	17.0121	-380.6035	265.5609	8.3722	0.98656	-0.16315	-0.00945	0.00934	-0.00147	0.99996	0.00058	-0.00047	3.44834	1	100.00
handbrake_turn	161	-593.4017	2.0730	17.0121	-373.9388	263.4036	8.3722	0.99084	-0.13474	-0.00945	0.00937	-0.00121	0.99996	0.00062	-0.00043	3.45387	1	100.00
handbrake_turn	162	-596.5161	4.2650	17.0121	-367.0733	261.4193	8.3722	0.99430	-0.10617	-0.00945	0.00940	-0.00095	0.99996	0.00065	-0.00038	3.46267	1	100.00
handbrake_turn	163	-599.5789	6.4484	17.0121	-360.0180	259.6288	8.3722	0.99695	-0.07744	-0.00945	0.00942	-0.00068	0.99996	0.00067	-0.00033	3.47480	1	100.00
handbrake_turn	164	-602.5801	8.6135	17.0121	-352.7642	258.0623	8.3722	0.99878	-0.04854	-0.00944	0.00943	-0.00041	0.99996	0.00070	-0.00029	3.49034	1	100.00
handbrake_turn	165	-605.5197	10.7605	17.0121	-345.3228	256.7506	8.3722	0.99977	-0.01947	-0.00944	0.00944	-0.00014	0.99996	0.00071	-0.00025	3.50939	1	100.00
handbrake_turn	166	-608.3977	12.8996	17.0121	-337.6950	255.7150	8.3722	0.99991	0.00977	-0.00944	0.00944	0.00013	0.99996	0.00073	-0.00021	3.53208	1	100.00
handbrake_turn	167	-611.2141	15.0309	17.0121	-329.8819	254.9765	8.3722	0.99919	0.03919	-0.00944	0.00943	0.00040	0.99996	0.00075	-0.00017	3.55855	1	100.00
handbrake_turn	168	-613.9590	17.1548	17.0121	-321.8949	254.5664	8.3722	0.99759	0.06880	-0.00944	0.00941	0.00067	0.99996	0.00076	-0.00014	3.58898	1	100.00
handbrake_turn	169	-616.6425	19.2713	17.0121	-313.7351	254.5165	8.3722	0.99508	0.09860	-0.00943	0.00939	0.00095	0.99996	0.00078	-0.00010	3.62359	1	100.00
handbrake_turn	170	-619.2544	21.3909	17.0121	-305.4143	254.8589	8.3722	0.99165	0.12860	-0.00943	0.00935	0.00122	0.99996	0.00079	-0.00007	3.66264	1	100.00
handbrake_turn	171	-621.7950	23.5138	17.0121	-296.9440	255.5734	8.3722	0.98727	0.15880	-0.00943	0.00931	0.00150	0.99996	0.00079	-0.00003	3.70485	1	100.00
handbrake_turn	172	-624.2745	25.6398	17.0121	-288.3294	256.5698	8.3722	0.98189	0.18920	-0.00943	0.00926	0.00178	0.99996	0.00076	0.00001	3.74655	1	100.00
handbrake_turn	173	-626.6727	27.7780	17.0121	-279.5688	257.8694	8.3722	0.97551	0.21976	-0.00943	0.00920	0.00206	0.99996	0.00070	0.00004	3.78792	1	100.00
handbrake_turn	174	-628.9996	29.9288	17.0121	-270.6734	259.5135	8.3722	0.96809	0.25044	-0.00943	0.00913	0.00235	0.99996	0.00063	0.00008	3.82915	1	100.00
handbrake_turn	175	-631.2556	32.0926	17.0121	-261.6547	261.5437	8.3721	0.95960	0.28120	-0.00943	0.00905	0.00263	0.99996	0.00055	0.00011	3.87042	1	100.00
handbrake_turn	176	-633.4404	34.2695	17.0121	-252.5137	263.9925	8.3722	0.95004	0.31200	-0.00943	0.00896	0.00292	0.99996	0.00046	0.00013	3.91194	1	100.00
handbrake_turn	177	-635.5442	36.4699	17.0121	-243.2612	266.9032	8.3722	0.93936	0.34280	-0.00943	0.00886	0.00320	0.99996	0.00038	0.00016	3.95390	1	100.00
handbrake_turn	178	-637.5671	38.6942	17.0121	-233.9075	270.3213	8.3722	0.92756	0.37356	-0.00943	0.00876	0.00349	0.99996	0.00028	0.00018	3.99652	1	100.00
handbrake_turn	179	-639.5192	40.9427	17.0121	-224.4664	274.2815	8.3721	0.91461	0.40424	-0.00943	0.00864	0.00378	0.99996	0.00020	0.00020	4.03997	1	100.00
handbrake_turn	180	-641.3905	43.2257	17.0121	-215.0927	278.4579	8.3721	0.90048	0.43479	-0.00943	0.00851	0.00407	0.99996	0.00016	0.00020	4.08073	1	100.00
handbrake_turn	181	-643.1824	45.5504	17.0121	-205.7843	282.8616	8.3722	0.88518	0.46516	-0.00943	0.00836	0.00435	0.99996	0.00016	0.00019	4.11849	1	100.00
handbrake_turn	182	-644.8948	47.9072	17.0121	-196.5405	287.5407	8.3722	0.86870	0.49526	-0.00943	0.00821	0.00463	0.99996	0.00016	0.00018	4.15337	1	100.00
handbrake_turn	183	-646.5278	50.3062	17.0121	-187.3763	292.5203	8.3722	0.85104	0.52502	-0.00943	0.00805	0.00491	0.99996	0.00017	0.00018	4.18547	1	100.00
handbrake_turn	184	-648.0914	52.7477	17.0121	-178.2953	297.8280	8.3722	0.83221	0.55438	-0.00943	0.00787	0.00519	0.99996	0.00018	0.00018	4.21480	1	100.00
handbrake_turn	185	-649.5758	55.2318	17.0121	-169.4539	303.3097	8.3721	0.81223	0.58326	-0.00943	0.00769	0.00546	0.99996	0.00016	0.00020	4.23968	1	100.00
handbrake_turn	186	-650.9921	57.7575	17.0121	-160.9057	308.9342	8.3721	0.79112	0.61159	-0.00943	0.00749	0.00573	0.99996	0.00013	0.00022	4.25979	1	100.00
handbrake_turn	187	-652.3308	60.3344	17.0121	-152.6506	314.7260	8.3721	0.76892	0.63928	-0.00943	0.00728	0.00599	0.99996	0.00008	0.00024	4.27520	1	100.00
handbrake_turn	188	-653.6021	62.9527	17.0121	-144.6984	320.6933	8.3721	0.74566	0.66626	-0.00943	0.00707	0.00624	0.99996	0.00002	0.00026	4.28581	1	100.00
handbrake_turn	189	-654.8058	65.6224	17.0121	-137.0395	326.8589	8.3722	0.72139	0.69246	-0.00943	0.00684	0.00649	0.99996	-0.00004	0.00029	4.29138	1	100.00
handbrake_turn	190	-655.9519	68.3438	17.0121	-129.6868	333.2264	8.3722	0.69617	0.71781	-0.00944	0.00661	0.00673	0.99996	-0.00010	0.00033	4.29180	1	100.00
handbrake_turn	191	-657.0306	71.1168	17.0121	-122.7136	339.5286	8.3721	0.67006	0.74225	-0.00944	0.00637	0.00697	0.99996	-0.00014	0.00030	4.29371	1	100.00
handbrake_turn	192	-658.0526	73.9493	17.0121	-116.1114	345.7842	8.3721	0.64308	0.76574	-0.00944	0.00612	0.00719	0.99996	-0.00017	0.00024	4.29656	1	100.00
handbrake_turn	193	-659.0176	76.8315	17.0121	-109.8749	352.0161	8.3721	0.61525	0.78827	-0.00944	0.00586	0.00741	0.99996	-0.00019	0.00017	4.29997	1	100.00
handbrake_turn	194	-659.9355	79.7634	17.0121	-103.9974	358.2282	8.3721	0.58662	0.80981	-0.00945	0.00559	0.00761	0.99996	-0.00021	0.00011	4.30363	1	100.00
handbrake_turn	195	-660.8066	82.7452	17.0121	-98.4815	364.4265	8.3721	0.55721	0.83032	-0.00945	0.00531	0.00781	0.99996	-0.00022	0.00004	4.30733	1	100.00
handbrake_turn	196	-661.6307	85.7868	17.0121	-93.3385	370.6171	8.3721	0.52705	0.84978	-0.00945	0.00503	0.00800	0.99996	-0.00023	-0.00002	4.31090	1	100.00
handbrake_turn	197	-662.4078	88.8784	17.0121	-88.5600	376.7979	8.3721	0.49619	0.86816	-0.00945	0.00474	0.00818	0.99996	-0.00023	-0.00007	4.31420	1	100.00
handbrake_turn	198	-663.1479	92.0199	17.0121	-84.1568	382.9660	8.3721	0.46466	0.88544	-0.00945	0.00444	0.00834	0.99996	-0.00024	-0.00011	4.31712	1	100.00
handbrake_turn	199	-663.8513	95.2113	17.0121	-80.1394	389.1194	8.3721	0.43251	0.90158	-0.00945	0.00414	0.00850	0.99996	-0.00024	-0.00015	4.31955	1	100.00
supersonic_run	0	-0.0000	-2981.5977	16.9323	-0.0002	2208.2649	2.1110	-0.00000	1.00000	0.00000	0.00000	0.00000	1.00000	-0.05091	-0.00000	0.00000	1	100.00
supersonic_run	1	-0.0000	-2963.1292	16.8799	-0.0002	2216.5249	4.0006	-0.00000	1.00000	-0.00042	0.00000	0.00042	1.00000	-0.08579	-0.00000	0.00000	1	99.72
supersonic_run	2	-0.0000	-2944.5901	16.8456	-0.0002	2224.7849	5.6366	-0.00000	1.00000	-0.00114	0.00000	0.00114	1.00000	-0.10744	-0.00000	0.00000	1	99.44
supersonic_run	3	-0.0000	-2925.9814	16.8291	-0.0002	2233.0449	6.9056	-0.00000	1.00000	-0.00203	0.00000	0.00203	1.00000	-0.11633	-0.00000	0.00000	1	99.17
supersonic_run	4	-0.0000	-2907.3025	16.8197	-0.0003	2241.3047	7.8261	-0.00000	1.00000	-0.00300	0.00000	0.00300	1.00000	-0.11468	-0.00000	0.00000	1	98.89
supersonic_run	5	-0.0000	-2888.5537	16.8173	-0.0003	2249.5647	8.4929	-0.00000	0.99999	-0.00396	0.00000	0.00396	0.99999	-0.10675	-0.00000	0.00000	1	98.61
supersonic_run	6	-0.0000	-2869.7349	16.8228	-0.0003	2257.8247	8.9637	-0.00000	0.99999	-0.00485	-0.00000	0.00485	0.99999	-0.09549	-0.00000	0.00000	1	98.33
supersonic_run	7	-0.0000	-2850.8557	16.8266	-0.0003	2266.0850	9.3073	-0.00000	0.99998	-0.00564	-0.00000	0.00564	0.99998	-0.08289	-0.00000	0.00000	1	98.06
supersonic_run	8	-0.0000	-2831.9070	16.8394	-0.0004	2274.3445	9.5248	-0.00000	0.99998	-0.00634	-0.00000	0.00634	0.99998	-0.07020	-0.00000	0.00000	1	97.78
supersonic_run	9	-0.0000	-2812.8882	16.8512	-0.0004	2282.6045	9.6614	-0.00000	0.99998	-0.00692	0.00000	0.00692	0.99998	-0.05825	0.00000	0.00000	1	97.50
supersonic_run	10	-0.0000	-2793.7993	16.8623	-0.0004	2290.8645	9.7423	-0.00000	0.99997	-0.00741	-0.00000	0.00741	0.99997	-0.04746	-0.00000	0.00000	1	97.22
supersonic_run	11	-0.0000	-2774.6406	16.8730	-0.0005	2299.1243	9.7799	-0.00000	0.99997	-0.00780	-0.00000	0.00780	0.99997	-0.03805	-0.00000	0.00000	1	96.94
supersonic_run	12	-0.0000	-2755.4116	16.8832	-0.0005	2307.3843	9.7805	-0.00000	0.99997	-0.00812	-0.00000	0.00812	0.99997	-0.03005	-0.00000	0.00000	1	96.67
supersonic_run	13	-0.0000	-2736.1746	16.8929	-0.0005	2308.2344	9.7365	-0.00000	0.99997	-0.00837	-0.00000	0.00837	0.99996	-0.02350	-0.00000	0.00000	1	96.39
supersonic_run	14	-0.0000	-2716.9346	16.9026	-0.0005	2308.2344	9.6684	-0.00000	0.99996	-0.00856	-0.00000	0.00856	0.99996	-0.01874	-0.00000	0.00000	1	96.11
supersonic_run	15	-0.0000	-2697.6946	16.9120	-0.0005	2308.2344	9.5815	-0.00000	0.99996	-0.00872	-0.00000	0.00872	0.99996	-0.01521	-0.00000	0.00000	1	95.83
supersonic_run	16	-0.0000	-2678.4543	16.9212	-0.0006	2308.2446	9.4823	-0.00000	0.99996	-0.00885	0.00000	0.00885	0.99996	-0.01254	0.00000	0.00000	1	95.56
supersonic_run	17	-0.0000	-2659.2144	16.9304	-0.0006	2308.2446	9.3768	-0.00000	0.99996	-0.00895	-0.00000	0.00895	0.99996	-0.01047	-0.00000	0.00000	1	95.28
supersonic_run	18	-0.0000	-2639.9744	16.9395	-0.0006	2308.2446	9.2714	-0.00000	0.99996	-0.00904	-0.00000	0.00904	0.99996	-0.00883	0.00000	0.00000	1	95.00
supersonic_run	19	-0.0000	-2620.7344	16.9486	-0.0007	2308.2446	9.1599	-0.00000	0.99996	-0.00911	-0.00000	0.00911	0.99996	-0.00752	0.00000	0.00000	1	94.72
supersonic_run	20	-0.0000	-2601.4944	16.9577	-0.0007	2308.2446	9.0483	-0.00000	0.99996	-0.00918	-0.00000	0.00918	0.99996	-0.00644	-0.00000	0.00000	1	94.44
supersonic_run	21	-0.0000	-2582.2546	16.9667	-0.0007	2308.2446	8.9368	-0.00000	0.99996	-0.00923	-0.00000	0.00923	0.99996	-0.00554	0.00000	0.00000	1	94.17
supersonic_run	22	-0.0000	-2563.0146	16.9758	-0.0007	2308.2446	8.8254	-0.00000	0.99996	-0.00928	-0.00000	0.00928	0.99996	-0.00479	-0.00000	0.00000	1	93.89
supersonic_run	23	-0.0000	-2543.7747	16.9849	-0.0007	2308.2446	8.7140	-0.00000	0.99996	-0.00932	-0.00000	0.00932	0.99996	-0.00415	-0.00000	0.00000	1	93.61
supersonic_run	24	-0.0000	-2524.5347	16.9840	-0.0008	2308.2446	8.6443	-0.00000	0.99996	-0.00935	-0.00000	0.00935	0.99996	-0.00361	-0.00000	0.00000	1	93.33
supersonic_run	25	-0.0000	-2505.2947	16.9834	-0.0008	2308.2446	8.5999	-0.00000	0.99996	-0.00938	-0.00000	0.00938	0.99996	-0.00315	-0.00000	0.00000	1	93.06
supersonic_run	26	-0.0000	-2486.0547	16.9830	-0.0008	2308.2446	8.5681	-0.00000	0.99996	-0.00941	-0.00000	0.00941	0.99996	-0.00274	-0.00000	0.00000	1	92.78
supersonic_run	27	-0.0000	-2466.8147	16.9827	-0.0008	2308.2446	8.5490	-0.00000	0.99996	-0.00943	-0.00000	0.00943	0.99996	-0.00240	-0.00000	0.00000	1	92.50
supersonic_run	28	-0.0000	-2447.5747	16.9826	-0.0009	2308.2446	8.5363	-0.00000	0.99996	-0.00945	-0.00000	0.00945	0.99996	-0.00210	-0.00000	0.00000	1	92.22
supersonic_run	29	-0.0000	-2428.3347	16.9825	-0.0009	2308.2446	8.5299	-0.00000	0.99996	-0.00947	-0.00000	0.00947	0.99996	-0.00183	-0.00000	0.00000	1	91.94
supersonic_run	30	-0.0000	-2409.0947	16.9824	-0.0009	2308.2446	8.5235	-0.00000	0.99996	-0.00948	-0.00000	0.00948	0.99996	-0.00160	0.00000	0.00000	1	91.67
supersonic_run	31	-0.0000	-2389.8547	16.9824	-0.0009	2308.2446	8.5234	-0.00000	0.99996	-0.00949	-0.00000	0.00949	0.99995	-0.00140	-0.00000	0.00000	1	91.39
supersonic_run	32	-0.0000	-2370.6147	16.9824	-0.0009	2308.2446	8.5233	-0.00000	0.99995	-0.00951	-0.00000	0.00951	0.99995	-0.00123	-0.00000	0.00000	1	91.11
supersonic_run	33	-0.0000	-2351.3745	16.9824	-0.0009	2308.2446	8.5233	-0.00000	0.99995	-0.00952	-0.00000	0.00952	0.99995	-0.00107	0.00000	0.00000	1	90.83
supersonic_run	34	-0.0000	-2332.1345	16.9824	-0.0009	2308.2446	8.5232	-0.00000	0.99995	-0.00953	0.00000	0.00953	0.99995	-0.00094	-0.00000	0.00000	1	90.56
supersonic_run	35	-0.0000	-2312.8945	16.9824	-0.0009	2308.2446	8.5232	-0.00000	0.99995	-0.00953	-0.00000	0.00953	0.99995	-0.00086	-0.00000	0.00000	1	90.28
supersonic_run	36	-0.0000	-2293.6545	16.9824	-0.0009	2308.2446	8.5232	-0.00000	0.99995	-0.00953	-0.00000	0.00953	0.99995	-0.00082	-0.00000	0.00000	1	90.00
supersonic_run	37	-0.0000	-2274.4146	16.9824	-0.0010	2308.2446	8.5232	-0.00000	0.99995	-0.00953	-0.00000	0.00953	0.99995	-0.00079	-0.00000	0.00000	1	89.72
supersonic_run	38	-0.0000	-2255.1746	16.9824	-0.0010	2308.2446	8.5232	-0.00000	0.99995	-0.00953	-0.00000	0.00953	0.99995	-0.00078	-0.00000	0.00000	1	89.44
supersonic_run	39	-0.0000	-2235.9346	16.9824	-0.0010	2308.2446	8.5232	-0.00000	0.99995	-0.00953	-0.00000	0.00953	0.99995	-0.00077	-0.00000	0.00000	1	89.17
supersonic_run	40	-0.0000	-2216.6943	16.9824	-0.0010	2308.2446	8.5232	-0.00000	0.99995	-0.00953	-0.00000	0.00953	0.99995	-0.00077	0.00000	0.00000	1	88.89
supersonic_run	41	-0.0000	-2197.4543	16.9824	-0.0011	2308.2446	8.5232	-0.00000	0.99995	-0.00953	-0.00000	0.00953	0.99995	-0.00077	-0.00000	0.00000	1	88.61
supersonic_run	42	-0.0000	-2178.2144	16.9824	-0.0011	2308.2446	8.5232	-0.00000	0.99995	-0.00953	-0.00000	0.00953	0.99995	-0.00076	-0.00000	0.00000	1	88.33
supersonic_run	43	-0.0000	-2158.9744	16.9824	-0.0011	2308.2446	8.5232	-0.00000	0.99995	-0.00953	-0.00000	0.00953	0.99995	-0.00076	-0.00000	0.00000	1	88.06
supersonic_run	44	-0.0000	-2139.7344	16.9824	-0.0011	2308.2446	8.5232	-0.00000	0.99995	-0.00953	-0.00000	0.00953	0.99995	-0.00076	-0.00000	0.00000	1	87.78
supersonic_run	45	-0.0000	-2120.4944	16.9824	-0.0011	2308.2446	8.5232	-0.00000	0.99995	-0.00953	-0.00000	0.00953	0.99995	-0.00076	-0.00000	0.00000	1	87.50
supersonic_run	46	-0.0000	-2101.2544	16.9824	-0.0012	2308.2446	8.5232	-0.00000	0.99995	-0.00953	-0.00000	0.00953	0.99995	-0.00076	-0.00000	0.00000	1	87.22
supersonic_run	47	-0.0000	-2082.0144	16.9824	-0.0012	2308.2446	8.5232	-0.00000	0.99995	-0.00953	-0.00000	0.00953	0.99995	-0.00076	-0.00000	0.00000	1	86.94
supersonic_run	48	-0.0000	-2062.7744	16.9824	-0.0012	2308.2446	8.5232	-0.00000	0.99995	-0.00953	-0.00000	0.00953	0.99995	-0.00076	-0.00000	0.00000	1	86.67
supersonic_run	49	-0.0000	-2043.5344	16.9824	-0.0012	2308.2446	8.5232	-0.00000	0.99995	-0.00953	-0.00000	0.00953	0.99995	-0.00076	-0.00000	0.00000	1	86.39
supersonic_run	50	-0.0000	-2024.2944	16.9824	-0.0012	2308.2446	8.5232	-0.00000	0.99995	-0.00953	-0.00000	0.00953	0.99995	-0.00076	-0.00000	0.00000	1	86.11
supersonic_run	51	-0.0000	-2005.0547	16.9824	-0.0013	2308.2446	8.5232	-0.00000	0.99995	-0.00953	-0.00000	0.00953	0.99995	-0.00076	-0.00000	0.00000	1	85.83
supersonic_run	52	-0.0000	-1985.8147	16.9824	-0.0013	2308.2446	8.5232	-0.00000	0.99995	-0.00953	-0.00000	0.00953	0.99995	-0.00076	-0.00000	0.00000	1	85.56
supersonic_run	53	-0.0000	-1966.5747	16.9824	-0.0013	2308.2446	8.5232	-0.00000	0.99995	-0.00953	-0.00000	0.00953	0.99995	-0.00076	-0.00000	0.00000	1	85.28
supersonic_run	54	-0.0000	-1947.3345	16.9824	-0.0013	2308.2446	8.5232	-0.00000	0.99995	-0.00953	-0.00000	0.00953	0.99995	-0.00076	-0.00000	0.00000	1	85.00
supersonic_run	55	-0.0000	-1928.0945	16.9824	-0.0013	2308.2446	8.5232	-0.00000	0.99995	-0.00953	-0.00000	0.00953	0.99995	-0.00076	-0.00000	0.00000	1	84.72
supersonic_run	56	-0.0000	-1908.8545	16.9824	-0.0014	2308.2446	8.5232	-0.00000	0.99995	-0.00953	-0.00000	0.00953	0.99995	-0.00076	-0.00000	0.00000	1	84.44
supersonic_run	57	-0.0000	-1889.6145	16.9824	-0.0014	2308.2446	8.5232	-0.00000	0.99995	-0.00953	-0.00000	0.00953	0.99995	-0.00076	-0.00000	0.00000	1	84.17
supersonic_run	58	-0.0000	-1870.3745	16.9824	-0.0014	2308.2446	8.5232	-0.00000	0.99995	-0.00953	-0.00000	0.00953	0.99995	-0.00076	-0.00000	0.00000	1	83.89
supersonic_run	59	-0.0000	-1851.1345	16.9824	-0.0014	2308.2446	8.5232	-0.00000	0.99995	-0.00953	-0.00000	0.00953	0.99995	-0.00076	-0.00000	0.00000	1	83.61
supersonic_run	60	-0.0000	-1831.8945	16.9824	-0.0014	2308.2446	8.5232	-0.00000	0.99995	-0.00953	-0.00000	0.00953	0.99995	-0.00076	-0.00000	0.00000	1	83.33
supersonic_run	61	-0.0000	-1812.6545	16.9824	-0.0014	2308.2446	8.5232	-0.00000	0.99995	-0.00953	-0.00000	0.00953	0.99995	-0.00076	-0.00000	0.00000	1	83.06
supersonic_run	62	-0.0000	-1793.4146	16.9824	-0.0014	2308.2446	8.5232	-0.00000	0.99995	-0.00953	-0.00000	0.00953	0.99995	-0.00076	-0.00000	0.00000	1	82.78
supersonic_run	63	-0.0000	-1774.1746	16.9824	-0.0014	2308.2446	8.5232	-0.00000	0.99995	-0.00953	-0.00000	0.00953	0.99995	-0.00076	-0.00000	0.00000	1	82.50
supersonic_run	64	-0.0000	-1754.9344	16.9824	-0.0014	2308.2446	8.5232	-0.00000	0.99995	-0.00953	-0.00000	0.00953	0.99995	-0.00076	-0.00000	0.00000	1	82.22
supersonic_run	65	-0.0000	-1735.6945	16.9824	-0.0014	2308.2446	8.5232	-0.00000	0.99995	-0.00953	-0.00000	0.00953	0.99995	-0.00076	-0.00000	0.00000	1	81.94
supersonic_run	66	-0.0000	-1716.4545	16.9824	-0.0014	2308.2446	8.5232	-0.00000	0.99995	-0.00953	-0.00000	0.00953	0.99995	-0.00076	-0.00000	0.00000	1	81.67
supersonic_run	67	-0.0000	-1697.2145	16.9824	-0.0014	2308.2446	8.5232	-0.00000	0.99995	-0.00953	-0.00000	0.00953	0.99995	-0.00076	-0.00000	0.00000	1	81.39
supersonic_run	68	-0.0000	-1677.9745	16.9824	-0.0014	2308.2446	8.5232	-0.00000	0.99995	-0.00953	-0.00000	0.00953	0.99995	-0.00076	-0.00000	0.00000	1	81.11
supersonic_run	69	-0.0000	-1658.7345	16.9824	-0.0014	2308.2446	8.5232	-0.00000	0.99995	-0.00953	-0.00000	0.00953	0.99995	-0.00076	-0.00000	0.00000	1	80.83
supersonic_run	70	-0.0000	-1639.4945	16.9824	-0.0014	2308.2446	8.5232	-0.00000	0.99995	-0.00953	-0.00000	0.00953	0.99995	-0.00076	-0.00000	0.00000	1	80.56
supersonic_run	71	-0.0000	-1620.2545	16.9824	-0.0014	2308.2446	8.5232	-0.00000	0.99995	-0.00953	-0.00000	0.00953	0.99995	-0.00076	-0.00000	0.00000	1	80.28
supersonic_run	72	-0.0000	-1601.0145	16.9824	-0.0014	2308.2446	8.5232	-0.00000	0.99995	-0.00953	-0.00000	0.00953	0.99995	-0.00076	-0.00000	0.00000	1	80.00
supersonic_run	73	-0.0000	-1581.7745	16.9824	-0.0014	2308.2446	8.5232	-0.00000	0.99995	-0.00953	-0.00000	0.00953	0.99995	-0.00076	-0.00000	0.00000	1	79.72
supersonic_run	74	-0.0000	-1562.5345	16.9824	-0.0014	2308.2446	8.5232	-0.00000	0.99995	-0.00953	-0.00000	0.00953	0.99995	-0.00076	-0.00000	0.00000	1	79.44
supersonic_run	75	-0.0000	-1543.2947	16.9824	-0.0014	2308.2446	8.5232	-0.00000	0.99995	-0.00953	-0.00000	0.00953	0.99995	-0.00076	-0.00000	0.00000	1	79.17
supersonic_run	76	-0.0000	-1524.0547	16.9824	-0.0014	2308.2446	8.5232	-0.00000	0.99995	-0.00953	-0.00000	0.00953	0.99995	-0.00076	-0.00000	0.00000	1	78.89
supersonic_run	77	-0.0000	-1504.8147	16.9824	-0.0014	2308.2446	8.5232	-0.00000	0.99995	-0.00953	-0.00000	0.00953	0.99995	-0.00076	-0.00000	0.00000	1	78.61
supersonic_run	78	-0.0000	-1485.5747	16.9824	-0.0014	2308.2446	8.5232	-0.00000	0.99995	-0.00953	-0.00000	0.00953	0.99995	-0.00076	-0.00000	0.00000	1	78.33
supersonic_run	79	-0.0000	-1466.3345	16.9824	-0.0014	2308.2446	8.5232	-0.00000	0.99995	-0.00953	-0.00000	0.00953	0.99995	-0.00076	-0.00000	0.00000	1	78.06
supersonic_run	80	-0.0000	-1447.0945	16.9824	-0.0014	2308.2446	8.5232	-0.00000	0.99995	-0.00953	-0.00000	0.00953	0.99995	-0.00076	-0.00000	0.00000	1	77.78
supersonic_run	81	-0.0000	-1427.8545	16.9824	-0.0014	2308.2446	8.5232	-0.00000	0.99995	-0.00953	-0.00000	0.00953	0.99995	-0.00076	-0.00000	0.00000	1	77.50
supersonic_run	82	-0.0000	-1408.6145	16.9824	-0.0014	2308.2446	8.5232	-0.00000	0.99995	-0.00953	-0.00000	0.00953	0.99995	-0.00076	-0.00000	0.00000	1	77.22
supersonic_run	83	-0.0000	-1389.3745	16.9824	-0.0014	2308.2446	8.5232	-0.00000	0.99995	-0.00953	-0.00000	0.00953	0.99995	-0.00076	-0.00000	0.00000	1	76.94
supersonic_run	84	-0.0000	-1370.1345	16.9824	-0.0014	2308.2446	8.5232	-0.00000	0.99995	-0.00953	-0.00000	0.00953	0.99995	-0.00076	-0.00000	0.00000	1	76.67
supersonic_run	85	-0.0000	-1350.8945	16.9824	-0.0014	2308.2446	8.5232	-0.00000	0.99995	-0.00953	-0.00000	0.00953	0.99995	-0.00076	-0.00000	0.00000	1	76.39
supersonic_run	86	-0.0000	-1331.6545	16.9824	-0.0014	2308.2446	8.5232	-0.00000	0.99995	-0.00953	-0.00000	0.00953	0.99995	-0.00076	-0.00000	0.00000	1	76.11
supersonic_run	87	-0.0000	-1312.4146	16.9824	-0.0014	2308.2446	8.5232	-0.00000	0.99995	-0.00953	-0.00000	0.00953	0.99995	-0.00076	-0.00000	0.00000	1	75.83
supersonic_run	88	-0.0000	-1293.1746	16.9824	-0.0014	2308.2446	8.5232	-0.00000	0.99995	-0.00953	-0.00000	0.00953	0.99995	-0.00076	-0.00000	0.00000	1	75.56
supersonic_run	89	-0.0000	-1273.9346	16.9824	-0.0014	2308.2446	8.5232	-0.00000	0.99995	-0.00953	-0.00000	0.00953	0.99995	-0.00076	-0.00000	0.00000	1	75.28
supersonic_run	90	-0.0000	-1254.6947	16.9824	-0.0014	2308.2446	8.5232	-0.00000	0.99995	-0.00953	-0.00000	0.00953	0.99995	-0.00076	-0.00000	0.00000	1	75.00
supersonic_run	91	-0.0000	-1235.4546	16.9824	-0.0014	2308.2446	8.5232	-0.00000	0.99995	-0.00953	-0.00000	0.00953	0.99995	-0.00076	-0.00000	0.00000	1	74.72
supersonic_run	92	-0.0000	-1216.2146	16.9824	-0.0014	2308.2446	8.5232	-0.00000	0.99995	-0.00953	-0.00000	0.00953	0.99995	-0.00076	-0.00000	0.00000	1	74.44
supersonic_run	93	-0.0000	-1196.9746	16.9824	-0.0014	2308.2446	8.5232	-0.00000	0.99995	-0.00953	-0.00000	0.00953	0.99995	-0.00076	-0.00000	0.00000	1	86.17
supersonic_run	94	-0.0000	-1177.7346	16.9824	-0.0014	2308.2446	8.5232	-0.00000	0.99995	-0.00953	-0.00000	0.00953	0.99995	-0.00076	-0.00000	0.00000	1	85.89
supersonic_run	95	-0.0000	-1158.4946	16.9824	-0.0014	2308.2446	8.5232	-0.00000	0.99995	-0.00953	-0.00000	0.00953	0.99995	-0.00076	-0.00000	0.00000	1	85.61
supersonic_run	96	-0.0000	-1139.2545	16.9824	-0.0014	2308.2446	8.5232	-0.00000	0.99995	-0.00953	-0.00000	0.00953	0.99995	-0.00076	-0.00000	0.00000	1	85.33
supersonic_run	97	-0.0000	-1120.0145	16.9824	-0.0014	2308.2446	8.5232	-0.00000	0.99995	-0.00953	-0.00000	0.00953	0.99995	-0.00076	-0.00000	0.00000	1	85.06
supersonic_run	98	-0.0000	-1100.7745	16.9824	-0.0014	2308.2446	8.5232	-0.00000	0.99995	-0.00953	-0.00000	0.00953	0.99995	-0.00076	-0.00000	0.00000	1	84.78
supersonic_run	99	-0.0000	-1081.5345	16.9824	-0.0014	2308.2446	8.5232	-0.00000	0.99995	-0.00953	-0.00000	0.00953	0.99995	-0.00076	-0.00000	0.00000	1	84.50
supersonic_run	100	-0.0000	-1062.2946	16.9824	-0.0014	2308.2446	8.5232	-0.00000	0.99995	-0.00953	-0.00000	0.00953	0.99995	-0.00076	-0.00000	0.00000	1	84.22
supersonic_run	101	-0.0000	-1043.0546	16.9824	-0.0014	2308.2446	8.5232	-0.00000	0.99995	-0.00953	-0.00000	0.00953	0.99995	-0.00076	-0.00000	0.00000	1	83.94
supersonic_run	102	-0.0000	-1023.8146	16.9824	-0.0014	2308.2446	8.5232	-0.00000	0.99995	-0.00953	-0.00000	0.00953	0.99995	-0.00076	-0.00000	0.00000	1	83.67
supersonic_run	103	-0.0000	-1004.5746	16.9824	-0.0014	2308.2446	8.5232	-0.00000	0.99995	-0.00953	-0.00000	0.00953	0.99995	-0.00076	-0.00000	0.00000	1	83.39
supersonic_run	104	-0.0000	-985.3346	16.9824	-0.0014	2308.2446	8.5232	-0.00000	0.99995	-0.00953	-0.00000	0.00953	0.99995	-0.00076	-0.00000	0.00000	1	83.11
supersonic_run	105	-0.0000	-966.0946	16.9824	-0.0014	2308.2446	8.5232	-0.00000	0.99995	-0.00953	-0.00000	0.00953	0.99995	-0.00076	-0.00000	0.00000	1	82.83
supersonic_run	106	-0.0000	-946.8546	16.9824	-0.0014	2308.2446	8.5232	-0.00000	0.99995	-0.00953	-0.00000	0.00953	0.99995	-0.00076	-0.00000	0.00000	1	82.56
supersonic_run	107	-0.0000	-927.6146	16.9824	-0.0014	2308.2446	8.5232	-0.00000	0.99995	-0.00953	-0.00000	0.00953	0.99995	-0.00076	-0.00000	0.00000	1	82.28
supersonic_run	108	-0.0000	-908.3746	16.9824	-0.0014	2308.2446	8.5232	-0.00000	0.99995	-0.00953	-0.00000	0.00953	0.99995	-0.00076	-0.00000	0.00000	1	82.00
supersonic_run	109	-0.0000	-889.1346	16.9824	-0.0014	2308.2446	8.5232	-0.00000	0.99995	-0.00953	-0.00000	0.00953	0.99995	-0.00076	-0.00000	0.00000	1	81.72
supersonic_run	110	-0.0000	-869.8946	16.9824	-0.0014	2308.2446	8.5232	-0.00000	0.99995	-0.00953	-0.00000	0.00953	0.99995	-0.00076	-0.00000	0.00000	1	81.44
supersonic_run	111	-0.0000	-850.6546	16.9824	-0.0014	2308.2446	8.5232	-0.00000	0.99995	-0.00953	-0.00000	0.00953	0.99995	-0.00076	-0.00000	0.00000	1	81.17
supersonic_run	112	-0.0000	-831.4146	16.9824	-0.0014	2308.2446	8.5232	-0.00000	0.99995	-0.00953	-0.00000	0.00953	0.99995	-0.00076	-0.00000	0.00000	1	80.89
supersonic_run	113	-0.0000	-812.1746	16.9824	-0.0014	2308.2446	8.5232	-0.00000	0.99995	-0.00953	-0.00000	0.00953	0.99995	-0.00076	-0.00000	0.00000	1	80.61
supersonic_run	114	-0.0000	-792.9346	16.9824	-0.0014	2308.2446	8.5232	-0.00000	0.99995	-0.00953	-0.00000	0.00953	0.99995	-0.00076	-0.00000	0.00000	1	80.33
supersonic_run	115	-0.0000	-773.6946	16.9824	-0.0014	2308.2446	8.5232	-0.00000	0.99995	-0.00953	-0.00000	0.00953	0.99995	-0.00076	-0.00000	0.00000	1	80.06
supersonic_run	116	-0.0000	-754.4546	16.9824	-0.0014	2308.2446	8.5232	-0.00000	0.99995	-0.00953	-0.00000	0.00953	0.99995	-0.00076	-0.00000	0.00000	1	79.78
supersonic_run	117	-0.0000	-735.2146	16.9824	-0.0014	2308.2446	8.5232	-0.00000	0.99995	-0.00953	-0.00000	0.00953	0.99995	-0.00076	-0.00000	0.00000	1	79.50
supersonic_run	118	-0.0000	-715.9746	16.9824	-0.0014	2308.2446	8.5232	-0.00000	0.99995	-0.00953	-0.00000	0.00953	0.99995	-0.00076	-0.00000	0.00000	1	79.22
supersonic_run	119	-0.0000	-696.7346	16.9824	-0.0014	2308.2446	8.5232	-0.00000	0.99995	-0.00953	-0.00000	0.00953	0.99995	-0.00076	-0.00000	0.00000	1	78.94
supersonic_run	120	-0.0000	-677.4946	16.9824	-0.0014	2308.2446	8.5232	-0.00000	0.99995	-0.00953	-0.00000	0.00953	0.99995	-0.00076	-0.00000	0.00000	1	78.67
supersonic_run	121	-0.0000	-658.2546	16.9824	-0.0014	2308.2446	8.5232	-0.00000	0.99995	-0.00953	-0.00000	0.00953	0.99995	-0.00076	-0.00000	0.00000	1	78.39
supersonic_run	122	-0.0000	-639.0146	16.9824	-0.0014	2308.2446	8.5232	-0.00000	0.99995	-0.00953	-0.00000	0.00953	0.99995	-0.00076	-0.00000	0.00000	1	78.11
supersonic_run	123	-0.0000	-619.7747	16.9824	-0.0014	2308.2446	8.5232	-0.00000	0.99995	-0.00953	-0.00000	0.00953	0.99995	-0.00076	-0.00000	0.00000	1	77.83
supersonic_run	124	-0.0000	-600.5346	16.9824	-0.0014	2308.2446	8.5232	-0.00000	0.99995	-0.00953	-0.00000	0.00953	0.99995	-0.00076	-0.00000	0.00000	1	77.56
supersonic_run	125	-0.0000	-581.2946	16.9824	-0.0014	2308.2446	8.5232	-0.00000	0.99995	-0.00953	-0.00000	0.00953	0.99995	-0.00076	-0.00000	0.00000	1	77.28
supersonic_run	126	-0.0000	-562.0546	16.9824	-0.0014	2308.2446	8.5232	-0.00000	0.99995	-0.00953	-0.00000	0.00953	0.99995	-0.00076	-0.00000	0.00000	1	77.00
supersonic_run	127	-0.0000	-542.8146	16.9824	-0.0014	2308.2446	8.5232	-0.00000	0.99995	-0.00953	-0.00000	0.00953	0.99995	-0.00076	-0.00000	0.00000	1	76.72
supersonic_run	128	-0.0000	-523.5746	16.9824	-0.0014	2308.2446	8.5232	-0.00000	0.99995	-0.00953	-0.00000	0.00953	0.99995	-0.00076	-0.00000	0.00000	1	76.44
supersonic_run	129	-0.0000	-504.3347	16.9824	-0.0014	2308.2446	8.5232	-0.00000	0.99995	-0.00953	-0.00000	0.00953	0.99995	-0.00076	-0.00000	0.00000	1	76.17
supersonic_run	130	-0.0000	-485.0946	16.9824	-0.0014	2308.2446	8.5232	-0.00000	0.99995	-0.00953	-0.00000	0.00953	0.99995	-0.00076	-0.00000	0.00000	1	75.89
supersonic_run	131	-0.0000	-465.8546	16.9824	-0.0014	2308.2446	8.5232	-0.00000	0.99995	-0.00953	-0.00000	0.00953	0.99995	-0.00076	-0.00000	0.00000	1	75.61
supersonic_run	132	-0.0000	-446.6147	16.9824	-0.0014	2308.2446	8.5232	-0.00000	0.99995	-0.00953	-0.00000	0.00953	0.99995	-0.00076	-0.00000	0.00000	1	75.33
supersonic_run	133	-0.0000	-427.3746	16.9824	-0.0014	2308.2446	8.5232	-0.00000	0.99995	-0.00953	-0.00000	0.00953	0.99995	-0.00076	-0.00000	0.00000	1	75.06
supersonic_run	134	-0.0000	-408.1346	16.9824	-0.0014	2308.2446	8.5232	-0.00000	0.99995	-0.00953	-0.00000	0.00953	0.99995	-0.00076	-0.00000	0.00000	1	74.78
supersonic_run	135	-0.0000	-388.8946	16.9824	-0.0014	2308.2446	8.5232	-0.00000	0.99995	-0.00953	-0.00000	0.00953	0.99995	-0.00076	-0.00000	0.00000	1	74.50
supersonic_run	136	-0.0000	-369.6546	16.9824	-0.0014	2308.2446	8.5232	-0.00000	0.99995	-0.00953	-0.00000	0.00953	0.99995	-0.00076	-0.00000	0.00000	1	74.22
supersonic_run	137	-0.0000	-350.4146	16.9824	-0.0014	2308.2446	8.5232	-0.00000	0.99995	-0.00953	-0.00000	0.00953	0.99995	-0.00076	-0.00000	0.00000	1	73.94
supersonic_run	138	-0.0000	-331.1746	16.9824	-0.0014	2308.2446	8.5232	-0.00000	0.99995	-0.00953	-0.00000	0.00953	0.99995	-0.00076	-0.00000	0.00000	1	73.67
supersonic_run	139	-0.0000	-311.9346	16.9824	-0.0014	2308.2446	8.5232	-0.00000	0.99995	-0.00953	-0.00000	0.00953	0.99995	-0.00076	-0.00000	0.00000	1	73.39
supersonic_run	140	-0.0000	-292.6946	16.9824	-0.0014	2308.2446	8.5232	-0.00000	0.99995	-0.00953	-0.00000	0.00953	0.99995	-0.00076	-0.00000	0.00000	1	73.11
supersonic_run	141	-0.0000	-273.4546	16.9824	-0.0014	2308.2446	8.5232	-0.00000	0.99995	-0.00953	-0.00000	0.00953	0.99995	-0.00076	-0.00000	0.00000	1	72.83
supersonic_run	142	-0.0000	-254.2146	16.9824	-0.0014	2308.2446	8.5232	-0.00000	0.99995	-0.00953	-0.00000	0.00953	0.99995	-0.00076	-0.00000	0.00000	1	72.56
supersonic_run	143	-0.0000	-234.9746	16.9824	-0.0014	2308.2446	8.5232	-0.00000	0.99995	-0.00953	-0.00000	0.00953	0.99995	-0.00076	-0.00000	0.00000	1	72.28
supersonic_run	144	-0.0000	-215.7346	16.9824	-0.0014	2308.2446	8.5232	-0.00000	0.99995	-0.00953	-0.00000	0.00953	0.99995	-0.00076	-0.00000	0.00000	1	72.00
supersonic_run	145	-0.0000	-196.4946	16.9824	-0.0014	2308.2446	8.5232	-0.00000	0.99995	-0.00953	-0.00000	0.00953	0.99995	-0.00076	-0.00000	0.00000	1	71.72
supersonic_run	146	-0.0000	-177.2546	16.9824	-0.0014	2308.2446	8.5232	-0.00000	0.99995	-0.00953	-0.00000	0.00953	0.99995	-0.00076	-0.00000	0.00000	1	71.44
supersonic_run	147	-0.0000	-158.0146	16.9824	-0.0014	2308.2446	8.5232	-0.00000	0.99995	-0.00953	-0.00000	0.00953	0.99995	-0.00076	-0.00000	0.00000	1	71.17
supersonic_run	148	-0.0000	-138.7746	16.9824	-0.0014	2308.2446	8.5232	-0.00000	0.99995	-0.00953	-0.00000	0.00953	0.99995	-0.00076	-0.00000	0.00000	1	70.89
supersonic_run	149	-0.0000	-119.5346	16.9824	-0.0014	2308.2446	8.5232	-0.00000	0.99995	-0.00953	-0.00000	0.00953	0.99995	-0.00076	-0.00000	0.00000	1	70.61
supersonic_run	150	-0.0000	-100.2946	16.9824	-0.0014	2308.2446	8.5232	-0.00000	0.99995	-0.00953	-0.00000	0.00953	0.99995	-0.00076	-0.00000	0.00000	1	70.33
supersonic_run	151	-0.0000	-81.0546	16.9824	-0.0014	2308.2446	8.5232	-0.00000	0.99995	-0.00953	-0.00000	0.00953	0.99995	-0.00076	-0.00000	0.00000	1	70.06
supersonic_run	152	-0.0000	-61.8146	16.9824	-0.0014	2308.2446	8.5232	-0.00000	0.99995	-0.00953	-0.00000	0.00953	0.99995	-0.00076	-0.00000	0.00000	1	69.78
supersonic_run	153	-0.0000	-42.5746	16.9824	-0.0014	2308.2446	8.5232	-0.00000	0.99995	-0.00953	-0.00000	0.00953	0.99995	-0.00076	-0.00000	0.00000	1	69.50
supersonic_run	154	-0.0000	-23.3346	16.9824	-0.0014	2308.2446	8.5232	-0.00000	0.99995	-0.00953	-0.00000	0.00953	0.99995	-0.00076	-0.00000	0.00000	1	69.22
supersonic_run	155	-0.0000	-4.0946	16.9824	-0.0014	2308.2446	8.5232	-0.00000	0.99995	-0.00953	-0.00000	0.00953	0.99995	-0.00076	-0.00000	0.00000	1	68.94
supersonic_run	156	-0.0000	15.1454	16.9824	-0.0014	2308.2446	8.5232	-0.00000	0.99995	-0.00953	-0.00000	0.00953	0.99995	-0.00076	-0.00000	0.00000	1	68.67
supersonic_run	157	-0.0000	34.3854	16.9824	-0.0014	2308.2446	8.5232	-0.00000	0.99995	-0.00953	-0.00000	0.00953	0.99995	-0.00076	-0.00000	0.00000	1	68.39
supersonic_run	158	-0.0000	53.6254	16.9824	-0.0014	2308.2446	8.5232	-0.00000	0.99995	-0.00953	-0.00000	0.00953	0.99995	-0.00076	-0.00000	0.00000	1	68.11
supersonic_run	159	-0.0000	72.8654	16.9824	-0.0014	2308.2446	8.5232	-0.00000	0.99995	-0.00953	-0.00000	0.00953	0.99995	-0.00076	-0.00000	0.00000	1	67.83
supersonic_run	160	-0.0000	92.1054	16.9824	-0.0014	2308.2446	8.5232	-0.00000	0.99995	-0.00953	-0.00000	0.00953	0.99995	-0.00076	-0.00000	0.00000	1	67.56
supersonic_run	161	-0.0000	111.3454	16.9824	-0.0014	2308.2446	8.5232	-0.00000	0.99995	-0.00953	-0.00000	0.00953	0.99995	-0.00076	-0.00000	0.00000	1	67.28
supersonic_run	162	-0.0000	130.5854	16.9824	-0.0014	2308.2446	8.5232	-0.00000	0.99995	-0.00953	-0.00000	0.00953	0.99995	-0.00076	-0.00000	0.00000	1	67.00
supersonic_run	163	-0.0000	149.8254	16.9824	-0.0014	2308.2446	8.5232	-0.00000	0.99995	-0.00953	-0.00000	0.00953	0.99995	-0.00076	-0.00000	0.00000	1	66.72
supersonic_run	164	-0.0000	169.0654	16.9824	-0.0014	2308.2446	8.5232	-0.00000	0.99995	-0.00953	-0.00000	0.00953	0.99995	-0.00076	-0.00000	0.00000	1	66.44
supersonic_run	165	-0.0000	188.3054	16.9824	-0.0014	2308.2446	8.5232	-0.00000	0.99995	-0.00953	-0.00000	0.00953	0.99995	-0.00076	-0.00000	0.00000	1	66.17
supersonic_run	166	-0.0000	207.5454	16.9824	-0.0014	2308.2446	8.5232	-0.00000	0.99995	-0.00953	-0.00000	0.00953	0.99995	-0.00076	-0.00000	0.00000	1	65.89
supersonic_run	167	-0.0000	226.7854	16.9824	-0.0014	2308.2446	8.5232	-0.00000	0.99995	-0.00953	-0.00000	0.00953	0.99995	-0.00076	-0.00000	0.00000	1	65.61
supersonic_run	168	-0.0000	246.0254	16.9824	-0.0014	2308.2446	8.5232	-0.00000	0.99995	-0.00953	-0.00000	0.00953	0.99995	-0.00076	-0.00000	0.00000	1	65.33
supersonic_run	169	-0.0000	265.2654	16.9824	-0.0014	2308.2446	8.5232	-0.00000	0.99995	-0.00953	-0.00000	0.00953	0.99995	-0.00076	-0.00000	0.00000	1	65.06
supersonic_run	170	-0.0000	284.5054	16.9824	-0.0014	2308.2446	8.5232	-0.00000	0.99995	-0.00953	-0.00000	0.00953	0.99995	-0.00076	-0.00000	0.00000	1	64.78
supersonic_run	171	-0.0000	303.7454	16.9824	-0.0014	2308.2446	8.5232	-0.00000	0.99995	-0.00953	-0.00000	0.00953	0.99995	-0.00076	-0.00000	0.00000	1	64.50
supersonic_run	172	-0.0000	322.9854	16.9824	-0.0014	2308.2446	8.5232	-0.00000	0.99995	-0.00953	-0.00000	0.00953	0.99995	-0.00076	-0.00000	0.00000	1	64.22
supersonic_run	173	-0.0000	342.2254	16.9824	-0.0014	2308.2446	8.5232	-0.00000	0.99995	-0.00953	-0.00000	0.00953	0.99995	-0.00076	-0.00000	0.00000	1	63.94
supersonic_run	174	-0.0000	361.4654	16.9824	-0.0014	2308.2446	8.5232	-0.00000	0.99995	-0.00953	-0.00000	0.00953	0.99995	-0.00076	-0.00000	0.00000	1	63.67
supersonic_run	175	-0.0000	380.7054	16.9824	-0.0014	2308.2446	8.5232	-0.00000	0.99995	-0.00953	-0.00000	0.00953	0.99995	-0.00076	-0.00000	0.00000	1	63.39
supersonic_run	176	-0.0000	399.9453	16.9824	-0.0014	2308.2446	8.5232	-0.00000	0.99995	-0.00953	-0.00000	0.00953	0.99995	-0.00076	-0.00000	0.00000	1	63.11
supersonic_run	177	-0.0000	419.1854	16.9824	-0.0014	2308.2446	8.5232	-0.00000	0.99995	-0.00953	-0.00000	0.00953	0.99995	-0.00076	-0.00000	0.00000	1	62.83
supersonic_run	178	-0.0000	438.4254	16.9824	-0.0014	2308.2446	8.5232	-0.00000	0.99995	-0.00953	-0.00000	0.00953	0.99995	-0.00076	-0.00000	0.00000	1	62.56
supersonic_run	179	-0.0000	457.6653	16.9824	-0.0014	2308.2446	8.5232	-0.00000	0.99995	-0.00953	-0.00000	0.00953	0.99995	-0.00076	-0.00000	0.00000	1	62.28
supersonic_run	180	-0.0000	476.9054	16.9824	-0.0014	2308.2446	8.5232	-0.00000	0.99995	-0.00953	-0.00000	0.00953	0.99995	-0.00076	-0.00000	0.00000	1	62.00
supersonic_run	181	-0.0000	496.1454	16.9824	-0.0014	2308.2446	8.5232	-0.00000	0.99995	-0.00953	-0.00000	0.00953	0.99995	-0.00076	-0.00000	0.00000	1	61.72
supersonic_run	182	-0.0000	515.3853	16.9824	-0.0014	2308.2446	8.5232	-0.00000	0.99995	-0.00953	-0.00000	0.00953	0.99995	-0.00076	-0.00000	0.00000	1	61.44
supersonic_run	183	-0.0000	534.6254	16.9824	-0.0014	2308.2446	8.5232	-0.00000	0.99995	-0.00953	-0.00000	0.00953	0.99995	-0.00076	-0.00000	0.00000	1	61.17
supersonic_run	184	-0.0000	553.8654	16.9824	-0.0014	2308.2446	8.5232	-0.00000	0.99995	-0.00953	-0.00000	0.00953	0.99995	-0.00076	-0.00000	0.00000	1	60.89
supersonic_run	185	-0.0000	573.1053	16.9824	-0.0014	2308.2446	8.5232	-0.00000	0.99995	-0.00953	-0.00000	0.00953	0.99995	-0.00076	-0.00000	0.00000	1	60.61
supersonic_run	186	-0.0000	592.3453	16.9824	-0.0014	2308.2446	8.5232	-0.00000	0.99995	-0.00953	-0.00000	0.00953	0.99995	-0.00076	-0.00000	0.00000	1	60.33
supersonic_run	187	-0.0000	611.5853	16.9824	-0.0014	2308.2446	8.5232	-0.00000	0.99995	-0.00953	-0.00000	0.00953	0.99995	-0.00076	-0.00000	0.00000	1	60.06
supersonic_run	188	-0.0000	630.8254	16.9824	-0.0014	2308.2446	8.5232	-0.00000	0.99995	-0.00953	-0.00000	0.00953	0.99995	-0.00076	-0.00000	0.00000	1	59.78
supersonic_run	189	-0.0000	650.0654	16.9824	-0.0014	2308.2446	8.5232	-0.00000	0.99995	-0.00953	-0.00000	0.00953	0.99995	-0.00076	-0.00000	0.00000	1	59.50
supersonic_run	190	-0.0000	669.3054	16.9824	-0.0014	2308.2446	8.5232	-0.00000	0.99995	-0.00953	-0.00000	0.00953	0.99995	-0.00076	-0.00000	0.00000	1	59.22
supersonic_run	191	-0.0000	688.5453	16.9824	-0.0014	2308.2446	8.5232	-0.00000	0.99995	-0.00953	-0.00000	0.00953	0.99995	-0.00076	-0.00000	0.00000	1	58.94
supersonic_run	192	-0.0000	707.7853	16.9824	-0.0014	2308.2446	8.5232	-0.00000	0.99995	-0.00953	-0.00000	0.00953	0.99995	-0.00076	-0.00000	0.00000	1	58.67
supersonic_run	193	-0.0000	727.0253	16.9824	-0.0014	2308.2446	8.5232	-0.00000	0.99995	-0.00953	-0.00000	0.00953	0.99995	-0.00076	-0.00000	0.00000	1	58.39
supersonic_run	194	-0.0000	746.2654	16.9824	-0.0014	2308.2446	8.5232	-0.00000	0.99995	-0.00953	-0.00000	0.00953	0.99995	-0.00076	-0.00000	0.00000	1	58.11
supersonic_run	195	-0.0000	765.5054	16.9824	-0.0014	2308.2446	8.5232	-0.00000	0.99995	-0.00953	-0.00000	0.00953	0.99995	-0.00076	-0.00000	0.00000	1	57.83
supersonic_run	196	-0.0000	784.7454	16.9824	-0.0014	2308.2446	8.5232	-0.00000	0.99995	-0.00953	-0.00000	0.00953	0.99995	-0.00076	-0.00000	0.00000	1	57.56
supersonic_run	197	-0.0000	803.9854	16.9824	-0.0014	2308.2446	8.5232	-0.00000	0.99995	-0.00953	-0.00000	0.00953	0.99995	-0.00076	-0.00000	0.00000	1	57.28
supersonic_run	198	-0.0000	823.2254	16.9824	-0.0014	2308.2446	8.5232	-0.00000	0.99995	-0.00953	-0.00000	0.00953	0.99995	-0.00076	-0.00000	0.00000	1	57.00
supersonic_run	199	-0.0000	842.4654	16.9824	-0.0014	2308.2446	8.5232	-0.00000	0.99995	-0.00953	-0.00000	0.00953	0.99995	-0.00076	-0.00000	0.00000	1	56.72
supersonic_run	200	-0.0000	861.7054	16.9824	-0.0014	2308.2446	8.5232	-0.00000	0.99995	-0.00953	-0.00000	0.00953	0.99995	-0.00076	-0.00000	0.00000	1	68.44
supersonic_run	201	-0.0000	880.9454	16.9824	-0.0014	2308.2446	8.5232	-0.00000	0.99995	-0.00953	-0.00000	0.00953	0.99995	-0.00076	-0.00000	0.00000	1	68.17
supersonic_run	202	-0.0000	900.1854	16.9824	-0.0014	2308.2446	8.5232	-0.00000	0.99995	-0.00953	-0.00000	0.00953	0.99995	-0.00076	-0.00000	0.00000	1	67.89
supersonic_run	203	-0.0000	919.4254	16.9824	-0.0014	2308.2446	8.5232	-0.00000	0.99995	-0.00953	-0.00000	0.00953	0.99995	-0.00076	-0.00000	0.00000	1	67.61
supersonic_run	204	-0.0000	938.6654	16.9824	-0.0014	2308.2446	8.5232	-0.00000	0.99995	-0.00953	-0.00000	0.00953	0.99995	-0.00076	-0.00000	0.00000	1	67.33
supersonic_run	205	-0.0000	957.9054	16.9824	-0.0014	2308.2446	8.5232	-0.00000	0.99995	-0.00953	-0.00000	0.00953	0.99995	-0.00076	-0.00000	0.00000	1	67.06
supersonic_run	206	-0.0000	977.1454	16.9824	-0.0014	2308.2446	8.5232	-0.00000	0.99995	-0.00953	-0.00000	0.00953	0.99995	-0.00076	-0.00000	0.00000	1	66.78
supersonic_run	207	-0.0000	996.3854	16.9824	-0.0014	2308.2446	8.5232	-0.00000	0.99995	-0.00953	-0.00000	0.00953	0.99995	-0.00076	-0.00000	0.00000	1	66.50
supersonic_run	208	-0.0000	1015.6254	16.9824	-0.0014	2308.2446	8.5232	-0.00000	0.99995	-0.00953	-0.00000	0.00953	0.99995	-0.00076	-0.00000	0.00000	1	66.22
supersonic_run	209	-0.0000	1034.8654	16.9824	-0.0014	2308.2446	8.5232	-0.00000	0.99995	-0.00953	-0.00000	0.00953	0.99995	-0.00076	-0.00000	0.00000	1	65.94
supersonic_run	210	-0.0000	1054.1053	16.9824	-0.0014	2308.2446	8.5232	-0.00000	0.99995	-0.00953	-0.00000	0.00953	0.99995	-0.00076	-0.00000	0.00000	1	65.67
supersonic_run	211	-0.0000	1073.3453	16.9824	-0.0014	2308.2446	8.5232	-0.00000	0.99995	-0.00953	-0.00000	0.00953	0.99995	-0.00076	-0.00000	0.00000	1	65.39
supersonic_run	212	-0.0000	1092.5853	16.9824	-0.0014	2308.2446	8.5232	-0.00000	0.99995	-0.00953	-0.00000	0.00953	0.99995	-0.00076	-0.00000	0.00000	1	65.11
supersonic_run	213	-0.0000	1111.8253	16.9824	-0.0014	2308.2446	8.5232	-0.00000	0.99995	-0.00953	-0.00000	0.00953	0.99995	-0.00076	-0.00000	0.00000	1	64.83
supersonic_run	214	-0.0000	1131.0654	16.9824	-0.0014	2308.2446	8.5232	-0.00000	0.99995	-0.00953	-0.00000	0.00953	0.99995	-0.00076	-0.00000	0.00000	1	64.56
supersonic_run	215	-0.0000	1150.3054	16.9824	-0.0014	2308.2446	8.5232	-0.00000	0.99995	-0.00953	-0.00000	0.00953	0.99995	-0.00076	-0.00000	0.00000	1	64.28
supersonic_run	216	-0.0000	1169.5454	16.9824	-0.0014	2308.2446	8.5232	-0.00000	0.99995	-0.00953	-0.00000	0.00953	0.99995	-0.00076	-0.00000	0.00000	1	64.00
supersonic_run	217	-0.0000	1188.7854	16.9824	-0.0014	2308.2446	8.5232	-0.00000	0.99995	-0.00953	-0.00000	0.00953	0.99995	-0.00076	-0.00000	0.00000	1	63.72
supersonic_run	218	-0.0000	1208.0254	16.9824	-0.0014	2308.2446	8.5232	-0.00000	0.99995	-0.00953	-0.00000	0.00953	0.99995	-0.00076	-0.00000	0.00000	1	63.44
supersonic_run	219	-0.0000	1227.2654	16.9824	-0.0014	2308.2446	8.5232	-0.00000	0.99995	-0.00953	-0.00000	0.00953	0.99995	-0.00076	-0.00000	0.00000	1	63.17
supersonic_run	220	-0.0000	1246.5054	16.9824	-0.0014	2308.2446	8.5232	-0.00000	0.99995	-0.00953	-0.00000	0.00953	0.99995	-0.00076	-0.00000	0.00000	1	62.89
supersonic_run	221	-0.0000	1265.7454	16.9824	-0.0014	2308.2446	8.5232	-0.00000	0.99995	-0.00953	-0.00000	0.00953	0.99995	-0.00076	-0.00000	0.00000	1	62.61
supersonic_run	222	-0.0000	1284.9854	16.9824	-0.0014	2308.2446	8.5232	-0.00000	0.99995	-0.00953	-0.00000	0.00953	0.99995	-0.00076	-0.00000	0.00000	1	62.33
supersonic_run	223	-0.0000	1304.2253	16.9824	-0.0014	2308.2446	8.5232	-0.00000	0.99995	-0.00953	-0.00000	0.00953	0.99995	-0.00076	-0.00000	0.00000	1	62.06
supersonic_run	224	-0.0000	1323.4653	16.9824	-0.0014	2308.2446	8.5232	-0.00000	0.99995	-0.00953	-0.00000	0.00953	0.99995	-0.00076	-0.00000	0.00000	1	61.78
supersonic_run	225	-0.0000	1342.7053	16.9824	-0.0014	2308.2446	8.5232	-0.00000	0.99995	-0.00953	-0.00000	0.00953	0.99995	-0.00076	-0.00000	0.00000	1	61.50
supersonic_run	226	-0.0000	1361.9453	16.9824	-0.0014	2308.2446	8.5232	-0.00000	0.99995	-0.00953	-0.00000	0.00953	0.99995	-0.00076	-0.00000	0.00000	1	61.22
supersonic_run	227	-0.0000	1381.1853	16.9824	-0.0014	2308.2446	8.5232	-0.00000	0.99995	-0.00953	-0.00000	0.00953	0.99995	-0.00076	-0.00000	0.00000	1	60.94
supersonic_run	228	-0.0000	1400.4253	16.9824	-0.0014	2308.2446	8.5232	-0.00000	0.99995	-0.00953	-0.00000	0.00953	0.99995	-0.00076	-0.00000	0.00000	1	60.67
supersonic_run	229	-0.0000	1419.6653	16.9824	-0.0014	2308.2446	8.5232	-0.00000	0.99995	-0.00953	-0.00000	0.00953	0.99995	-0.00076	-0.00000	0.00000	1	60.39
supersonic_run	230	-0.0000	1438.9053	16.9824	-0.0014	2308.2446	8.5232	-0.00000	0.99995	-0.00953	-0.00000	0.00953	0.99995	-0.00076	-0.00000	0.00000	1	60.11
supersonic_run	231	-0.0000	1458.1454	16.9824	-0.0014	2308.2446	8.5232	-0.00000	0.99995	-0.00953	-0.00000	0.00953	0.99995	-0.00076	-0.00000	0.00000	1	59.83
supersonic_run	232	-0.0000	1477.3854	16.9824	-0.0014	2308.2446	8.5232	-0.00000	0.99995	-0.00953	-0.00000	0.00953	0.99995	-0.00076	-0.00000	0.00000	1	59.56
supersonic_run	233	-0.0000	1496.6254	16.9824	-0.0014	2308.2446	8.5232	-0.00000	0.99995	-0.00953	-0.00000	0.00953	0.99995	-0.00076	-0.00000	0.00000	1	59.28
supersonic_run	234	-0.0000	1515.8654	16.9824	-0.0014	2308.2446	8.5232	-0.00000	0.99995	-0.00953	-0.00000	0.00953	0.99995	-0.00076	-0.00000	0.00000	1	59.00
supersonic_run	235	-0.0000	1535.1053	16.9824	-0.0014	2308.2446	8.5232	-0.00000	0.99995	-0.00953	-0.00000	0.00953	0.99995	-0.00076	-0.00000	0.00000	1	58.72
supersonic_run	236	-0.0000	1554.3453	16.9824	-0.0014	2308.2446	8.5232	-0.00000	0.99995	-0.00953	-0.00000	0.00953	0.99995	-0.00076	-0.00000	0.00000	1	58.44
supersonic_run	237	-0.0000	1573.5853	16.9824	-0.0014	2308.2446	8.5232	-0.00000	0.99995	-0.00953	-0.00000	0.00953	0.99995	-0.00076	-0.00000	0.00000	1	58.17
supersonic_run	238	-0.0000	1592.8253	16.9824	-0.0014	2308.2446	8.5232	-0.00000	0.99995	-0.00953	-0.00000	0.00953	0.99995	-0.00076	-0.00000	0.00000	1	57.89
supersonic_run	239	-0.0000	1612.0653	16.9824	-0.0014	2308.2446	8.5232	-0.00000	0.99995	-0.00953	-0.00000	0.00953	0.99995	-0.00076	-0.00000	0.00000	1	57.61
air_roll	0	0.0000	4.1667	799.9323	0.0000	500.0010	-8.1250	-0.00000	1.00000	0.00000	0.00000	0.00000	1.00000	0.00000	0.00000	0.00000	0	100.00
air_roll	1	0.0000	8.3367	799.8171	0.0000	500.0010	-13.5377	-0.00000	1.00000	0.00000	-0.00266	-0.00000	1.00000	0.00000	-0.31958	0.00000	0	100.00
air_roll	2	0.0000	12.5067	799.6621	0.0000	500.0010	-18.9477	-0.00000	1.00000	-0.00000	-0.00788	-0.00000	0.99997	0.00000	-0.62639	-0.00000	0	100.00
air_roll	3	0.0000	16.6767	799.4570	0.0000	500.0010	-24.3577	-0.00000	1.00000	-0.00000	-0.01556	-0.00000	0.99988	0.00000	-0.92095	0.00000	0	100.00
air_roll	4	0.0000	20.8467	799.2119	0.0000	500.0010	-29.7677	-0.00000	1.00000	-0.00000	-0.02559	-0.00000	0.99967	0.00000	-1.20374	0.00000	0	100.00
air_roll	5	0.0000	25.0167	798.9169	0.0000	500.0010	-35.1777	-0.00000	1.00000	-0.00000	-0.03787	-0.00000	0.99928	0.00000	-1.47523	0.00000	0	100.00
air_roll	6	0.0000	29.1867	798.5817	0.0000	500.0010	-40.5877	-0.00000	1.00000	-0.00000	-0.05232	-0.00000	0.99863	0.00000	-1.73588	0.00000	0	100.00
air_roll	7	0.0000	33.3567	798.1967	0.0000	500.0010	-45.9977	-0.00000	1.00000	-0.00000	-0.06884	-0.00000	0.99763	0.00000	-1.98611	0.00000	0	100.00
air_roll	8	0.0000	37.5267	797.7716	0.0000	500.0010	-51.4077	-0.00000	1.00000	-0.00000	-0.08734	-0.00000	0.99618	0.00000	-2.22635	0.00000	0	100.00
air_roll	9	0.0000	41.6967	797.2965	0.0000	500.0010	-56.8177	-0.00000	1.00000	-0.00000	-0.10772	-0.00000	0.99418	0.00000	-2.45699	0.00000	0	100.00
air_roll	10	0.0000	45.8667	796.7814	0.0000	500.0010	-62.2277	-0.00000	1.00000	-0.00000	-0.12988	-0.00000	0.99153	0.00000	-2.67842	0.00000	0	100.00
air_roll	11	0.0000	50.0367	796.2164	0.0000	500.0010	-67.6377	-0.00000	1.00000	-0.00000	-0.15373	-0.00000	0.98811	0.00000	-2.89100	0.00000	0	100.00
air_roll	12	0.0000	54.2067	795.6113	0.0000	500.0010	-73.0477	-0.00000	1.00000	-0.00000	-0.17916	-0.00000	0.98382	0.00000	-3.09509	0.00000	0	100.00
air_roll	13	0.0000	58.3767	794.9562	0.0000	500.0010	-78.4577	-0.00000	1.00000	-0.00000	-0.20607	-0.00000	0.97854	0.00000	-3.29103	0.00000	0	100.00
air_roll	14	0.0000	62.5467	794.2611	0.0000	500.0010	-83.8677	-0.00000	1.00000	-0.00000	-0.23435	-0.00000	0.97215	0.00000	-3.47914	0.00000	0	100.00
air_roll	15	0.0000	66.7167	793.5160	0.0000	500.0010	-89.2777	-0.00000	1.00000	-0.00000	-0.26388	-0.00000	0.96455	0.00000	-3.65973	0.00000	0	100.00
air_roll	16	0.0000	70.8867	792.7310	0.0000	500.0010	-94.6877	-0.00000	1.00000	-0.00000	-0.29455	-0.00000	0.95563	0.00000	-3.83311	0.00000	0	100.00
air_roll	17	0.0000	75.0567	791.8958	0.0000	500.0010	-100.0977	-0.00000	1.00000	-0.00000	-0.32624	-0.00000	0.94529	0.00000	-3.99957	0.00000	0	100.00
air_roll	18	0.0000	79.2267	791.0208	0.0000	500.0010	-105.5077	-0.00000	1.00000	-0.00000	-0.35880	-0.00000	0.93341	0.00000	-4.15938	0.00000	0	100.00
air_roll	19	0.0000	83.3967	790.0957	0.0000	500.0010	-110.9177	-0.00000	1.00000	-0.00000	-0.39211	-0.00000	0.91992	0.00000	-4.31280	0.00000	0	100.00
air_roll	20	0.0000	87.5667	789.1306	0.0000	500.0010	-116.3277	-0.00000	1.00000	-0.00000	-0.42602	-0.00000	0.90471	0.00000	-4.46009	0.00000	0	100.00
air_roll	21	0.0000	91.7367	788.1155	0.0000	500.0010	-121.7377	-0.00000	1.00000	-0.00000	-0.46039	-0.00000	0.88772	0.00000	-4.60150	0.00000	0	100.00
air_roll	22	0.0000	95.9067	787.0604	0.0000	500.0010	-127.1477	-0.00000	1.00000	-0.00000	-0.49507	-0.00000	0.86886	0.00000	-4.73726	0.00000	0	100.00
air_roll	23	0.0000	100.0767	785.9553	0.0000	500.0010	-132.5577	-0.00000	1.00000	-0.00000	-0.52989	-0.00000	0.84806	0.00000	-4.86760	0.00000	0	100.00
air_roll	24	0.0000	104.2467	784.8102	0.0000	500.0010	-137.9677	-0.00000	1.00000	-0.00000	-0.56471	-0.00000	0.82529	0.00000	-4.99273	0.00000	0	100.00
air_roll	25	0.0000	108.4167	783.6152	0.0000	500.0010	-143.3777	-0.00000	1.00000	-0.00000	-0.59935	-0.00000	0.80049	0.00000	-5.11286	0.00000	0	100.00
air_roll	26	0.0000	112.5867	782.3801	0.0000	500.0010	-148.7877	-0.00000	1.00000	-0.00000	-0.63365	-0.00000	0.77362	0.00000	-5.22820	0.00000	0	100.00
air_roll	27	0.0000	116.7567	781.0950	0.0000	500.0010	-154.1977	-0.00000	1.00000	-0.00000	-0.66743	-0.00000	0.74468	0.00000	-5.33892	0.00000	0	100.00
air_roll	28	0.0000	120.9267	779.7699	0.0000	500.0010	-159.6077	-0.00000	1.00000	-0.00000	-0.70052	-0.00000	0.71363	0.00000	-5.44523	0.00000	0	100.00
air_roll	29	0.0000	125.0967	778.3948	0.0000	500.0010	-165.0177	-0.00000	1.00000	-0.00000	-0.73275	-0.00000	0.68050	0.00000	-5.54728	0.00000	0	100.00
air_roll	30	0.0000	129.2667	776.9698	0.0000	500.0010	-170.4277	-0.00000	1.00000	-0.00000	-0.76369	-0.00000	0.64558	0.00000	-5.59987	0.00000	0	100.00
air_roll	31	0.0000	133.4367	775.5046	0.0000	500.0010	-175.8377	-0.00000	1.00000	-0.00000	-0.79298	-0.00000	0.60925	0.00000	-5.59987	0.00000	0	100.00
air_roll	32	0.0000	137.6067	773.9896	0.0000	500.0010	-181.2477	-0.00000	1.00000	-0.00000	-0.82054	-0.00000	0.57159	0.00000	-5.59987	0.00000	0	100.00
air_roll	33	0.0000	141.7767	772.4344	0.0000	500.0010	-186.6577	-0.00000	1.00000	-0.00000	-0.84631	-0.00000	0.53270	0.00000	-5.59987	0.00000	0	100.00
air_roll	34	0.0000	145.9467	770.8295	0.0000	500.0010	-192.0677	-0.00000	1.00000	-0.00000	-0.87024	-0.00000	0.49264	0.00000	-5.59987	0.00000	0	100.00
air_roll	35	0.0000	150.1167	769.1843	0.0000	500.0010	-197.4777	-0.00000	1.00000	-0.00000	-0.89227	-0.00000	0.45151	0.00000	-5.59987	0.00000	0	100.00
air_roll	36	0.0000	154.2867	767.4893	0.0000	500.0010	-202.8876	-0.00000	1.00000	-0.00000	-0.91236	-0.00000	0.40939	0.00000	-5.59987	0.00000	0	100.00
air_roll	37	0.0000	158.4567	765.7542	0.0000	500.0010	-208.2977	-0.00000	1.00000	-0.00000	-0.93046	-0.00000	0.36638	0.00000	-5.59987	0.00000	0	100.00
air_roll	38	0.0000	162.6267	763.9691	0.0000	500.0010	-213.7077	-0.00000	1.00000	-0.00000	-0.94654	-0.00000	0.32258	0.00000	-5.59987	0.00000	0	100.00
air_roll	39	0.0000	166.7967	762.1439	0.0000	500.0010	-219.1177	-0.00000	1.00000	-0.00000	-0.96056	-0.00000	0.27807	0.00000	-5.59987	0.00000	0	100.00
air_roll	40	0.0000	170.9667	760.2689	0.0000	500.0010	-224.5277	-0.00000	1.00000	-0.00000	-0.97249	-0.00000	0.23296	0.00000	-5.59987	0.00000	0	100.00
air_roll	41	0.0000	175.1367	758.3539	0.0000	500.0010	-229.9377	-0.00000	1.00000	-0.00000	-0.98229	-0.00000	0.18734	0.00000	-5.59987	0.00000	0	100.00
air_roll	42	0.0000	179.3067	756.3887	0.0000	500.0010	-235.3477	-0.00000	1.00000	-0.00000	-0.98996	-0.00000	0.14132	0.00000	-5.59987	0.00000	0	100.00
air_roll	43	0.0000	183.4767	754.3837	0.0000	500.0010	-240.7577	-0.00000	1.00000	-0.00000	-0.99548	-0.00000	0.09498	0.00000	-5.59987	0.00000	0	100.00
air_roll	44	0.0000	187.6467	752.3286	0.0000	500.0010	-246.1677	-0.00000	1.00000	-0.00000	-0.99883	-0.00000	0.04844	0.00000	-5.59987	0.00000	0	100.00
air_roll	45	0.0000	191.8167	750.2336	0.0000	500.0010	-251.5776	-0.00000	1.00000	-0.00000	-1.00000	-0.00000	0.00180	0.00000	-5.59987	0.00000	0	100.00
air_roll	46	0.0000	195.9867	748.0884	0.0000	500.0010	-256.9876	-0.00000	1.00000	-0.00000	-0.99899	-0.00000	-0.04485	0.00000	-5.59987	0.00000	0	100.00
air_roll	47	0.0000	200.1567	745.9034	0.0000	500.0010	-262.3976	0.00000	1.00000	-0.00000	-0.99581	-0.00000	-0.09141	0.00000	-5.59987	0.00000	0	100.00
air_roll	48	0.0000	204.3267	743.6683	0.0000	500.0010	-267.8076	0.00000	1.00000	-0.00000	-0.99047	-0.00000	-0.13776	-0.00000	-5.59987	0.00000	0	100.00
air_roll	49	0.0000	208.4967	741.3932	0.0000	500.0010	-273.2177	0.00000	1.00000	-0.00000	-0.98296	-0.00000	-0.18382	-0.00000	-5.59987	0.00000	0	100.00
air_roll	50	0.0000	212.6667	739.0681	0.0000	500.0010	-278.6277	0.00000	1.00000	-0.00000	-0.97332	-0.00000	-0.22947	-0.00000	-5.59987	0.00000	0	100.00
air_roll	51	0.0000	216.8367	736.7030	0.0000	500.0010	-284.0377	0.00000	1.00000	-0.00000	-0.96155	-0.00000	-0.27462	-0.00000	-5.59987	0.00000	0	100.00
air_roll	52	0.0000	221.0067	734.2879	0.0000	500.0010	-289.4477	0.00000	1.00000	-0.00000	-0.94769	-0.00000	-0.31918	-0.00000	-5.59987	0.00000	0	100.00
air_roll	53	0.0000	225.1767	731.8328	0.0000	500.0010	-294.8577	0.00000	1.00000	-0.00000	-0.93177	-0.00000	-0.36304	-0.00000	-5.59987	0.00000	0	100.00
air_roll	54	0.0000	229.3466	729.3277	0.0000	500.0010	-300.2677	0.00000	1.00000	-0.00000	-0.91382	-0.00000	-0.40611	-0.00000	-5.59987	0.00000	0	100.00
air_roll	55	0.0000	233.5167	726.7827	0.0000	500.0010	-305.6776	0.00000	1.00000	-0.00000	-0.89388	-0.00000	-0.44830	-0.00000	-5.59987	0.00000	0	100.00
air_roll	56	0.0000	237.6867	724.1876	0.0000	500.0010	-311.0876	0.00000	1.00000	-0.00000	-0.87200	-0.00000	-0.48951	-0.00000	-5.59987	0.00000	0	100.00
air_roll	57	0.0000	241.8567	721.5525	0.0000	500.0010	-316.4977	0.00000	1.00000	-0.00000	-0.84821	-0.00000	-0.52965	-0.00000	-5.59987	0.00000	0	100.00
air_roll	58	0.0000	246.0267	718.8674	0.0000	500.0010	-321.9077	0.00000	1.00000	-0.00000	-0.82258	-0.00000	-0.56864	-0.00000	-5.59987	0.00000	0	100.00
air_roll	59	0.0000	250.1967	716.1423	0.0000	500.0010	-327.3177	0.00000	1.00000	-0.00000	-0.79516	-0.00000	-0.60640	-0.00000	-5.59987	0.00000	0	100.00
air_roll	60	0.0000	254.3667	713.3672	0.0000	500.0010	-332.7277	0.00000	1.00000	-0.00000	-0.76601	-0.00000	-0.64283	-0.00000	-5.59987	0.00000	0	100.00
air_roll	61	0.0000	258.5367	710.5522	0.0000	500.0010	-338.1377	0.00000	1.00000	-0.00000	-0.73519	-0.00000	-0.67786	-0.00000	-5.59987	0.00000	0	100.00
air_roll	62	0.0000	262.7067	707.6871	0.0000	500.0010	-343.5477	0.00000	1.00000	-0.00000	-0.70277	-0.00000	-0.71142	-0.00000	-5.59987	0.00000	0	100.00
air_roll	63	0.0000	266.8766	704.7820	0.0000	500.0010	-348.9576	0.00000	1.00000	-0.00000	-0.66881	-0.00000	-0.74343	-0.00000	-5.59987	0.00000	0	100.00
air_roll	64	0.0000	271.0467	701.8270	0.0000	500.0010	-354.3676	0.00000	1.00000	-0.00000	-0.63341	-0.00000	-0.77382	-0.00000	-5.59987	0.00000	0	100.00
air_roll	65	0.0000	275.2166	698.8318	0.0000	500.0010	-359.7776	0.00000	1.00000	-0.00000	-0.59662	-0.00000	-0.80252	-0.00000	-5.59987	0.00000	0	100.00
air_roll	66	0.0000	279.3867	695.7867	0.0000	500.0010	-365.1877	0.00000	1.00000	-0.00000	-0.55853	-0.00000	-0.82948	-0.00000	-5.59987	0.00000	0	100.00
air_roll	67	0.0000	283.5567	692.7016	0.0000	500.0010	-370.5977	0.00000	1.00000	-0.00000	-0.51923	-0.00000	-0.85463	-0.00000	-5.59987	0.00000	0	100.00
air_roll	68	0.0000	287.7267	689.5666	0.0000	500.0010	-376.0077	0.00000	1.00000	-0.00000	-0.47880	-0.00000	-0.87793	-0.00000	-5.59987	0.00000	0	100.00
air_roll	69	0.0000	291.8967	686.3915	0.0000	500.0010	-381.4177	0.00000	1.00000	-0.00000	-0.43732	-0.00000	-0.89930	-0.00000	-5.59987	0.00000	0	100.00
air_roll	70	0.0000	296.0667	683.1664	0.0000	500.0010	-386.8277	0.00000	1.00000	-0.00000	-0.39489	-0.00000	-0.91873	-0.00000	-5.59987	0.00000	0	100.00
air_roll	71	0.0000	300.2367	679.9013	0.0000	500.0010	-392.2376	0.00000	1.00000	-0.00000	-0.35161	-0.00000	-0.93615	-0.00000	-5.59987	0.00000	0	100.00
air_roll	72	0.0000	304.4067	676.5863	0.0000	500.0010	-397.6476	0.00000	1.00000	-0.00000	-0.30755	-0.00000	-0.95153	-0.00000	-5.59987	0.00000	0	100.00
air_roll	73	0.0000	308.5767	673.2312	0.0000	500.0010	-403.0577	0.00000	1.00000	-0.00000	-0.26283	-0.00000	-0.96484	-0.00000	-5.59987	0.00000	0	100.00
air_roll	74	0.0000	312.7466	669.8260	0.0000	500.0010	-408.4677	0.00000	1.00000	-0.00000	-0.21754	-0.00000	-0.97605	-0.00000	-5.59987	0.00000	0	100.00
air_roll	75	0.0000	316.9167	666.3810	0.0000	500.0010	-413.8777	0.00000	1.00000	-0.00000	-0.17177	-0.00000	-0.98514	-0.00000	-5.59987	0.00000	0	100.00
air_roll	76	0.0000	321.0867	662.8859	0.0000	500.0010	-419.2877	0.00000	1.00000	-0.00000	-0.12563	-0.00000	-0.99208	-0.00000	-5.59987	0.00000	0	100.00
air_roll	77	0.0000	325.2567	659.3509	0.0000	500.0010	-424.6977	0.00000	1.00000	-0.00000	-0.07921	-0.00000	-0.99686	-0.00000	-5.59987	0.00000	0	100.00
air_roll	78	0.0000	329.4267	655.7657	0.0000	500.0010	-430.1077	0.00000	1.00000	-0.00000	-0.03262	-0.00000	-0.99947	-0.00000	-5.59987	0.00000	0	100.00
air_roll	79	0.0000	333.5966	652.1407	0.0000	500.0010	-435.5176	0.00000	1.00000	-0.00000	0.01404	-0.00000	-0.99990	-0.00000	-5.59987	0.00000	0	100.00
air_roll	80	0.0000	337.7667	648.4656	0.0000	500.0010	-440.9276	0.00000	1.00000	0.00000	0.06067	-0.00000	-0.99816	-0.00000	-5.59987	0.00000	0	100.00
air_roll	81	0.0000	341.9366	644.7505	0.0000	500.0010	-446.3376	0.00000	1.00000	0.00000	0.10716	-0.00000	-0.99424	-0.00000	-5.59987	-0.00000	0	100.00
air_roll	82	0.0000	346.1067	640.9854	0.0000	500.0010	-451.7477	0.00000	1.00000	0.00000	0.15343	-0.00000	-0.98816	-0.00000	-5.59987	-0.00000	0	100.00
air_roll	83	0.0000	350.2767	637.1803	0.0000	500.0010	-457.1577	0.00000	1.00000	0.00000	0.19935	-0.00000	-0.97993	-0.00000	-5.59987	-0.00000	0	100.00
air_roll	84	0.0000	354.4467	633.3253	0.0000	500.0010	-462.5677	0.00000	1.00000	0.00000	0.24485	-0.00000	-0.96956	-0.00000	-5.59987	-0.00000	0	100.00
air_roll	85	0.0000	358.6167	629.4302	0.0000	500.0010	-467.9777	0.00000	1.00000	0.00000	0.28981	-0.00000	-0.95708	-0.00000	-5.59987	-0.00000	0	100.00
air_roll	86	0.0000	362.7867	625.4851	0.0000	500.0010	-473.3877	0.00000	1.00000	0.00000	0.33414	-0.00000	-0.94252	-0.00000	-5.59987	-0.00000	0	100.00
air_roll	87	0.0000	366.9567	621.5000	0.0000	500.0010	-478.7976	0.00000	1.00000	0.00000	0.37775	-0.00000	-0.92591	-0.00000	-5.59987	-0.00000	0	100.00
air_roll	88	0.0000	371.1266	617.4649	0.0000	500.0010	-484.2076	0.00000	1.00000	0.00000	0.42053	-0.00000	-0.90728	-0.00000	-5.59987	-0.00000	0	100.00
air_roll	89	0.0000	375.2967	613.3799	0.0000	500.0010	-489.6176	0.00000	1.00000	0.00000	0.46239	-0.00000	-0.88668	-0.00000	-5.59987	-0.00000	0	100.00
air_roll	90	0.0000	379.4666	609.2548	0.0000	500.0010	-495.0276	0.00000	1.00000	0.00000	0.50325	-0.00000	-0.86414	-0.00000	-5.59987	-0.00000	0	100.00
air_roll	91	0.0000	383.6367	605.0797	0.0000	500.0010	-500.4377	0.00000	1.00000	0.00000	0.54302	-0.00000	-0.83972	-0.00000	-5.59987	-0.00000	0	100.00
air_roll	92	0.0000	387.8067	600.8646	0.0000	500.0010	-505.8477	0.00000	1.00000	0.00000	0.58160	-0.00000	-0.81348	-0.00000	-5.59987	-0.00000	0	100.00
air_roll	93	0.0000	391.9767	596.5995	0.0000	500.0010	-511.2577	0.00000	1.00000	0.00000	0.61891	-0.00000	-0.78546	-0.00000	-5.59987	-0.00000	0	100.00
air_roll	94	0.0000	396.1467	592.2944	0.0000	500.0010	-516.6677	0.00000	1.00000	0.00000	0.65488	-0.00000	-0.75574	-0.00000	-5.59987	-0.00000	0	100.00
air_roll	95	0.0000	400.3167	587.9393	0.0000	500.0010	-522.0776	0.00000	1.00000	0.00000	0.68942	-0.00000	-0.72436	-0.00000	-5.59987	-0.00000	0	100.00
air_roll	96	0.0000	404.4867	583.5443	0.0000	500.0010	-527.4877	0.00000	1.00000	0.00000	0.72246	-0.00000	-0.69141	-0.00000	-5.59987	-0.00000	0	100.00
air_roll	97	0.0000	408.6567	579.0991	0.0000	500.0010	-532.8976	0.00000	1.00000	0.00000	0.75393	-0.00000	-0.65696	-0.00000	-5.59987	-0.00000	0	100.00
air_roll	98	0.0000	412.8267	574.6141	0.0000	500.0010	-538.3077	0.00000	1.00000	0.00000	0.78375	-0.00000	-0.62107	-0.00000	-5.59987	-0.00000	0	100.00
air_roll	99	0.0000	416.9967	570.0790	0.0000	500.0010	-543.7177	0.00000	1.00000	0.00000	0.81187	-0.00000	-0.58384	-0.00000	-5.59987	-0.00000	0	100.00
air_roll	100	0.0000	421.1667	565.5039	0.0000	500.0010	-549.1276	0.00000	1.00000	0.00000	0.83822	-0.00000	-0.54533	-0.00000	-5.59987	-0.00000	0	100.00
air_roll	101	0.0000	425.3367	560.8788	0.0000	500.0010	-554.5377	0.00000	1.00000	0.00000	0.86275	-0.00000	-0.50563	-0.00000	-5.59987	-0.00000	0	100.00
air_roll	102	0.0000	429.5067	556.2137	0.0000	500.0010	-559.9476	0.00000	1.00000	0.00000	0.88540	-0.00000	-0.46484	-0.00000	-5.59987	-0.00000	0	100.00
air_roll	103	0.0000	433.6767	551.4987	0.0000	500.0010	-565.3577	0.00000	1.00000	0.00000	0.90612	-0.00000	-0.42303	-0.00000	-5.59987	-0.00000	0	100.00
air_roll	104	0.0000	437.8466	546.7436	0.0000	500.0010	-570.7676	0.00000	1.00000	0.00000	0.92486	-0.00000	-0.38030	-0.00000	-5.59987	-0.00000	0	100.00
air_roll	105	0.0000	442.0167	541.9385	0.0000	500.0010	-576.1777	0.00000	1.00000	0.00000	0.94160	-0.00000	-0.33674	-0.00000	-5.59987	-0.00000	0	100.00
air_roll	106	0.0000	446.1867	537.0934	0.0000	500.0010	-581.5876	0.00000	1.00000	0.00000	0.95628	-0.00000	-0.29245	-0.00000	-5.59987	-0.00000	0	100.00
air_roll	107	0.0000	450.3567	532.1984	0.0000	500.0010	-586.9977	0.00000	1.00000	0.00000	0.96888	-0.00000	-0.24752	-0.00000	-5.59987	-0.00000	0	100.00
air_roll	108	0.0000	454.5267	527.2632	0.0000	500.0010	-592.4077	0.00000	1.00000	0.00000	0.97937	-0.00000	-0.20206	-0.00000	-5.59987	-0.00000	0	100.00
air_roll	109	0.0000	458.6967	522.2782	0.0000	500.0010	-597.8176	0.00000	1.00000	0.00000	0.98773	-0.00000	-0.15615	-0.00000	-5.59987	-0.00000	0	100.00
air_roll	110	0.0000	462.8667	517.2531	0.0000	500.0010	-603.2277	0.00000	1.00000	0.00000	0.99394	-0.00000	-0.10990	-0.00000	-5.59987	-0.00000	0	100.00
air_roll	111	0.0000	467.0367	512.1780	0.0000	500.0010	-608.6376	0.00000	1.00000	0.00000	0.99799	-0.00000	-0.06342	-0.00000	-5.59987	-0.00000	0	100.00
air_roll	112	0.0000	471.2067	507.0629	0.0000	500.0010	-614.0477	0.00000	1.00000	0.00000	0.99986	-0.00000	-0.01679	-0.00000	-5.59987	-0.00000	0	100.00
air_roll	113	0.0000	475.3767	501.8979	0.0000	500.0010	-619.4576	0.00000	1.00000	0.00000	0.99955	-0.00000	0.02987	-0.00000	-5.59987	-0.00000	0	100.00
air_roll	114	0.0000	479.5467	496.6927	0.0000	500.0010	-624.8677	-0.00000	1.00000	0.00000	0.99707	-0.00000	0.07646	-0.00000	-5.59987	-0.00000	0	100.00
air_roll	115	0.0000	483.7167	491.4377	0.0000	500.0010	-630.2776	-0.00000	1.00000	0.00000	0.99242	-0.00000	0.12289	0.00000	-5.59987	-0.00000	0	100.00
air_roll	116	0.0000	487.8867	486.1426	0.0000	500.0010	-635.6876	-0.00000	1.00000	0.00000	0.98561	-0.00000	0.16905	0.00000	-5.59987	-0.00000	0	100.00
air_roll	117	0.0000	492.0567	480.7975	0.0000	500.0010	-641.0977	-0.00000	1.00000	0.00000	0.97665	-0.00000	0.21484	0.00000	-5.59987	-0.00000	0	100.00
air_roll	118	0.0000	496.2267	475.4124	0.0000	500.0010	-646.5076	-0.00000	1.00000	0.00000	0.96556	-0.00000	0.26017	0.00000	-5.59987	-0.00000	0	100.00
air_roll	119	0.0000	500.3967	469.9773	0.0000	500.0010	-651.9177	-0.00000	1.00000	0.00000	0.95238	-0.00000	0.30493	0.00000	-5.59987	-0.00000	0	100.00
air_roll	120	0.0000	504.5667	464.5023	0.0000	500.0010	-657.3276	-0.00000	1.00000	0.00000	0.93711	-0.00000	0.34902	0.00000	-5.59987	-0.00000	0	100.00
air_roll	121	0.0000	508.7367	458.9772	0.0000	500.0010	-662.7377	-0.00000	1.00000	0.00000	0.91981	-0.00000	0.39236	0.00000	-5.59987	-0.00000	0	100.00
air_roll	122	0.0000	512.9067	453.4121	0.0000	500.0010	-668.1476	-0.00000	1.00000	0.00000	0.90051	-0.00000	0.43484	0.00000	-5.59987	-0.00000	0	100.00
air_roll	123	0.0000	517.0767	447.7970	0.0000	500.0010	-673.5577	-0.00000	1.00000	0.00000	0.87924	-0.00000	0.47637	0.00000	-5.59987	-0.00000	0	100.00
air_roll	124	0.0000	521.2467	442.1419	0.0000	500.0010	-678.9676	-0.00000	1.00000	0.00000	0.85606	-0.00000	0.51687	0.00000	-5.59987	-0.00000	0	100.00
air_roll	125	0.0000	525.4167	436.4368	0.0000	500.0010	-684.3776	-0.00000	1.00000	0.00000	0.83102	-0.00000	0.55624	0.00000	-5.59987	-0.00000	0	100.00
air_roll	126	0.0000	529.5867	430.6918	0.0000	500.0010	-689.7876	-0.00000	1.00000	0.00000	0.80417	-0.00000	0.59440	0.00000	-5.59987	-0.00000	0	100.00
air_roll	127	0.0000	533.7567	424.8967	0.0000	500.0010	-695.1976	-0.00000	1.00000	0.00000	0.77556	-0.00000	0.63127	0.00000	-5.59987	-0.00000	0	100.00
air_roll	128	0.0000	537.9267	419.0616	0.0000	500.0010	-700.6076	-0.00000	1.00000	0.00000	0.74527	-0.00000	0.66676	0.00000	-5.59987	-0.00000	0	100.00
air_roll	129	0.0000	542.0967	413.1765	0.0000	500.0010	-706.0176	-0.00000	1.00000	0.00000	0.71336	-0.00000	0.70080	0.00000	-5.59987	-0.00000	0	100.00
air_roll	130	0.0000	546.2667	407.2514	0.0000	500.0010	-711.4276	-0.00000	1.00000	0.00000	0.67989	-0.00000	0.73331	0.00000	-5.59987	-0.00000	0	100.00
air_roll	131	0.0000	550.4367	401.2763	0.0000	500.0010	-716.8376	-0.00000	1.00000	0.00000	0.64494	-0.00000	0.76423	0.00000	-5.59987	-0.00000	0	100.00
air_roll	132	0.0000	554.6067	395.2612	0.0000	500.0010	-722.2476	-0.00000	1.00000	0.00000	0.60859	-0.00000	0.79349	0.00000	-5.59987	-0.00000	0	100.00
air_roll	133	0.0000	558.7767	389.1962	0.0000	500.0010	-727.6577	-0.00000	1.00000	0.00000	0.57091	-0.00000	0.82101	0.00000	-5.59987	-0.00000	0	100.00
air_roll	134	0.0000	562.9467	383.0911	0.0000	500.0010	-733.0676	-0.00000	1.00000	0.00000	0.53199	-0.00000	0.84675	0.00000	-5.59987	-0.00000	0	100.00
air_roll	135	0.0000	567.1167	376.9360	0.0000	500.0010	-738.4777	-0.00000	1.00000	0.00000	0.49191	-0.00000	0.87065	0.00000	-5.59987	-0.00000	0	100.00
air_roll	136	0.0000	571.2867	370.7409	0.0000	500.0010	-743.8876	-0.00000	1.00000	0.00000	0.45076	-0.00000	0.89264	0.00000	-5.59987	-0.00000	0	100.00
air_roll	137	0.0000	575.4567	364.4958	0.0000	500.0010	-749.2977	-0.00000	1.00000	0.00000	0.40863	-0.00000	0.91270	0.00000	-5.59987	-0.00000	0	100.00
air_roll	138	0.0000	579.6267	358.2108	0.0000	500.0010	-754.7076	-0.00000	1.00000	0.00000	0.36561	-0.00000	0.93077	0.00000	-5.59987	-0.00000	0	100.00
air_roll	139	0.0000	583.7967	351.8757	0.0000	500.0010	-760.1177	-0.00000	1.00000	0.00000	0.32179	-0.00000	0.94681	0.00000	-5.59987	-0.00000	0	100.00
air_roll	140	0.0000	587.9667	345.5006	0.0000	500.0010	-765.5276	-0.00000	1.00000	0.00000	0.27727	-0.00000	0.96079	0.00000	-5.59987	-0.00000	0	100.00
air_roll	141	0.0000	592.1367	339.0755	0.0000	500.0010	-770.9376	-0.00000	1.00000	0.00000	0.23215	-0.00000	0.97268	0.00000	-5.59987	-0.00000	0	100.00
air_roll	142	0.0000	596.3067	332.6104	0.0000	500.0010	-776.3477	-0.00000	1.00000	0.00000	0.18653	-0.00000	0.98245	0.00000	-5.59987	-0.00000	0	100.00
air_roll	143	0.0000	600.4767	326.0953	0.0000	500.0010	-781.7576	-0.00000	1.00000	0.00000	0.14049	-0.00000	0.99008	0.00000	-5.59987	-0.00000	0	100.00
air_roll	144	0.0000	604.6467	319.5403	0.0000	500.0010	-787.1677	-0.00000	1.00000	0.00000	0.09415	-0.00000	0.99556	0.00000	-5.59987	-0.00000	0	100.00
air_roll	145	0.0000	608.8167	312.9352	0.0000	500.0010	-792.5776	-0.00000	1.00000	0.00000	0.04761	-0.00000	0.99887	0.00000	-5.59987	-0.00000	0	100.00
air_roll	146	0.0000	612.9867	306.2901	0.0000	500.0010	-797.9877	-0.00000	1.00000	0.00000	0.00096	-0.00000	1.00000	0.00000	-5.59987	-0.00000	0	100.00
air_roll	147	0.0000	617.1567	299.5950	0.0000	500.0010	-803.3976	-0.00000	1.00000	0.00000	-0.04569	-0.00000	0.99896	0.00000	-5.59987	-0.00000	0	100.00
air_roll	148	0.0000	621.3267	292.8599	0.0000	500.0010	-808.8076	-0.00000	1.00000	-0.00000	-0.09224	-0.00000	0.99574	0.00000	-5.59987	-0.00000	0	100.00
air_roll	149	0.0000	625.4967	286.0748	0.0000	500.0010	-814.2177	-0.00000	1.00000	-0.00000	-0.13859	-0.00000	0.99035	0.00000	-5.59987	0.00000	0	100.00
air_roll	150	0.0000	629.6667	279.2397	0.0000	500.0010	-819.6276	-0.00000	1.00000	-0.00000	-0.18463	-0.00000	0.98281	0.00000	-5.59987	0.00000	0	100.00
air_roll	151	0.0000	633.8367	272.3647	0.0000	500.0010	-825.0377	-0.00000	1.00000	-0.00000	-0.23028	-0.00000	0.97312	0.00000	-5.59987	0.00000	0	100.00
air_roll	152	0.0000	638.0067	265.4396	0.0000	500.0010	-830.4476	-0.00000	1.00000	-0.00000	-0.27542	-0.00000	0.96132	0.00000	-5.59987	0.00000	0	100.00
air_roll	153	0.0000	642.1767	258.4745	0.0000	500.0010	-835.8577	-0.00000	1.00000	-0.00000	-0.31997	-0.00000	0.94743	0.00000	-5.59987	0.00000	0	100.00
air_roll	154	0.0000	646.3467	251.4594	0.0000	500.0010	-841.2676	-0.00000	1.00000	-0.00000	-0.36382	-0.00000	0.93147	0.00000	-5.59987	0.00000	0	100.00
air_roll	155	0.0000	650.5167	244.4044	0.0000	500.0010	-846.6777	-0.00000	1.00000	-0.00000	-0.40687	-0.00000	0.91348	0.00000	-5.59987	0.00000	0	100.00
air_roll	156	0.0000	654.6867	237.2993	0.0000	500.0010	-852.0876	-0.00000	1.00000	-0.00000	-0.44904	-0.00000	0.89351	0.00000	-5.59987	0.00000	0	100.00
air_roll	157	0.0000	658.8567	230.1542	0.0000	500.0010	-857.4976	-0.00000	1.00000	-0.00000	-0.49023	-0.00000	0.87159	0.00000	-5.59987	0.00000	0	100.00
air_roll	158	0.0000	663.0267	222.9591	0.0000	500.0010	-862.9076	-0.00000	1.00000	-0.00000	-0.53036	-0.00000	0.84777	0.00000	-5.59987	0.00000	0	100.00
air_roll	159	0.0000	667.1967	215.7240	0.0000	500.0010	-868.3176	-0.00000	1.00000	-0.00000	-0.56933	-0.00000	0.82211	0.00000	-5.59987	0.00000	0	100.00
air_pitch	0	0.0000	4.1667	799.9548	0.0000	500.0010	-5.4167	-0.00000	1.00000	0.00087	0.00000	-0.00087	1.00000	0.10386	0.00000	0.00000	0	100.00
air_pitch	1	0.0000	8.3367	799.8597	0.0000	500.0010	-10.8277	-0.00000	1.00000	0.00260	0.00000	-0.00260	1.00000	0.20773	0.00000	-0.00000	0	100.00
air_pitch	2	0.0000	12.5067	799.7246	0.0000	500.0010	-16.2377	-0.00000	0.99999	0.00519	0.00000	-0.00519	0.99999	0.31159	0.00000	0.00000	0	100.00
air_pitch	3	0.0000	16.6767	799.5396	0.0000	500.0010	-21.6477	-0.00000	0.99996	0.00866	0.00000	-0.00866	0.99996	0.41545	0.00000	0.00000	0	100.00
air_pitch	4	0.0000	20.8467	799.3145	0.0000	500.0010	-27.0577	-0.00000	0.99992	0.01298	0.00000	-0.01298	0.99992	0.51931	0.00000	0.00000	0	100.00
air_pitch	5	0.0000	25.0167	799.0394	0.0000	500.0010	-32.4677	-0.00000	0.99983	0.01817	0.00000	-0.01817	0.99983	0.62317	0.00000	0.00000	0	100.00
air_pitch	6	0.0000	29.1867	798.7243	0.0000	500.0010	-37.8777	-0.00000	0.99971	0.02423	0.00000	-0.02423	0.99971	0.72704	0.00000	0.00000	0	100.00
air_pitch	7	0.0000	33.3567	798.3592	0.0000	500.0010	-43.2877	-0.00000	0.99951	0.03115	0.00000	-0.03115	0.99951	0.83090	0.00000	0.00000	0	100.00
air_pitch	8	0.0000	37.5267	797.9541	0.0000	500.0010	-48.6977	-0.00000	0.99924	0.03894	0.00000	-0.03894	0.99924	0.93476	0.00000	0.00000	0	100.00
air_pitch	9	0.0000	41.6967	797.4991	0.0000	500.0010	-54.1077	-0.00000	0.99887	0.04759	0.00000	-0.04759	0.99887	1.03862	0.00000	0.00000	0	100.00
air_pitch	10	0.0000	45.8667	797.0040	0.0000	500.0010	-59.5177	-0.00000	0.99837	0.05709	0.00000	-0.05709	0.99837	1.14248	0.00000	0.00000	0	100.00
air_pitch	11	0.0000	50.0367	796.4589	0.0000	500.0010	-64.9277	-0.00000	0.99772	0.06746	0.00000	-0.06746	0.99772	1.24635	0.00000	0.00000	0	100.00
air_pitch	12	0.0000	54.2067	795.8739	0.0000	500.0010	-70.3377	-0.00000	0.99690	0.07868	0.00000	-0.07868	0.99690	1.35021	0.00000	0.00000	0	100.00
air_pitch	13	0.0000	58.3767	795.2387	0.0000	500.0010	-75.7477	-0.00000	0.99587	0.09075	0.00000	-0.09075	0.99587	1.45407	0.00000	0.00000	0	100.00
air_pitch	14	0.0000	62.5467	794.5637	0.0000	500.0010	-81.1577	-0.00000	0.99461	0.10368	0.00000	-0.10368	0.99461	1.55793	0.00000	0.00000	0	100.00
air_pitch	15	0.0000	66.7167	793.8386	0.0000	500.0010	-86.5677	-0.00000	0.99308	0.11744	0.00000	-0.11744	0.99308	1.66179	0.00000	0.00000	0	100.00
air_pitch	16	0.0000	70.8867	793.0735	0.0000	500.0010	-91.9777	-0.00000	0.99124	0.13204	0.00000	-0.13204	0.99124	1.76566	0.00000	0.00000	0	100.00
air_pitch	17	0.0000	75.0567	792.2584	0.0000	500.0010	-97.3877	-0.00000	0.98907	0.14746	0.00000	-0.14746	0.98907	1.86952	0.00000	0.00000	0	100.00
air_pitch	18	0.0000	79.2267	791.4033	0.0000	500.0010	-102.7977	-0.00000	0.98651	0.16371	0.00000	-0.16371	0.98651	1.97338	0.00000	0.00000	0	100.00
air_pitch	19	0.0000	83.3967	790.4982	0.0000	500.0010	-108.2077	-0.00000	0.98353	0.18076	0.00000	-0.18076	0.98353	2.07724	0.00000	0.00000	0	100.00
air_pitch	20	0.0000	87.5667	789.5532	0.0000	500.0010	-113.6177	-0.00000	0.98008	0.19861	0.00000	-0.19861	0.98008	2.18110	0.00000	0.00000	0	100.00
air_pitch	21	0.0000	91.7367	788.5580	0.0000	500.0010	-119.0277	-0.00000	0.97612	0.21723	0.00000	-0.21723	0.97612	2.28497	0.00000	0.00000	0	100.00
air_pitch	22	0.0000	95.9067	787.5230	0.0000	500.0010	-124.4377	-0.00000	0.97160	0.23662	0.00000	-0.23662	0.97160	2.38883	0.00000	0.00000	0	100.00
air_pitch	23	0.0000	100.0767	786.4379	0.0000	500.0010	-129.8477	-0.00000	0.96648	0.25675	0.00000	-0.25675	0.96648	2.49269	0.00000	0.00000	0	100.00
air_pitch	24	0.0000	104.2467	785.3129	0.0000	500.0010	-135.2577	-0.00000	0.96070	0.27760	0.00000	-0.27760	0.96070	2.59655	0.00000	0.00000	0	100.00
air_pitch	25	0.0000	108.4167	784.1378	0.0000	500.0010	-140.6677	-0.00000	0.95421	0.29915	0.00000	-0.29915	0.95421	2.70041	0.00000	0.00000	0	100.00
air_pitch	26	0.0000	112.5867	782.9227	0.0000	500.0010	-146.0777	-0.00000	0.94696	0.32136	0.00000	-0.32136	0.94696	2.80428	0.00000	0.00000	0	100.00
air_pitch	27	0.0000	116.7567	781.6576	0.0000	500.0010	-151.4877	-0.00000	0.93889	0.34421	0.00000	-0.34421	0.93889	2.90814	0.00000	0.00000	0	100.00
air_pitch	28	0.0000	120.9267	780.3525	0.0000	500.0010	-156.8977	-0.00000	0.92996	0.36767	0.00000	-0.36767	0.92996	3.01200	0.00000	0.00000	0	100.00
air_pitch	29	0.0000	125.0967	778.9974	0.0000	500.0010	-162.3077	-0.00000	0.92010	0.39169	0.00000	-0.39169	0.92010	3.11586	0.00000	0.00000	0	100.00
air_pitch	30	0.0000	129.2667	777.6024	0.0000	500.0010	-167.7177	-0.00000	0.90926	0.41623	0.00000	-0.41623	0.90926	3.21972	0.00000	0.00000	0	100.00
air_pitch	31	0.0000	133.4367	776.1572	0.0000	500.0010	-173.1277	-0.00000	0.89738	0.44125	0.00000	-0.44125	0.89738	3.32359	0.00000	0.00000	0	100.00
air_pitch	32	0.0000	137.6067	774.6721	0.0000	500.0010	-178.5377	-0.00000	0.88442	0.46670	0.00000	-0.46670	0.88442	3.42745	0.00000	0.00000	0	100.00
air_pitch	33	0.0000	141.7767	773.1371	0.0000	500.0010	-183.9477	-0.00000	0.87030	0.49252	0.00000	-0.49252	0.87030	3.53131	0.00000	0.00000	0	100.00
air_pitch	34	0.0000	145.9467	771.5620	0.0000	500.0010	-189.3577	-0.00000	0.85498	0.51865	0.00000	-0.51865	0.85498	3.63517	0.00000	0.00000	0	100.00
air_pitch	35	0.0000	150.1167	769.9370	0.0000	500.0010	-194.7677	-0.00000	0.83841	0.54504	0.00000	-0.54504	0.83841	3.73903	0.00000	0.00000	0	100.00
air_pitch	36	0.0000	154.2867	768.2719	0.0000	500.0010	-200.1777	-0.00000	0.82053	0.57160	0.00000	-0.57160	0.82053	3.84290	0.00000	0.00000	0	100.00
air_pitch	37	0.0000	158.4567	766.5568	0.0000	500.0010	-205.5876	-0.00000	0.80129	0.59828	0.00000	-0.59828	0.80129	3.94676	0.00000	0.00000	0	100.00
air_pitch	38	0.0000	162.6267	764.8016	0.0000	500.0010	-210.9977	-0.00000	0.78064	0.62498	0.00000	-0.62498	0.78064	4.05062	0.00000	0.00000	0	100.00
air_pitch	39	0.0000	166.7967	762.9966	0.0000	500.0010	-216.4077	-0.00000	0.75854	0.65162	0.00000	-0.65162	0.75854	4.15448	0.00000	0.00000	0	100.00
air_pitch	40	0.0000	170.9667	761.1515	0.0000	500.0010	-221.8177	-0.00000	0.73495	0.67813	0.00000	-0.67813	0.73495	4.25834	0.00000	0.00000	0	100.00
air_pitch	41	0.0000	175.1367	759.2565	0.0000	500.0010	-227.2277	-0.00000	0.70981	0.70439	-0.00000	-0.70439	0.70981	4.36221	0.00000	0.00000	0	100.00
air_pitch	42	0.0000	179.3067	757.3214	0.0000	500.0010	-232.6377	-0.00000	0.68311	0.73031	0.00000	-0.73031	0.68311	4.46607	0.00000	0.00000	0	100.00
air_pitch	43	0.0000	183.4767	755.3362	0.0000	500.0010	-238.0477	-0.00000	0.65481	0.75579	0.00000	-0.75579	0.65481	4.56993	0.00000	0.00000	0	100.00
air_pitch	44	0.0000	187.6467	753.3112	0.0000	500.0010	-243.4577	-0.00000	0.62489	0.78072	0.00000	-0.78072	0.62489	4.67379	0.00000	0.00000	0	100.00
air_pitch	45	0.0000	191.8167	751.2361	0.0000	500.0010	-248.8677	-0.00000	0.59332	0.80497	0.00000	-0.80497	0.59332	4.77765	0.00000	0.00000	0	100.00
air_pitch	46	0.0000	195.9867	749.1210	0.0000	500.0010	-254.2777	-0.00000	0.56009	0.82843	0.00000	-0.82843	0.56009	4.88152	0.00000	0.00000	0	100.00
air_pitch	47	0.0000	200.1567	746.9559	0.0000	500.0010	-259.6877	-0.00000	0.52520	0.85098	0.00000	-0.85098	0.52520	4.98538	0.00000	0.00000	0	100.00
air_pitch	48	0.0000	204.3267	744.7509	0.0000	500.0010	-265.0977	-0.00000	0.48865	0.87248	0.00000	-0.87248	0.48865	5.08924	0.00000	0.00000	0	100.00
air_pitch	49	0.0000	208.4967	742.4957	0.0000	500.0010	-270.5077	-0.00000	0.45044	0.89280	0.00000	-0.89280	0.45044	5.19310	0.00000	0.00000	0	100.00
air_pitch	50	0.0000	212.6667	740.2007	0.0000	500.0010	-275.9177	-0.00000	0.41061	0.91181	0.00000	-0.91181	0.41061	5.29696	0.00000	0.00000	0	100.00
air_pitch	51	0.0000	216.8367	737.8556	0.0000	500.0010	-281.3277	-0.00000	0.36917	0.92936	0.00000	-0.92936	0.36917	5.40083	0.00000	0.00000	0	100.00
air_pitch	52	0.0000	221.0067	735.4705	0.0000	500.0010	-286.7377	-0.00000	0.32616	0.94531	0.00000	-0.94531	0.32616	5.50469	0.00000	0.00000	0	100.00
air_pitch	53	0.0000	225.1767	733.0354	0.0000	500.0010	-292.1476	-0.00000	0.28168	0.95951	0.00000	-0.95951	0.28168	5.60386	0.00000	0.00000	0	100.00
air_pitch	54	0.0000	229.3466	730.5603	0.0000	500.0010	-297.5576	-0.00000	0.23658	0.97161	0.00000	-0.97161	0.23658	5.60386	0.00000	0.00000	0	100.00
air_pitch	55	0.0000	233.5167	728.0353	0.0000	500.0010	-302.9677	-0.00000	0.19097	0.98160	0.00000	-0.98160	0.19097	5.60386	0.00000	0.00000	0	100.00
air_pitch	56	0.0000	237.6867	725.4702	0.0000	500.0010	-308.3777	-0.00000	0.14493	0.98944	0.00000	-0.98944	0.14493	5.60386	0.00000	0.00000	0	100.00
air_pitch	57	0.0000	241.8567	722.8551	0.0000	500.0010	-313.7877	-0.00000	0.09859	0.99513	0.00000	-0.99513	0.09859	5.60386	0.00000	0.00000	0	100.00
air_pitch	58	0.0000	246.0267	720.2000	0.0000	500.0010	-319.1977	-0.00000	0.05203	0.99865	0.00000	-0.99865	0.05203	5.60386	0.00000	0.00000	0	100.00
air_pitch	59	0.0000	250.1967	717.4950	0.0000	500.0010	-324.6077	-0.00000	0.00535	0.99999	0.00000	-0.99999	0.00535	5.60386	0.00000	0.00000	0	100.00
air_pitch	60	0.0000	254.3667	714.7498	0.0000	500.0010	-330.0177	-0.00000	-0.04134	0.99915	0.00000	-0.99915	-0.04134	5.60386	0.00000	0.00000	0	100.00
air_pitch	61	0.0000	258.5367	711.9548	0.0000	500.0010	-335.4276	-0.00000	-0.08793	0.99613	0.00000	-0.99613	-0.08793	5.60386	-0.00000	0.00000	0	100.00
air_pitch	62	0.0000	262.7067	709.1097	0.0000	500.0010	-340.8376	-0.00000	-0.13434	0.99094	0.00000	-0.99094	-0.13434	5.60386	-0.00000	0.00000	0	100.00
air_pitch	63	0.0000	266.8766	706.2246	0.0000	500.0010	-346.2477	-0.00000	-0.18045	0.98358	0.00000	-0.98358	-0.18045	5.60386	-0.00000	0.00000	0	100.00
air_pitch	64	0.0000	271.0467	703.2895	0.0000	500.0010	-351.6577	-0.00000	-0.22617	0.97409	0.00000	-0.97409	-0.22617	5.60386	-0.00000	0.00000	0	100.00
air_pitch	65	0.0000	275.2166	700.3145	0.0000	500.0010	-357.0677	-0.00000	-0.27140	0.96247	0.00000	-0.96247	-0.27140	5.60386	-0.00000	0.00000	0	100.00
air_pitch	66	0.0000	279.3867	697.2893	0.0000	500.0010	-362.4777	-0.00000	-0.31603	0.94875	0.00000	-0.94875	-0.31603	5.60386	-0.00000	0.00000	0	100.00
air_pitch	67	0.0000	283.5567	694.2242	0.0000	500.0010	-367.8877	-0.00000	-0.35998	0.93296	0.00000	-0.93296	-0.35998	5.60386	-0.00000	0.00000	0	100.00
air_pitch	68	0.0000	287.7267	691.1092	0.0000	500.0010	-373.2977	-0.00000	-0.40314	0.91514	0.00000	-0.91514	-0.40314	5.60386	-0.00000	0.00000	0	100.00
air_pitch	69	0.0000	291.8967	687.9541	0.0000	500.0010	-378.7076	-0.00000	-0.44542	0.89532	0.00000	-0.89532	-0.44542	5.60386	-0.00000	0.00000	0	100.00
air_pitch	70	0.0000	296.0667	684.7490	0.0000	500.0010	-384.1176	-0.00000	-0.48673	0.87355	0.00000	-0.87355	-0.48673	5.60386	-0.00000	0.00000	0	100.00
air_pitch	71	0.0000	300.2367	681.5039	0.0000	500.0010	-389.5276	-0.00000	-0.52697	0.84988	0.00000	-0.84988	-0.52697	5.60386	-0.00000	0.00000	0	100.00
air_pitch	72	0.0000	304.4067	678.2089	0.0000	500.0010	-394.9376	-0.00000	-0.56607	0.82435	0.00000	-0.82435	-0.56607	5.60386	-0.00000	0.00000	0	100.00
air_pitch	73	0.0000	308.5767	674.8738	0.0000	500.0010	-400.3477	-0.00000	-0.60394	0.79703	0.00000	-0.79703	-0.60394	5.60386	-0.00000	0.00000	0	100.00
air_pitch	74	0.0000	312.7466	671.4886	0.0000	500.0010	-405.7577	-0.00000	-0.64049	0.76797	0.00000	-0.76797	-0.64049	5.60386	-0.00000	0.00000	0	100.00
air_pitch	75	0.0000	316.9167	668.0635	0.0000	500.0010	-411.1677	-0.00000	-0.67564	0.73723	0.00000	-0.73723	-0.67564	5.60386	-0.00000	0.00000	0	100.00
air_pitch	76	0.0000	321.0867	664.5885	0.0000	500.0010	-416.5777	-0.00000	-0.70932	0.70489	0.00000	-0.70489	-0.70932	5.60386	-0.00000	0.00000	0	100.00
air_pitch	77	0.0000	325.2567	661.0734	0.0000	500.0010	-421.9877	-0.00000	-0.74145	0.67101	0.00000	-0.67101	-0.74145	5.60386	-0.00000	0.00000	0	100.00
air_pitch	78	0.0000	329.4267	657.5084	0.0000	500.0010	-427.3977	-0.00000	-0.77197	0.63566	0.00000	-0.63566	-0.77197	5.60386	-0.00000	0.00000	0	100.00
air_pitch	79	0.0000	333.5966	653.9033	0.0000	500.0010	-432.8077	-0.00000	-0.80080	0.59893	0.00000	-0.59893	-0.80080	5.60386	-0.00000	0.00000	0	100.00
air_pitch	80	0.0000	337.7667	650.2482	0.0000	500.0010	-438.2177	-0.00000	-0.82789	0.56090	0.00000	-0.56090	-0.82789	5.60386	-0.00000	0.00000	0	100.00
air_pitch	81	0.0000	341.9366	646.5531	0.0000	500.0010	-443.6277	-0.00000	-0.85317	0.52164	0.00000	-0.52164	-0.85317	5.60386	-0.00000	0.00000	0	100.00
air_pitch	82	0.0000	346.1067	642.8080	0.0000	500.0010	-449.0377	-0.00000	-0.87659	0.48124	0.00000	-0.48124	-0.87659	5.60386	-0.00000	0.00000	0	100.00
air_pitch	83	0.0000	350.2767	639.0229	0.0000	500.0010	-454.4477	-0.00000	-0.89810	0.43980	0.00000	-0.43980	-0.89810	5.60386	-0.00000	0.00000	0	100.00
air_pitch	84	0.0000	354.4467	635.1879	0.0000	500.0010	-459.8577	-0.00000	-0.91765	0.39739	0.00000	-0.39739	-0.91765	5.60386	-0.00000	0.00000	0	100.00
air_pitch	85	0.0000	358.6167	631.3128	0.0000	500.0010	-465.2677	-0.00000	-0.93520	0.35412	0.00000	-0.35412	-0.93520	5.60386	-0.00000	0.00000	0	100.00
air_pitch	86	0.0000	362.7867	627.3877	0.0000	500.0010	-470.6777	-0.00000	-0.95071	0.31008	0.00000	-0.31008	-0.95071	5.60386	-0.00000	0.00000	0	100.00
air_pitch	87	0.0000	366.9567	623.4226	0.0000	500.0010	-476.0877	-0.00000	-0.96415	0.26536	0.00000	-0.26536	-0.96415	5.60386	-0.00000	0.00000	0	100.00
air_pitch	88	0.0000	371.1266	619.4075	0.0000	500.0010	-481.4977	-0.00000	-0.97549	0.22006	0.00000	-0.22006	-0.97549	5.60386	-0.00000	0.00000	0	100.00
air_pitch	89	0.0000	375.2967	615.3524	0.0000	500.0010	-486.9077	-0.00000	-0.98470	0.17428	0.00000	-0.17428	-0.98470	5.60386	-0.00000	0.00000	0	100.00
air_pitch	90	0.0000	379.4666	611.2473	0.0000	500.0010	-492.3177	-0.00000	-0.99176	0.12813	0.00000	-0.12813	-0.99176	5.60386	-0.00000	0.00000	0	100.00
air_pitch	91	0.0000	383.6367	607.1022	0.0000	500.0010	-497.7277	-0.00000	-0.99666	0.08169	0.00000	-0.08169	-0.99666	5.60386	-0.00000	0.00000	0	100.00
air_pitch	92	0.0000	387.8067	602.9071	0.0000	500.0010	-503.1377	-0.00000	-0.99938	0.03508	0.00000	-0.03508	-0.99938	5.60386	-0.00000	0.00000	0	100.00
air_pitch	93	0.0000	391.9767	598.6721	0.0000	500.0010	-508.5476	-0.00000	-0.99993	-0.01162	0.00000	0.01162	-0.99993	5.60386	-0.00000	0.00000	0	100.00
air_pitch	94	0.0000	396.1467	594.3870	0.0000	500.0010	-513.9576	-0.00000	-0.99830	-0.05828	0.00000	0.05828	-0.99830	5.60386	-0.00000	0.00000	0	100.00
air_pitch	95	0.0000	400.3167	590.0620	0.0000	500.0010	-519.3677	-0.00000	-0.99449	-0.10482	0.00000	0.10482	-0.99449	5.60386	-0.00000	0.00000	0	100.00
air_pitch	96	0.0000	404.4867	585.6868	0.0000	500.0010	-524.7776	-0.00000	-0.98851	-0.15113	0.00000	0.15113	-0.98851	5.60386	-0.00000	-0.00000	0	100.00
air_pitch	97	0.0000	408.6567	581.2717	0.0000	500.0010	-530.1876	-0.00000	-0.98038	-0.19711	0.00000	0.19711	-0.98038	5.60386	-0.00000	-0.00000	0	100.00
air_pitch	98	0.0000	412.8267	576.8068	0.0000	500.0010	-535.5977	-0.00000	-0.97011	-0.24266	0.00000	0.24266	-0.97011	5.60386	-0.00000	-0.00000	0	100.00
air_pitch	99	0.0000	416.9967	572.3016	0.0000	500.0010	-541.0076	-0.00000	-0.95773	-0.28769	0.00000	0.28769	-0.95773	5.60386	-0.00000	-0.00000	0	100.00
air_pitch	100	0.0000	421.1667	567.7465	0.0000	500.0010	-546.4177	-0.00000	-0.94325	-0.33208	0.00000	0.33208	-0.94325	5.60386	-0.00000	-0.00000	0	100.00
air_pitch	101	0.0000	425.3367	563.1514	0.0000	500.0010	-551.8276	-0.00000	-0.92672	-0.37575	0.00000	0.37575	-0.92672	5.60386	-0.00000	-0.00000	0	100.00
air_pitch	102	0.0000	429.5067	558.5064	0.0000	500.0010	-557.2377	-0.00000	-0.90817	-0.41860	0.00000	0.41860	-0.90817	5.60386	-0.00000	-0.00000	0	100.00
air_pitch	103	0.0000	433.6767	553.8213	0.0000	500.0010	-562.6476	-0.00000	-0.88764	-0.46054	0.00000	0.46054	-0.88764	5.60386	-0.00000	-0.00000	0	100.00
air_pitch	104	0.0000	437.8466	549.0862	0.0000	500.0010	-568.0577	-0.00000	-0.86517	-0.50148	0.00000	0.50148	-0.86517	5.60386	-0.00000	-0.00000	0	100.00
air_pitch	105	0.0000	442.0167	544.3111	0.0000	500.0010	-573.4677	-0.00000	-0.84082	-0.54132	0.00000	0.54132	-0.84082	5.60386	-0.00000	-0.00000	0	100.00
air_pitch	106	0.0000	446.1867	539.4860	0.0000	500.0010	-578.8776	-0.00000	-0.81463	-0.57998	0.00000	0.57998	-0.81463	5.60386	-0.00000	-0.00000	0	100.00
air_pitch	107	0.0000	450.3567	534.6209	0.0000	500.0010	-584.2877	-0.00000	-0.78667	-0.61737	0.00000	0.61737	-0.78667	5.60386	-0.00000	-0.00000	0	100.00
air_pitch	108	0.0000	454.5267	529.7059	0.0000	500.0010	-589.6976	-0.00000	-0.75699	-0.65342	0.00000	0.65342	-0.75699	5.60386	-0.00000	-0.00000	0	100.00
air_pitch	109	0.0000	458.6967	524.7507	0.0000	500.0010	-595.1077	-0.00000	-0.72566	-0.68805	0.00000	0.68805	-0.72566	5.60386	-0.00000	-0.00000	0	100.00
air_pitch	110	0.0000	462.8667	519.7457	0.0000	500.0010	-600.5176	-0.00000	-0.69275	-0.72117	0.00000	0.72117	-0.69275	5.60386	-0.00000	-0.00000	0	100.00
air_pitch	111	0.0000	467.0367	514.7006	0.0000	500.0010	-605.9277	-0.00000	-0.65833	-0.75273	0.00000	0.75273	-0.65833	5.60386	-0.00000	-0.00000	0	100.00
air_pitch	112	0.0000	471.2067	509.6055	0.0000	500.0010	-611.3376	-0.00000	-0.62248	-0.78264	0.00000	0.78264	-0.62248	5.60386	-0.00000	-0.00000	0	100.00
air_pitch	113	0.0000	475.3767	504.4705	0.0000	500.0010	-616.7476	-0.00000	-0.58526	-0.81084	0.00000	0.81084	-0.58526	5.60386	-0.00000	-0.00000	0	100.00
air_pitch	114	0.0000	479.5467	499.2853	0.0000	500.0010	-622.1576	-0.00000	-0.54677	-0.83728	0.00000	0.83728	-0.54677	5.60386	-0.00000	-0.00000	0	100.00
air_pitch	115	0.0000	483.7167	494.0603	0.0000	500.0010	-627.5676	-0.00000	-0.50709	-0.86189	0.00000	0.86189	-0.50709	5.60386	-0.00000	-0.00000	0	100.00
air_pitch	116	0.0000	487.8867	488.7852	0.0000	500.0010	-632.9776	-0.00000	-0.46630	-0.88463	0.00000	0.88463	-0.46630	5.60386	-0.00000	-0.00000	0	100.00
air_pitch	117	0.0000	492.0567	483.4701	0.0000	500.0010	-638.3876	-0.00000	-0.42450	-0.90543	0.00000	0.90543	-0.42450	5.60386	-0.00000	-0.00000	0	100.00
air_pitch	118	0.0000	496.2267	478.1050	0.0000	500.0010	-643.7976	-0.00000	-0.38177	-0.92426	0.00000	0.92426	-0.38177	5.60386	-0.00000	-0.00000	0	100.00
air_pitch	119	0.0000	500.3967	472.6900	0.0000	500.0010	-649.2076	-0.00000	-0.33821	-0.94107	0.00000	0.94107	-0.33821	5.60386	-0.00000	-0.00000	0	100.00
air_pitch	120	0.0000	504.5667	467.2349	0.0000	500.0010	-654.6176	-0.00000	-0.29391	-0.95583	0.00000	0.95583	-0.29391	5.60386	-0.00000	-0.00000	0	100.00
air_pitch	121	0.0000	508.7367	461.7298	0.0000	500.0010	-660.0276	-0.00000	-0.24897	-0.96851	0.00000	0.96851	-0.24897	5.60386	-0.00000	-0.00000	0	100.00
air_pitch	122	0.0000	512.9067	456.1847	0.0000	500.0010	-665.4376	-0.00000	-0.20348	-0.97908	0.00000	0.97908	-0.20348	5.60386	-0.00000	-0.00000	0	100.00
air_pitch	123	0.0000	517.0767	450.5896	0.0000	500.0010	-670.8477	-0.00000	-0.15756	-0.98751	0.00000	0.98751	-0.15756	5.60386	-0.00000	-0.00000	0	100.00
air_pitch	124	0.0000	521.2467	444.9545	0.0000	500.0010	-676.2576	-0.00000	-0.11129	-0.99379	0.00000	0.99379	-0.11129	5.60386	-0.00000	-0.00000	0	100.00
air_pitch	125	0.0000	525.4167	439.2694	0.0000	500.0010	-681.6677	-0.00000	-0.06477	-0.99790	0.00000	0.99790	-0.06477	5.60386	-0.00000	-0.00000	0	100.00
air_pitch	126	0.0000	529.5867	433.5443	0.0000	500.0010	-687.0776	-0.00000	-0.01812	-0.99984	0.00000	0.99984	-0.01812	5.60386	-0.00000	-0.00000	0	100.00
air_pitch	127	0.0000	533.7567	427.7693	0.0000	500.0010	-692.4877	-0.00000	0.02858	-0.99959	0.00000	0.99959	0.02858	5.60386	-0.00000	-0.00000	0	100.00
air_pitch	128	0.0000	537.9267	421.9542	0.0000	500.0010	-697.8976	-0.00000	0.07521	-0.99717	0.00000	0.99717	0.07521	5.60386	-0.00000	-0.00000	0	100.00
air_pitch	129	0.0000	542.0967	416.0891	0.0000	500.0010	-703.3077	-0.00000	0.12168	-0.99257	0.00000	0.99257	0.12168	5.60386	0.00000	-0.00000	0	100.00
air_pitch	130	0.0000	546.2667	410.1840	0.0000	500.0010	-708.7177	-0.00000	0.16788	-0.98581	0.00000	0.98581	0.16788	5.60386	0.00000	-0.00000	0	100.00
air_pitch	131	0.0000	550.4367	404.2289	0.0000	500.0010	-714.1276	-0.00000	0.21371	-0.97690	0.00000	0.97690	0.21371	5.60386	0.00000	-0.00000	0	100.00
air_pitch	132	0.0000	554.6067	398.2339	0.0000	500.0010	-719.5377	-0.00000	0.25909	-0.96585	0.00000	0.96585	0.25909	5.60386	0.00000	-0.00000	0	100.00
air_pitch	133	0.0000	558.7767	392.1888	0.0000	500.0010	-724.9476	-0.00000	0.30389	-0.95271	0.00000	0.95271	0.30389	5.60386	0.00000	-0.00000	0	100.00
air_pitch	134	0.0000	562.9467	386.1037	0.0000	500.0010	-730.3577	-0.00000	0.34803	-0.93748	0.00000	0.93748	0.34803	5.60386	0.00000	-0.00000	0	100.00
air_pitch	135	0.0000	567.1167	379.9686	0.0000	500.0010	-735.7676	-0.00000	0.39142	-0.92021	0.00000	0.92021	0.39142	5.60386	0.00000	-0.00000	0	100.00
air_pitch	136	0.0000	571.2867	373.7935	0.0000	500.0010	-741.1777	-0.00000	0.43395	-0.90094	0.00000	0.90094	0.43395	5.60386	0.00000	-0.00000	0	100.00
air_pitch	137	0.0000	575.4567	367.5685	0.0000	500.0010	-746.5876	-0.00000	0.47553	-0.87970	0.00000	0.87970	0.47553	5.60386	0.00000	-0.00000	0	100.00
air_pitch	138	0.0000	579.6267	361.3033	0.0000	500.0010	-751.9976	-0.00000	0.51608	-0.85654	0.00000	0.85654	0.51608	5.60386	0.00000	-0.00000	0	100.00
air_pitch	139	0.0000	583.7967	354.9883	0.0000	500.0010	-757.4076	-0.00000	0.55550	-0.83152	0.00000	0.83152	0.55550	5.60386	0.00000	-0.00000	0	100.00
air_pitch	140	0.0000	587.9667	348.6332	0.0000	500.0010	-762.8176	-0.00000	0.59371	-0.80468	0.00000	0.80468	0.59371	5.60386	0.00000	-0.00000	0	100.00
air_pitch	141	0.0000	592.1367	342.2281	0.0000	500.0010	-768.2276	-0.00000	0.63063	-0.77608	0.00000	0.77608	0.63063	5.60386	0.00000	-0.00000	0	100.00
air_pitch	142	0.0000	596.3067	335.7830	0.0000	500.0010	-773.6376	-0.00000	0.66617	-0.74580	0.00000	0.74580	0.66617	5.60386	0.00000	-0.00000	0	100.00
air_pitch	143	0.0000	600.4767	329.2879	0.0000	500.0010	-779.0476	-0.00000	0.70026	-0.71389	0.00000	0.71389	0.70026	5.60386	0.00000	-0.00000	0	100.00
air_pitch	144	0.0000	604.6467	322.7529	0.0000	500.0010	-784.4576	-0.00000	0.73282	-0.68042	0.00000	0.68042	0.73282	5.60386	0.00000	-0.00000	0	100.00
air_pitch	145	0.0000	608.8167	316.1678	0.0000	500.0010	-789.8676	-0.00000	0.76379	-0.64547	0.00000	0.64547	0.76379	5.60386	0.00000	-0.00000	0	100.00
air_pitch	146	0.0000	612.9867	309.5427	0.0000	500.0010	-795.2776	-0.00000	0.79309	-0.60911	0.00000	0.60911	0.79309	5.60386	0.00000	-0.00000	0	100.00
air_pitch	147	0.0000	617.1567	302.8676	0.0000	500.0010	-800.6876	-0.00000	0.82066	-0.57142	0.00000	0.57142	0.82066	5.60386	0.00000	-0.00000	0	100.00
air_pitch	148	0.0000	621.3267	296.1525	0.0000	500.0010	-806.0976	-0.00000	0.84644	-0.53249	0.00000	0.53249	0.84644	5.60386	0.00000	-0.00000	0	100.00
air_pitch	149	0.0000	625.4967	289.3875	0.0000	500.0010	-811.5076	-0.00000	0.87037	-0.49240	0.00000	0.49240	0.87037	5.60386	0.00000	-0.00000	0	100.00
air_pitch	150	0.0000	629.6667	282.5824	0.0000	500.0010	-816.9176	-0.00000	0.89241	-0.45123	0.00000	0.45123	0.89241	5.60386	0.00000	-0.00000	0	100.00
air_pitch	151	0.0000	633.8367	275.7272	0.0000	500.0010	-822.3276	-0.00000	0.91250	-0.40908	0.00000	0.40908	0.91250	5.60386	0.00000	-0.00000	0	100.00
air_pitch	152	0.0000	638.0067	268.8322	0.0000	500.0010	-827.7376	-0.00000	0.93060	-0.36603	0.00000	0.36603	0.93060	5.60386	0.00000	-0.00000	0	100.00
air_pitch	153	0.0000	642.1767	261.8871	0.0000	500.0010	-833.1476	-0.00000	0.94667	-0.32219	0.00000	0.32219	0.94667	5.60386	0.00000	-0.00000	0	100.00
air_pitch	154	0.0000	646.3467	254.9020	0.0000	500.0010	-838.5576	-0.00000	0.96068	-0.27765	0.00000	0.27765	0.96068	5.60386	0.00000	-0.00000	0	100.00
air_pitch	155	0.0000	650.5167	247.8669	0.0000	500.0010	-843.9677	-0.00000	0.97260	-0.23250	0.00000	0.23250	0.97260	5.60386	0.00000	-0.00000	0	100.00
air_pitch	156	0.0000	654.6867	240.7918	0.0000	500.0010	-849.3776	-0.00000	0.98239	-0.18684	0.00000	0.18684	0.98239	5.60386	0.00000	-0.00000	0	100.00
air_pitch	157	0.0000	658.8567	233.6667	0.0000	500.0010	-854.7877	-0.00000	0.99004	-0.14078	0.00000	0.14078	0.99004	5.60386	0.00000	-0.00000	0	100.00
air_pitch	158	0.0000	663.0267	226.5017	0.0000	500.0010	-860.1976	-0.00000	0.99553	-0.09441	0.00000	0.09441	0.99553	5.60386	0.00000	-0.00000	0	100.00
air_pitch	159	0.0000	667.1967	219.2866	0.0000	500.0010	-865.6077	-0.00000	0.99886	-0.04783	0.00000	0.04783	0.99886	5.60386	0.00000	-0.00000	0	100.00
air_yaw	0	0.0000	4.1667	799.9548	0.0000	500.0010	-5.4167	-0.00064	1.00000	0.00000	0.00000	0.00000	1.00000	0.00000	0.00000	0.07590	0	100.00
air_yaw	1	0.0000	8.3367	799.8597	0.0000	500.0010	-10.8277	-0.00190	1.00000	0.00000	0.00000	0.00000	1.00000	0.00000	0.00000	0.15180	0	100.00
air_yaw	2	0.0000	12.5067	799.7246	0.0000	500.0010	-16.2377	-0.00380	0.99999	0.00000	0.00000	0.00000	1.00000	0.00000	0.00000	0.22770	0	100.00
air_yaw	3	0.0000	16.6767	799.5396	0.0000	500.0010	-21.6477	-0.00633	0.99998	0.00000	0.00000	0.00000	1.00000	0.00000	0.00000	0.30360	0	100.00
air_yaw	4	0.0000	20.8467	799.3145	0.0000	500.0010	-27.0577	-0.00949	0.99995	0.00000	0.00000	0.00000	1.00000	0.00000	0.00000	0.37950	0	100.00
air_yaw	5	0.0000	25.0167	799.0394	0.0000	500.0010	-32.4677	-0.01329	0.99991	0.00000	0.00000	0.00000	1.00000	0.00000	0.00000	0.45540	0	100.00
air_yaw	6	0.0000	29.1867	798.7243	0.0000	500.0010	-37.8777	-0.01771	0.99984	0.00000	0.00000	0.00000	1.00000	0.00000	0.00000	0.53130	0	100.00
air_yaw	7	0.0000	33.3567	798.3592	0.0000	500.0010	-43.2877	-0.02277	0.99974	0.00000	0.00000	0.00000	1.00000	0.00000	0.00000	0.60720	0	100.00
air_yaw	8	0.0000	37.5267	797.9541	0.0000	500.0010	-48.6977	-0.02846	0.99959	0.00000	0.00000	0.00000	1.00000	0.00000	0.00000	0.68310	0	100.00
air_yaw	9	0.0000	41.6967	797.4991	0.0000	500.0010	-54.1077	-0.03478	0.99939	0.00000	0.00000	0.00000	1.00000	0.00000	0.00000	0.75900	0	100.00
air_yaw	10	0.0000	45.8667	797.0040	0.0000	500.0010	-59.5177	-0.04174	0.99913	0.00000	0.00000	0.00000	1.00000	0.00000	0.00000	0.83490	0	100.00
air_yaw	11	0.0000	50.0367	796.4589	0.0000	500.0010	-64.9277	-0.04932	0.99878	0.00000	0.00000	0.00000	1.00000	0.00000	0.00000	0.91080	0	100.00
air_yaw	12	0.0000	54.2067	795.8739	0.0000	500.0010	-70.3377	-0.05753	0.99834	0.00000	0.00000	0.00000	1.00000	0.00000	0.00000	0.98670	0	100.00
air_yaw	13	0.0000	58.3767	795.2387	0.0000	500.0010	-75.7477	-0.06637	0.99780	0.00000	0.00000	0.00000	1.00000	0.00000	0.00000	1.06260	0	100.00
air_yaw	14	0.0000	62.5467	794.5637	0.0000	500.0010	-81.1577	-0.07583	0.99712	0.00000	0.00000	0.00000	1.00000	0.00000	0.00000	1.13850	0	100.00
air_yaw	15	0.0000	66.7167	793.8386	0.0000	500.0010	-86.5677	-0.08592	0.99630	0.00000	0.00000	0.00000	1.00000	0.00000	0.00000	1.21440	0	100.00
air_yaw	16	0.0000	70.8867	793.0735	0.0000	500.0010	-91.9777	-0.09663	0.99532	0.00000	0.00000	0.00000	1.00000	0.00000	0.00000	1.29030	0	100.00
air_yaw	17	0.0000	75.0567	792.2584	0.0000	500.0010	-97.3877	-0.10795	0.99416	0.00000	0.00000	0.00000	1.00000	0.00000	0.00000	1.36620	0	100.00
air_yaw	18	0.0000	79.2267	791.4033	0.0000	500.0010	-102.7977	-0.11989	0.99279	0.00000	0.00000	0.00000	1.00000	0.00000	0.00000	1.44210	0	100.00
air_yaw	19	0.0000	83.3967	790.4982	0.0000	500.0010	-108.2077	-0.13244	0.99119	0.00000	0.00000	0.00000	1.00000	0.00000	0.00000	1.51800	0	100.00
air_yaw	20	0.0000	87.5667	789.5532	0.0000	500.0010	-113.6177	-0.14559	0.98934	0.00000	0.00000	0.00000	1.00000	0.00000	0.00000	1.59390	0	100.00
air_yaw	21	0.0000	91.7367	788.5580	0.0000	500.0010	-119.0277	-0.15934	0.98722	0.00000	0.00000	0.00000	1.00000	0.00000	0.00000	1.66980	0	100.00
air_yaw	22	0.0000	95.9067	787.5230	0.0000	500.0010	-124.4377	-0.17369	0.98480	0.00000	0.00000	0.00000	1.00000	0.00000	0.00000	1.74570	0	100.00
air_yaw	23	0.0000	100.0767	786.4379	0.0000	500.0010	-129.8477	-0.18862	0.98205	0.00000	0.00000	0.00000	1.00000	0.00000	0.00000	1.82160	0	100.00
air_yaw	24	0.0000	104.2467	785.3129	0.0000	500.0010	-135.2577	-0.20412	0.97895	0.00000	0.00000	0.00000	1.00000	0.00000	0.00000	1.89750	0	100.00
air_yaw	25	0.0000	108.4167	784.1378	0.0000	500.0010	-140.6677	-0.22019	0.97546	0.00000	0.00000	0.00000	1.00000	0.00000	0.00000	1.97340	0	100.00
air_yaw	26	0.0000	112.5867	782.9227	0.0000	500.0010	-146.0777	-0.23682	0.97155	0.00000	0.00000	0.00000	1.00000	0.00000	0.00000	2.04930	0	100.00
air_yaw	27	0.0000	116.7567	781.6576	0.0000	500.0010	-151.4877	-0.25399	0.96721	0.00000	0.00000	0.00000	1.00000	0.00000	0.00000	2.12520	0	100.00
air_yaw	28	0.0000	120.9267	780.3525	0.0000	500.0010	-156.8977	-0.27168	0.96239	0.00000	0.00000	0.00000	1.00000	0.00000	0.00000	2.20110	0	100.00
air_yaw	29	0.0000	125.0967	778.9974	0.0000	500.0010	-162.3077	-0.28989	0.95706	0.00000	0.00000	0.00000	1.00000	0.00000	0.00000	2.27700	0	100.00
air_yaw	30	0.0000	129.2667	777.6024	0.0000	500.0010	-167.7177	-0.30860	0.95119	0.00000	0.00000	0.00000	1.00000	0.00000	0.00000	2.35290	0	100.00
air_yaw	31	0.0000	133.4367	776.1572	0.0000	500.0010	-173.1277	-0.32779	0.94475	0.00000	0.00000	0.00000	1.00000	0.00000	0.00000	2.42880	0	100.00
air_yaw	32	0.0000	137.6067	774.6721	0.0000	500.0010	-178.5377	-0.34744	0.93770	0.00000	0.00000	0.00000	1.00000	0.00000	0.00000	2.50470	0	100.00
air_yaw	33	0.0000	141.7767	773.1371	0.0000	500.0010	-183.9477	-0.36752	0.93002	0.00000	0.00000	0.00000	1.00000	0.00000	0.00000	2.58060	0	100.00
air_yaw	34	0.0000	145.9467	771.5620	0.0000	500.0010	-189.3577	-0.38802	0.92165	0.00000	0.00000	0.00000	1.00000	0.00000	0.00000	2.65650	0	100.00
air_yaw	35	0.0000	150.1167	769.9370	0.0000	500.0010	-194.7677	-0.40890	0.91258	0.00000	0.00000	0.00000	1.00000	0.00000	0.00000	2.73240	0	100.00
air_yaw	36	0.0000	154.2867	768.2719	0.0000	500.0010	-200.1777	-0.43014	0.90276	0.00000	0.00000	0.00000	1.00000	0.00000	0.00000	2.80830	0	100.00
air_yaw	37	0.0000	158.4567	766.5568	0.0000	500.0010	-205.5876	-0.45171	0.89216	0.00000	0.00000	0.00000	1.00000	0.00000	0.00000	2.88420	0	100.00
air_yaw	38	0.0000	162.6267	764.8016	0.0000	500.0010	-210.9977	-0.47358	0.88075	0.00000	0.00000	0.00000	1.00000	0.00000	0.00000	2.96010	0	100.00
air_yaw	39	0.0000	166.7967	762.9966	0.0000	500.0010	-216.4077	-0.49571	0.86849	0.00000	0.00000	0.00000	1.00000	0.00000	0.00000	3.03600	0	100.00
air_yaw	40	0.0000	170.9667	761.1515	0.0000	500.0010	-221.8177	-0.51806	0.85534	0.00000	0.00000	0.00000	1.00000	0.00000	0.00000	3.11190	0	100.00
air_yaw	41	0.0000	175.1367	759.2565	0.0000	500.0010	-227.2277	-0.54060	0.84128	0.00000	0.00000	0.00000	1.00000	0.00000	0.00000	3.18780	0	100.00
air_yaw	42	0.0000	179.3067	757.3214	0.0000	500.0010	-232.6377	-0.56328	0.82627	0.00000	0.00000	0.00000	1.00000	0.00000	0.00000	3.26370	0	100.00
air_yaw	43	0.0000	183.4767	755.3362	0.0000	500.0010	-238.0477	-0.58605	0.81027	0.00000	0.00000	0.00000	1.00000	0.00000	0.00000	3.33960	0	100.00
air_yaw	44	0.0000	187.6467	753.3112	0.0000	500.0010	-243.4577	-0.60887	0.79327	0.00000	0.00000	0.00000	1.00000	0.00000	0.00000	3.41550	0	100.00
air_yaw	45	0.0000	191.8167	751.2361	0.0000	500.0010	-248.8677	-0.63169	0.77522	0.00000	0.00000	0.00000	1.00000	0.00000	0.00000	3.49140	0	100.00
air_yaw	46	0.0000	195.9867	749.1210	0.0000	500.0010	-254.2777	-0.65446	0.75610	0.00000	0.00000	0.00000	1.00000	0.00000	0.00000	3.56730	0	100.00
air_yaw	47	0.0000	200.1567	746.9559	0.0000	500.0010	-259.6877	-0.67711	0.73589	0.00000	0.00000	0.00000	1.00000	0.00000	0.00000	3.64320	0	100.00
air_yaw	48	0.0000	204.3267	744.7509	0.0000	500.0010	-265.0977	-0.69958	0.71455	0.00000	0.00000	0.00000	1.00000	0.00000	0.00000	3.71910	0	100.00
air_yaw	49	0.0000	208.4967	742.4957	0.0000	500.0010	-270.5077	-0.72183	0.69207	0.00000	0.00000	0.00000	1.00000	0.00000	0.00000	3.79500	0	100.00
air_yaw	50	0.0000	212.6667	740.2007	0.0000	500.0010	-275.9177	-0.74377	0.66843	0.00000	0.00000	0.00000	1.00000	0.00000	0.00000	3.87090	0	100.00
air_yaw	51	0.0000	216.8367	737.8556	0.0000	500.0010	-281.3277	-0.76535	0.64361	0.00000	0.00000	0.00000	1.00000	0.00000	0.00000	3.94680	0	100.00
air_yaw	52	0.0000	221.0067	735.4705	0.0000	500.0010	-286.7377	-0.78649	0.61760	0.00000	0.00000	0.00000	1.00000	0.00000	0.00000	4.02270	0	100.00
air_yaw	53	0.0000	225.1767	733.0354	0.0000	500.0010	-292.1476	-0.80712	0.59038	0.00000	0.00000	0.00000	1.00000	0.00000	0.00000	4.09860	0	100.00
air_yaw	54	0.0000	229.3466	730.5603	0.0000	500.0010	-297.5576	-0.82717	0.56195	0.00000	0.00000	0.00000	1.00000	0.00000	0.00000	4.17450	0	100.00
air_yaw	55	0.0000	233.5167	728.0353	0.0000	500.0010	-302.9677	-0.84655	0.53231	0.00000	0.00000	0.00000	1.00000	0.00000	0.00000	4.25040	0	100.00
air_yaw	56	0.0000	237.6867	725.4702	0.0000	500.0010	-308.3777	-0.86519	0.50145	0.00000	0.00000	0.00000	1.00000	0.00000	0.00000	4.32630	0	100.00
air_yaw	57	0.0000	241.8567	722.8551	0.0000	500.0010	-313.7877	-0.88300	0.46938	0.00000	0.00000	0.00000	1.00000	0.00000	0.00000	4.40220	0	100.00
air_yaw	58	0.0000	246.0267	720.2000	0.0000	500.0010	-319.1977	-0.89989	0.43611	0.00000	0.00000	0.00000	1.00000	0.00000	0.00000	4.47810	0	100.00
air_yaw	59	0.0000	250.1967	717.4950	0.0000	500.0010	-324.6077	-0.91579	0.40165	0.00000	0.00000	0.00000	1.00000	0.00000	0.00000	4.55400	0	100.00
air_yaw	60	0.0000	254.3667	714.7498	0.0000	500.0010	-330.0177	-0.93060	0.36603	0.00000	0.00000	0.00000	1.00000	0.00000	0.00000	4.62990	0	100.00
air_yaw	61	0.0000	258.5367	711.9548	0.0000	500.0010	-335.4276	-0.94424	0.32926	0.00000	0.00000	0.00000	1.00000	0.00000	0.00000	4.70580	0	100.00
air_yaw	62	0.0000	262.7067	709.1097	0.0000	500.0010	-340.8376	-0.95661	0.29138	0.00000	0.00000	0.00000	1.00000	0.00000	0.00000	4.78170	0	100.00
air_yaw	63	0.0000	266.8766	706.2246	0.0000	500.0010	-346.2477	-0.96761	0.25243	0.00000	0.00000	0.00000	1.00000	0.00000	0.00000	4.85760	0	100.00
air_yaw	64	0.0000	271.0467	703.2895	0.0000	500.0010	-351.6577	-0.97717	0.21245	0.00000	0.00000	0.00000	1.00000	0.00000	0.00000	4.93350	0	100.00
air_yaw	65	0.0000	275.2166	700.3145	0.0000	500.0010	-357.0677	-0.98519	0.17148	0.00000	0.00000	0.00000	1.00000	0.00000	0.00000	5.00940	0	100.00
air_yaw	66	0.0000	279.3867	697.2893	0.0000	500.0010	-362.4777	-0.99157	0.12959	0.00000	0.00000	0.00000	1.00000	0.00000	0.00000	5.08530	0	100.00
air_yaw	67	0.0000	283.5567	694.2242	0.0000	500.0010	-367.8877	-0.99622	0.08684	0.00000	0.00000	0.00000	1.00000	0.00000	0.00000	5.16120	0	100.00
air_yaw	68	0.0000	287.7267	691.1092	0.0000	500.0010	-373.2977	-0.99906	0.04329	0.00000	0.00000	0.00000	1.00000	0.00000	0.00000	5.23710	0	100.00
air_yaw	69	0.0000	291.8967	687.9541	0.0000	500.0010	-378.7076	-1.00000	-0.00097	0.00000	0.00000	0.00000	1.00000	0.00000	0.00000	5.31300	0	100.00
air_yaw	70	0.0000	296.0667	684.7490	0.0000	500.0010	-384.1176	-0.99895	-0.04586	0.00000	0.00000	0.00000	1.00000	0.00000	0.00000	5.38890	0	100.00
air_yaw	71	0.0000	300.2367	681.5039	0.0000	500.0010	-389.5276	-0.99582	-0.09129	0.00000	0.00000	0.00000	1.00000	0.00000	0.00000	5.46480	0	100.00
air_yaw	72	0.0000	304.4067	678.2089	0.0000	500.0010	-394.9376	-0.99055	-0.13716	0.00000	0.00000	0.00000	1.00000	0.00000	0.00000	5.54070	0	100.00
air_yaw	73	0.0000	308.5767	674.8738	0.0000	500.0010	-400.3477	-0.98311	-0.18302	0.00000	0.00000	0.00000	1.00000	0.00000	0.00000	5.57590	0	100.00
air_yaw	74	0.0000	312.7466	671.4886	0.0000	500.0010	-405.7577	-0.97355	-0.22848	0.00000	0.00000	0.00000	1.00000	0.00000	0.00000	5.57590	0	100.00
air_yaw	75	0.0000	316.9167	668.0635	0.0000	500.0010	-411.1677	-0.96188	-0.27346	0.00000	0.00000	0.00000	1.00000	0.00000	0.00000	5.57590	0	100.00
air_yaw	76	0.0000	321.0867	664.5885	0.0000	500.0010	-416.5777	-0.94814	-0.31784	0.00000	0.00000	0.00000	1.00000	0.00000	0.00000	5.57590	0	100.00
air_yaw	77	0.0000	325.2567	661.0734	0.0000	500.0010	-421.9877	-0.93236	-0.36154	0.00000	0.00000	0.00000	1.00000	0.00000	0.00000	5.57590	0	100.00
air_yaw	78	0.0000	329.4267	657.5084	0.0000	500.0010	-427.3977	-0.91456	-0.40446	0.00000	0.00000	0.00000	1.00000	0.00000	0.00000	5.57590	0	100.00
air_yaw	79	0.0000	333.5966	653.9033	0.0000	500.0010	-432.8077	-0.89478	-0.44650	0.00000	0.00000	0.00000	1.00000	0.00000	0.00000	5.57590	0	100.00
air_yaw	80	0.0000	337.7667	650.2482	0.0000	500.0010	-438.2177	-0.87308	-0.48758	0.00000	0.00000	0.00000	1.00000	0.00000	0.00000	5.57590	0	100.00
air_yaw	81	0.0000	341.9366	646.5531	0.0000	500.0010	-443.6277	-0.84949	-0.52761	0.00000	0.00000	0.00000	1.00000	0.00000	0.00000	5.57590	0	100.00
air_yaw	82	0.0000	346.1067	642.8080	0.0000	500.0010	-449.0377	-0.82406	-0.56650	0.00000	0.00000	0.00000	1.00000	0.00000	0.00000	5.57590	0	100.00
air_yaw	83	0.0000	350.2767	639.0229	0.0000	500.0010	-454.4477	-0.79686	-0.60416	0.00000	0.00000	0.00000	1.00000	0.00000	0.00000	5.57590	0	100.00
air_yaw	84	0.0000	354.4467	635.1879	0.0000	500.0010	-459.8577	-0.76794	-0.64052	0.00000	0.00000	0.00000	1.00000	0.00000	0.00000	5.57590	0	100.00
air_yaw	85	0.0000	358.6167	631.3128	0.0000	500.0010	-465.2677	-0.73736	-0.67550	0.00000	0.00000	0.00000	1.00000	0.00000	0.00000	5.57590	0	100.00
air_yaw	86	0.0000	362.7867	627.3877	0.0000	500.0010	-470.6777	-0.70519	-0.70902	0.00000	0.00000	0.00000	1.00000	0.00000	0.00000	5.57590	0	100.00
air_yaw	87	0.0000	366.9567	623.4226	0.0000	500.0010	-476.0877	-0.67149	-0.74101	0.00000	0.00000	0.00000	1.00000	0.00000	0.00000	5.57590	0	100.00
air_yaw	88	0.0000	371.1266	619.4075	0.0000	500.0010	-481.4977	-0.63635	-0.77140	0.00000	0.00000	0.00000	1.00000	0.00000	0.00000	5.57590	0	100.00
air_yaw	89	0.0000	375.2967	615.3524	0.0000	500.0010	-486.9077	-0.59983	-0.80013	0.00000	0.00000	0.00000	1.00000	0.00000	0.00000	5.57590	0	100.00
air_yaw	90	0.0000	379.4666	611.2473	0.0000	500.0010	-492.3177	-0.56202	-0.82713	0.00000	0.00000	0.00000	1.00000	0.00000	0.00000	5.57590	0	100.00
air_yaw	91	0.0000	383.6367	607.1022	0.0000	500.0010	-497.7277	-0.52299	-0.85234	0.00000	0.00000	0.00000	1.00000	0.00000	0.00000	5.57590	0	100.00
air_yaw	92	0.0000	387.8067	602.9071	0.0000	500.0010	-503.1377	-0.48284	-0.87571	0.00000	0.00000	0.00000	1.00000	0.00000	0.00000	5.57590	0	100.00
air_yaw	93	0.0000	391.9767	598.6721	0.0000	500.0010	-508.5476	-0.44164	-0.89719	0.00000	0.00000	0.00000	1.00000	0.00000	0.00000	5.57590	0	100.00
air_yaw	94	0.0000	396.1467	594.3870	0.0000	500.0010	-513.9576	-0.39949	-0.91674	0.00000	0.00000	0.00000	1.00000	0.00000	0.00000	5.57590	0	100.00
air_yaw	95	0.0000	400.3167	590.0620	0.0000	500.0010	-519.3677	-0.35648	-0.93430	0.00000	0.00000	0.00000	1.00000	0.00000	0.00000	5.57590	0	100.00
air_yaw	96	0.0000	404.4867	585.6868	0.0000	500.0010	-524.7776	-0.31269	-0.94985	0.00000	0.00000	0.00000	1.00000	0.00000	0.00000	5.57590	0	100.00
air_yaw	97	0.0000	408.6567	581.2717	0.0000	500.0010	-530.1876	-0.26824	-0.96335	0.00000	0.00000	0.00000	1.00000	0.00000	0.00000	5.57590	0	100.00
air_yaw	98	0.0000	412.8267	576.8068	0.0000	500.0010	-535.5977	-0.22320	-0.97477	0.00000	0.00000	0.00000	1.00000	0.00000	0.00000	5.57590	0	100.00
air_yaw	99	0.0000	416.9967	572.3016	0.0000	500.0010	-541.0076	-0.17768	-0.98409	0.00000	0.00000	0.00000	1.00000	0.00000	0.00000	5.57590	0	100.00
air_yaw	100	0.0000	421.1667	567.7465	0.0000	500.0010	-546.4177	-0.13178	-0.99128	0.00000	0.00000	0.00000	1.00000	0.00000	0.00000	5.57590	0	100.00
air_yaw	101	0.0000	425.3367	563.1514	0.0000	500.0010	-551.8276	-0.08559	-0.99633	0.00000	0.00000	0.00000	1.00000	0.00000	0.00000	5.57590	0	100.00
air_yaw	102	0.0000	429.5067	558.5064	0.0000	500.0010	-557.2377	-0.03922	-0.99923	0.00000	0.00000	0.00000	1.00000	0.00000	0.00000	5.57590	0	100.00
air_yaw	103	0.0000	433.6767	553.8213	0.0000	500.0010	-562.6476	0.00723	-0.99997	0.00000	0.00000	0.00000	1.00000	0.00000	0.00000	5.57590	0	100.00
air_yaw	104	0.0000	437.8466	549.0862	0.0000	500.0010	-568.0577	0.05367	-0.99856	-0.00000	0.00000	-0.00000	1.00000	0.00000	0.00000	5.57590	0	100.00
air_yaw	105	0.0000	442.0167	544.3111	0.0000	500.0010	-573.4677	0.10000	-0.99499	-0.00000	0.00000	-0.00000	1.00000	0.00000	0.00000	5.57590	0	100.00
air_yaw	106	0.0000	446.1867	539.4860	0.0000	500.0010	-578.8776	0.14611	-0.98927	-0.00000	0.00000	-0.00000	1.00000	0.00000	0.00000	5.57590	0	100.00
air_yaw	107	0.0000	450.3567	534.6209	0.0000	500.0010	-584.2877	0.19190	-0.98141	-0.00000	0.00000	-0.00000	1.00000	0.00000	0.00000	5.57590	0	100.00
air_yaw	108	0.0000	454.5267	529.7059	0.0000	500.0010	-589.6976	0.23728	-0.97144	-0.00000	0.00000	-0.00000	1.00000	0.00000	0.00000	5.57590	0	100.00
air_yaw	109	0.0000	458.6967	524.7507	0.0000	500.0010	-595.1077	0.28214	-0.95937	-0.00000	0.00000	-0.00000	1.00000	0.00000	0.00000	5.57590	0	100.00
air_yaw	110	0.0000	462.8667	519.7457	0.0000	500.0010	-600.5176	0.32640	-0.94523	-0.00000	0.00000	-0.00000	1.00000	0.00000	0.00000	5.57590	0	100.00
air_yaw	111	0.0000	467.0367	514.7006	0.0000	500.0010	-605.9277	0.36995	-0.92905	-0.00000	0.00000	-0.00000	1.00000	0.00000	0.00000	5.57590	0	100.00
air_yaw	112	0.0000	471.2067	509.6055	0.0000	500.0010	-611.3376	0.41271	-0.91086	-0.00000	0.00000	-0.00000	1.00000	0.00000	0.00000	5.57590	0	100.00
air_yaw	113	0.0000	475.3767	504.4705	0.0000	500.0010	-616.7476	0.45457	-0.89071	-0.00000	0.00000	-0.00000	1.00000	0.00000	0.00000	5.57590	0	100.00
air_yaw	114	0.0000	479.5467	499.2853	0.0000	500.0010	-622.1576	0.49545	-0.86863	-0.00000	0.00000	-0.00000	1.00000	0.00000	0.00000	5.57590	0	100.00
air_yaw	115	0.0000	483.7167	494.0603	0.0000	500.0010	-627.5676	0.53527	-0.84468	-0.00000	0.00000	-0.00000	1.00000	0.00000	0.00000	5.57590	0	100.00
air_yaw	116	0.0000	487.8867	488.7852	0.0000	500.0010	-632.9776	0.57392	-0.81891	-0.00000	0.00000	-0.00000	1.00000	0.00000	0.00000	5.57590	0	100.00
air_yaw	117	0.0000	492.0567	483.4701	0.0000	500.0010	-638.3876	0.61134	-0.79137	-0.00000	0.00000	-0.00000	1.00000	0.00000	0.00000	5.57590	0	100.00
air_yaw	118	0.0000	496.2267	478.1050	0.0000	500.0010	-643.7976	0.64744	-0.76212	-0.00000	0.00000	-0.00000	1.00000	0.00000	0.00000	5.57590	0	100.00
air_yaw	119	0.0000	500.3967	472.6900	0.0000	500.0010	-649.2076	0.68214	-0.73122	-0.00000	0.00000	-0.00000	1.00000	0.00000	0.00000	5.57590	0	100.00
air_yaw	120	0.0000	504.5667	467.2349	0.0000	500.0010	-654.6176	0.71537	-0.69875	-0.00000	0.00000	-0.00000	1.00000	0.00000	0.00000	5.57590	0	100.00
air_yaw	121	0.0000	508.7367	461.7298	0.0000	500.0010	-660.0276	0.74705	-0.66477	-0.00000	0.00000	-0.00000	1.00000	0.00000	0.00000	5.57590	0	100.00
air_yaw	122	0.0000	512.9067	456.1847	0.0000	500.0010	-665.4376	0.77712	-0.62935	-0.00000	0.00000	-0.00000	1.00000	0.00000	0.00000	5.57590	0	100.00
air_yaw	123	0.0000	517.0767	450.5896	0.0000	500.0010	-670.8477	0.80552	-0.59257	-0.00000	0.00000	-0.00000	1.00000	0.00000	0.00000	5.57590	0	100.00
air_yaw	124	0.0000	521.2467	444.9545	0.0000	500.0010	-676.2576	0.83217	-0.55452	-0.00000	0.00000	-0.00000	1.00000	0.00000	0.00000	5.57590	0	100.00
air_yaw	125	0.0000	525.4167	439.2694	0.0000	500.0010	-681.6677	0.85703	-0.51526	-0.00000	0.00000	-0.00000	1.00000	0.00000	0.00000	5.57590	0	100.00
air_yaw	126	0.0000	529.5867	433.5443	0.0000	500.0010	-687.0776	0.88004	-0.47490	-0.00000	0.00000	-0.00000	1.00000	0.00000	0.00000	5.57590	0	100.00
air_yaw	127	0.0000	533.7567	427.7693	0.0000	500.0010	-692.4877	0.90115	-0.43351	-0.00000	0.00000	-0.00000	1.00000	0.00000	0.00000	5.57590	0	100.00
air_yaw	128	0.0000	537.9267	421.9542	0.0000	500.0010	-697.8976	0.92031	-0.39119	-0.00000	0.00000	-0.00000	1.00000	0.00000	0.00000	5.57590	0	100.00
air_yaw	129	0.0000	542.0967	416.0891	0.0000	500.0010	-703.3077	0.93749	-0.34802	-0.00000	0.00000	-0.00000	1.00000	0.00000	0.00000	5.57590	0	100.00
air_yaw	130	0.0000	546.2667	410.1840	0.0000	500.0010	-708.7177	0.95264	-0.30409	-0.00000	0.00000	-0.00000	1.00000	0.00000	0.00000	5.57590	0	100.00
air_yaw	131	0.0000	550.4367	404.2289	0.0000	500.0010	-714.1276	0.96574	-0.25952	-0.00000	0.00000	-0.00000	1.00000	0.00000	0.00000	5.57590	0	100.00
air_yaw	132	0.0000	554.6067	398.2339	0.0000	500.0010	-719.5377	0.97675	-0.21438	-0.00000	0.00000	-0.00000	1.00000	0.00000	0.00000	5.57590	0	100.00
air_yaw	133	0.0000	558.7767	392.1888	0.0000	500.0010	-724.9476	0.98565	-0.16878	-0.00000	0.00000	-0.00000	1.00000	0.00000	0.00000	5.57590	0	100.00
air_yaw	134	0.0000	562.9467	386.1037	0.0000	500.0010	-730.3577	0.99243	-0.12281	-0.00000	0.00000	-0.00000	1.00000	0.00000	0.00000	5.57590	0	100.00
air_yaw	135	0.0000	567.1167	379.9686	0.0000	500.0010	-735.7676	0.99706	-0.07658	-0.00000	0.00000	-0.00000	1.00000	0.00000	0.00000	5.57590	0	100.00
air_yaw	136	0.0000	571.2867	373.7935	0.0000	500.0010	-741.1777	0.99954	-0.03019	-0.00000	0.00000	-0.00000	1.00000	0.00000	0.00000	5.57590	0	100.00
air_yaw	137	0.0000	575.4567	367.5685	0.0000	500.0010	-746.5876	0.99987	0.01627	0.00000	0.00000	0.00000	1.00000	0.00000	0.00000	5.57590	0	100.00
air_yaw	138	0.0000	579.6267	361.3033	0.0000	500.0010	-751.9976	0.99803	0.06270	0.00000	0.00000	0.00000	1.00000	0.00000	0.00000	5.57590	0	100.00
air_yaw	139	0.0000	583.7967	354.9883	0.0000	500.0010	-757.4076	0.99404	0.10899	0.00000	0.00000	0.00000	1.00000	0.00000	0.00000	5.57590	0	100.00
air_yaw	140	0.0000	587.9667	348.6332	0.0000	500.0010	-762.8176	0.98791	0.15504	0.00000	0.00000	0.00000	1.00000	0.00000	0.00000	5.57590	0	100.00
air_yaw	141	0.0000	592.1367	342.2281	0.0000	500.0010	-768.2276	0.97964	0.20076	0.00000	0.00000	0.00000	1.00000	0.00000	0.00000	5.57590	0	100.00
air_yaw	142	0.0000	596.3067	335.7830	0.0000	500.0010	-773.6376	0.96926	0.24605	0.00000	0.00000	0.00000	1.00000	0.00000	0.00000	5.57590	0	100.00
air_yaw	143	0.0000	600.4767	329.2879	0.0000	500.0010	-779.0476	0.95678	0.29081	0.00000	0.00000	0.00000	1.00000	0.00000	0.00000	5.57590	0	100.00
air_yaw	144	0.0000	604.6467	322.7529	0.0000	500.0010	-784.4576	0.94224	0.33493	0.00000	0.00000	0.00000	1.00000	0.00000	0.00000	5.57590	0	100.00
air_yaw	145	0.0000	608.8167	316.1678	0.0000	500.0010	-789.8676	0.92567	0.37834	0.00000	0.00000	0.00000	1.00000	0.00000	0.00000	5.57590	0	100.00
air_yaw	146	0.0000	612.9867	309.5427	0.0000	500.0010	-795.2776	0.90710	0.42093	0.00000	0.00000	0.00000	1.00000	0.00000	0.00000	5.57590	0	100.00
air_yaw	147	0.0000	617.1567	302.8676	0.0000	500.0010	-800.6876	0.88656	0.46261	0.00000	0.00000	0.00000	1.00000	0.00000	0.00000	5.57590	0	100.00
air_yaw	148	0.0000	621.3267	296.1525	0.0000	500.0010	-806.0976	0.86412	0.50329	0.00000	0.00000	0.00000	1.00000	0.00000	0.00000	5.57590	0	100.00
air_yaw	149	0.0000	625.4967	289.3875	0.0000	500.0010	-811.5076	0.83981	0.54288	0.00000	0.00000	0.00000	1.00000	0.00000	0.00000	5.57590	0	100.00
air_yaw	150	0.0000	629.6667	282.5824	0.0000	500.0010	-816.9176	0.81369	0.58130	0.00000	0.00000	0.00000	1.00000	0.00000	0.00000	5.57590	0	100.00
air_yaw	151	0.0000	633.8367	275.7272	0.0000	500.0010	-822.3276	0.78581	0.61847	0.00000	0.00000	0.00000	1.00000	0.00000	0.00000	5.57590	0	100.00
air_yaw	152	0.0000	638.0067	268.8322	0.0000	500.0010	-827.7376	0.75623	0.65430	0.00000	0.00000	0.00000	1.00000	0.00000	0.00000	5.57590	0	100.00
air_yaw	153	0.0000	642.1767	261.8871	0.0000	500.0010	-833.1476	0.72502	0.68872	0.00000	0.00000	0.00000	1.00000	0.00000	0.00000	5.57590	0	100.00
air_yaw	154	0.0000	646.3467	254.9020	0.0000	500.0010	-838.5576	0.69225	0.72166	0.00000	0.00000	0.00000	1.00000	0.00000	0.00000	5.57590	0	100.00
air_yaw	155	0.0000	650.5167	247.8669	0.0000	500.0010	-843.9677	0.65798	0.75303	0.00000	0.00000	0.00000	1.00000	0.00000	0.00000	5.57590	0	100.00
air_yaw	156	0.0000	654.6867	240.7918	0.0000	500.0010	-849.3776	0.62230	0.78278	0.00000	0.00000	0.00000	1.00000	0.00000	0.00000	5.57590	0	100.00
air_yaw	157	0.0000	658.8567	233.6667	0.0000	500.0010	-854.7877	0.58526	0.81084	0.00000	0.00000	0.00000	1.00000	0.00000	0.00000	5.57590	0	100.00
air_yaw	158	0.0000	663.0267	226.5017	0.0000	500.0010	-860.1976	0.54697	0.83715	0.00000	0.00000	0.00000	1.00000	0.00000	0.00000	5.57590	0	100.00
air_yaw	159	0.0000	667.1967	219.2866	0.0000	500.0010	-865.6077	0.50749	0.86165	0.00000	0.00000	0.00000	1.00000	0.00000	0.00000	5.57590	0	100.00
aerial_boost	0	-0.0000	-994.9393	502.4964	-0.0000	607.2800	299.5642	-0.00000	0.82534	0.56464	0.00000	-0.56464	0.82534	0.00000	0.00000	0.00000	0	99.72
aerial_boost	1	-0.0000	-989.8188	504.9927	-0.0000	614.5499	299.1242	-0.00000	0.82534	0.56464	0.00000	-0.56464	0.82534	0.00000	0.00000	0.00000	0	99.44
aerial_boost	2	-0.0000	-984.6382	507.4790	-0.0000	621.8199	298.6842	-0.00000	0.82534	0.56464	0.00000	-0.56464	0.82534	0.00000	0.00000	0.00000	0	99.17
aerial_boost	3	-0.0000	-979.3976	509.9654	-0.0000	629.0900	298.2442	-0.00000	0.82534	0.56464	0.00000	-0.56464	0.82534	0.00000	0.00000	0.00000	0	98.89
aerial_boost	4	-0.0000	-974.0970	512.4517	-0.0000	636.3599	297.8042	-0.00000	0.82534	0.56464	0.00000	-0.56464	0.82534	0.00000	0.00000	0.00000	0	98.61
aerial_boost	5	-0.0000	-968.7364	514.9280	-0.0000	643.6299	297.3642	-0.00000	0.82534	0.56464	0.00000	-0.56464	0.82534	0.00000	0.00000	0.00000	0	98.33
aerial_boost	6	-0.0000	-963.3158	517.4043	-0.0000	650.9000	296.9242	-0.00000	0.82534	0.56464	0.00000	-0.56464	0.82534	0.00000	0.00000	0.00000	0	98.06
aerial_boost	7	-0.0000	-957.8352	519.8707	-0.0000	658.1700	296.4842	-0.00000	0.82534	0.56464	0.00000	-0.56464	0.82534	0.00000	0.00000	0.00000	0	97.78
aerial_boost	8	-0.0000	-952.2946	522.3370	-0.0000	665.4500	296.0442	-0.00000	0.82534	0.56464	0.00000	-0.56464	0.82534	0.00000	0.00000	0.00000	0	97.50
aerial_boost	9	-0.0000	-946.6840	524.8034	-0.0000	672.7200	295.6042	-0.00000	0.82534	0.56464	0.00000	-0.56464	0.82534	0.00000	0.00000	0.00000	0	97.22
aerial_boost	10	-0.0000	-941.0133	527.2597	-0.0000	679.9999	295.1642	-0.00000	0.82534	0.56464	0.00000	-0.56464	0.82534	0.00000	0.00000	0.00000	0	96.94
aerial_boost	11	-0.0000	-935.2827	529.7161	-0.0000	687.2700	294.7242	-0.00000	0.82534	0.56464	0.00000	-0.56464	0.82534	0.00000	0.00000	0.00000	0	96.67
aerial_boost	12	-0.0000	-929.4922	532.1724	-0.0000	694.5400	294.2842	-0.00000	0.82534	0.56464	0.00000	-0.56464	0.82534	0.00000	0.00000	0.00000	0	96.39
aerial_boost	13	-0.0000	-923.6415	534.6187	-0.0000	701.8199	293.8442	-0.00000	0.82534	0.56464	0.00000	-0.56464	0.82534	0.00000	0.00000	0.00000	0	96.11
aerial_boost	14	-0.0000	-917.7309	537.0650	-0.0000	709.0900	293.4042	-0.00000	0.82534	0.56464	0.00000	-0.56464	0.82534	0.00000	0.00000	0.00000	0	95.83
aerial_boost	15	-0.0000	-911.7603	539.5013	-0.0000	716.3699	292.9642	-0.00000	0.82534	0.56464	0.00000	-0.56464	0.82534	0.00000	0.00000	0.00000	0	95.56
aerial_boost	16	-0.0000	-905.7296	541.9377	-0.0000	723.6400	292.5242	-0.00000	0.82534	0.56464	0.00000	-0.56464	0.82534	0.00000	0.00000	0.00000	0	95.28
aerial_boost	17	-0.0000	-899.6390	544.3740	-0.0000	730.9100	292.0842	-0.00000	0.82534	0.56464	0.00000	-0.56464	0.82534	0.00000	0.00000	0.00000	0	95.00
aerial_boost	18	-0.0000	-893.4884	546.8004	-0.0000	738.1899	291.6442	-0.00000	0.82534	0.56464	0.00000	-0.56464	0.82534	0.00000	0.00000	0.00000	0	94.72
aerial_boost	19	-0.0000	-887.2778	549.2267	-0.0000	745.4600	291.2041	-0.00000	0.82534	0.56464	0.00000	-0.56464	0.82534	0.00000	0.00000	0.00000	0	94.44
aerial_boost	20	-0.0000	-881.0072	551.6530	-0.0000	752.7399	290.7641	-0.00000	0.82534	0.56464	0.00000	-0.56464	0.82534	0.00000	0.00000	0.00000	0	94.17
aerial_boost	21	-0.0000	-874.6765	554.0694	-0.0000	760.0099	290.3241	-0.00000	0.82534	0.56464	0.00000	-0.56464	0.82534	0.00000	0.00000	0.00000	0	93.89
aerial_boost	22	-0.0000	-868.2859	556.4857	-0.0000	767.2800	289.8842	-0.00000	0.82534	0.56464	0.00000	-0.56464	0.82534	0.00000	0.00000	0.00000	0	93.61
aerial_boost	23	-0.0000	-861.8353	558.9020	-0.0000	774.5599	289.4442	-0.00000	0.82534	0.56464	0.00000	-0.56464	0.82534	0.00000	0.00000	0.00000	0	93.33
aerial_boost	24	-0.0000	-855.3248	561.3084	-0.0000	781.8300	289.0042	-0.00000	0.82534	0.56464	0.00000	-0.56464	0.82534	0.00000	0.00000	0.00000	0	93.06
aerial_boost	25	-0.0000	-848.7441	563.7147	-0.0000	789.1000	288.5642	-0.00000	0.82534	0.56464	0.00000	-0.56464	0.82534	0.00000	0.00000	0.00000	0	92.78
aerial_boost	26	-0.0000	-842.1035	566.1110	-0.0000	796.3799	288.1241	-0.00000	0.82534	0.56464	0.00000	-0.56464	0.82534	0.00000	0.00000	0.00000	0	92.50
aerial_boost	27	-0.0000	-835.4029	568.5073	-0.0000	803.6499	287.6841	-0.00000	0.82534	0.56464	0.00000	-0.56464	0.82534	0.00000	0.00000	0.00000	0	92.22
aerial_boost	28	-0.0000	-828.6424	570.9037	-0.0000	810.9199	287.2441	-0.00000	0.82534	0.56464	0.00000	-0.56464	0.82534	0.00000	0.00000	0.00000	0	91.94
aerial_boost	29	-0.0000	-821.8217	573.2900	-0.0000	818.1899	286.8041	-0.00000	0.82534	0.56464	0.00000	-0.56464	0.82534	0.00000	0.00000	0.00000	0	91.67
aerial_boost	30	-0.0000	-814.9411	575.6763	-0.0000	825.4600	286.3641	-0.00000	0.82534	0.56464	0.00000	-0.56464	0.82534	0.00000	0.00000	0.00000	0	91.39
aerial_boost	31	-0.0000	-808.0005	578.0627	-0.0000	832.7399	285.9241	-0.00000	0.82534	0.56464	0.00000	-0.56464	0.82534	0.00000	0.00000	0.00000	0	91.11
aerial_boost	32	-0.0000	-800.9999	580.4390	-0.0000	840.0099	285.4842	-0.00000	0.82534	0.56464	0.00000	-0.56464	0.82534	0.00000	0.00000	0.00000	0	90.83
aerial_boost	33	-0.0000	-793.9393	582.8154	-0.0000	847.2799	285.0442	-0.00000	0.82534	0.56464	0.00000	-0.56464	0.82534	0.00000	0.00000	0.00000	0	90.56
aerial_boost	34	-0.0000	-786.8187	585.1917	-0.0000	854.5499	284.6042	-0.00000	0.82534	0.56464	0.00000	-0.56464	0.82534	0.00000	0.00000	0.00000	0	90.28
aerial_boost	35	-0.0000	-779.6381	587.5580	-0.0000	861.8199	284.1642	-0.00000	0.82534	0.56464	0.00000	-0.56464	0.82534	0.00000	0.00000	0.00000	0	90.00
aerial_boost	36	-0.0000	-772.3976	589.9243	-0.0000	869.0900	283.7242	-0.00000	0.82534	0.56464	0.00000	-0.56464	0.82534	0.00000	0.00000	0.00000	0	89.72
aerial_boost	37	-0.0000	-765.0969	592.2807	-0.0000	876.3699	283.2841	-0.00000	0.82534	0.56464	0.00000	-0.56464	0.82534	0.00000	0.00000	0.00000	0	89.44
aerial_boost	38	-0.0000	-757.7363	594.6371	-0.0000	883.6400	282.8442	-0.00000	0.82534	0.56464	0.00000	-0.56464	0.82534	0.00000	0.00000	0.00000	0	89.17
aerial_boost	39	-0.0000	-750.3156	596.9934	-0.0000	890.9200	282.4042	-0.00000	0.82534	0.56464	0.00000	-0.56464	0.82534	0.00000	0.00000	0.00000	0	88.89
aerial_boost	40	-0.0000	-742.8350	599.3397	-0.0000	898.2000	281.9642	-0.00000	0.82534	0.56464	0.00000	-0.56464	0.82534	0.00000	0.00000	0.00000	0	88.61
aerial_boost	41	-0.0000	-735.2944	601.6860	-0.0000	905.4700	281.5242	-0.00000	0.82534	0.56464	0.00000	-0.56464	0.82534	0.00000	0.00000	0.00000	0	88.33
aerial_boost	42	-0.0000	-727.6837	604.0323	-0.0000	912.7499	281.0842	-0.00000	0.82534	0.56464	0.00000	-0.56464	0.82534	0.00000	0.00000	0.00000	0	88.06
aerial_boost	43	-0.0000	-720.0131	606.3687	-0.0000	920.0200	280.6442	-0.00000	0.82534	0.56464	0.00000	-0.56464	0.82534	0.00000	0.00000	0.00000	0	87.78
aerial_boost	44	-0.0000	-712.2825	608.7050	-0.0000	927.3000	280.2042	-0.00000	0.82534	0.56464	0.00000	-0.56464	0.82534	0.00000	0.00000	0.00000	0	87.50
aerial_boost	45	-0.0000	-704.4919	611.0314	-0.0000	934.5800	279.7642	-0.00000	0.82534	0.56464	0.00000	-0.56464	0.82534	0.00000	0.00000	0.00000	0	87.22
aerial_boost	46	-0.0000	-696.6412	613.3577	-0.0000	941.8500	279.3242	-0.00000	0.82534	0.56464	0.00000	-0.56464	0.82534	0.00000	0.00000	0.00000	0	86.94
aerial_boost	47	-0.0000	-688.7306	615.6840	-0.0000	949.1299	278.8842	-0.00000	0.82534	0.56464	0.00000	-0.56464	0.82534	0.00000	0.00000	0.00000	0	86.67
aerial_boost	48	-0.0000	-680.7599	618.0004	-0.0000	956.3999	278.4442	-0.00000	0.82534	0.56464	0.00000	-0.56464	0.82534	0.00000	0.00000	0.00000	0	86.39
aerial_boost	49	-0.0000	-672.7294	620.3167	-0.0000	963.6700	278.0042	-0.00000	0.82534	0.56464	0.00000	-0.56464	0.82534	0.00000	0.00000	0.00000	0	86.11
aerial_boost	50	-0.0000	-664.6387	622.6331	-0.0000	970.9500	277.5642	-0.00000	0.82534	0.56464	0.00000	-0.56464	0.82534	0.00000	0.00000	0.00000	0	85.83
aerial_boost	51	-0.0000	-656.4882	624.9393	-0.0000	978.2200	277.1242	-0.00000	0.82534	0.56464	0.00000	-0.56464	0.82534	0.00000	0.00000	0.00000	0	85.56
aerial_boost	52	-0.0000	-648.2775	627.2457	-0.0000	985.4999	276.6842	-0.00000	0.82534	0.56464	0.00000	-0.56464	0.82534	0.00000	0.00000	0.00000	0	85.28
aerial_boost	53	-0.0000	-640.0069	629.5520	-0.0000	992.7700	276.2442	-0.00000	0.82534	0.56464	0.00000	-0.56464	0.82534	0.00000	0.00000	0.00000	0	85.00
aerial_boost	54	-0.0000	-631.6763	631.8483	-0.0000	1000.0500	275.8042	-0.00000	0.82534	0.56464	0.00000	-0.56464	0.82534	0.00000	0.00000	0.00000	0	84.72
aerial_boost	55	-0.0000	-623.2855	634.1447	-0.0000	1007.3300	275.3642	-0.00000	0.82534	0.56464	0.00000	-0.56464	0.82534	0.00000	0.00000	0.00000	0	84.44
aerial_boost	56	-0.0000	-614.8350	636.4310	-0.0000	1014.6000	274.9242	-0.00000	0.82534	0.56464	0.00000	-0.56464	0.82534	0.00000	0.00000	0.00000	0	84.17
aerial_boost	57	-0.0000	-606.3144	638.7173	-0.0000	1021.8799	274.4842	-0.00000	0.82534	0.56464	0.00000	-0.56464	0.82534	0.00000	0.00000	0.00000	0	83.89
aerial_boost	58	-0.0000	-597.7338	641.0037	-0.0000	1029.1500	274.0442	-0.00000	0.82534	0.56464	0.00000	-0.56464	0.82534	0.00000	0.00000	0.00000	0	83.61
aerial_boost	59	-0.0000	-589.0931	643.2800	-0.0000	1036.4299	273.6042	-0.00000	0.82534	0.56464	0.00000	-0.56464	0.82534	0.00000	0.00000	0.00000	0	83.33
aerial_boost	60	-0.0000	-580.3925	645.5564	-0.0000	1043.7000	273.1642	-0.00000	0.82534	0.56464	0.00000	-0.56464	0.82534	0.00000	0.00000	0.00000	0	83.06
aerial_boost	61	-0.0000	-571.6320	647.8327	-0.0000	1050.9698	272.7242	-0.00000	0.82534	0.56464	0.00000	-0.56464	0.82534	0.00000	0.00000	0.00000	0	82.78
aerial_boost	62	-0.0000	-562.8113	650.0991	-0.0000	1058.2400	272.2842	-0.00000	0.82534	0.56464	0.00000	-0.56464	0.82534	0.00000	0.00000	0.00000	0	82.50
aerial_boost	63	-0.0000	-553.9307	652.3653	-0.0000	1065.5200	271.8442	-0.00000	0.82534	0.56464	0.00000	-0.56464	0.82534	0.00000	0.00000	0.00000	0	82.22
aerial_boost	64	-0.0000	-544.9900	654.6317	-0.0000	1072.7999	271.4042	-0.00000	0.82534	0.56464	0.00000	-0.56464	0.82534	0.00000	0.00000	0.00000	0	81.94
aerial_boost	65	-0.0000	-535.9894	656.8880	-0.0000	1080.0699	270.9642	-0.00000	0.82534	0.56464	0.00000	-0.56464	0.82534	0.00000	0.00000	0.00000	0	81.67
aerial_boost	66	-0.0000	-526.9288	659.1444	-0.0000	1087.3398	270.5242	-0.00000	0.82534	0.56464	0.00000	-0.56464	0.82534	0.00000	0.00000	0.00000	0	81.39
aerial_boost	67	-0.0000	-517.8082	661.3907	-0.0000	1094.6100	270.0842	-0.00000	0.82534	0.56464	0.00000	-0.56464	0.82534	0.00000	0.00000	0.00000	0	81.11
aerial_boost	68	-0.0000	-508.6276	663.6371	-0.0000	1101.8900	269.6442	-0.00000	0.82534	0.56464	0.00000	-0.56464	0.82534	0.00000	0.00000	0.00000	0	80.83
aerial_boost	69	-0.0000	-499.3869	665.8834	-0.0000	1109.1699	269.2042	-0.00000	0.82534	0.56464	0.00000	-0.56464	0.82534	0.00000	0.00000	0.00000	0	80.56
aerial_boost	70	-0.0000	-490.0863	668.1197	-0.0000	1116.4401	268.7642	-0.00000	0.82534	0.56464	0.00000	-0.56464	0.82534	0.00000	0.00000	0.00000	0	80.28
aerial_boost	71	-0.0000	-480.7257	670.3560	-0.0000	1123.7198	268.3242	-0.00000	0.82534	0.56464	0.00000	-0.56464	0.82534	0.00000	0.00000	0.00000	0	80.00
aerial_boost	72	-0.0000	-471.3051	672.5923	-0.0000	1130.9900	267.8842	-0.00000	0.82534	0.56464	0.00000	-0.56464	0.82534	0.00000	0.00000	0.00000	0	79.72
aerial_boost	73	-0.0000	-461.8244	674.8187	-0.0000	1138.2700	267.4442	-0.00000	0.82534	0.56464	0.00000	-0.56464	0.82534	0.00000	0.00000	0.00000	0	79.44
aerial_boost	74	-0.0000	-452.2737	677.0450	-0.0000	1145.5499	267.0042	-0.00000	0.82534	0.56464	0.00000	-0.56464	0.82534	0.00000	0.00000	0.00000	0	79.17
aerial_boost	75	-0.0000	-442.6631	679.2613	-0.0000	1152.8199	266.5642	-0.00000	0.82534	0.56464	0.00000	-0.56464	0.82534	0.00000	0.00000	0.00000	0	78.89
aerial_boost	76	-0.0000	-432.9926	681.4777	-0.0000	1160.0898	266.1242	-0.00000	0.82534	0.56464	0.00000	-0.56464	0.82534	0.00000	0.00000	0.00000	0	78.61
aerial_boost	77	-0.0000	-423.2620	683.6940	-0.0000	1167.3599	265.6842	-0.00000	0.82534	0.56464	0.00000	-0.56464	0.82534	0.00000	0.00000	0.00000	0	78.33
aerial_boost	78	-0.0000	-413.4715	685.9003	-0.0000	1174.6300	265.2442	-0.00000	0.82534	0.56464	0.00000	-0.56464	0.82534	0.00000	0.00000	0.00000	0	78.06
aerial_boost	79	-0.0000	-403.6207	688.1068	-0.0000	1181.9099	264.8042	-0.00000	0.82534	0.56464	0.00000	-0.56464	0.82534	0.00000	0.00000	0.00000	0	77.78
aerial_boost	80	-0.0000	-393.7102	690.3130	-0.0000	1189.1799	264.3641	-0.00000	0.82534	0.56464	0.00000	-0.56464	0.82534	0.00000	0.00000	0.00000	0	77.50
aerial_boost	81	-0.0000	-383.7396	692.5093	-0.0000	1196.4498	263.9241	-0.00000	0.82534	0.56464	0.00000	-0.56464	0.82534	0.00000	0.00000	0.00000	0	77.22
aerial_boost	82	-0.0000	-373.7090	694.7057	-0.0000	1203.7198	263.4841	-0.00000	0.82534	0.56464	0.00000	-0.56464	0.82534	0.00000	0.00000	0.00000	0	76.94
aerial_boost	83	-0.0000	-363.6184	696.9020	-0.0000	1210.9900	263.0441	-0.00000	0.82534	0.56464	0.00000	-0.56464	0.82534	0.00000	0.00000	0.00000	0	76.67
aerial_boost	84	-0.0000	-353.4677	699.0883	-0.0000	1218.2699	262.6042	-0.00000	0.82534	0.56464	0.00000	-0.56464	0.82534	0.00000	0.00000	0.00000	0	76.39
aerial_boost	85	-0.0000	-343.2572	701.2747	-0.0000	1225.5399	262.1642	-0.00000	0.82534	0.56464	0.00000	-0.56464	0.82534	0.00000	0.00000	0.00000	0	76.11
aerial_boost	86	-0.0000	-332.9866	703.4510	-0.0000	1232.8101	261.7242	-0.00000	0.82534	0.56464	0.00000	-0.56464	0.82534	0.00000	0.00000	0.00000	0	75.83
aerial_boost	87	-0.0000	-322.6559	705.6274	-0.0000	1240.0898	261.2841	-0.00000	0.82534	0.56464	0.00000	-0.56464	0.82534	0.00000	0.00000	0.00000	0	75.56
aerial_boost	88	-0.0000	-312.2653	707.8036	-0.0000	1247.3600	260.8441	-0.00000	0.82534	0.56464	0.00000	-0.56464	0.82534	0.00000	0.00000	0.00000	0	75.28
aerial_boost	89	-0.0000	-301.8146	709.9700	-0.0000	1254.6399	260.4041	-0.00000	0.82534	0.56464	0.00000	-0.56464	0.82534	0.00000	0.00000	0.00000	0	75.00
aerial_boost	90	-0.0000	-291.2941	712.1363	-0.0000	1261.9099	259.9641	-0.00000	0.82534	0.56464	0.00000	-0.56464	0.82534	0.00000	0.00000	0.00000	0	74.72
aerial_boost	91	-0.0000	-280.7135	714.3027	-0.0000	1269.1801	259.5242	-0.00000	0.82534	0.56464	0.00000	-0.56464	0.82534	0.00000	0.00000	0.00000	0	74.44
aerial_boost	92	-0.0000	-270.0728	716.4590	-0.0000	1276.4598	259.0842	-0.00000	0.82534	0.56464	0.00000	-0.56464	0.82534	0.00000	0.00000	0.00000	0	74.17
aerial_boost	93	-0.0000	-259.3723	718.6154	-0.0000	1283.7300	258.6442	-0.00000	0.82534	0.56464	0.00000	-0.56464	0.82534	0.00000	0.00000	0.00000	0	73.89
aerial_boost	94	-0.0000	-248.6116	720.7717	-0.0000	1291.0099	258.2042	-0.00000	0.82534	0.56464	0.00000	-0.56464	0.82534	0.00000	0.00000	0.00000	0	73.61
aerial_boost	95	-0.0000	-237.7910	722.9181	-0.0000	1298.2799	257.7642	-0.00000	0.82534	0.56464	0.00000	-0.56464	0.82534	0.00000	0.00000	0.00000	0	73.33
aerial_boost	96	-0.0000	-226.9104	725.0644	-0.0000	1305.5500	257.3242	-0.00000	0.82534	0.56464	0.00000	-0.56464	0.82534	0.00000	0.00000	0.00000	0	73.06
aerial_boost	97	-0.0000	-215.9698	727.2007	-0.0000	1312.8298	256.8842	-0.00000	0.82534	0.56464	0.00000	-0.56464	0.82534	0.00000	0.00000	0.00000	0	72.78
aerial_boost	98	-0.0000	-204.9692	729.3370	-0.0000	1320.1000	256.4442	-0.00000	0.82534	0.56464	0.00000	-0.56464	0.82534	0.00000	0.00000	0.00000	0	72.50
aerial_boost	99	-0.0000	-193.9085	731.4734	-0.0000	1327.3799	256.0042	-0.00000	0.82534	0.56464	0.00000	-0.56464	0.82534	0.00000	0.00000	0.00000	0	72.22
aerial_boost	100	-0.0000	-182.7879	733.5997	-0.0000	1334.6499	255.5642	-0.00000	0.82534	0.56464	0.00000	-0.56464	0.82534	0.00000	0.00000	0.00000	0	71.94
aerial_boost	101	-0.0000	-171.6073	735.7260	-0.0000	1341.9200	255.1242	-0.00000	0.82534	0.56464	0.00000	-0.56464	0.82534	0.00000	0.00000	0.00000	0	71.67
aerial_boost	102	-0.0000	-160.3667	737.8524	-0.0000	1349.1998	254.6842	-0.00000	0.82534	0.56464	0.00000	-0.56464	0.82534	0.00000	0.00000	0.00000	0	71.39
aerial_boost	103	-0.0000	-149.0661	739.9686	-0.0000	1356.4700	254.2442	-0.00000	0.82534	0.56464	0.00000	-0.56464	0.82534	0.00000	0.00000	0.00000	0	71.11
aerial_boost	104	-0.0000	-137.7054	742.0850	-0.0000	1363.7499	253.8042	-0.00000	0.82534	0.56464	0.00000	-0.56464	0.82534	0.00000	0.00000	0.00000	0	70.83
aerial_boost	105	-0.0000	-126.2848	744.1914	-0.0000	1371.0199	253.3642	-0.00000	0.82534	0.56464	0.00000	-0.56464	0.82534	0.00000	0.00000	0.00000	0	70.56
aerial_boost	106	-0.0000	-114.7942	746.2977	-0.0000	1378.2900	252.9242	-0.00000	0.82534	0.56464	0.00000	-0.56464	0.82534	0.00000	0.00000	0.00000	0	70.28
aerial_boost	107	-0.0000	-103.2436	748.4041	-0.0000	1385.5698	252.4842	-0.00000	0.82534	0.56464	0.00000	-0.56464	0.82534	0.00000	0.00000	0.00000	0	70.00
aerial_boost	108	-0.0000	-91.6330	750.5004	-0.0000	1392.8400	252.0442	-0.00000	0.82534	0.56464	0.00000	-0.56464	0.82534	0.00000	0.00000	0.00000	0	69.72
aerial_boost	109	-0.0000	-79.9623	752.5967	-0.0000	1400.1200	251.6042	-0.00000	0.82534	0.56464	0.00000	-0.56464	0.82534	0.00000	0.00000	0.00000	0	69.44
aerial_boost	110	-0.0000	-68.2317	754.6930	-0.0000	1407.3999	251.1642	-0.00000	0.82534	0.56464	0.00000	-0.56464	0.82534	0.00000	0.00000	0.00000	0	69.17
aerial_boost	111	-0.0000	-56.4411	756.7794	-0.0000	1414.6700	250.7242	-0.00000	0.82534	0.56464	0.00000	-0.56464	0.82534	0.00000	0.00000	0.00000	0	68.89
aerial_boost	112	-0.0000	-44.5904	758.8657	-0.0000	1421.9498	250.2842	-0.00000	0.82534	0.56464	0.00000	-0.56464	0.82534	0.00000	0.00000	0.00000	0	68.61
aerial_boost	113	-0.0000	-32.6798	760.9520	-0.0000	1429.2200	249.8442	-0.00000	0.82534	0.56464	0.00000	-0.56464	0.82534	0.00000	0.00000	0.00000	0	68.33
aerial_boost	114	-0.0000	-20.7092	763.0284	-0.0000	1436.5000	249.4042	-0.00000	0.82534	0.56464	0.00000	-0.56464	0.82534	0.00000	0.00000	0.00000	0	68.06
aerial_boost	115	-0.0000	-8.6785	765.1047	-0.0000	1443.7799	248.9642	-0.00000	0.82534	0.56464	0.00000	-0.56464	0.82534	0.00000	0.00000	0.00000	0	67.78
aerial_boost	116	-0.0000	3.4121	767.1710	-0.0000	1451.0500	248.5242	-0.00000	0.82534	0.56464	0.00000	-0.56464	0.82534	0.00000	0.00000	0.00000	0	67.50
aerial_boost	117	-0.0000	15.5627	769.2373	-0.0000	1458.3298	248.0842	-0.00000	0.82534	0.56464	0.00000	-0.56464	0.82534	0.00000	0.00000	0.00000	0	67.22
aerial_boost	118	-0.0000	27.7733	771.3036	-0.0000	1465.6000	247.6442	-0.00000	0.82534	0.56464	0.00000	-0.56464	0.82534	0.00000	0.00000	0.00000	0	66.94
aerial_boost	119	-0.0000	40.0440	773.3600	-0.0000	1472.8799	247.2042	-0.00000	0.82534	0.56464	0.00000	-0.56464	0.82534	0.00000	0.00000	0.00000	0	66.67
aerial_boost	120	-0.0000	52.3746	775.4163	-0.0000	1480.1499	246.7642	-0.00000	0.82534	0.56464	0.00000	-0.56464	0.82534	0.00000	0.00000	0.00000	0	66.39
aerial_boost	121	-0.0000	64.7652	777.4727	-0.0000	1487.4200	246.3242	-0.00000	0.82534	0.56464	0.00000	-0.56464	0.82534	0.00000	0.00000	0.00000	0	66.11
aerial_boost	122	-0.0000	77.2258	779.5190	-0.0000	1494.6998	245.8842	-0.00000	0.82534	0.56464	0.00000	-0.56464	0.82534	0.00000	0.00000	0.00000	0	65.83
aerial_boost	123	-0.0000	89.7464	781.5653	-0.0000	1501.9700	245.4442	-0.00000	0.82534	0.56464	0.00000	-0.56464	0.82534	0.00000	0.00000	0.00000	0	65.56
aerial_boost	124	-0.0000	102.3271	783.6118	-0.0000	1509.2500	245.0042	-0.00000	0.82534	0.56464	0.00000	-0.56464	0.82534	0.00000	0.00000	0.00000	0	65.28
aerial_boost	125	-0.0000	114.9678	785.6480	-0.0000	1516.5299	244.5642	-0.00000	0.82534	0.56464	0.00000	-0.56464	0.82534	0.00000	0.00000	0.00000	0	65.00
aerial_boost	126	-0.0000	127.6683	787.6844	-0.0000	1523.8000	244.1242	-0.00000	0.82534	0.56464	0.00000	-0.56464	0.82534	0.00000	0.00000	0.00000	0	64.72
aerial_boost	127	-0.0000	140.4290	789.7107	-0.0000	1531.0798	243.6842	-0.00000	0.82534	0.56464	0.00000	-0.56464	0.82534	0.00000	0.00000	0.00000	0	64.44
aerial_boost	128	-0.0000	153.2496	791.7371	-0.0000	1538.3499	243.2442	-0.00000	0.82534	0.56464	0.00000	-0.56464	0.82534	0.00000	0.00000	0.00000	0	64.17
aerial_boost	129	-0.0000	166.1302	793.7634	-0.0000	1545.6200	242.8042	-0.00000	0.82534	0.56464	0.00000	-0.56464	0.82534	0.00000	0.00000	0.00000	0	63.89
aerial_boost	130	-0.0000	179.0708	795.7797	-0.0000	1552.8999	242.3642	-0.00000	0.82534	0.56464	0.00000	-0.56464	0.82534	0.00000	0.00000	0.00000	0	63.61
aerial_boost	131	-0.0000	192.0714	797.7960	-0.0000	1560.1699	241.9242	-0.00000	0.82534	0.56464	0.00000	-0.56464	0.82534	0.00000	0.00000	0.00000	0	63.33
aerial_boost	132	-0.0000	205.1321	799.8123	-0.0000	1567.4498	241.4842	-0.00000	0.82534	0.56464	0.00000	-0.56464	0.82534	0.00000	0.00000	0.00000	0	63.06
aerial_boost	133	-0.0000	218.2527	801.8187	-0.0000	1574.7198	241.0442	-0.00000	0.82534	0.56464	0.00000	-0.56464	0.82534	0.00000	0.00000	0.00000	0	62.78
aerial_boost	134	-0.0000	231.4332	803.8250	-0.0000	1581.9900	240.6042	-0.00000	0.82534	0.56464	0.00000	-0.56464	0.82534	0.00000	0.00000	0.00000	0	62.50
aerial_boost	135	-0.0000	244.6739	805.8214	-0.0000	1589.2699	240.1642	-0.00000	0.82534	0.56464	0.00000	-0.56464	0.82534	0.00000	0.00000	0.00000	0	62.22
aerial_boost	136	-0.0000	257.9745	807.8176	-0.0000	1596.5399	239.7242	-0.00000	0.82534	0.56464	0.00000	-0.56464	0.82534	0.00000	0.00000	0.00000	0	61.94
aerial_boost	137	-0.0000	271.3351	809.8141	-0.0000	1603.8097	239.2842	-0.00000	0.82534	0.56464	0.00000	-0.56464	0.82534	0.00000	0.00000	0.00000	0	61.67
aerial_boost	138	-0.0000	284.7657	811.8004	-0.0000	1611.0798	238.8442	-0.00000	0.82534	0.56464	0.00000	-0.56464	0.82534	0.00000	0.00000	0.00000	0	61.39
aerial_boost	139	-0.0000	298.2562	813.7867	-0.0000	1618.3499	238.4042	-0.00000	0.82534	0.56464	0.00000	-0.56464	0.82534	0.00000	0.00000	0.00000	0	61.11
aerial_boost	140	-0.0000	311.8068	815.7730	-0.0000	1625.6199	237.9642	-0.00000	0.82534	0.56464	0.00000	-0.56464	0.82534	0.00000	0.00000	0.00000	0	60.83
aerial_boost	141	-0.0000	325.4174	817.7493	-0.0000	1632.8899	237.5242	-0.00000	0.82534	0.56464	0.00000	-0.56464	0.82534	0.00000	0.00000	0.00000	0	60.56
aerial_boost	142	-0.0000	339.0880	819.7257	-0.0000	1640.1600	237.0842	-0.00000	0.82534	0.56464	0.00000	-0.56464	0.82534	0.00000	0.00000	0.00000	0	60.28
aerial_boost	143	-0.0000	352.8187	821.7020	-0.0000	1647.4399	236.6442	-0.00000	0.82534	0.56464	0.00000	-0.56464	0.82534	0.00000	0.00000	0.00000	0	60.00
aerial_boost	144	-0.0000	366.6093	823.6684	-0.0000	1654.7200	236.2042	-0.00000	0.82534	0.56464	0.00000	-0.56464	0.82534	0.00000	0.00000	0.00000	0	59.72
aerial_boost	145	-0.0000	380.4600	825.6346	-0.0000	1661.9999	235.7642	-0.00000	0.82534	0.56464	0.00000	-0.56464	0.82534	0.00000	0.00000	0.00000	0	59.44
aerial_boost	146	-0.0000	394.3705	827.5911	-0.0000	1669.2699	235.3242	-0.00000	0.82534	0.56464	0.00000	-0.56464	0.82534	0.00000	0.00000	0.00000	0	59.17
aerial_boost	147	-0.0000	408.3412	829.5473	-0.0000	1676.5400	234.8842	-0.00000	0.82534	0.56464	0.00000	-0.56464	0.82534	0.00000	0.00000	0.00000	0	58.89
aerial_boost	148	-0.0000	422.3718	831.5037	-0.0000	1683.8199	234.4442	-0.00000	0.82534	0.56464	0.00000	-0.56464	0.82534	0.00000	0.00000	0.00000	0	58.61
aerial_boost	149	-0.0000	436.4625	833.4500	-0.0000	1691.1000	234.0042	-0.00000	0.82534	0.56464	0.00000	-0.56464	0.82534	0.00000	0.00000	0.00000	0	58.33
aerial_boost	150	-0.0000	450.6131	835.3964	-0.0000	1698.3799	233.5642	-0.00000	0.82534	0.56464	0.00000	-0.56464	0.82534	0.00000	0.00000	0.00000	0	58.06
aerial_boost	151	-0.0000	464.8237	837.3427	-0.0000	1705.6499	233.1242	-0.00000	0.82534	0.56464	0.00000	-0.56464	0.82534	0.00000	0.00000	0.00000	0	57.78
aerial_boost	152	-0.0000	479.0943	839.2790	-0.0000	1712.9200	232.6842	-0.00000	0.82534	0.56464	0.00000	-0.56464	0.82534	0.00000	0.00000	0.00000	0	57.50
aerial_boost	153	-0.0000	493.4250	841.2154	-0.0000	1720.2000	232.2442	-0.00000	0.82534	0.56464	0.00000	-0.56464	0.82534	0.00000	0.00000	0.00000	0	57.22
aerial_boost	154	-0.0000	507.8156	843.1517	-0.0000	1727.4800	231.8042	-0.00000	0.82534	0.56464	0.00000	-0.56464	0.82534	0.00000	0.00000	0.00000	0	56.94
aerial_boost	155	-0.0000	522.2763	845.0781	-0.0000	1734.7599	231.3642	-0.00000	0.82534	0.56464	0.00000	-0.56464	0.82534	0.00000	0.00000	0.00000	0	56.67
aerial_boost	156	-0.0000	536.7969	847.0043	-0.0000	1742.0299	230.9242	-0.00000	0.82534	0.56464	0.00000	-0.56464	0.82534	0.00000	0.00000	0.00000	0	56.39
aerial_boost	157	-0.0000	551.3774	848.9207	-0.0000	1749.3000	230.4842	-0.00000	0.82534	0.56464	0.00000	-0.56464	0.82534	0.00000	0.00000	0.00000	0	56.11
aerial_boost	158	-0.0000	566.0182	850.8370	-0.0000	1756.5800	230.0442	-0.00000	0.82534	0.56464	0.00000	-0.56464	0.82534	0.00000	0.00000	0.00000	0	55.83
aerial_boost	159	-0.0000	580.7189	852.7534	-0.0000	1763.8600	229.6042	-0.00000	0.82534	0.56464	0.00000	-0.56464	0.82534	0.00000	0.00000	0.00000	0	55.56
aerial_boost	160	-0.0000	595.4794	854.6597	-0.0000	1771.1399	229.1642	-0.00000	0.82534	0.56464	0.00000	-0.56464	0.82534	0.00000	0.00000	0.00000	0	55.28
aerial_boost	161	-0.0000	610.3000	856.5660	-0.0000	1778.4099	228.7242	-0.00000	0.82534	0.56464	0.00000	-0.56464	0.82534	0.00000	0.00000	0.00000	0	55.00
aerial_boost	162	-0.0000	625.1806	858.4724	-0.0000	1785.6798	228.2842	-0.00000	0.82534	0.56464	0.00000	-0.56464	0.82534	0.00000	0.00000	0.00000	0	54.72
aerial_boost	163	-0.0000	640.1212	860.3687	-0.0000	1792.9498	227.8442	-0.00000	0.82534	0.56464	0.00000	-0.56464	0.82534	0.00000	0.00000	0.00000	0	54.44
aerial_boost	164	-0.0000	655.1218	862.2650	-0.0000	1800.2200	227.4042	-0.00000	0.82534	0.56464	0.00000	-0.56464	0.82534	0.00000	0.00000	0.00000	0	54.17
aerial_boost	165	-0.0000	670.1825	864.1513	-0.0000	1807.4999	226.9642	-0.00000	0.82534	0.56464	0.00000	-0.56464	0.82534	0.00000	0.00000	0.00000	0	53.89
aerial_boost	166	-0.0000	685.3030	866.0377	-0.0000	1814.7699	226.5242	-0.00000	0.82534	0.56464	0.00000	-0.56464	0.82534	0.00000	0.00000	0.00000	0	53.61
aerial_boost	167	-0.0000	700.4836	867.9240	-0.0000	1822.0400	226.0842	-0.00000	0.82534	0.56464	0.00000	-0.56464	0.82534	0.00000	0.00000	0.00000	0	53.33
aerial_boost	168	-0.0000	715.7243	869.8003	-0.0000	1829.3199	225.6442	-0.00000	0.82534	0.56464	0.00000	-0.56464	0.82534	0.00000	0.00000	0.00000	0	53.06
aerial_boost	169	-0.0000	731.0249	871.6768	-0.0000	1836.6000	225.2042	-0.00000	0.82534	0.56464	0.00000	-0.56464	0.82534	0.00000	0.00000	0.00000	0	52.78
aerial_boost	170	-0.0000	746.3857	873.5530	-0.0000	1843.8799	224.7642	-0.00000	0.82534	0.56464	0.00000	-0.56464	0.82534	0.00000	0.00000	0.00000	0	52.50
aerial_boost	171	-0.0000	761.8163	875.4193	-0.0000	1851.1499	224.3242	-0.00000	0.82534	0.56464	0.00000	-0.56464	0.82534	0.00000	0.00000	0.00000	0	52.22
aerial_boost	172	-0.0000	777.3068	877.2856	-0.0000	1858.4200	223.8842	-0.00000	0.82534	0.56464	0.00000	-0.56464	0.82534	0.00000	0.00000	0.00000	0	51.94
aerial_boost	173	-0.0000	792.8575	879.1520	-0.0000	1865.7000	223.4442	-0.00000	0.82534	0.56464	0.00000	-0.56464	0.82534	0.00000	0.00000	0.00000	0	51.67
aerial_boost	174	-0.0000	808.4681	881.0084	-0.0000	1872.9800	223.0042	-0.00000	0.82534	0.56464	0.00000	-0.56464	0.82534	0.00000	0.00000	0.00000	0	51.39
aerial_boost	175	-0.0000	824.1389	882.8647	-0.0000	1880.2599	222.5642	-0.00000	0.82534	0.56464	0.00000	-0.56464	0.82534	0.00000	0.00000	0.00000	0	51.11
aerial_boost	176	-0.0000	839.8694	884.7111	-0.0000	1887.5299	222.1242	-0.00000	0.82534	0.56464	0.00000	-0.56464	0.82534	0.00000	0.00000	0.00000	0	50.83
aerial_boost	177	-0.0000	855.6600	886.5574	-0.0000	1894.7998	221.6842	-0.00000	0.82534	0.56464	0.00000	-0.56464	0.82534	0.00000	0.00000	0.00000	0	50.56
aerial_boost	178	-0.0000	871.5105	888.4037	-0.0000	1902.0698	221.2442	-0.00000	0.82534	0.56464	0.00000	-0.56464	0.82534	0.00000	0.00000	0.00000	0	50.28
aerial_boost	179	-0.0000	887.4212	890.2400	-0.0000	1909.3398	220.8042	-0.00000	0.82534	0.56464	0.00000	-0.56464	0.82534	0.00000	0.00000	0.00000	0	50.00
aerial_boost	180	-0.0000	903.3917	892.0764	-0.0000	1916.6100	220.3642	-0.00000	0.82534	0.56464	0.00000	-0.56464	0.82534	0.00000	0.00000	0.00000	0	49.72
aerial_boost	181	-0.0000	919.4224	893.9127	-0.0000	1923.8899	219.9242	-0.00000	0.82534	0.56464	0.00000	-0.56464	0.82534	0.00000	0.00000	0.00000	0	49.44
aerial_boost	182	-0.0000	935.5129	895.7390	-0.0000	1931.1599	219.4842	-0.00000	0.82534	0.56464	0.00000	-0.56464	0.82534	0.00000	0.00000	0.00000	0	49.17
aerial_boost	183	-0.0000	951.6636	897.5652	-0.0000	1938.4298	219.0442	-0.00000	0.82534	0.56464	0.00000	-0.56464	0.82534	0.00000	0.00000	0.00000	0	48.89
aerial_boost	184	-0.0000	967.8741	899.3917	-0.0000	1945.6998	218.6042	-0.00000	0.82534	0.56464	0.00000	-0.56464	0.82534	0.00000	0.00000	0.00000	0	48.61
aerial_boost	185	-0.0000	984.1447	901.2080	-0.0000	1952.9700	218.1642	-0.00000	0.82534	0.56464	0.00000	-0.56464	0.82534	0.00000	0.00000	0.00000	0	48.33
aerial_boost	186	-0.0000	1000.4754	903.0244	-0.0000	1960.2499	217.7242	-0.00000	0.82534	0.56464	0.00000	-0.56464	0.82534	0.00000	0.00000	0.00000	0	48.06
aerial_boost	187	-0.0000	1016.8760	904.8307	-0.0000	1967.5199	217.2842	-0.00000	0.82534	0.56464	0.00000	-0.56464	0.82534	0.00000	0.00000	0.00000	0	47.78
aerial_boost	188	-0.0000	1033.3365	906.6370	-0.0000	1974.7900	216.8442	-0.00000	0.82534	0.56464	0.00000	-0.56464	0.82534	0.00000	0.00000	0.00000	0	47.50
aerial_boost	189	-0.0000	1049.8572	908.4434	-0.0000	1982.0698	216.4042	-0.00000	0.82534	0.56464	0.00000	-0.56464	0.82534	0.00000	0.00000	0.00000	0	47.22
aerial_boost	190	-0.0000	1066.4379	910.2397	-0.0000	1989.3398	215.9642	-0.00000	0.82534	0.56464	0.00000	-0.56464	0.82534	0.00000	0.00000	0.00000	0	46.94
aerial_boost	191	-0.0000	1083.0782	912.0360	-0.0000	1996.6099	215.5242	-0.00000	0.82534	0.56464	0.00000	-0.56464	0.82534	0.00000	0.00000	0.00000	0	46.67
aerial_boost	192	-0.0000	1099.7789	913.8323	-0.0000	2003.8799	215.0842	-0.00000	0.82534	0.56464	0.00000	-0.56464	0.82534	0.00000	0.00000	0.00000	0	46.39
aerial_boost	193	-0.0000	1116.5396	915.6187	-0.0000	2011.1500	214.6442	-0.00000	0.82534	0.56464	0.00000	-0.56464	0.82534	0.00000	0.00000	0.00000	0	46.11
aerial_boost	194	-0.0000	1133.3604	917.4049	-0.0000	2018.4298	214.2042	-0.00000	0.82534	0.56464	0.00000	-0.56464	0.82534	0.00000	0.00000	0.00000	0	45.83
aerial_boost	195	-0.0000	1150.2408	919.1813	-0.0000	2025.6998	213.7642	-0.00000	0.82534	0.56464	0.00000	-0.56464	0.82534	0.00000	0.00000	0.00000	0	45.56
aerial_boost	196	-0.0000	1167.1814	920.9578	-0.0000	2032.9698	213.3242	-0.00000	0.82534	0.56464	0.00000	-0.56464	0.82534	0.00000	0.00000	0.00000	0	45.28
aerial_boost	197	-0.0000	1184.1821	922.7341	-0.0000	2040.2399	212.8842	-0.00000	0.82534	0.56464	0.00000	-0.56464	0.82534	0.00000	0.00000	0.00000	0	45.00
aerial_boost	198	-0.0000	1201.2427	924.5004	-0.0000	2047.5100	212.4442	-0.00000	0.82534	0.56464	0.00000	-0.56464	0.82534	0.00000	0.00000	0.00000	0	44.72
aerial_boost	199	-0.0000	1218.3632	926.2667	-0.0000	2054.7900	212.0042	-0.00000	0.82534	0.56464	0.00000	-0.56464	0.82534	0.00000	0.00000	0.00000	0	44.44
aerial_boost	200	-0.0000	1235.5438	928.0331	-0.0000	2062.0698	211.5642	-0.00000	0.82534	0.56464	0.00000	-0.56464	0.82534	0.00000	0.00000	0.00000	0	44.17
aerial_boost	201	-0.0000	1252.7845	929.7894	-0.0000	2069.3398	211.1242	-0.00000	0.82534	0.56464	0.00000	-0.56464	0.82534	0.00000	0.00000	0.00000	0	43.89
aerial_boost	202	-0.0000	1270.0851	931.5457	-0.0000	2076.6099	210.6842	-0.00000	0.82534	0.56464	0.00000	-0.56464	0.82534	0.00000	0.00000	0.00000	0	43.61
aerial_boost	203	-0.0000	1287.4556	933.3019	-0.0000	2083.8799	210.2442	-0.00000	0.82534	0.56464	0.00000	-0.56464	0.82534	0.00000	0.00000	0.00000	0	43.33
aerial_boost	204	-0.0000	1304.8861	935.0483	-0.0000	2091.1499	209.8042	-0.00000	0.82534	0.56464	0.00000	-0.56464	0.82534	0.00000	0.00000	0.00000	0	43.06
aerial_boost	205	-0.0000	1322.3768	936.7947	-0.0000	2098.4197	209.3642	-0.00000	0.82534	0.56464	0.00000	-0.56464	0.82534	0.00000	0.00000	0.00000	0	42.78
aerial_boost	206	-0.0000	1339.9274	938.5310	-0.0000	2105.6897	208.9242	-0.00000	0.82534	0.56464	0.00000	-0.56464	0.82534	0.00000	0.00000	0.00000	0	42.50
aerial_boost	207	-0.0000	1357.5381	940.2674	-0.0000	2112.9600	208.4842	-0.00000	0.82534	0.56464	0.00000	-0.56464	0.82534	0.00000	0.00000	0.00000	0	42.22
aerial_boost	208	-0.0000	1375.2086	942.0037	-0.0000	2120.2397	208.0442	-0.00000	0.82534	0.56464	0.00000	-0.56464	0.82534	0.00000	0.00000	0.00000	0	41.94
aerial_boost	209	-0.0000	1392.9392	943.7300	-0.0000	2127.5098	207.6042	-0.00000	0.82534	0.56464	0.00000	-0.56464	0.82534	0.00000	0.00000	0.00000	0	41.67
aerial_boost	210	-0.0000	1410.7297	945.4563	-0.0000	2134.7800	207.1642	-0.00000	0.82534	0.56464	0.00000	-0.56464	0.82534	0.00000	0.00000	0.00000	0	41.39
aerial_boost	211	-0.0000	1428.5804	947.1827	-0.0000	2142.0598	206.7242	-0.00000	0.82534	0.56464	0.00000	-0.56464	0.82534	0.00000	0.00000	0.00000	0	41.11
aerial_boost	212	-0.0000	1446.4910	948.8990	-0.0000	2149.3298	206.2842	-0.00000	0.82534	0.56464	0.00000	-0.56464	0.82534	0.00000	0.00000	0.00000	0	40.83
aerial_boost	213	-0.0000	1464.4617	950.6154	-0.0000	2156.6001	205.8442	-0.00000	0.82534	0.56464	0.00000	-0.56464	0.82534	0.00000	0.00000	0.00000	0	40.56
aerial_boost	214	-0.0000	1482.4923	952.3317	-0.0000	2163.8799	205.4042	-0.00000	0.82534	0.56464	0.00000	-0.56464	0.82534	0.00000	0.00000	0.00000	0	40.28
aerial_boost	215	-0.0000	1500.5829	954.0380	-0.0000	2171.1499	204.9642	-0.00000	0.82534	0.56464	0.00000	-0.56464	0.82534	0.00000	0.00000	0.00000	0	40.00
aerial_boost	216	-0.0000	1518.7334	955.7444	-0.0000	2178.4199	204.5242	-0.00000	0.82534	0.56464	0.00000	-0.56464	0.82534	0.00000	0.00000	0.00000	0	39.72
aerial_boost	217	-0.0000	1536.9441	957.4407	-0.0000	2185.7000	204.0842	-0.00000	0.82534	0.56464	0.00000	-0.56464	0.82534	0.00000	0.00000	0.00000	0	39.44
aerial_boost	218	-0.0000	1555.2148	959.1371	-0.0000	2192.9797	203.6442	-0.00000	0.82534	0.56464	0.00000	-0.56464	0.82534	0.00000	0.00000	0.00000	0	39.17
aerial_boost	219	-0.0000	1573.5454	960.8334	-0.0000	2200.2498	203.2042	-0.00000	0.82534	0.56464	0.00000	-0.56464	0.82534	0.00000	0.00000	0.00000	0	38.89
air_throttle_no_boost	0	-0.0000	-993.3287	699.9548	-0.0000	800.5565	-5.4167	-0.00000	1.00000	0.00000	0.00000	0.00000	1.00000	0.00000	0.00000	0.00000	0	100.00
air_throttle_no_boost	1	-0.0000	-986.6541	699.8597	-0.0000	801.1064	-10.8277	-0.00000	1.00000	0.00000	0.00000	0.00000	1.00000	0.00000	0.00000	0.00000	0	100.00
air_throttle_no_boost	2	-0.0000	-979.9695	699.7246	-0.0000	801.6564	-16.2377	-0.00000	1.00000	0.00000	0.00000	0.00000	1.00000	0.00000	0.00000	0.00000	0	100.00
air_throttle_no_boost	3	-0.0000	-973.2849	699.5396	-0.0000	802.2064	-21.6477	-0.00000	1.00000	0.00000	0.00000	0.00000	1.00000	0.00000	0.00000	0.00000	0	100.00
air_throttle_no_boost	4	-0.0000	-966.5904	699.3145	-0.0000	802.7565	-27.0577	-0.00000	1.00000	0.00000	0.00000	0.00000	1.00000	0.00000	0.00000	0.00000	0	100.00
air_throttle_no_boost	5	-0.0000	-959.8958	699.0394	-0.0000	803.3065	-32.4677	-0.00000	1.00000	0.00000	0.00000	0.00000	1.00000	0.00000	0.00000	0.00000	0	100.00
air_throttle_no_boost	6	-0.0000	-953.2012	698.7243	-0.0000	803.8564	-37.8777	-0.00000	1.00000	0.00000	0.00000	0.00000	1.00000	0.00000	0.00000	0.00000	0	100.00
air_throttle_no_boost	7	-0.0000	-946.4966	698.3593	-0.0000	804.4064	-43.2877	-0.00000	1.00000	0.00000	0.00000	0.00000	1.00000	0.00000	0.00000	0.00000	0	100.00
air_throttle_no_boost	8	-0.0000	-939.7921	697.9541	-0.0000	804.9564	-48.6977	-0.00000	1.00000	0.00000	0.00000	0.00000	1.00000	0.00000	0.00000	0.00000	0	100.00
air_throttle_no_boost	9	-0.0000	-933.0775	697.4991	-0.0000	805.5065	-54.1077	-0.00000	1.00000	0.00000	0.00000	0.00000	1.00000	0.00000	0.00000	0.00000	0	100.00
air_throttle_no_boost	10	-0.0000	-926.3629	697.0040	-0.0000	806.0565	-59.5177	-0.00000	1.00000	0.00000	0.00000	0.00000	1.00000	0.00000	0.00000	0.00000	0	100.00
air_throttle_no_boost	11	-0.0000	-919.6382	696.4589	-0.0000	806.6065	-64.9277	-0.00000	1.00000	0.00000	0.00000	0.00000	1.00000	0.00000	0.00000	0.00000	0	100.00
air_throttle_no_boost	12	-0.0000	-912.9137	695.8739	-0.0000	807.1565	-70.3377	-0.00000	1.00000	0.00000	0.00000	0.00000	1.00000	0.00000	0.00000	0.00000	0	100.00
air_throttle_no_boost	13	-0.0000	-906.1791	695.2387	-0.0000	807.7064	-75.7477	-0.00000	1.00000	0.00000	0.00000	0.00000	1.00000	0.00000	0.00000	0.00000	0	100.00
air_throttle_no_boost	14	-0.0000	-899.4445	694.5637	-0.0000	808.2565	-81.1577	-0.00000	1.00000	0.00000	0.00000	0.00000	1.00000	0.00000	0.00000	0.00000	0	100.00
air_throttle_no_boost	15	-0.0000	-892.6999	693.8386	-0.0000	808.8065	-86.5677	-0.00000	1.00000	0.00000	0.00000	0.00000	1.00000	0.00000	0.00000	0.00000	0	100.00
air_throttle_no_boost	16	-0.0000	-885.9553	693.0735	-0.0000	809.3565	-91.9777	-0.00000	1.00000	0.00000	0.00000	0.00000	1.00000	0.00000	0.00000	0.00000	0	100.00
air_throttle_no_boost	17	-0.0000	-879.2108	692.2584	-0.0000	809.9065	-97.3877	-0.00000	1.00000	0.00000	0.00000	0.00000	1.00000	0.00000	0.00000	0.00000	0	100.00
air_throttle_no_boost	18	-0.0000	-872.4562	691.4033	-0.0000	810.4565	-102.7977	-0.00000	1.00000	0.00000	0.00000	0.00000	1.00000	0.00000	0.00000	0.00000	0	100.00
air_throttle_no_boost	19	-0.0000	-865.7016	690.4982	-0.0000	811.0065	-108.2077	-0.00000	1.00000	0.00000	0.00000	0.00000	1.00000	0.00000	0.00000	0.00000	0	100.00
air_throttle_no_boost	20	-0.0000	-858.9370	689.5532	-0.0000	811.5565	-113.6177	-0.00000	1.00000	0.00000	0.00000	0.00000	1.00000	0.00000	0.00000	0.00000	0	100.00
air_throttle_no_boost	21	-0.0000	-852.1725	688.5580	-0.0000	812.1064	-119.0277	-0.00000	1.00000	0.00000	0.00000	0.00000	1.00000	0.00000	0.00000	0.00000	0	100.00
air_throttle_no_boost	22	-0.0000	-845.3978	687.5230	-0.0000	812.6564	-124.4377	-0.00000	1.00000	0.00000	0.00000	0.00000	1.00000	0.00000	0.00000	0.00000	0	100.00
air_throttle_no_boost	23	-0.0000	-838.6234	686.4379	-0.0000	813.2065	-129.8477	-0.00000	1.00000	0.00000	0.00000	0.00000	1.00000	0.00000	0.00000	0.00000	0	100.00
air_throttle_no_boost	24	-0.0000	-831.8387	685.3129	-0.0000	813.7565	-135.2577	-0.00000	1.00000	0.00000	0.00000	0.00000	1.00000	0.00000	0.00000	0.00000	0	100.00
air_throttle_no_boost	25	-0.0000	-825.0542	684.1378	-0.0000	814.3065	-140.6677	-0.00000	1.00000	0.00000	0.00000	0.00000	1.00000	0.00000	0.00000	0.00000	0	100.00
air_throttle_no_boost	26	-0.0000	-818.2595	682.9227	-0.0000	814.8564	-146.0777	-0.00000	1.00000	0.00000	0.00000	0.00000	1.00000	0.00000	0.00000	0.00000	0	100.00
air_throttle_no_boost	27	-0.0000	-811.4650	681.6576	-0.0000	815.4064	-151.4877	-0.00000	1.00000	0.00000	0.00000	0.00000	1.00000	0.00000	0.00000	0.00000	0	100.00
air_throttle_no_boost	28	-0.0000	-804.6604	680.3525	-0.0000	815.9564	-156.8977	-0.00000	1.00000	0.00000	0.00000	0.00000	1.00000	0.00000	0.00000	0.00000	0	100.00
air_throttle_no_boost	29	-0.0000	-797.8557	678.9974	-0.0000	816.5065	-162.3077	-0.00000	1.00000	0.00000	0.00000	0.00000	1.00000	0.00000	0.00000	0.00000	0	100.00
air_throttle_no_boost	30	-0.0000	-791.0511	677.6024	-0.0000	817.0565	-167.7177	-0.00000	1.00000	0.00000	0.00000	0.00000	1.00000	0.00000	0.00000	0.00000	0	100.00
air_throttle_no_boost	31	-0.0000	-784.2366	676.1572	-0.0000	817.6064	-173.1277	-0.00000	1.00000	0.00000	0.00000	0.00000	1.00000	0.00000	0.00000	0.00000	0	100.00
air_throttle_no_boost	32	-0.0000	-777.4220	674.6721	-0.0000	818.1564	-178.5377	-0.00000	1.00000	0.00000	0.00000	0.00000	1.00000	0.00000	0.00000	0.00000	0	100.00
air_throttle_no_boost	33	-0.0000	-770.5974	673.1371	-0.0000	818.7064	-183.9477	-0.00000	1.00000	0.00000	0.00000	0.00000	1.00000	0.00000	0.00000	0.00000	0	100.00
air_throttle_no_boost	34	-0.0000	-763.7728	671.5620	-0.0000	819.2565	-189.3577	-0.00000	1.00000	0.00000	0.00000	0.00000	1.00000	0.00000	0.00000	0.00000	0	100.00
air_throttle_no_boost	35	-0.0000	-756.9383	669.9370	-0.0000	819.8065	-194.7677	-0.00000	1.00000	0.00000	0.00000	0.00000	1.00000	0.00000	0.00000	0.00000	0	100.00
air_throttle_no_boost	36	-0.0000	-750.1036	668.2719	-0.0000	820.3564	-200.1777	-0.00000	1.00000	0.00000	0.00000	0.00000	1.00000	0.00000	0.00000	0.00000	0	100.00
air_throttle_no_boost	37	-0.0000	-743.2590	666.5568	-0.0000	820.9064	-205.5876	-0.00000	1.00000	0.00000	0.00000	0.00000	1.00000	0.00000	0.00000	0.00000	0	100.00
air_throttle_no_boost	38	-0.0000	-736.4146	664.8016	-0.0000	821.4564	-210.9977	-0.00000	1.00000	0.00000	0.00000	0.00000	1.00000	0.00000	0.00000	0.00000	0	100.00
air_throttle_no_boost	39	-0.0000	-729.5599	662.9966	-0.0000	822.0064	-216.4077	-0.00000	1.00000	0.00000	0.00000	0.00000	1.00000	0.00000	0.00000	0.00000	0	100.00
air_throttle_no_boost	40	-0.0000	-722.7054	661.1515	-0.0000	822.5565	-221.8177	-0.00000	1.00000	0.00000	0.00000	0.00000	1.00000	0.00000	0.00000	0.00000	0	100.00
air_throttle_no_boost	41	-0.0000	-715.8508	659.2565	-0.0000	823.1065	-227.2277	-0.00000	1.00000	0.00000	0.00000	0.00000	1.00000	0.00000	0.00000	0.00000	0	100.00
air_throttle_no_boost	42	-0.0000	-708.9862	657.3214	-0.0000	823.6565	-232.6377	-0.00000	1.00000	0.00000	0.00000	0.00000	1.00000	0.00000	0.00000	0.00000	0	100.00
air_throttle_no_boost	43	-0.0000	-702.1215	655.3362	-0.0000	824.2064	-238.0477	-0.00000	1.00000	0.00000	0.00000	0.00000	1.00000	0.00000	0.00000	0.00000	0	100.00
air_throttle_no_boost	44	-0.0000	-695.2470	653.3112	-0.0000	824.7564	-243.4577	-0.00000	1.00000	0.00000	0.00000	0.00000	1.00000	0.00000	0.00000	0.00000	0	100.00
air_throttle_no_boost	45	-0.0000	-688.3724	651.2361	-0.0000	825.3065	-248.8677	-0.00000	1.00000	0.00000	0.00000	0.00000	1.00000	0.00000	0.00000	0.00000	0	100.00
air_throttle_no_boost	46	-0.0000	-681.4879	649.1210	-0.0000	825.8565	-254.2777	-0.00000	1.00000	0.00000	0.00000	0.00000	1.00000	0.00000	0.00000	0.00000	0	100.00
air_throttle_no_boost	47	-0.0000	-674.6033	646.9559	-0.0000	826.4065	-259.6877	-0.00000	1.00000	0.00000	0.00000	0.00000	1.00000	0.00000	0.00000	0.00000	0	100.00
air_throttle_no_boost	48	-0.0000	-667.7087	644.7509	-0.0000	826.9565	-265.0977	-0.00000	1.00000	0.00000	0.00000	0.00000	1.00000	0.00000	0.00000	0.00000	0	100.00
air_throttle_no_boost	49	-0.0000	-660.8141	642.4957	-0.0000	827.5065	-270.5077	-0.00000	1.00000	0.00000	0.00000	0.00000	1.00000	0.00000	0.00000	0.00000	0	100.00
air_throttle_no_boost	50	-0.0000	-653.9095	640.2007	-0.0000	828.0565	-275.9177	-0.00000	1.00000	0.00000	0.00000	0.00000	1.00000	0.00000	0.00000	0.00000	0	100.00
air_throttle_no_boost	51	-0.0000	-647.0049	637.8556	-0.0000	828.6064	-281.3277	-0.00000	1.00000	0.00000	0.00000	0.00000	1.00000	0.00000	0.00000	0.00000	0	100.00
air_throttle_no_boost	52	-0.0000	-640.0903	635.4705	-0.0000	829.1565	-286.7377	-0.00000	1.00000	0.00000	0.00000	0.00000	1.00000	0.00000	0.00000	0.00000	0	100.00
air_throttle_no_boost	53	-0.0000	-633.1758	633.0354	-0.0000	829.7065	-292.1476	-0.00000	1.00000	0.00000	0.00000	0.00000	1.00000	0.00000	0.00000	0.00000	0	100.00
air_throttle_no_boost	54	-0.0000	-626.2612	630.5603	-0.0000	830.2565	-297.5576	-0.00000	1.00000	0.00000	0.00000	0.00000	1.00000	0.00000	0.00000	0.00000	0	100.00
air_throttle_no_boost	55	-0.0000	-619.3366	628.0353	-0.0000	830.8065	-302.9677	-0.00000	1.00000	0.00000	0.00000	0.00000	1.00000	0.00000	0.00000	0.00000	0	100.00
air_throttle_no_boost	56	-0.0000	-612.4120	625.4702	-0.0000	831.3564	-308.3777	-0.00000	1.00000	0.00000	0.00000	0.00000	1.00000	0.00000	0.00000	0.00000	0	100.00
air_throttle_no_boost	57	-0.0000	-605.4774	622.8551	-0.0000	831.9064	-313.7877	-0.00000	1.00000	0.00000	0.00000	0.00000	1.00000	0.00000	0.00000	0.00000	0	100.00
air_throttle_no_boost	58	-0.0000	-598.5428	620.2000	-0.0000	832.4564	-319.1977	-0.00000	1.00000	0.00000	0.00000	0.00000	1.00000	0.00000	0.00000	0.00000	0	100.00
air_throttle_no_boost	59	-0.0000	-591.5983	617.4950	-0.0000	833.0064	-324.6077	-0.00000	1.00000	0.00000	0.00000	0.00000	1.00000	0.00000	0.00000	0.00000	0	100.00
air_throttle_no_boost	60	-0.0000	-584.6536	614.7498	-0.0000	833.5565	-330.0177	-0.00000	1.00000	0.00000	0.00000	0.00000	1.00000	0.00000	0.00000	0.00000	0	100.00
air_throttle_no_boost	61	-0.0000	-577.6991	611.9548	-0.0000	834.1064	-335.4276	-0.00000	1.00000	0.00000	0.00000	0.00000	1.00000	0.00000	0.00000	0.00000	0	100.00
air_throttle_no_boost	62	-0.0000	-570.7445	609.1097	-0.0000	834.6564	-340.8376	-0.00000	1.00000	0.00000	0.00000	0.00000	1.00000	0.00000	0.00000	0.00000	0	100.00
air_throttle_no_boost	63	-0.0000	-563.7799	606.2246	-0.0000	835.2064	-346.2477	-0.00000	1.00000	0.00000	0.00000	0.00000	1.00000	0.00000	0.00000	0.00000	0	100.00
air_throttle_no_boost	64	-0.0000	-556.8154	603.2895	-0.0000	835.7564	-351.6577	-0.00000	1.00000	0.00000	0.00000	0.00000	1.00000	0.00000	0.00000	0.00000	0	100.00
air_throttle_no_boost	65	-0.0000	-549.8508	600.3145	-0.0000	836.3065	-357.0677	-0.00000	1.00000	0.00000	0.00000	0.00000	1.00000	0.00000	0.00000	0.00000	0	100.00
air_throttle_no_boost	66	-0.0000	-542.8762	597.2893	-0.0000	836.8564	-362.4777	-0.00000	1.00000	0.00000	0.00000	0.00000	1.00000	0.00000	0.00000	0.00000	0	100.00
air_throttle_no_boost	67	-0.0000	-535.9016	594.2242	-0.0000	837.4064	-367.8877	-0.00000	1.00000	0.00000	0.00000	0.00000	1.00000	0.00000	0.00000	0.00000	0	100.00
air_throttle_no_boost	68	-0.0000	-528.9171	591.1092	-0.0000	837.9564	-373.2977	-0.00000	1.00000	0.00000	0.00000	0.00000	1.00000	0.00000	0.00000	0.00000	0	100.00
air_throttle_no_boost	69	-0.0000	-521.9324	587.9541	-0.0000	838.5064	-378.7076	-0.00000	1.00000	0.00000	0.00000	0.00000	1.00000	0.00000	0.00000	0.00000	0	100.00
air_throttle_no_boost	70	-0.0000	-514.9378	584.7490	-0.0000	839.0565	-384.1176	-0.00000	1.00000	0.00000	0.00000	0.00000	1.00000	0.00000	0.00000	0.00000	0	100.00
air_throttle_no_boost	71	-0.0000	-507.9432	581.5039	-0.0000	839.6064	-389.5276	-0.00000	1.00000	0.00000	0.00000	0.00000	1.00000	0.00000	0.00000	0.00000	0	100.00
air_throttle_no_boost	72	-0.0000	-500.9387	578.2089	-0.0000	840.1564	-394.9376	-0.00000	1.00000	0.00000	0.00000	0.00000	1.00000	0.00000	0.00000	0.00000	0	100.00
air_throttle_no_boost	73	-0.0000	-493.9341	574.8738	-0.0000	840.7064	-400.3477	-0.00000	1.00000	0.00000	0.00000	0.00000	1.00000	0.00000	0.00000	0.00000	0	100.00
air_throttle_no_boost	74	-0.0000	-486.9195	571.4886	-0.0000	841.2564	-405.7577	-0.00000	1.00000	0.00000	0.00000	0.00000	1.00000	0.00000	0.00000	0.00000	0	100.00
air_throttle_no_boost	75	-0.0000	-479.9050	568.0635	-0.0000	841.8065	-411.1677	-0.00000	1.00000	0.00000	0.00000	0.00000	1.00000	0.00000	0.00000	0.00000	0	100.00
air_throttle_no_boost	76	-0.0000	-472.8804	564.5885	-0.0000	842.3565	-416.5777	-0.00000	1.00000	0.00000	0.00000	0.00000	1.00000	0.00000	0.00000	0.00000	0	100.00
air_throttle_no_boost	77	-0.0000	-465.8557	561.0734	-0.0000	842.9065	-421.9877	-0.00000	1.00000	0.00000	0.00000	0.00000	1.00000	0.00000	0.00000	0.00000	0	100.00
air_throttle_no_boost	78	-0.0000	-458.8312	557.5084	-0.0000	843.4565	-427.3977	-0.00000	1.00000	0.00000	0.00000	0.00000	1.00000	0.00000	0.00000	0.00000	0	100.00
air_throttle_no_boost	79	-0.0000	-451.7966	553.9033	-0.0000	844.0065	-432.8077	-0.00000	1.00000	0.00000	0.00000	0.00000	1.00000	0.00000	0.00000	0.00000	0	100.00
air_throttle_no_boost	80	-0.0000	-444.7620	550.2482	-0.0000	844.5564	-438.2177	-0.00000	1.00000	0.00000	0.00000	0.00000	1.00000	0.00000	0.00000	0.00000	0	100.00
air_throttle_no_boost	81	-0.0000	-437.7174	546.5531	-0.0000	845.1065	-443.6277	-0.00000	1.00000	0.00000	0.00000	0.00000	1.00000	0.00000	0.00000	0.00000	0	100.00
air_throttle_no_boost	82	-0.0000	-430.6729	542.8080	-0.0000	845.6565	-449.0377	-0.00000	1.00000	0.00000	0.00000	0.00000	1.00000	0.00000	0.00000	0.00000	0	100.00
air_throttle_no_boost	83	-0.0000	-423.6183	539.0229	-0.0000	846.2065	-454.4477	-0.00000	1.00000	0.00000	0.00000	0.00000	1.00000	0.00000	0.00000	0.00000	0	100.00
air_throttle_no_boost	84	-0.0000	-416.5637	535.1879	-0.0000	846.7565	-459.8577	-0.00000	1.00000	0.00000	0.00000	0.00000	1.00000	0.00000	0.00000	0.00000	0	100.00
air_throttle_no_boost	85	-0.0000	-409.4991	531.3128	-0.0000	847.3065	-465.2677	-0.00000	1.00000	0.00000	0.00000	0.00000	1.00000	0.00000	0.00000	0.00000	0	100.00
air_throttle_no_boost	86	-0.0000	-402.4345	527.3877	-0.0000	847.8564	-470.6777	-0.00000	1.00000	0.00000	0.00000	0.00000	1.00000	0.00000	0.00000	0.00000	0	100.00
air_throttle_no_boost	87	-0.0000	-395.3599	523.4226	-0.0000	848.4064	-476.0877	-0.00000	1.00000	0.00000	0.00000	0.00000	1.00000	0.00000	0.00000	0.00000	0	100.00
air_throttle_no_boost	88	-0.0000	-388.2853	519.4075	-0.0000	848.9564	-481.4977	-0.00000	1.00000	0.00000	0.00000	0.00000	1.00000	0.00000	0.00000	0.00000	0	100.00
air_throttle_no_boost	89	-0.0000	-381.2108	515.3524	-0.0000	849.5063	-486.9077	-0.00000	1.00000	0.00000	0.00000	0.00000	1.00000	0.00000	0.00000	0.00000	0	100.00
air_throttle_no_boost	90	-0.0000	-374.1262	511.2473	-0.0000	850.0565	-492.3177	-0.00000	1.00000	0.00000	0.00000	0.00000	1.00000	0.00000	0.00000	0.00000	0	100.00
air_throttle_no_boost	91	-0.0000	-367.0416	507.1023	-0.0000	850.6064	-497.7277	-0.00000	1.00000	0.00000	0.00000	0.00000	1.00000	0.00000	0.00000	0.00000	0	100.00
air_throttle_no_boost	92	-0.0000	-359.9470	502.9072	-0.0000	851.1564	-503.1377	-0.00000	1.00000	0.00000	0.00000	0.00000	1.00000	0.00000	0.00000	0.00000	0	100.00
air_throttle_no_boost	93	-0.0000	-352.8524	498.6721	-0.0000	851.7064	-508.5476	-0.00000	1.00000	0.00000	0.00000	0.00000	1.00000	0.00000	0.00000	0.00000	0	100.00
air_throttle_no_boost	94	-0.0000	-345.7479	494.3870	-0.0000	852.2564	-513.9576	-0.00000	1.00000	0.00000	0.00000	0.00000	1.00000	0.00000	0.00000	0.00000	0	100.00
air_throttle_no_boost	95	-0.0000	-338.6433	490.0620	-0.0000	852.8065	-519.3677	-0.00000	1.00000	0.00000	0.00000	0.00000	1.00000	0.00000	0.00000	0.00000	0	100.00
air_throttle_no_boost	96	-0.0000	-331.5287	485.6868	-0.0000	853.3564	-524.7776	-0.00000	1.00000	0.00000	0.00000	0.00000	1.00000	0.00000	0.00000	0.00000	0	100.00
air_throttle_no_boost	97	-0.0000	-324.4141	481.2717	-0.0000	853.9064	-530.1876	-0.00000	1.00000	0.00000	0.00000	0.00000	1.00000	0.00000	0.00000	0.00000	0	100.00
air_throttle_no_boost	98	-0.0000	-317.2895	476.8067	-0.0000	854.4564	-535.5977	-0.00000	1.00000	0.00000	0.00000	0.00000	1.00000	0.00000	0.00000	0.00000	0	100.00
air_throttle_no_boost	99	-0.0000	-310.1649	472.3016	-0.0000	855.0064	-541.0076	-0.00000	1.00000	0.00000	0.00000	0.00000	1.00000	0.00000	0.00000	0.00000	0	100.00
air_throttle_no_boost	100	-0.0000	-303.0303	467.7465	-0.0000	855.5565	-546.4177	-0.00000	1.00000	0.00000	0.00000	0.00000	1.00000	0.00000	0.00000	0.00000	0	100.00
air_throttle_no_boost	101	-0.0000	-295.8958	463.1514	-0.0000	856.1064	-551.8276	-0.00000	1.00000	0.00000	0.00000	0.00000	1.00000	0.00000	0.00000	0.00000	0	100.00
air_throttle_no_boost	102	-0.0000	-288.7612	458.5063	-0.0000	856.6564	-557.2377	-0.00000	1.00000	0.00000	0.00000	0.00000	1.00000	0.00000	0.00000	0.00000	0	100.00
air_throttle_no_boost	103	-0.0000	-281.6166	453.8213	-0.0000	857.2064	-562.6476	-0.00000	1.00000	0.00000	0.00000	0.00000	1.00000	0.00000	0.00000	0.00000	0	100.00
air_throttle_no_boost	104	-0.0000	-274.4720	449.0862	-0.0000	857.7564	-568.0577	-0.00000	1.00000	0.00000	0.00000	0.00000	1.00000	0.00000	0.00000	0.00000	0	100.00
air_throttle_no_boost	105	-0.0000	-267.3174	444.3111	-0.0000	858.3065	-573.4677	-0.00000	1.00000	0.00000	0.00000	0.00000	1.00000	0.00000	0.00000	0.00000	0	100.00
air_throttle_no_boost	106	-0.0000	-260.1629	439.4860	-0.0000	858.8565	-578.8776	-0.00000	1.00000	0.00000	0.00000	0.00000	1.00000	0.00000	0.00000	0.00000	0	100.00
air_throttle_no_boost	107	-0.0000	-252.9983	434.6209	-0.0000	859.4065	-584.2877	-0.00000	1.00000	0.00000	0.00000	0.00000	1.00000	0.00000	0.00000	0.00000	0	100.00
air_throttle_no_boost	108	-0.0000	-245.8337	429.7059	-0.0000	859.9565	-589.6976	-0.00000	1.00000	0.00000	0.00000	0.00000	1.00000	0.00000	0.00000	0.00000	0	100.00
air_throttle_no_boost	109	-0.0000	-238.6591	424.7507	-0.0000	860.5065	-595.1077	-0.00000	1.00000	0.00000	0.00000	0.00000	1.00000	0.00000	0.00000	0.00000	0	100.00
air_throttle_no_boost	110	-0.0000	-231.4845	419.7457	-0.0000	861.0565	-600.5176	-0.00000	1.00000	0.00000	0.00000	0.00000	1.00000	0.00000	0.00000	0.00000	0	100.00
air_throttle_no_boost	111	-0.0000	-224.3000	414.7006	-0.0000	861.6065	-605.9277	-0.00000	1.00000	0.00000	0.00000	0.00000	1.00000	0.00000	0.00000	0.00000	0	100.00
air_throttle_no_boost	112	-0.0000	-217.1154	409.6055	-0.0000	862.1565	-611.3376	-0.00000	1.00000	0.00000	0.00000	0.00000	1.00000	0.00000	0.00000	0.00000	0	100.00
air_throttle_no_boost	113	-0.0000	-209.9308	404.4705	-0.0000	862.7065	-616.7476	-0.00000	1.00000	0.00000	0.00000	0.00000	1.00000	0.00000	0.00000	0.00000	0	100.00
air_throttle_no_boost	114	-0.0000	-202.7362	399.2854	-0.0000	863.2565	-622.1576	-0.00000	1.00000	0.00000	0.00000	0.00000	1.00000	0.00000	0.00000	0.00000	0	100.00
air_throttle_no_boost	115	-0.0000	-195.5416	394.0602	-0.0000	863.8065	-627.5676	-0.00000	1.00000	0.00000	0.00000	0.00000	1.00000	0.00000	0.00000	0.00000	0	100.00
air_throttle_no_boost	116	-0.0000	-188.3370	388.7852	-0.0000	864.3564	-632.9776	-0.00000	1.00000	0.00000	0.00000	0.00000	1.00000	0.00000	0.00000	0.00000	0	100.00
air_throttle_no_boost	117	-0.0000	-181.1324	383.4701	-0.0000	864.9064	-638.3876	-0.00000	1.00000	0.00000	0.00000	0.00000	1.00000	0.00000	0.00000	0.00000	0	100.00
air_throttle_no_boost	118	-0.0000	-173.9179	378.1050	-0.0000	865.4564	-643.7976	-0.00000	1.00000	0.00000	0.00000	0.00000	1.00000	0.00000	0.00000	0.00000	0	100.00
air_throttle_no_boost	119	-0.0000	-166.7033	372.6899	-0.0000	866.0065	-649.2076	-0.00000	1.00000	0.00000	0.00000	0.00000	1.00000	0.00000	0.00000	0.00000	0	100.00
air_throttle_no_boost	120	-0.0000	-159.4787	367.2349	-0.0000	866.5565	-654.6176	-0.00000	1.00000	0.00000	0.00000	0.00000	1.00000	0.00000	0.00000	0.00000	0	100.00
air_throttle_no_boost	121	-0.0000	-152.2541	361.7298	-0.0000	867.1064	-660.0276	-0.00000	1.00000	0.00000	0.00000	0.00000	1.00000	0.00000	0.00000	0.00000	0	100.00
air_throttle_no_boost	122	-0.0000	-145.0195	356.1847	-0.0000	867.6564	-665.4376	-0.00000	1.00000	0.00000	0.00000	0.00000	1.00000	0.00000	0.00000	0.00000	0	100.00
air_throttle_no_boost	123	-0.0000	-137.7849	350.5896	-0.0000	868.2064	-670.8477	-0.00000	1.00000	0.00000	0.00000	0.00000	1.00000	0.00000	0.00000	0.00000	0	100.00
air_throttle_no_boost	124	-0.0000	-130.5404	344.9545	-0.0000	868.7564	-676.2576	-0.00000	1.00000	0.00000	0.00000	0.00000	1.00000	0.00000	0.00000	0.00000	0	100.00
air_throttle_no_boost	125	-0.0000	-123.2958	339.2694	-0.0000	869.3065	-681.6677	-0.00000	1.00000	0.00000	0.00000	0.00000	1.00000	0.00000	0.00000	0.00000	0	100.00
air_throttle_no_boost	126	-0.0000	-116.0512	333.5443	-0.0000	869.8564	-687.0776	-0.00000	1.00000	0.00000	0.00000	0.00000	1.00000	0.00000	0.00000	0.00000	0	100.00
air_throttle_no_boost	127	-0.0000	-108.7966	327.7693	-0.0000	870.4064	-692.4877	-0.00000	1.00000	0.00000	0.00000	0.00000	1.00000	0.00000	0.00000	0.00000	0	100.00
air_throttle_no_boost	128	-0.0000	-101.5420	321.9542	-0.0000	870.9564	-697.8976	-0.00000	1.00000	0.00000	0.00000	0.00000	1.00000	0.00000	0.00000	0.00000	0	100.00
air_throttle_no_boost	129	-0.0000	-94.2774	316.0891	-0.0000	871.5064	-703.3077	-0.00000	1.00000	0.00000	0.00000	0.00000	1.00000	0.00000	0.00000	0.00000	0	100.00
air_throttle_no_boost	130	-0.0000	-87.0129	310.1840	-0.0000	872.0565	-708.7177	-0.00000	1.00000	0.00000	0.00000	0.00000	1.00000	0.00000	0.00000	0.00000	0	100.00
air_throttle_no_boost	131	-0.0000	-79.7383	304.2289	-0.0000	872.6064	-714.1276	-0.00000	1.00000	0.00000	0.00000	0.00000	1.00000	0.00000	0.00000	0.00000	0	100.00
air_throttle_no_boost	132	-0.0000	-72.4637	298.2339	-0.0000	873.1564	-719.5377	-0.00000	1.00000	0.00000	0.00000	0.00000	1.00000	0.00000	0.00000	0.00000	0	100.00
air_throttle_no_boost	133	-0.0000	-65.1791	292.1888	-0.0000	873.7064	-724.9476	-0.00000	1.00000	0.00000	0.00000	0.00000	1.00000	0.00000	0.00000	0.00000	0	100.00
air_throttle_no_boost	134	-0.0000	-57.8945	286.1037	-0.0000	874.2564	-730.3577	-0.00000	1.00000	0.00000	0.00000	0.00000	1.00000	0.00000	0.00000	0.00000	0	100.00
air_throttle_no_boost	135	-0.0000	-50.5999	279.9686	-0.0000	874.8065	-735.7676	-0.00000	1.00000	0.00000	0.00000	0.00000	1.00000	0.00000	0.00000	0.00000	0	100.00
air_throttle_no_boost	136	-0.0000	-43.3054	273.7935	-0.0000	875.3565	-741.1777	-0.00000	1.00000	0.00000	0.00000	0.00000	1.00000	0.00000	0.00000	0.00000	0	100.00
air_throttle_no_boost	137	-0.0000	-36.0108	267.5685	-0.0000	875.9065	-746.5876	-0.00000	1.00000	0.00000	0.00000	0.00000	1.00000	0.00000	0.00000	0.00000	0	100.00
air_throttle_no_boost	138	-0.0000	-28.7062	261.3033	-0.0000	876.4564	-751.9976	-0.00000	1.00000	0.00000	0.00000	0.00000	1.00000	0.00000	0.00000	0.00000	0	100.00
air_throttle_no_boost	139	-0.0000	-21.4016	254.9883	-0.0000	877.0064	-757.4076	-0.00000	1.00000	0.00000	0.00000	0.00000	1.00000	0.00000	0.00000	0.00000	0	100.00
air_throttle_no_boost	140	-0.0000	-14.0870	248.6332	-0.0000	877.5565	-762.8176	-0.00000	1.00000	0.00000	0.00000	0.00000	1.00000	0.00000	0.00000	0.00000	0	100.00
air_throttle_no_boost	141	-0.0000	-6.7724	242.2281	-0.0000	878.1065	-768.2276	-0.00000	1.00000	0.00000	0.00000	0.00000	1.00000	0.00000	0.00000	0.00000	0	100.00
air_throttle_no_boost	142	-0.0000	0.5521	235.7830	-0.0000	878.6565	-773.6376	-0.00000	1.00000	0.00000	0.00000	0.00000	1.00000	0.00000	0.00000	0.00000	0	100.00
air_throttle_no_boost	143	-0.0000	7.8767	229.2879	-0.0000	879.2065	-779.0476	-0.00000	1.00000	0.00000	0.00000	0.00000	1.00000	0.00000	0.00000	0.00000	0	100.00
air_throttle_no_boost	144	-0.0000	15.2113	222.7528	-0.0000	879.7565	-784.4576	-0.00000	1.00000	0.00000	0.00000	0.00000	1.00000	0.00000	0.00000	0.00000	0	100.00
air_throttle_no_boost	145	-0.0000	22.5459	216.1678	-0.0000	880.3065	-789.8676	-0.00000	1.00000	0.00000	0.00000	0.00000	1.00000	0.00000	0.00000	0.00000	0	100.00
air_throttle_no_boost	146	-0.0000	29.8905	209.5427	-0.0000	880.8564	-795.2776	-0.00000	1.00000	0.00000	0.00000	0.00000	1.00000	0.00000	0.00000	0.00000	0	100.00
air_throttle_no_boost	147	-0.0000	37.2351	202.8676	-0.0000	881.4064	-800.6876	-0.00000	1.00000	0.00000	0.00000	0.00000	1.00000	0.00000	0.00000	0.00000	0	100.00
air_throttle_no_boost	148	-0.0000	44.5896	196.1525	-0.0000	881.9565	-806.0976	-0.00000	1.00000	0.00000	0.00000	0.00000	1.00000	0.00000	0.00000	0.00000	0	100.00
air_throttle_no_boost	149	-0.0000	51.9442	189.3874	-0.0000	882.5065	-811.5076	-0.00000	1.00000	0.00000	0.00000	0.00000	1.00000	0.00000	0.00000	0.00000	0	100.00
air_throttle_no_boost	150	-0.0000	59.2988	182.5823	-0.0000	883.0565	-816.9176	-0.00000	1.00000	0.00000	0.00000	0.00000	1.00000	0.00000	0.00000	0.00000	0	100.00
air_throttle_no_boost	151	-0.0000	66.6634	175.7273	-0.0000	883.6064	-822.3276	-0.00000	1.00000	0.00000	0.00000	0.00000	1.00000	0.00000	0.00000	0.00000	0	100.00
air_throttle_no_boost	152	-0.0000	74.0280	168.8322	-0.0000	884.1564	-827.7376	-0.00000	1.00000	0.00000	0.00000	0.00000	1.00000	0.00000	0.00000	0.00000	0	100.00
air_throttle_no_boost	153	-0.0000	81.4025	161.8871	-0.0000	884.7064	-833.1476	-0.00000	1.00000	0.00000	0.00000	0.00000	1.00000	0.00000	0.00000	0.00000	0	100.00
air_throttle_no_boost	154	-0.0000	88.7771	154.9020	-0.0000	885.2564	-838.5576	-0.00000	1.00000	0.00000	0.00000	0.00000	1.00000	0.00000	0.00000	0.00000	0	100.00
air_throttle_no_boost	155	-0.0000	96.1617	147.8669	-0.0000	885.8065	-843.9677	-0.00000	1.00000	0.00000	0.00000	0.00000	1.00000	0.00000	0.00000	0.00000	0	100.00
air_throttle_no_boost	156	-0.0000	103.5463	140.7918	-0.0000	886.3564	-849.3776	-0.00000	1.00000	0.00000	0.00000	0.00000	1.00000	0.00000	0.00000	0.00000	0	100.00
air_throttle_no_boost	157	-0.0000	110.9409	133.6667	-0.0000	886.9064	-854.7877	-0.00000	1.00000	0.00000	0.00000	0.00000	1.00000	0.00000	0.00000	0.00000	0	100.00
air_throttle_no_boost	158	-0.0000	118.3355	126.5017	-0.0000	887.4564	-860.1976	-0.00000	1.00000	0.00000	0.00000	0.00000	1.00000	0.00000	0.00000	0.00000	0	100.00
air_throttle_no_boost	159	-0.0000	125.7401	119.2866	-0.0000	888.0064	-865.6077	-0.00000	1.00000	0.00000	0.00000	0.00000	1.00000	0.00000	0.00000	0.00000	0	100.00
air_throttle_no_boost	160	-0.0000	133.1446	112.0315	-0.0000	888.5565	-871.0176	-0.00000	1.00000	0.00000	0.00000	0.00000	1.00000	0.00000	0.00000	0.00000	0	100.00
air_throttle_no_boost	161	-0.0000	140.5492	104.7264	-0.0000	889.1064	-876.4277	-0.00000	1.00000	0.00000	0.00000	0.00000	1.00000	0.00000	0.00000	0.00000	0	100.00
air_throttle_no_boost	162	-0.0000	147.9638	97.3814	-0.0000	889.6564	-881.8376	-0.00000	1.00000	0.00000	0.00000	0.00000	1.00000	0.00000	0.00000	0.00000	0	100.00
air_throttle_no_boost	163	-0.0000	155.3784	89.9863	-0.0000	890.2064	-887.2476	-0.00000	1.00000	0.00000	0.00000	0.00000	1.00000	0.00000	0.00000	0.00000	0	100.00
air_throttle_no_boost	164	-0.0000	162.8030	82.5512	-0.0000	890.7564	-892.6577	-0.00000	1.00000	0.00000	0.00000	0.00000	1.00000	0.00000	0.00000	0.00000	0	100.00
air_throttle_no_boost	165	-0.0000	170.2276	75.0661	-0.0000	891.3065	-898.0676	-0.00000	1.00000	0.00000	0.00000	0.00000	1.00000	0.00000	0.00000	0.00000	0	100.00
air_throttle_no_boost	166	-0.0000	177.6621	67.5410	-0.0000	891.8565	-903.4777	-0.00000	1.00000	0.00000	0.00000	0.00000	1.00000	0.00000	0.00000	0.00000	0	100.00
air_throttle_no_boost	167	-0.0000	185.0967	59.9659	-0.0000	892.4065	-908.8876	-0.00000	1.00000	0.00000	0.00000	0.00000	1.00000	0.00000	0.00000	0.00000	0	100.00
air_throttle_no_boost	168	-0.0000	192.5413	52.3508	-0.0000	892.9564	-914.2977	-0.00000	1.00000	0.00000	0.00000	0.00000	1.00000	0.00000	0.00000	0.00000	0	100.00
air_throttle_no_boost	169	-0.0000	199.9859	44.6858	-0.0000	893.5064	-919.7076	-0.00000	1.00000	0.00000	0.00000	0.00000	1.00000	0.00000	0.00000	0.00000	0	100.00
air_throttle_no_boost	170	-0.0000	207.4405	36.9807	-0.0000	894.0565	-925.1176	-0.00000	1.00000	0.00000	0.00000	0.00000	1.00000	0.00000	0.00000	0.00000	0	100.00
air_throttle_no_boost	171	-0.0000	214.8951	29.2256	-0.0000	894.6065	-930.5276	-0.00000	1.00000	0.00000	0.00000	0.00000	1.00000	0.00000	0.00000	0.00000	0	100.00
air_throttle_no_boost	172	-0.0000	222.3596	21.4305	-0.0005	896.5729	-751.1208	-0.00000	1.00000	0.00000	0.00000	0.00000	1.00000	-0.04982	0.00000	0.00000	1	100.00
air_throttle_no_boost	173	0.0000	229.8314	15.1030	-0.0006	902.2194	-351.4413	-0.00000	1.00000	-0.00042	0.00000	0.00042	1.00000	0.46339	0.00000	0.00000	1	100.00
air_throttle_no_boost	174	0.0000	237.3484	12.1036	-0.0007	907.8098	-119.7806	-0.00000	0.99999	0.00345	-0.00000	-0.00345	0.99999	0.32712	0.00000	0.00000	1	100.00
air_throttle_no_boost	175	0.0000	244.9150	11.0341	-0.0007	913.3567	7.4071	-0.00000	0.99998	0.00617	0.00000	-0.00617	0.99998	0.08074	0.00000	0.00000	1	100.00
air_throttle_no_boost	176	0.0000	252.5312	11.0240	-0.0007	918.8552	70.7769	-0.00000	0.99998	0.00685	0.00000	-0.00685	0.99998	-0.11797	-0.00000	0.00000	1	100.00
air_throttle_no_boost	177	0.0000	260.1871	11.5421	-0.0007	924.3044	89.0048	-0.00000	0.99998	0.00586	0.00000	-0.00586	0.99998	-0.20424	-0.00000	0.00000	1	100.00
air_throttle_no_boost	178	0.0000	267.8925	12.2140	-0.0007	929.7075	88.3588	-0.00000	0.99999	0.00416	0.00000	-0.00416	0.99999	-0.22074	-0.00000	0.00000	1	100.00
air_throttle_no_boost	179	0.0000	275.6375	12.8785	-0.0007	935.0625	80.2260	-0.00000	1.00000	0.00232	0.00000	-0.00232	1.00000	-0.22082	-0.00000	0.00000	1	100.00
air_throttle_no_boost	180	0.0000	283.4322	13.4808	-0.0007	940.3779	72.3151	-0.00000	1.00000	0.00048	0.00000	-0.00048	1.00000	-0.21240	-0.00000	0.00000	1	100.00
air_throttle_no_boost	181	0.0000	291.2664	14.0149	-0.0007	945.6436	64.6608	-0.00000	1.00000	-0.00129	0.00000	0.00129	1.00000	-0.19408	-0.00000	0.00000	1	100.00
air_throttle_no_boost	182	0.0000	299.1503	14.4811	-0.0007	950.8694	57.2642	-0.00000	1.00000	-0.00291	0.00000	0.00291	1.00000	-0.16597	0.00000	0.00000	1	100.00
air_throttle_no_boost	183	0.0000	307.0738	14.8895	-0.0007	956.0455	50.0943	-0.00000	0.99999	-0.00429	0.00000	0.00429	0.99999	-0.12897	0.00000	0.00000	1	100.00
air_throttle_no_boost	184	0.0000	315.0370	15.2397	-0.0007	961.1816	43.5677	-0.00000	0.99999	-0.00536	0.00000	0.00536	0.99999	-0.09492	-0.00000	0.00000	1	100.00
air_throttle_no_boost	185	0.0000	323.0498	15.5353	-0.0007	966.2778	37.9831	-0.00000	0.99998	-0.00616	0.00000	0.00616	0.99998	-0.07139	-0.00000	0.00000	1	100.00
air_throttle_no_boost	186	0.0000	331.1022	15.7888	-0.0007	971.3243	33.2072	-0.00000	0.99998	-0.00675	0.00000	0.00675	0.99998	-0.05489	-0.00000	0.00000	1	100.00
air_throttle_no_boost	187	0.0000	339.1943	15.9990	-0.0007	976.3307	29.1451	-0.00000	0.99997	-0.00721	0.00000	0.00721	0.99997	-0.04313	-0.00000	0.00000	1	100.00
air_throttle_no_boost	188	0.0000	347.3261	16.1751	-0.0007	981.2977	25.7047	-0.00000	0.99997	-0.00757	0.00000	0.00757	0.99997	-0.03459	-0.00000	0.00000	1	100.00
air_throttle_no_boost	189	0.0000	355.5074	16.3265	-0.0007	986.2149	22.7810	-0.00000	0.99997	-0.00786	0.00000	0.00786	0.99997	-0.02824	-0.00000	0.00000	1	100.00
air_throttle_no_boost	190	0.0000	363.7284	16.4521	-0.0007	991.0930	20.3109	-0.00000	0.99997	-0.00809	0.00000	0.00809	0.99997	-0.02343	-0.00000	0.00000	1	100.00
air_throttle_no_boost	191	0.0000	371.9891	16.5515	-0.0007	995.9310	18.2502	-0.00000	0.99997	-0.00829	0.00000	0.00829	0.99997	-0.01970	-0.00000	0.00000	1	100.00
air_throttle_no_boost	192	0.0000	380.2894	16.6344	-0.0007	1000.7295	16.5318	-0.00000	0.99996	-0.00845	0.00000	0.00845	0.99996	-0.01674	-0.00000	0.00000	1	100.00
air_throttle_no_boost	193	0.0000	388.6293	16.7000	-0.0007	1005.4782	15.1116	-0.00000	0.99996	-0.00859	0.00000	0.00859	0.99996	-0.01435	0.00000	0.00000	1	100.00
air_throttle_no_boost	194	0.0000	397.0089	16.7582	-0.0007	1010.1874	13.9226	-0.00000	0.99996	-0.00871	0.00000	0.00871	0.99996	-0.01238	0.00000	0.00000	1	100.00
air_throttle_no_boost	195	0.0000	405.4282	16.8083	-0.0007	1014.8570	12.9207	-0.00000	0.99996	-0.00881	0.00000	0.00881	0.99996	-0.01074	-0.00000	0.00000	1	100.00
air_throttle_no_boost	196	0.0000	413.8871	16.8500	-0.0006	1019.4869	12.0805	-0.00000	0.99996	-0.00890	0.00000	0.00890	0.99996	-0.00935	0.00000	0.00000	1	100.00
air_throttle_no_boost	197	0.0000	422.3857	16.8830	-0.0006	1024.0773	11.3830	-0.00000	0.99996	-0.00898	0.00000	0.00898	0.99996	-0.00816	-0.00000	0.00000	1	100.00
air_throttle_no_boost	198	0.0000	430.9239	16.9071	-0.0006	1028.6276	10.8157	-0.00000	0.99996	-0.00905	0.00000	0.00905	0.99996	-0.00715	-0.00000	0.00000	1	100.00
air_throttle_no_boost	199	0.0000	439.4919	16.9324	-0.0006	1033.1387	10.3305	-0.00000	0.99996	-0.00911	0.00000	0.00911	0.99996	-0.00626	-0.00000	0.00000	1	100.00
wall_drive	0	3900.0000	7.5046	599.9323	-0.0000	900.5565	-8.1250	-0.00000	1.00000	0.00000	1.00000	0.00000	-0.00000	0.00000	0.00000	0.00000	0	100.00
wall_drive	1	3900.0000	15.0092	599.8172	-0.0000	901.1064	-13.5377	-0.00000	1.00000	0.00000	1.00000	0.00000	-0.00000	0.00000	0.00000	0.00000	0	100.00
wall_drive	2	3900.0000	22.5238	599.6621	-0.0000	901.6564	-18.9477	-0.00000	1.00000	0.00000	1.00000	0.00000	-0.00000	0.00000	0.00000	0.00000	0	100.00
wall_drive	3	3900.0000	30.0384	599.4570	-0.0000	902.2064	-24.3577	-0.00000	1.00000	0.00000	1.00000	0.00000	-0.00000	0.00000	0.00000	0.00000	0	100.00
wall_drive	4	3900.0000	37.5630	599.2120	-0.0000	902.7564	-29.7677	-0.00000	1.00000	0.00000	1.00000	0.00000	-0.00000	0.00000	0.00000	0.00000	0	100.00
wall_drive	5	3900.0000	45.0876	598.9169	-0.0000	903.3065	-35.1777	-0.00000	1.00000	0.00000	1.00000	0.00000	-0.00000	0.00000	0.00000	0.00000	0	100.00
wall_drive	6	3900.0000	52.6221	598.5817	-0.0000	903.8564	-40.5877	-0.00000	1.00000	0.00000	1.00000	0.00000	-0.00000	0.00000	0.00000	0.00000	0	100.00
wall_drive	7	3900.0000	60.1567	598.1967	-0.0000	904.4064	-45.9977	-0.00000	1.00000	0.00000	1.00000	0.00000	-0.00000	0.00000	0.00000	0.00000	0	100.00
wall_drive	8	3900.0000	67.7013	597.7716	-0.0000	904.9564	-51.4077	-0.00000	1.00000	0.00000	1.00000	0.00000	-0.00000	0.00000	0.00000	0.00000	0	100.00
wall_drive	9	3900.0000	75.2459	597.2965	-0.0000	905.5064	-56.8177	-0.00000	1.00000	0.00000	1.00000	0.00000	-0.00000	0.00000	0.00000	0.00000	0	100.00
wall_drive	10	3900.0000	82.8005	596.7814	-0.0000	906.0565	-62.2277	-0.00000	1.00000	0.00000	1.00000	0.00000	-0.00000	0.00000	0.00000	0.00000	0	100.00
wall_drive	11	3900.0000	90.3551	596.2164	-0.0000	906.6065	-67.6377	-0.00000	1.00000	0.00000	1.00000	0.00000	-0.00000	0.00000	0.00000	0.00000	0	100.00
wall_drive	12	3900.0000	97.9196	595.6113	-0.0000	907.1565	-73.0477	-0.00000	1.00000	0.00000	1.00000	0.00000	-0.00000	0.00000	0.00000	0.00000	0	100.00
wall_drive	13	3900.0000	105.4842	594.9562	-0.0000	907.7064	-78.4577	-0.00000	1.00000	0.00000	1.00000	0.00000	-0.00000	0.00000	0.00000	0.00000	0	100.00
wall_drive	14	3900.0000	113.0488	594.2611	-0.0000	908.2564	-83.8677	-0.00000	1.00000	0.00000	1.00000	0.00000	-0.00000	0.00000	0.00000	0.00000	0	100.00
wall_drive	15	3900.0000	120.6234	593.5160	-0.0000	908.8065	-89.2777	-0.00000	1.00000	0.00000	1.00000	0.00000	-0.00000	0.00000	0.00000	0.00000	0	100.00
wall_drive	16	3900.0000	128.1980	592.7310	-0.0000	909.3565	-94.6877	-0.00000	1.00000	0.00000	1.00000	0.00000	-0.00000	0.00000	0.00000	0.00000	0	100.00
wall_drive	17	3900.0000	135.7825	591.8958	-0.0000	909.9065	-100.0977	-0.00000	1.00000	0.00000	1.00000	0.00000	-0.00000	0.00000	0.00000	0.00000	0	100.00
wall_drive	18	3900.0000	143.3671	591.0208	-0.0000	910.4565	-105.5077	-0.00000	1.00000	0.00000	1.00000	0.00000	-0.00000	0.00000	0.00000	0.00000	0	100.00
wall_drive	19	3900.0000	150.9617	590.0957	-0.0000	911.0065	-110.9177	-0.00000	1.00000	0.00000	1.00000	0.00000	-0.00000	0.00000	0.00000	0.00000	0	100.00
wall_drive	20	3900.0000	158.5563	589.1306	-0.0000	911.5565	-116.3277	-0.00000	1.00000	0.00000	1.00000	0.00000	-0.00000	0.00000	0.00000	0.00000	0	100.00
wall_drive	21	3900.0000	166.1609	588.1155	-0.0000	912.1064	-121.7377	-0.00000	1.00000	0.00000	1.00000	0.00000	-0.00000	0.00000	0.00000	0.00000	0	100.00
wall_drive	22	3900.0000	173.7655	587.0604	-0.0000	912.6564	-127.1477	-0.00000	1.00000	0.00000	1.00000	0.00000	-0.00000	0.00000	0.00000	0.00000	0	100.00
wall_drive	23	3900.0000	181.3801	585.9553	-0.0000	913.2065	-132.5577	-0.00000	1.00000	0.00000	1.00000	0.00000	-0.00000	0.00000	0.00000	0.00000	0	100.00
wall_drive	24	3900.0000	188.9946	584.8102	-0.0000	913.7565	-137.9677	-0.00000	1.00000	0.00000	1.00000	0.00000	-0.00000	0.00000	0.00000	0.00000	0	100.00
wall_drive	25	3900.0000	196.6092	583.6152	-0.0000	914.3065	-143.3777	-0.00000	1.00000	0.00000	1.00000	0.00000	-0.00000	0.00000	0.00000	0.00000	0	100.00
wall_drive	26	3900.0000	204.2338	582.3801	-0.0000	914.8564	-148.7877	-0.00000	1.00000	0.00000	1.00000	0.00000	-0.00000	0.00000	0.00000	0.00000	0	100.00
wall_drive	27	3900.0000	211.8584	581.0950	-0.0000	915.4064	-154.1977	-0.00000	1.00000	0.00000	1.00000	0.00000	-0.00000	0.00000	0.00000	0.00000	0	100.00
wall_drive	28	3900.0000	219.4930	579.7699	-0.0000	915.9564	-159.6077	-0.00000	1.00000	0.00000	1.00000	0.00000	-0.00000	0.00000	0.00000	0.00000	0	100.00
wall_drive	29	3900.0000	227.1275	578.3948	-0.0000	916.5064	-165.0177	-0.00000	1.00000	0.00000	1.00000	0.00000	-0.00000	0.00000	0.00000	0.00000	0	100.00
wall_drive	30	3900.0000	234.7721	576.9698	-0.0000	917.0565	-170.4277	-0.00000	1.00000	0.00000	1.00000	0.00000	-0.00000	0.00000	0.00000	0.00000	0	100.00
wall_drive	31	3900.0000	242.4167	575.5046	-0.0000	917.6064	-175.8377	-0.00000	1.00000	0.00000	1.00000	0.00000	-0.00000	0.00000	0.00000	0.00000	0	100.00
wall_drive	32	3900.0000	250.0713	573.9896	-0.0000	918.1564	-181.2477	-0.00000	1.00000	0.00000	1.00000	0.00000	-0.00000	0.00000	0.00000	0.00000	0	100.00
wall_drive	33	3900.0000	257.7259	572.4344	-0.0000	918.7064	-186.6577	-0.00000	1.00000	0.00000	1.00000	0.00000	-0.00000	0.00000	0.00000	0.00000	0	100.00
wall_drive	34	3900.0000	265.3905	570.8295	-0.0000	919.2564	-192.0677	-0.00000	1.00000	0.00000	1.00000	0.00000	-0.00000	0.00000	0.00000	0.00000	0	100.00
wall_drive	35	3900.0000	273.0551	569.1843	-0.0000	919.8065	-197.4777	-0.00000	1.00000	0.00000	1.00000	0.00000	-0.00000	0.00000	0.00000	0.00000	0	100.00
wall_drive	36	3900.0000	280.7296	567.4893	-0.0000	920.3564	-202.8876	-0.00000	1.00000	0.00000	1.00000	0.00000	-0.00000	0.00000	0.00000	0.00000	0	100.00
wall_drive	37	3900.0000	288.4042	565.7542	-0.0000	920.9064	-208.2977	-0.00000	1.00000	0.00000	1.00000	0.00000	-0.00000	0.00000	0.00000	0.00000	0	100.00
wall_drive	38	3900.0000	296.0788	563.9691	-0.0000	921.4564	-213.7077	-0.00000	1.00000	0.00000	1.00000	0.00000	-0.00000	0.00000	0.00000	0.00000	0	100.00
wall_drive	39	3900.0000	303.7634	562.1439	-0.0000	922.0064	-219.1177	-0.00000	1.00000	0.00000	1.00000	0.00000	-0.00000	0.00000	0.00000	0.00000	0	100.00
wall_drive	40	3900.0000	311.4480	560.2689	-0.0000	922.5565	-224.5277	-0.00000	1.00000	0.00000	1.00000	0.00000	-0.00000	0.00000	0.00000	0.00000	0	100.00
wall_drive	41	3900.0000	319.1425	558.3539	-0.0000	923.1065	-229.9377	-0.00000	1.00000	0.00000	1.00000	0.00000	-0.00000	0.00000	0.00000	0.00000	0	100.00
wall_drive	42	3900.0000	326.8371	556.3887	-0.0000	923.6565	-235.3477	-0.00000	1.00000	0.00000	1.00000	0.00000	-0.00000	0.00000	0.00000	0.00000	0	100.00
wall_drive	43	3900.0000	334.5417	554.3837	-0.0000	924.2064	-240.7577	-0.00000	1.00000	0.00000	1.00000	0.00000	-0.00000	0.00000	0.00000	0.00000	0	100.00
wall_drive	44	3900.0000	342.2463	552.3286	-0.0000	924.7564	-246.1677	-0.00000	1.00000	0.00000	1.00000	0.00000	-0.00000	0.00000	0.00000	0.00000	0	100.00
wall_drive	45	3900.0000	349.9609	550.2336	-0.0000	925.3065	-251.5776	-0.00000	1.00000	0.00000	1.00000	0.00000	-0.00000	0.00000	0.00000	0.00000	0	100.00
wall_drive	46	3900.0000	357.6754	548.0884	-0.0000	925.8565	-256.9876	-0.00000	1.00000	0.00000	1.00000	0.00000	-0.00000	0.00000	0.00000	0.00000	0	100.00
wall_drive	47	3900.0000	365.4001	545.9034	-0.0000	926.4065	-262.3976	-0.00000	1.00000	0.00000	1.00000	0.00000	-0.00000	0.00000	0.00000	0.00000	0	100.00
wall_drive	48	3900.0000	373.1246	543.6683	-0.0000	926.9565	-267.8076	-0.00000	1.00000	0.00000	1.00000	0.00000	-0.00000	0.00000	0.00000	0.00000	0	100.00
wall_drive	49	3900.0000	380.8492	541.3932	-0.0000	927.5065	-273.2177	-0.00000	1.00000	0.00000	1.00000	0.00000	-0.00000	0.00000	0.00000	0.00000	0	100.00
wall_drive	50	3900.0000	388.5838	539.0681	-0.0000	928.0565	-278.6277	-0.00000	1.00000	0.00000	1.00000	0.00000	-0.00000	0.00000	0.00000	0.00000	0	100.00
wall_drive	51	3900.0000	396.3184	536.7030	-0.0000	928.6064	-284.0377	-0.00000	1.00000	0.00000	1.00000	0.00000	-0.00000	0.00000	0.00000	0.00000	0	100.00
wall_drive	52	3900.0000	404.0630	534.2879	-0.0000	929.1565	-289.4477	-0.00000	1.00000	0.00000	1.00000	0.00000	-0.00000	0.00000	0.00000	0.00000	0	100.00
wall_drive	53	3900.0000	411.8075	531.8328	-0.0000	929.7065	-294.8577	-0.00000	1.00000	0.00000	1.00000	0.00000	-0.00000	0.00000	0.00000	0.00000	0	100.00
wall_drive	54	3900.0000	419.5621	529.3278	-0.0000	930.2565	-300.2677	-0.00000	1.00000	0.00000	1.00000	0.00000	-0.00000	0.00000	0.00000	0.00000	0	100.00
wall_drive	55	3900.0000	427.3167	526.7827	-0.0000	930.8065	-305.6776	-0.00000	1.00000	0.00000	1.00000	0.00000	-0.00000	0.00000	0.00000	0.00000	0	100.00
wall_drive	56	3900.0000	435.0813	524.1876	-0.0000	931.3564	-311.0876	-0.00000	1.00000	0.00000	1.00000	0.00000	-0.00000	0.00000	0.00000	0.00000	0	100.00
wall_drive	57	3900.0000	442.8458	521.5525	-0.0000	931.9064	-316.4977	-0.00000	1.00000	0.00000	1.00000	0.00000	-0.00000	0.00000	0.00000	0.00000	0	100.00
wall_drive	58	3900.0000	450.6205	518.8674	-0.0000	932.4564	-321.9077	-0.00000	1.00000	0.00000	1.00000	0.00000	-0.00000	0.00000	0.00000	0.00000	0	100.00
wall_drive	59	3900.0000	458.3951	516.1423	-0.0000	933.0064	-327.3177	-0.00000	1.00000	0.00000	1.00000	0.00000	-0.00000	0.00000	0.00000	0.00000	0	100.00
wall_drive	60	3900.0000	466.1796	513.3672	-0.0000	933.5565	-332.7277	-0.00000	1.00000	0.00000	1.00000	0.00000	-0.00000	0.00000	0.00000	0.00000	0	100.00
wall_drive	61	3900.0000	473.9642	510.5522	-0.0000	934.1064	-338.1377	-0.00000	1.00000	0.00000	1.00000	0.00000	-0.00000	0.00000	0.00000	0.00000	0	100.00
wall_drive	62	3900.0000	481.7488	507.6871	-0.0000	934.6564	-343.5477	-0.00000	1.00000	0.00000	1.00000	0.00000	-0.00000	0.00000	0.00000	0.00000	0	100.00
wall_drive	63	3900.0000	489.5434	504.7820	-0.0000	935.2064	-348.9576	-0.00000	1.00000	0.00000	1.00000	0.00000	-0.00000	0.00000	0.00000	0.00000	0	100.00
wall_drive	64	3900.0000	497.3380	501.8270	-0.0000	935.7564	-354.3676	-0.00000	1.00000	0.00000	1.00000	0.00000	-0.00000	0.00000	0.00000	0.00000	0	100.00
wall_drive	65	3900.0000	505.1425	498.8318	-0.0000	936.3065	-359.7776	-0.00000	1.00000	0.00000	1.00000	0.00000	-0.00000	0.00000	0.00000	0.00000	0	100.00
wall_drive	66	3900.0000	512.9472	495.7868	-0.0000	936.8564	-365.1877	-0.00000	1.00000	0.00000	1.00000	0.00000	-0.00000	0.00000	0.00000	0.00000	0	100.00
wall_drive	67	3900.0000	520.7617	492.7017	-0.0000	937.4064	-370.5977	-0.00000	1.00000	0.00000	1.00000	0.00000	-0.00000	0.00000	0.00000	0.00000	0	100.00
wall_drive	68	3900.0000	528.5764	489.5666	-0.0000	937.9564	-376.0077	-0.00000	1.00000	0.00000	1.00000	0.00000	-0.00000	0.00000	0.00000	0.00000	0	100.00
wall_drive	69	3900.0000	536.4009	486.3915	-0.0000	938.5064	-381.4177	-0.00000	1.00000	0.00000	1.00000	0.00000	-0.00000	0.00000	0.00000	0.00000	0	100.00
wall_drive	70	3900.0000	544.2255	483.1664	-0.0000	939.0565	-386.8277	-0.00000	1.00000	0.00000	1.00000	0.00000	-0.00000	0.00000	0.00000	0.00000	0	100.00
wall_drive	71	3900.0000	552.0601	479.9013	-0.0000	939.6064	-392.2376	-0.00000	1.00000	0.00000	1.00000	0.00000	-0.00000	0.00000	0.00000	0.00000	0	100.00
wall_drive	72	3900.0000	559.8946	476.5862	-0.0000	940.1564	-397.6476	-0.00000	1.00000	0.00000	1.00000	0.00000	-0.00000	0.00000	0.00000	0.00000	0	100.00
wall_drive	73	3900.0000	567.7292	473.2312	-0.0000	940.7064	-403.0577	-0.00000	1.00000	0.00000	1.00000	0.00000	-0.00000	0.00000	0.00000	0.00000	0	100.00
wall_drive	74	3900.0000	575.5737	469.8261	-0.0000	941.2564	-408.4677	-0.00000	1.00000	0.00000	1.00000	0.00000	-0.00000	0.00000	0.00000	0.00000	0	100.00
wall_drive	75	3900.0000	583.4184	466.3810	-0.0000	941.8065	-413.8777	-0.00000	1.00000	0.00000	1.00000	0.00000	-0.00000	0.00000	0.00000	0.00000	0	100.00
wall_drive	76	3900.0000	591.2729	462.8859	-0.0000	942.3565	-419.2877	-0.00000	1.00000	0.00000	1.00000	0.00000	-0.00000	0.00000	0.00000	0.00000	0	100.00
wall_drive	77	3900.0000	599.1276	459.3509	-0.0000	942.9065	-424.6977	-0.00000	1.00000	0.00000	1.00000	0.00000	-0.00000	0.00000	0.00000	0.00000	0	100.00
wall_drive	78	3900.0000	606.9921	455.7658	-0.0000	943.4565	-430.1077	-0.00000	1.00000	0.00000	1.00000	0.00000	-0.00000	0.00000	0.00000	0.00000	0	100.00
wall_drive	79	3900.0000	614.8567	452.1407	-0.0000	944.0065	-435.5176	-0.00000	1.00000	0.00000	1.00000	0.00000	-0.00000	0.00000	0.00000	0.00000	0	100.00
wall_drive	80	3900.0000	622.7313	448.4656	-0.0000	944.5564	-440.9276	-0.00000	1.00000	0.00000	1.00000	0.00000	-0.00000	0.00000	0.00000	0.00000	0	100.00
wall_drive	81	3900.0000	630.6058	444.7505	-0.0000	945.1064	-446.3376	-0.00000	1.00000	0.00000	1.00000	0.00000	-0.00000	0.00000	0.00000	0.00000	0	100.00
wall_drive	82	3900.0000	638.4904	440.9854	-0.0000	945.6565	-451.7477	-0.00000	1.00000	0.00000	1.00000	0.00000	-0.00000	0.00000	0.00000	0.00000	0	100.00
wall_drive	83	3900.0000	646.3751	437.1803	-0.0000	946.2065	-457.1577	-0.00000	1.00000	0.00000	1.00000	0.00000	-0.00000	0.00000	0.00000	0.00000	0	100.00
wall_drive	84	3900.0000	654.2697	433.3253	-0.0000	946.7565	-462.5677	-0.00000	1.00000	0.00000	1.00000	0.00000	-0.00000	0.00000	0.00000	0.00000	0	100.00
wall_drive	85	3900.0000	662.1642	429.4301	-0.0000	947.3065	-467.9777	-0.00000	1.00000	0.00000	1.00000	0.00000	-0.00000	0.00000	0.00000	0.00000	0	100.00
wall_drive	86	3900.0000	670.0588	425.4851	-0.0000	947.8564	-473.3877	-0.00000	1.00000	0.00000	1.00000	0.00000	-0.00000	0.00000	0.00000	0.00000	0	100.00
wall_drive	87	3900.0000	677.9634	421.5000	-0.0000	948.4064	-478.7976	-0.00000	1.00000	0.00000	1.00000	0.00000	-0.00000	0.00000	0.00000	0.00000	0	100.00
wall_drive	88	3900.0000	685.8680	417.4649	-0.0000	948.9564	-484.2076	-0.00000	1.00000	0.00000	1.00000	0.00000	-0.00000	0.00000	0.00000	0.00000	0	100.00
wall_drive	89	3900.0000	693.7825	413.3798	-0.0000	949.5063	-489.6176	-0.00000	1.00000	0.00000	1.00000	0.00000	-0.00000	0.00000	0.00000	0.00000	0	100.00
wall_drive	90	3900.0000	701.6971	409.2548	-0.0000	950.0565	-495.0276	-0.00000	1.00000	0.00000	1.00000	0.00000	-0.00000	0.00000	0.00000	0.00000	0	100.00
wall_drive	91	3900.0000	709.6218	405.0797	-0.0000	950.6064	-500.4377	-0.00000	1.00000	0.00000	1.00000	0.00000	-0.00000	0.00000	0.00000	0.00000	0	100.00
wall_drive	92	3900.0000	717.5463	400.8646	-0.0000	951.1564	-505.8477	-0.00000	1.00000	0.00000	1.00000	0.00000	-0.00000	0.00000	0.00000	0.00000	0	100.00
wall_drive	93	3900.0000	725.4809	396.5995	-0.0000	951.7064	-511.2577	-0.00000	1.00000	0.00000	1.00000	0.00000	-0.00000	0.00000	0.00000	0.00000	0	100.00
wall_drive	94	3900.0000	733.4155	392.2945	-0.0000	952.2564	-516.6677	-0.00000	1.00000	0.00000	1.00000	0.00000	-0.00000	0.00000	0.00000	0.00000	0	100.00
wall_drive	95	3900.0000	741.3600	387.9394	-0.0000	952.8065	-522.0776	-0.00000	1.00000	0.00000	1.00000	0.00000	-0.00000	0.00000	0.00000	0.00000	0	100.00
wall_drive	96	3900.0000	749.3046	383.5443	-0.0000	953.3564	-527.4877	-0.00000	1.00000	0.00000	1.00000	0.00000	-0.00000	0.00000	0.00000	0.00000	0	100.00
wall_drive	97	3900.0000	757.2491	379.0992	-0.0000	953.9064	-532.8976	-0.00000	1.00000	0.00000	1.00000	0.00000	-0.00000	0.00000	0.00000	0.00000	0	100.00
wall_drive	98	3900.0000	765.2037	374.6141	-0.0000	954.4564	-538.3077	-0.00000	1.00000	0.00000	1.00000	0.00000	-0.00000	0.00000	0.00000	0.00000	0	100.00
wall_drive	99	3900.0000	773.1584	370.0790	-0.0000	955.0064	-543.7177	-0.00000	1.00000	0.00000	1.00000	0.00000	-0.00000	0.00000	0.00000	0.00000	0	100.00
wall_drive	100	3900.0000	781.1229	365.5039	-0.0000	955.5565	-549.1276	-0.00000	1.00000	0.00000	1.00000	0.00000	-0.00000	0.00000	0.00000	0.00000	0	100.00
wall_drive	101	3900.0000	789.0875	360.8788	-0.0000	956.1064	-554.5377	-0.00000	1.00000	0.00000	1.00000	0.00000	-0.00000	0.00000	0.00000	0.00000	0	100.00
wall_drive	102	3900.0000	797.0621	356.2137	-0.0000	956.6564	-559.9476	-0.00000	1.00000	0.00000	1.00000	0.00000	-0.00000	0.00000	0.00000	0.00000	0	100.00
wall_drive	103	3900.0000	805.0366	351.4987	-0.0000	957.2064	-565.3577	-0.00000	1.00000	0.00000	1.00000	0.00000	-0.00000	0.00000	0.00000	0.00000	0	100.00
wall_drive	104	3900.0000	813.0213	346.7436	-0.0000	957.7564	-570.7676	-0.00000	1.00000	0.00000	1.00000	0.00000	-0.00000	0.00000	0.00000	0.00000	0	100.00
wall_drive	105	3900.0000	821.0059	341.9385	-0.0000	958.3065	-576.1777	-0.00000	1.00000	0.00000	1.00000	0.00000	-0.00000	0.00000	0.00000	0.00000	0	100.00
wall_drive	106	3900.0000	829.0005	337.0934	-0.0000	958.8565	-581.5876	-0.00000	1.00000	0.00000	1.00000	0.00000	-0.00000	0.00000	0.00000	0.00000	0	100.00
wall_drive	107	3900.0000	836.9951	332.1983	-0.0000	959.4065	-586.9977	-0.00000	1.00000	0.00000	1.00000	0.00000	-0.00000	0.00000	0.00000	0.00000	0	100.00
wall_drive	108	3900.0000	844.9996	327.2632	-0.0000	959.9565	-592.4077	-0.00000	1.00000	0.00000	1.00000	0.00000	-0.00000	0.00000	0.00000	0.00000	0	100.00
wall_drive	109	3900.0000	853.0042	322.2782	-0.0000	960.5065	-597.8176	-0.00000	1.00000	0.00000	1.00000	0.00000	-0.00000	0.00000	0.00000	0.00000	0	100.00
wall_drive	110	3900.0000	861.0087	317.2531	-0.0000	961.0564	-603.2277	-0.00000	1.00000	0.00000	1.00000	0.00000	-0.00000	0.00000	0.00000	0.00000	0	100.00
wall_drive	111	3900.0000	869.0233	312.1780	-0.0000	961.6065	-608.6376	-0.00000	1.00000	0.00000	1.00000	0.00000	-0.00000	0.00000	0.00000	0.00000	0	100.00
wall_drive	112	3900.0000	877.0380	307.0629	-0.0000	962.1565	-614.0477	-0.00000	1.00000	0.00000	1.00000	0.00000	-0.00000	0.00000	0.00000	0.00000	0	100.00
wall_drive	113	3900.0000	885.0626	301.8978	-0.0000	962.7065	-619.4576	-0.00000	1.00000	0.00000	1.00000	0.00000	-0.00000	0.00000	0.00000	0.00000	0	100.00
wall_drive	114	3900.0000	893.0872	296.6927	-0.0000	963.2565	-624.8677	-0.00000	1.00000	0.00000	1.00000	0.00000	-0.00000	0.00000	0.00000	0.00000	0	100.00
wall_drive	115	3900.0000	901.1217	291.4377	-0.0000	963.8065	-630.2776	-0.00000	1.00000	0.00000	1.00000	0.00000	-0.00000	0.00000	0.00000	0.00000	0	100.00
wall_drive	116	3900.0000	909.1563	286.1426	-0.0000	964.3564	-635.6876	-0.00000	1.00000	0.00000	1.00000	0.00000	-0.00000	0.00000	0.00000	0.00000	0	100.00
wall_drive	117	3900.0000	917.2009	280.7975	-0.0000	964.9064	-641.0977	-0.00000	1.00000	0.00000	1.00000	0.00000	-0.00000	0.00000	0.00000	0.00000	0	100.00
wall_drive	118	3900.0000	925.2455	275.4124	-0.0000	965.4564	-646.5076	-0.00000	1.00000	0.00000	1.00000	0.00000	-0.00000	0.00000	0.00000	0.00000	0	100.00
wall_drive	119	3900.0000	933.3000	269.9774	-0.0000	966.0063	-651.9177	-0.00000	1.00000	0.00000	1.00000	0.00000	-0.00000	0.00000	0.00000	0.00000	0	100.00
wall_drive	120	3900.0000	941.3546	264.5023	-0.0000	966.5565	-657.3276	-0.00000	1.00000	0.00000	1.00000	0.00000	-0.00000	0.00000	0.00000	0.00000	0	100.00
wall_drive	121	3900.0000	949.4092	258.9772	-0.0000	967.1064	-662.7377	-0.00000	1.00000	0.00000	1.00000	0.00000	-0.00000	0.00000	0.00000	0.00000	0	100.00
wall_drive	122	3900.0000	957.4738	253.4121	-0.0000	967.6564	-668.1476	-0.00000	1.00000	0.00000	1.00000	0.00000	-0.00000	0.00000	0.00000	0.00000	0	100.00
wall_drive	123	3900.0000	965.5383	247.7970	-0.0000	968.2064	-673.5577	-0.00000	1.00000	0.00000	1.00000	0.00000	-0.00000	0.00000	0.00000	0.00000	0	100.00
wall_drive	124	3900.0000	973.6129	242.1419	-0.0000	968.7564	-678.9676	-0.00000	1.00000	0.00000	1.00000	0.00000	-0.00000	0.00000	0.00000	0.00000	0	100.00
wall_drive	125	3900.0000	981.6874	236.4368	-0.0000	969.3065	-684.3776	-0.00000	1.00000	0.00000	1.00000	0.00000	-0.00000	0.00000	0.00000	0.00000	0	100.00
wall_drive	126	3900.0000	989.7722	230.6918	-0.0000	969.8564	-689.7876	-0.00000	1.00000	0.00000	1.00000	0.00000	-0.00000	0.00000	0.00000	0.00000	0	100.00
wall_drive	127	3900.0000	997.8567	224.8967	-0.0000	970.4064	-695.1976	-0.00000	1.00000	0.00000	1.00000	0.00000	-0.00000	0.00000	0.00000	0.00000	0	100.00
wall_drive	128	3900.0000	1005.9512	219.0616	-0.0000	970.9564	-700.6076	-0.00000	1.00000	0.00000	1.00000	0.00000	-0.00000	0.00000	0.00000	0.00000	0	100.00
wall_drive	129	3900.0000	1014.0459	213.1765	-0.0000	971.5064	-706.0176	-0.00000	1.00000	0.00000	1.00000	0.00000	-0.00000	0.00000	0.00000	0.00000	0	100.00
wall_drive	130	3900.0000	1022.1505	207.2514	-0.0000	972.0565	-711.4276	-0.00000	1.00000	0.00000	1.00000	0.00000	-0.00000	0.00000	0.00000	0.00000	0	100.00
wall_drive	131	3900.0000	1030.2551	201.2764	-0.0000	972.6064	-716.8376	-0.00000	1.00000	0.00000	1.00000	0.00000	-0.00000	0.00000	0.00000	0.00000	0	100.00
wall_drive	132	3900.0000	1038.3696	195.2613	-0.0000	973.1564	-722.2476	-0.00000	1.00000	0.00000	1.00000	0.00000	-0.00000	0.00000	0.00000	0.00000	0	100.00
wall_drive	133	3900.0000	1046.4841	189.1962	-0.0000	973.7064	-727.6577	-0.00000	1.00000	0.00000	1.00000	0.00000	-0.00000	0.00000	0.00000	0.00000	0	100.00
wall_drive	134	3900.0000	1054.5988	183.0911	-0.0000	974.2564	-733.0676	-0.00000	1.00000	0.00000	1.00000	0.00000	-0.00000	0.00000	0.00000	0.00000	0	100.00
wall_drive	135	3900.0000	1062.7234	176.9360	-0.0000	974.8065	-738.4777	-0.00000	1.00000	0.00000	1.00000	0.00000	-0.00000	0.00000	0.00000	0.00000	0	100.00
wall_drive	136	3900.0000	1070.8479	170.7409	-0.0000	975.3565	-743.8876	-0.00000	1.00000	0.00000	1.00000	0.00000	-0.00000	0.00000	0.00000	0.00000	0	100.00
wall_drive	137	3900.0000	1078.9825	164.4958	-0.0000	975.9065	-749.2977	-0.00000	1.00000	0.00000	1.00000	0.00000	-0.00000	0.00000	0.00000	0.00000	0	100.00
wall_drive	138	3900.0000	1087.1171	158.2108	-0.0000	976.4564	-754.7076	-0.00000	1.00000	0.00000	1.00000	0.00000	-0.00000	0.00000	0.00000	0.00000	0	100.00
wall_drive	139	3900.0000	1095.2617	151.8757	-0.0000	977.0064	-760.1177	-0.00000	1.00000	0.00000	1.00000	0.00000	-0.00000	0.00000	0.00000	0.00000	0	100.00
wall_drive	140	3900.0000	1103.4062	145.5006	-0.0000	977.5565	-765.5276	-0.00000	1.00000	0.00000	1.00000	0.00000	-0.00000	0.00000	0.00000	0.00000	0	100.00
wall_drive	141	3900.0000	1111.5609	139.0755	-0.0000	978.1065	-770.9376	-0.00000	1.00000	0.00000	1.00000	0.00000	-0.00000	0.00000	0.00000	0.00000	0	100.00
wall_drive	142	3900.0000	1119.7155	132.6104	-0.0000	978.6565	-776.3477	-0.00000	1.00000	0.00000	1.00000	0.00000	-0.00000	0.00000	0.00000	0.00000	0	100.00
wall_drive	143	3900.0000	1127.8800	126.0954	-0.0000	979.2065	-781.7576	-0.00000	1.00000	0.00000	1.00000	0.00000	-0.00000	0.00000	0.00000	0.00000	0	100.00
wall_drive	144	3900.0000	1136.0446	119.5403	-0.0000	979.7565	-787.1677	-0.00000	1.00000	0.00000	1.00000	0.00000	-0.00000	0.00000	0.00000	0.00000	0	100.00
wall_drive	145	3900.0000	1144.2092	112.9352	-0.0000	980.3065	-792.5776	-0.00000	1.00000	0.00000	1.00000	0.00000	-0.00000	0.00000	0.00000	0.00000	0	100.00
wall_drive	146	3900.0000	1152.3838	106.2901	-0.0000	980.8564	-797.9877	-0.00000	1.00000	0.00000	1.00000	0.00000	-0.00000	0.00000	0.00000	0.00000	0	100.00
wall_drive	147	3900.0000	1160.5585	99.5950	-0.0000	981.4064	-803.3976	-0.00000	1.00000	0.00000	1.00000	0.00000	-0.00000	0.00000	0.00000	0.00000	0	100.00
wall_drive	148	3900.0000	1168.7430	92.8599	-0.0000	981.9564	-808.8076	-0.00000	1.00000	0.00000	1.00000	0.00000	-0.00000	0.00000	0.00000	0.00000	0	100.00
wall_drive	149	3900.0000	1176.9276	86.0749	-0.0000	982.5065	-814.2177	-0.00000	1.00000	0.00000	1.00000	0.00000	-0.00000	0.00000	0.00000	0.00000	0	100.00
wall_drive	150	3900.0000	1185.1222	79.2398	-0.0000	983.0565	-819.6276	-0.00000	1.00000	0.00000	1.00000	0.00000	-0.00000	0.00000	0.00000	0.00000	0	100.00
wall_drive	151	3900.0000	1193.3168	72.3647	-0.0000	983.6064	-825.0377	-0.00000	1.00000	0.00000	1.00000	0.00000	-0.00000	0.00000	0.00000	0.00000	0	100.00
wall_drive	152	3900.0000	1201.5212	65.4396	-0.0000	984.1564	-830.4476	-0.00000	1.00000	0.00000	1.00000	0.00000	-0.00000	0.00000	0.00000	0.00000	0	100.00
wall_drive	153	3900.0000	1209.7258	58.4745	-0.0000	984.7064	-835.8577	-0.00000	1.00000	0.00000	1.00000	0.00000	-0.00000	0.00000	0.00000	0.00000	0	100.00
wall_drive	154	3897.5938	1216.2180	60.6711	-160.9490	778.5639	-146.9922	0.03129	0.99950	-0.00551	0.98369	-0.02982	0.17738	-1.14145	-20.40115	-3.77772	0	100.00
wall_drive	155	3896.0176	1222.7125	59.8388	-160.0903	779.1163	-152.4107	0.03848	0.99925	-0.00480	0.97329	-0.03639	0.22669	-0.31539	-5.85047	-0.97383	0	100.00
wall_drive	156	3894.6892	1229.2072	58.5186	-159.6719	779.6661	-158.5627	0.04604	0.99893	-0.00531	0.96075	-0.04282	0.27408	-0.30957	-5.86738	-0.87825	0	100.00
wall_drive	157	3893.3594	1235.7117	57.1535	-159.6454	780.2159	-163.9806	0.05288	0.99859	-0.00547	0.94763	-0.04846	0.31566	-0.27777	-5.21497	-0.79464	0	100.00
wall_drive	158	3892.0300	1242.2163	55.7383	-159.6116	780.7657	-169.4007	0.05957	0.99821	-0.00536	0.93331	-0.05379	0.35502	-0.26868	-5.00661	-0.77671	0	100.00
wall_drive	159	3890.7002	1248.7308	54.2832	-159.5779	781.3155	-174.8206	0.06610	0.99780	-0.00500	0.91798	-0.05884	0.39223	-0.25938	-4.80660	-0.75925	0	100.00
wall_drive	160	3889.3704	1255.2455	52.7780	-159.5343	781.8652	-180.2404	0.07245	0.99736	-0.00441	0.90185	-0.06362	0.42735	-0.24994	-4.61459	-0.74223	0	100.00
wall_drive	161	3887.8113	1261.6750	51.9499	-171.5179	771.0128	-149.5102	0.07619	0.99706	0.00782	0.88279	-0.07110	0.46435	0.90231	-4.97945	-0.51276	0	100.00
wall_drive	162	3886.3835	1268.1097	50.6523	-171.2213	771.5649	-155.7191	0.07978	0.99664	0.01835	0.86102	-0.07817	0.50253	0.85157	-5.32670	-0.50087	0	100.00
wall_drive	163	3884.9534	1274.5442	49.3074	-171.1767	772.1147	-161.1175	0.08279	0.99615	0.02883	0.83850	-0.08526	0.53819	0.84403	-5.11597	-0.48372	0	100.00
wall_drive	164	3883.5239	1280.9789	47.9224	-171.1250	772.6644	-166.5117	0.08526	0.99559	0.03921	0.81543	-0.09234	0.57144	0.83638	-4.91372	-0.46601	0	100.00
wall_drive	165	3882.0942	1287.4233	46.4874	-171.0736	773.2140	-171.9059	0.08723	0.99496	0.04948	0.79199	-0.09939	0.60239	0.82859	-4.71961	-0.44784	0	100.00
wall_drive	166	3880.3489	1293.7681	46.0465	-181.7199	762.1870	-138.8230	0.09199	0.99463	0.04745	0.76217	-0.10100	0.63945	-0.51227	-5.45791	-0.77838	0	100.00
wall_drive	167	3878.8391	1300.1262	44.8186	-180.8582	763.1484	-147.1651	0.09625	0.99422	0.04748	0.73019	-0.10295	0.67544	-0.54540	-5.72491	-0.77110	0	100.00
wall_drive	168	3877.3362	1306.4941	43.5191	-179.9914	764.0870	-152.6758	0.10015	0.99383	0.04764	0.69669	-0.10423	0.70976	-0.61290	-5.70879	-0.71812	0	100.00
wall_drive	169	3875.8435	1312.8619	42.1732	-179.0204	765.0013	-156.4417	0.10365	0.99348	0.04742	0.66179	-0.10448	0.74237	-0.71895	-5.70740	-0.66120	0	100.00
wall_drive	170	3874.3516	1319.2395	40.7918	-177.8689	765.8917	-159.1902	0.10672	0.99320	0.04652	0.62562	-0.10344	0.77324	-0.84622	-5.70841	-0.59945	0	100.00
wall_drive	171	3872.8713	1325.6271	39.3889	-175.8466	767.1366	-161.3434	0.10936	0.99299	0.04475	0.58833	-0.10095	0.80230	-0.97567	-5.71882	-0.54749	0	100.00
wall_drive	172	3871.4082	1332.0273	37.9710	-173.4398	768.3188	-162.8412	0.11168	0.99285	0.04210	0.55001	-0.09704	0.82950	-1.08996	-5.71600	-0.49592	0	100.00
wall_drive	173	3869.9685	1338.4371	36.5385	-170.5817	769.4240	-163.0929	0.11373	0.99276	0.03866	0.51079	-0.09180	0.85479	-1.15873	-5.72387	-0.45153	0	100.00
wall_drive	174	3868.5520	1344.8563	35.1064	-167.2589	770.4557	-162.5679	0.11560	0.99269	0.03479	0.47070	-0.08559	0.87813	-1.19226	-5.73554	-0.41236	0	100.00
wall_drive	175	3867.1602	1351.2850	33.6808	-163.4504	771.4069	-161.6047	0.11733	0.99262	0.03076	0.42978	-0.07868	0.89950	-1.19943	-5.74813	-0.37728	0	100.00
wall_drive	176	3865.8013	1357.7129	32.2587	-159.1759	772.2788	-160.4395	0.11896	0.99254	0.02678	0.38810	-0.07130	0.91885	-1.18752	-5.76002	-0.34550	0	100.00
wall_drive	177	3864.4771	1364.1500	30.8485	-154.8409	773.0734	-155.2071	0.12051	0.99245	0.02297	0.34571	-0.06365	0.93618	-1.27111	-5.86071	-0.31696	0	100.00
wall_drive	178	3863.1931	1370.5968	29.4820	-149.9039	773.8002	-151.6690	0.12198	0.99236	0.01877	0.30280	-0.05521	0.95145	-1.27366	-5.81832	-0.28624	0	100.00
wall_drive	179	3861.9441	1377.0529	28.1415	-144.4255	774.4617	-149.5157	0.12342	0.99225	0.01454	0.25940	-0.04640	0.96466	-1.24339	-5.78470	-0.26024	0	100.00
wall_drive	180	3860.7400	1383.5085	26.8194	-138.4674	775.0586	-148.5051	0.12486	0.99212	0.01055	0.21552	-0.03750	0.97578	-1.19187	-5.75795	-0.23740	0	100.00
wall_drive	181	3859.5898	1389.9734	25.5078	-132.0645	775.5911	-148.5989	0.12630	0.99197	0.00697	0.17121	-0.02872	0.98482	-1.12232	-5.73143	-0.21647	0	100.00
wall_drive	182	3858.4932	1396.4377	24.1970	-118.2988	776.0519	-133.7286	0.12774	0.99180	0.00395	0.12654	-0.02025	0.99176	-0.96213	-5.02302	-0.20307	1	100.00
wall_drive	183	3857.5054	1402.9070	23.0179	-104.8670	781.1557	-118.1929	0.12930	0.99160	0.00138	0.08489	-0.01245	0.99631	-0.83590	-4.55362	-0.20248	1	100.00
wall_drive	184	3856.6372	1409.4197	21.9673	-90.6788	786.0645	-100.8846	0.13096	0.99139	-0.00059	0.04702	-0.00562	0.99888	-0.65647	-4.10729	-0.19761	1	100.00
wall_drive	185	3855.8853	1415.9705	21.0616	-75.8086	790.8304	-84.9847	0.13263	0.99116	-0.00150	0.01280	-0.00020	0.99992	-0.52942	-3.60218	-0.19346	1	100.00
wall_drive	186	3855.2593	1422.5602	20.2841	-60.4407	795.4706	-70.1157	0.13428	0.99094	-0.00187	-0.01721	0.00422	0.99984	-0.43402	-3.07680	-0.18974	1	100.00
wall_drive	187	3854.7578	1429.1890	19.6280	-44.8057	800.0044	-56.1476	0.13589	0.99072	-0.00199	-0.04283	0.00788	0.99905	-0.35897	-2.55753	-0.18601	1	100.00
wall_drive	188	3854.3877	1435.8566	19.0944	-29.1493	804.4571	-42.9315	0.13747	0.99050	-0.00204	-0.06409	0.01095	0.99788	-0.29168	-2.07001	-0.18132	1	100.00
wall_drive	189	3854.1482	1442.5637	18.6645	-13.7080	808.8616	-20.2677	0.13900	0.99029	-0.00206	-0.08128	0.01348	0.99660	-0.43707	-1.20330	-0.18196	1	100.00
wall_drive	190	3854.0366	1449.3005	18.4234	2.1954	813.1210	0.8934	0.14054	0.99007	-0.00427	-0.09124	0.01724	0.99568	-0.19045	-0.53532	-0.16882	1	100.00
wall_drive	191	3854.0593	1456.0760	18.3597	18.1291	817.3089	12.3571	0.14195	0.98986	-0.00521	-0.09566	0.01895	0.99523	-0.08451	-0.15732	-0.16083	1	100.00
wall_drive	192	3854.2122	1462.8909	18.3952	33.1862	821.5433	17.9674	0.14329	0.98966	-0.00572	-0.09694	0.01978	0.99509	-0.04077	0.03309	-0.15364	1	100.00
wall_drive	193	3854.4875	1469.7361	18.4819	46.8940	825.9069	19.7392	0.14455	0.98948	-0.00609	-0.09664	0.02025	0.99511	-0.02210	0.08851	-0.14538	1	100.00
wall_drive	194	3854.8816	1476.6224	18.5767	59.0209	830.4279	20.2600	0.14574	0.98930	-0.00638	-0.09588	0.02055	0.99518	0.00004	0.09338	-0.13571	1	100.00
wall_drive	195	3855.3726	1483.5402	18.6811	69.6353	835.1052	20.0857	0.14686	0.98914	-0.00650	-0.09508	0.02065	0.99526	0.01549	0.07663	-0.12572	1	100.00
wall_drive	196	3855.9514	1490.4991	18.7796	78.8611	839.9261	19.6650	0.14789	0.98898	-0.00646	-0.09443	0.02062	0.99532	0.02448	0.05029	-0.11560	1	100.00
wall_drive	197	3856.6082	1497.4993	18.8761	86.6992	844.8675	19.9426	0.14884	0.98884	-0.00632	-0.09399	0.02051	0.99536	0.05885	0.04653	-0.10011	1	100.00
wall_drive	198	3857.3342	1504.5404	18.9784	92.5684	849.8898	22.3608	0.14966	0.98872	-0.00590	-0.09359	0.02010	0.99541	0.15630	-0.04198	-0.05702	1	100.00
wall_drive	199	3858.1042	1511.6223	19.0985	97.8459	855.0099	23.7026	0.15013	0.98866	-0.00456	-0.09392	0.01885	0.99540	0.20354	-0.10394	-0.02546	1	100.00
wall_drive	200	3858.9185	1518.7450	19.2296	102.4457	860.2049	24.3973	0.15035	0.98863	-0.00275	-0.09478	0.01718	0.99535	0.22412	-0.14974	-0.00118	1	100.00
wall_drive	201	3859.7764	1525.9083	19.3654	106.4264	865.4604	24.7114	0.15036	0.98863	-0.00072	-0.09602	0.01532	0.99526	0.23115	-0.18563	0.01838	1	100.00
wall_drive	202	3860.6697	1533.1222	19.5080	109.8590	870.7606	24.7910	0.15021	0.98865	0.00142	-0.09757	0.01339	0.99514	0.23099	-0.21415	0.03453	1	100.00
wall_drive	203	3861.5879	1540.3762	19.6487	112.8053	876.0878	24.7466	0.14992	0.98869	0.00359	-0.09935	0.01145	0.99499	0.22759	-0.23751	0.04826	1	100.00
wall_drive	204	3862.5327	1547.6807	19.7883	115.3278	881.4244	24.6467	0.14951	0.98874	0.00576	-0.10132	0.00952	0.99481	0.22332	-0.25747	0.06025	1	100.00
wall_drive	205	3863.4937	1555.0251	19.9275	117.4789	886.7722	24.5141	0.14900	0.98881	0.00792	-0.10346	0.00762	0.99460	0.21872	-0.27436	0.07077	1	100.00
wall_drive	206	3864.4719	1562.4197	20.0664	119.3099	892.1222	24.3640	0.14840	0.98888	0.01007	-0.10574	0.00574	0.99438	0.21422	-0.28870	0.08004	1	100.00
wall_drive	207	3865.4670	1569.8544	20.2051	120.8634	897.4658	24.2045	0.14771	0.98896	0.01219	-0.10813	0.00390	0.99413	0.21010	-0.30097	0.08829	1	100.00
wall_drive	208	3866.4800	1577.3287	20.3438	121.4279	902.7686	26.0708	0.14695	0.98904	0.01429	-0.11063	0.00208	0.99386	0.14431	-0.36970	0.07761	1	100.00
wall_drive	209	3867.4956	1584.8529	20.4892	121.8371	908.0750	27.5220	0.14626	0.98912	0.01593	-0.11369	0.00081	0.99352	0.09471	-0.43914	0.06892	1	100.00
wall_drive	210	3868.5193	1592.4171	20.6513	122.0384	913.3823	28.6786	0.14563	0.98919	0.01724	-0.11732	-0.00004	0.99309	0.05335	-0.49877	0.06125	1	100.00
wall_drive	211	3869.5408	1600.0315	20.8209	122.1053	918.6786	29.5513	0.14505	0.98925	0.01829	-0.12145	-0.00054	0.99260	0.01891	-0.54811	0.05433	1	100.00
wall_drive	212	3870.5615	1607.6854	20.9982	122.0980	923.9457	30.1824	0.14452	0.98932	0.01911	-0.12598	-0.00075	0.99203	-0.00908	-0.58798	0.04816	1	100.00
wall_drive	213	3871.5815	1615.3894	21.1835	122.0586	929.1856	30.5617	0.14403	0.98938	0.01974	-0.13084	-0.00073	0.99140	-0.03232	-0.61997	0.04254	1	100.00
wall_drive	214	3872.6013	1623.1333	21.3666	121.4941	934.3956	32.8089	0.14357	0.98943	0.02021	-0.13596	-0.00051	0.99071	-0.09019	-0.55203	0.02839	1	100.00
wall_drive	215	3873.6172	1630.9166	21.5752	121.3171	939.5262	34.2740	0.14325	0.98948	0.02013	-0.14052	0.00020	0.99008	-0.11276	-0.52348	0.02105	1	100.00
wall_drive	216	3874.6353	1638.7493	21.7974	121.3500	944.5956	35.1086	0.14299	0.98953	0.01982	-0.14483	0.00111	0.98946	-0.11920	-0.51117	0.01697	1	100.00
wall_drive	217	3875.6558	1646.6215	22.0244	121.5244	949.6135	35.4950	0.14276	0.98957	0.01945	-0.14905	0.00207	0.98883	-0.11775	-0.50791	0.01461	1	100.00
wall_drive	218	3876.6772	1654.5334	22.2476	121.7659	954.5856	35.6893	0.14256	0.98960	0.01908	-0.15323	0.00302	0.98819	-0.11420	-0.50650	0.01298	1	100.00
wall_drive	219	3877.6992	1662.4847	22.4792	122.0647	959.5096	35.7252	0.14237	0.98964	0.01874	-0.15740	0.00394	0.98753	-0.11109	-0.50476	0.01161	1	100.00
wall_land	0	3605.8379	3.3380	699.9319	700.5634	400.5566	-8.1773	-0.00000	1.00000	0.00000	1.00000	0.00000	-0.00000	0.00000	0.00000	0.00000	0	100.00
wall_land	1	3611.6780	6.6826	699.8168	700.5610	401.1065	-13.5877	-0.00000	1.00000	0.00000	1.00000	0.00000	-0.00000	0.00000	0.00000	0.00000	0	100.00
wall_land	2	3617.5178	10.0271	699.6617	700.5610	401.6566	-18.9977	-0.00000	1.00000	0.00000	1.00000	0.00000	-0.00000	0.00000	0.00000	0.00000	0	100.00
wall_land	3	3623.3577	13.3817	699.4565	700.5610	402.2066	-24.4077	-0.00000	1.00000	0.00000	1.00000	0.00000	-0.00000	0.00000	0.00000	0.00000	0	100.00
wall_land	4	3629.1980	16.7363	699.2115	700.5610	402.7566	-29.8177	-0.00000	1.00000	0.00000	1.00000	0.00000	-0.00000	0.00000	0.00000	0.00000	0	100.00
wall_land	5	3635.0381	20.1009	698.9165	700.5610	403.3066	-35.2277	-0.00000	1.00000	0.00000	1.00000	0.00000	-0.00000	0.00000	0.00000	0.00000	0	100.00
wall_land	6	3640.8779	23.4655	698.5813	700.5610	403.8566	-40.6377	-0.00000	1.00000	0.00000	1.00000	0.00000	-0.00000	0.00000	0.00000	0.00000	0	100.00
wall_land	7	3646.7178	26.8401	698.1963	700.5610	404.4066	-46.0477	-0.00000	1.00000	0.00000	1.00000	0.00000	-0.00000	0.00000	0.00000	0.00000	0	100.00
wall_land	8	3652.5579	30.2146	697.7712	700.5610	404.9565	-51.4577	-0.00000	1.00000	0.00000	1.00000	0.00000	-0.00000	0.00000	0.00000	0.00000	0	100.00
wall_land	9	3658.3979	33.5892	697.2961	700.5610	405.5066	-56.8677	-0.00000	1.00000	0.00000	1.00000	0.00000	-0.00000	0.00000	0.00000	0.00000	0	100.00
wall_land	10	3664.2380	36.9738	696.7809	700.5610	406.0565	-62.2777	-0.00000	1.00000	0.00000	1.00000	0.00000	-0.00000	0.00000	0.00000	0.00000	0	100.00
wall_land	11	3670.0779	40.3584	696.2159	700.5610	406.6065	-67.6877	-0.00000	1.00000	0.00000	1.00000	0.00000	-0.00000	0.00000	0.00000	0.00000	0	100.00
wall_land	12	3675.9182	43.7530	695.6108	700.5610	407.1566	-73.0977	-0.00000	1.00000	0.00000	1.00000	0.00000	-0.00000	0.00000	0.00000	0.00000	0	100.00
wall_land	13	3681.7578	47.1476	694.9557	700.5610	407.7065	-78.5077	-0.00000	1.00000	0.00000	1.00000	0.00000	-0.00000	0.00000	0.00000	0.00000	0	100.00
wall_land	14	3687.5981	50.5521	694.2607	700.5610	408.2565	-83.9177	-0.00000	1.00000	0.00000	1.00000	0.00000	-0.00000	0.00000	0.00000	0.00000	0	100.00
wall_land	15	3693.4380	53.9567	693.5156	700.5610	408.8065	-89.3277	-0.00000	1.00000	0.00000	1.00000	0.00000	-0.00000	0.00000	0.00000	0.00000	0	100.00
wall_land	16	3699.2778	57.3713	692.7305	700.5610	409.3565	-94.7377	-0.00000	1.00000	0.00000	1.00000	0.00000	-0.00000	0.00000	0.00000	0.00000	0	100.00
wall_land	17	3705.1177	60.7859	691.8954	700.5610	409.9066	-100.1477	-0.00000	1.00000	0.00000	1.00000	0.00000	-0.00000	0.00000	0.00000	0.00000	0	100.00
wall_land	18	3710.9580	64.2105	691.0203	700.5610	410.4566	-105.5577	-0.00000	1.00000	0.00000	1.00000	0.00000	-0.00000	0.00000	0.00000	0.00000	0	100.00
wall_land	19	3716.7981	67.6351	690.0953	700.5610	411.0065	-110.9677	-0.00000	1.00000	0.00000	1.00000	0.00000	-0.00000	0.00000	0.00000	0.00000	0	100.00
wall_land	20	3722.6379	71.0696	689.1302	700.5610	411.5566	-116.3777	-0.00000	1.00000	0.00000	1.00000	0.00000	-0.00000	0.00000	0.00000	0.00000	0	100.00
wall_land	21	3728.4778	74.5042	688.1151	700.5610	412.1066	-121.7877	-0.00000	1.00000	0.00000	1.00000	0.00000	-0.00000	0.00000	0.00000	0.00000	0	100.00
wall_land	22	3734.3179	77.9388	687.0600	700.5610	412.6566	-127.1977	-0.00000	1.00000	0.00000	1.00000	0.00000	-0.00000	0.00000	0.00000	0.00000	0	100.00
wall_land	23	3740.1582	81.3834	685.9549	700.5610	413.2066	-132.6077	-0.00000	1.00000	0.00000	1.00000	0.00000	-0.00000	0.00000	0.00000	0.00000	0	100.00
wall_land	24	3745.9980	84.8280	684.7999	700.5610	413.7566	-138.0177	-0.00000	1.00000	0.00000	1.00000	0.00000	-0.00000	0.00000	0.00000	0.00000	0	100.00
wall_land	25	3751.8379	88.2826	683.6047	700.5610	414.3065	-143.4277	-0.00000	1.00000	0.00000	1.00000	0.00000	-0.00000	0.00000	0.00000	0.00000	0	100.00
wall_land	26	3757.6777	91.7371	682.3596	700.5610	414.8565	-148.8377	-0.00000	1.00000	0.00000	1.00000	0.00000	-0.00000	0.00000	0.00000	0.00000	0	100.00
wall_land	27	3763.5178	95.2017	681.0746	700.5610	415.4065	-154.2477	-0.00000	1.00000	0.00000	1.00000	0.00000	-0.00000	0.00000	0.00000	0.00000	0	100.00
wall_land	28	3769.3582	98.6663	679.7395	700.5610	415.9565	-159.6577	-0.00000	1.00000	0.00000	1.00000	0.00000	-0.00000	0.00000	0.00000	0.00000	0	100.00
wall_land	29	3775.1980	102.1409	678.3644	700.5610	416.5065	-165.0677	-0.00000	1.00000	0.00000	1.00000	0.00000	-0.00000	0.00000	0.00000	0.00000	0	100.00
wall_land	30	3781.0378	105.6155	676.9393	700.5610	417.0565	-170.4777	-0.00000	1.00000	0.00000	1.00000	0.00000	-0.00000	0.00000	0.00000	0.00000	0	100.00
wall_land	31	3786.8779	109.1001	675.4742	700.5610	417.6065	-175.8877	-0.00000	1.00000	0.00000	1.00000	0.00000	-0.00000	0.00000	0.00000	0.00000	0	100.00
wall_land	32	3792.7178	112.5846	673.9592	700.5610	418.1565	-181.2977	-0.00000	1.00000	0.00000	1.00000	0.00000	-0.00000	0.00000	0.00000	0.00000	0	100.00
wall_land	33	3798.5581	116.0692	672.4041	700.5610	418.7066	-186.7077	-0.00000	1.00000	0.00000	1.00000	0.00000	-0.00000	0.00000	0.00000	0.00000	0	100.00
wall_land	34	3804.3979	119.5638	670.7990	700.5610	419.2565	-192.1177	-0.00000	1.00000	0.00000	1.00000	0.00000	-0.00000	0.00000	0.00000	0.00000	0	100.00
wall_land	35	3810.2378	123.0584	669.1539	700.5610	419.8066	-197.5277	-0.00000	1.00000	0.00000	1.00000	0.00000	-0.00000	0.00000	0.00000	0.00000	0	100.00
wall_land	36	3816.0779	126.5630	667.4589	700.5610	420.3566	-202.9377	-0.00000	1.00000	0.00000	1.00000	0.00000	-0.00000	0.00000	0.00000	0.00000	0	100.00
wall_land	37	3821.9182	130.0676	665.7238	700.5610	420.9066	-208.3477	-0.00000	1.00000	0.00000	1.00000	0.00000	-0.00000	0.00000	0.00000	0.00000	0	100.00
wall_land	38	3827.7581	133.5821	663.9386	700.5610	421.4566	-213.7577	-0.00000	1.00000	0.00000	1.00000	0.00000	-0.00000	0.00000	0.00000	0.00000	0	100.00
wall_land	39	3833.5979	137.0967	662.1136	700.5610	422.0066	-219.1677	-0.00000	1.00000	0.00000	1.00000	0.00000	-0.00000	0.00000	0.00000	0.00000	0	100.00
wall_land	40	3839.4380	140.6213	660.2385	700.5610	422.5565	-224.5776	-0.00000	1.00000	0.00000	1.00000	0.00000	-0.00000	0.00000	0.00000	0.00000	0	100.00
wall_land	41	3845.2778	144.1459	658.3234	700.5610	423.1065	-229.9876	-0.00000	1.00000	0.00000	1.00000	0.00000	-0.00000	0.00000	0.00000	0.00000	0	100.00
wall_land	42	3851.1182	147.6805	656.3583	700.5610	423.6566	-235.3976	-0.00000	1.00000	0.00000	1.00000	0.00000	-0.00000	0.00000	0.00000	0.00000	0	100.00
wall_land	43	3856.9580	151.2150	654.3532	700.5610	424.2065	-240.8076	-0.00000	1.00000	0.00000	1.00000	0.00000	-0.00000	0.00000	0.00000	0.00000	0	100.00
wall_land	44	3862.7979	154.7596	652.2981	700.5610	424.7565	-246.2177	-0.00000	1.00000	0.00000	1.00000	0.00000	-0.00000	0.00000	0.00000	0.00000	0	100.00
wall_land	45	3868.6379	158.3042	650.2031	700.5610	425.3065	-251.6277	-0.00000	1.00000	0.00000	1.00000	0.00000	-0.00000	0.00000	0.00000	0.00000	0	100.00
wall_land	46	3874.4778	161.8488	648.0580	700.5610	425.8565	-257.0377	-0.00000	1.00000	0.00000	1.00000	0.00000	-0.00000	0.00000	0.00000	0.00000	0	100.00
wall_land	47	3880.3181	165.4034	645.8729	700.5610	426.4065	-262.4477	-0.00000	1.00000	0.00000	1.00000	0.00000	-0.00000	0.00000	0.00000	0.00000	0	100.00
wall_land	48	3886.1580	168.9580	643.6378	700.5610	426.9565	-267.8577	-0.00000	1.00000	0.00000	1.00000	0.00000	-0.00000	0.00000	0.00000	0.00000	0	100.00
wall_land	49	3891.9978	172.5226	641.3628	700.5610	427.5065	-273.2677	-0.00000	1.00000	0.00000	1.00000	0.00000	-0.00000	0.00000	0.00000	0.00000	0	100.00
wall_land	50	3897.8379	176.0871	639.0377	700.5610	428.0566	-278.6776	-0.00000	1.00000	0.00000	1.00000	0.00000	-0.00000	0.00000	0.00000	0.00000	0	100.00
wall_land	51	3903.6782	179.6617	636.6725	700.5610	428.6066	-284.0876	-0.00000	1.00000	0.00000	1.00000	0.00000	-0.00000	0.00000	0.00000	0.00000	0	100.00
wall_land	52	3909.5176	183.2363	634.2575	700.5610	429.1566	-289.4977	-0.00000	1.00000	0.00000	1.00000	0.00000	-0.00000	0.00000	0.00000	0.00000	0	100.00
wall_land	53	3915.3579	186.8209	631.8024	700.5610	429.7066	-294.9077	-0.00000	1.00000	0.00000	1.00000	0.00000	-0.00000	0.00000	0.00000	0.00000	0	100.00
wall_land	54	3921.1980	190.4055	629.2974	700.5610	430.2566	-300.3177	-0.00000	1.00000	0.00000	1.00000	0.00000	-0.00000	0.00000	0.00000	0.00000	0	100.00
wall_land	55	3927.0378	194.0001	626.7523	700.5610	430.8065	-305.7277	-0.00000	1.00000	0.00000	1.00000	0.00000	-0.00000	0.00000	0.00000	0.00000	0	100.00
wall_land	56	3932.8782	197.5946	624.1572	700.5610	431.3565	-311.1377	-0.00000	1.00000	0.00000	1.00000	0.00000	-0.00000	0.00000	0.00000	0.00000	0	100.00
wall_land	57	3938.7178	201.1892	621.5220	700.5610	431.9066	-316.5477	-0.00000	1.00000	0.00000	1.00000	0.00000	-0.00000	0.00000	0.00000	0.00000	0	100.00
wall_land	58	3944.5579	204.7938	618.8370	700.5610	432.4565	-321.9576	-0.00000	1.00000	0.00000	1.00000	0.00000	-0.00000	0.00000	0.00000	0.00000	0	100.00
wall_land	59	3950.3979	208.3984	616.1119	700.5610	433.0065	-327.3676	-0.00000	1.00000	0.00000	1.00000	0.00000	-0.00000	0.00000	0.00000	0.00000	0	100.00
wall_land	60	3956.2378	212.0130	613.3369	700.5610	433.5565	-332.7776	-0.00000	1.00000	0.00000	1.00000	0.00000	-0.00000	0.00000	0.00000	0.00000	0	100.00
wall_land	61	3962.0781	215.6275	610.5217	700.5610	434.1065	-338.1877	-0.00000	1.00000	0.00000	1.00000	0.00000	-0.00000	0.00000	0.00000	0.00000	0	100.00
wall_land	62	3967.9180	219.2521	607.6567	700.5610	434.6565	-343.5977	-0.00000	1.00000	0.00000	1.00000	0.00000	-0.00000	0.00000	0.00000	0.00000	0	100.00
wall_land	63	3973.7578	222.8767	604.7515	700.5610	435.2065	-349.0077	-0.00000	1.00000	0.00000	1.00000	0.00000	-0.00000	0.00000	0.00000	0.00000	0	100.00
wall_land	64	3979.5979	226.5113	601.7965	700.5610	435.7565	-354.4177	-0.00000	1.00000	0.00000	1.00000	0.00000	-0.00000	0.00000	0.00000	0.00000	0	100.00
wall_land	65	3985.4382	230.1459	598.8014	700.5610	436.3066	-359.8277	-0.00000	1.00000	0.00000	1.00000	0.00000	-0.00000	0.00000	0.00000	0.00000	0	100.00
wall_land	66	3991.2776	233.7905	595.7563	700.5610	436.8566	-365.2376	-0.00000	1.00000	0.00000	1.00000	0.00000	-0.00000	0.00000	0.00000	0.00000	0	100.00
wall_land	67	3997.1179	237.4351	592.6713	700.5610	437.4066	-370.6476	-0.00000	1.00000	0.00000	1.00000	0.00000	-0.00000	0.00000	0.00000	0.00000	0	100.00
wall_land	68	4002.9580	241.0896	589.5361	700.5610	437.9566	-376.0576	-0.00000	1.00000	0.00000	1.00000	0.00000	-0.00000	0.00000	0.00000	0.00000	0	100.00
wall_land	69	4008.7979	244.7442	586.3611	700.5610	438.5066	-381.4677	-0.00000	1.00000	0.00000	1.00000	0.00000	-0.00000	0.00000	0.00000	0.00000	0	100.00
wall_land	70	4014.6382	248.3988	583.1360	700.5610	439.0565	-386.8777	-0.00000	1.00000	0.00000	1.00000	0.00000	-0.00000	0.00000	0.00000	0.00000	0	100.00
wall_land	71	4020.4778	252.0634	579.8709	700.5610	439.6066	-392.2877	-0.00000	1.00000	0.00000	1.00000	0.00000	-0.00000	0.00000	0.00000	0.00000	0	100.00
wall_land	72	4026.3179	255.7280	576.5558	700.5610	440.1566	-397.6977	-0.00000	1.00000	0.00000	1.00000	0.00000	-0.00000	0.00000	0.00000	0.00000	0	100.00
wall_land	73	4032.1580	259.4025	573.2007	700.5610	440.7065	-403.1077	-0.00000	1.00000	0.00000	1.00000	0.00000	-0.00000	0.00000	0.00000	0.00000	0	100.00
wall_land	74	4037.9978	263.0771	569.7957	700.5610	441.2565	-408.5177	-0.00000	1.00000	0.00000	1.00000	0.00000	-0.00000	0.00000	0.00000	0.00000	0	100.00
wall_land	75	4043.8376	266.7617	566.3506	700.5610	441.8065	-413.9276	-0.00000	1.00000	0.00000	1.00000	0.00000	-0.00000	0.00000	0.00000	0.00000	0	100.00
wall_land	76	4049.6780	270.4463	562.8555	700.5610	442.3565	-419.3376	-0.00000	1.00000	0.00000	1.00000	0.00000	-0.00000	0.00000	0.00000	0.00000	0	100.00
wall_land	77	4055.5181	274.1409	559.3204	700.5610	442.9065	-424.7477	-0.00000	1.00000	0.00000	1.00000	0.00000	-0.00000	0.00000	0.00000	0.00000	0	100.00
wall_land	78	4060.0713	277.5584	556.0041	546.1622	410.2089	-397.9070	0.05300	0.99859	0.00211	0.99465	-0.05298	0.08866	-0.02974	-10.65752	-6.37102	0	100.00
wall_land	79	4061.5500	280.5308	552.8982	338.5551	356.4941	-372.2199	-0.00854	0.99996	0.00175	0.99872	0.00844	0.04984	0.06487	3.82194	6.52942	0	100.00
wall_land	80	4061.9919	283.2619	549.9567	212.4346	327.8331	-353.1946	0.00123	0.99997	-0.00787	0.99978	-0.00140	-0.02108	-1.17350	7.63126	-0.64519	0	100.00
wall_land	81	4062.3467	285.9029	547.1513	132.1856	317.1423	-337.0432	-0.03423	0.99940	-0.00506	0.99926	0.03414	-0.01789	0.33310	0.12668	3.75872	0	100.00
wall_land	82	4061.4353	288.4069	544.4152	59.2896	300.8222	-328.1708	-0.03490	0.99939	-0.00267	0.99907	0.03496	0.02543	0.43682	-4.22353	0.66701	0	100.00
wall_land	83	4059.9988	290.7533	541.7136	-13.3240	281.1946	-324.7668	-0.00980	0.99994	-0.00511	0.99960	0.00993	0.02665	-0.28576	-1.05116	-2.47143	0	100.00
wall_land	84	4058.9912	293.0979	538.9585	-12.4931	281.7465	-330.1805	0.01348	0.99988	-0.00732	0.99928	-0.01321	0.03553	-0.27543	-1.67607	-2.40889	0	100.00
wall_land	85	4057.8716	295.3824	536.2698	-62.6537	273.8858	-322.8196	0.00872	0.99994	-0.00712	0.99941	-0.00848	0.03319	0.02853	-0.12184	0.17706	0	100.00
wall_land	86	4056.9307	297.6670	533.5347	-61.8128	274.4365	-328.2316	0.00494	0.99996	-0.00692	0.99929	-0.00468	0.03732	0.02233	-0.78358	0.17750	0	100.00
wall_land	87	4056.1096	299.9616	530.7496	-60.9749	274.9865	-333.6515	0.00181	0.99998	-0.00675	0.99888	-0.00149	0.04738	0.01882	-1.41891	0.17777	0	100.00
wall_land	88	4055.3486	302.2527	527.9274	-61.9543	275.1290	-338.7091	-0.00166	0.99998	-0.00660	0.99806	0.00206	0.06223	0.02166	-1.94808	0.26522	0	100.00
wall_land	89	4054.3884	304.5218	525.0833	-74.3381	272.6140	-341.6015	0.00210	0.99997	-0.00740	0.99705	-0.00153	0.07670	-0.10033	-1.96361	-0.29506	0	100.00
wall_land	90	4053.5039	306.7792	522.2045	-82.9857	271.1017	-345.0621	-0.00027	0.99997	-0.00805	0.99562	0.00102	0.09353	-0.07624	-2.15263	0.17157	0	100.00
wall_land	91	4052.5166	309.0301	519.2905	-89.2266	270.0156	-349.1341	0.00180	0.99996	-0.00915	0.99365	-0.00076	0.11252	-0.13657	-2.44165	-0.12740	0	100.00
wall_land	92	4051.5789	311.2714	516.3471	-95.4992	268.9677	-353.1396	-0.00060	0.99995	-0.01019	0.99094	0.00196	0.13430	-0.12302	-2.72520	0.21764	0	100.00
wall_land	93	4050.5208	313.4970	513.3760	-104.0764	267.2455	-356.8722	0.00187	0.99993	-0.01177	0.98754	0.00001	0.15739	-0.19519	-2.91548	-0.18433	0	100.00
wall_land	94	4049.4812	315.7172	510.3732	-110.8449	266.0602	-360.8127	0.00005	0.99991	-0.01332	0.98312	0.00238	0.18295	-0.18414	-3.18149	0.18153	0	100.00
wall_land	95	4048.4585	317.9379	507.3209	-111.9567	266.1505	-365.8820	-0.00230	0.99989	-0.01489	0.97718	0.00540	0.21234	-0.18046	-3.64991	0.27476	0	100.00
wall_land	96	4047.2737	320.1387	504.2398	-122.1923	263.8425	-369.6226	0.00049	0.99986	-0.01691	0.97019	0.00362	0.24231	-0.24484	-3.78334	-0.20478	0	100.00
wall_land	97	4046.1155	322.3273	501.1263	-129.2751	262.4795	-373.6445	-0.00071	0.99982	-0.01898	0.96157	0.00590	0.27450	-0.24358	-4.04135	0.16616	0	100.00
wall_land	98	4044.9104	324.5135	497.9754	-132.1899	262.0296	-378.5456	0.00032	0.99978	-0.02110	0.95092	0.00622	0.30937	-0.25722	-4.42981	0.00877	0	100.00
wall_land	99	4043.7385	326.6912	494.7844	-134.5659	261.7425	-383.4827	-0.00039	0.99973	-0.02328	0.93777	0.00845	0.34715	-0.25915	-4.82491	0.16043	0	100.00
wall_land	100	4042.5315	328.8697	491.5414	-136.3453	261.5604	-388.6370	0.00046	0.99968	-0.02544	0.92187	0.00943	0.38739	-0.26180	-5.22595	0.05370	0	100.00
wall_land	101	4041.3535	331.0500	488.2580	-137.3872	261.5957	-393.8451	0.00033	0.99962	-0.02764	0.90270	0.01159	0.43012	-0.26462	-5.63497	0.14495	0	100.00
wall_land	102	4040.1948	333.2346	484.9327	-136.5475	262.1464	-399.2730	0.00038	0.99956	-0.02975	0.88032	0.01378	0.47418	-0.25362	-5.93917	0.15308	0	100.00
wall_land	103	4039.0586	335.4191	481.5575	-135.7074	262.6963	-404.7042	0.00062	0.99950	-0.03165	0.85576	0.01585	0.51713	-0.23069	-5.94014	0.15460	0	100.00
wall_land	104	4037.9360	337.6137	478.1422	-134.8673	263.2463	-410.1352	0.00092	0.99944	-0.03336	0.82910	0.01789	0.55881	-0.20994	-5.94090	0.15707	0	100.00
wall_land	105	4036.8230	339.8083	474.6770	-134.0272	263.7962	-415.5662	0.00127	0.99939	-0.03490	0.80040	0.01990	0.59913	-0.19123	-5.94149	0.16030	0	100.00
wall_land	106	4035.7097	342.0129	471.1717	-133.1870	264.3462	-420.9970	0.00167	0.99934	-0.03628	0.76974	0.02188	0.63798	-0.17440	-5.94194	0.16413	0	100.00
wall_land	107	4034.6069	344.2175	467.6164	-132.3467	264.8962	-426.4278	0.00209	0.99929	-0.03751	0.73719	0.02381	0.67527	-0.15930	-5.94228	0.16840	0	100.00
wall_land	108	4033.5139	346.4320	464.0211	-131.5065	265.4461	-431.8585	0.00254	0.99925	-0.03861	0.70282	0.02569	0.71090	-0.14580	-5.94252	0.17300	0	100.00
wall_land	109	4032.4138	348.6466	460.3759	-131.4996	265.9962	-437.2891	0.00299	0.99921	-0.03959	0.67086	0.02736	0.74108	-0.13207	-5.27652	0.15208	0	100.00
wall_land	110	4031.3140	350.8712	456.6906	-131.4893	266.5461	-442.7197	0.00348	0.99917	-0.04053	0.63895	0.02896	0.76870	-0.12930	-5.06579	0.14439	0	100.00
wall_land	111	4030.2144	353.0958	452.9554	-131.4791	267.0961	-448.1501	0.00400	0.99913	-0.04143	0.60725	0.03049	0.79392	-0.12652	-4.86349	0.13691	0	100.00
wall_land	112	4029.1143	355.3304	449.1800	-131.4688	267.6461	-453.5906	0.00455	0.99909	-0.04230	0.57587	0.03196	0.81691	-0.12374	-4.66926	0.12967	0	100.00
wall_land	113	4028.0144	357.5649	445.3547	-131.4585	268.1960	-459.0312	0.00512	0.99906	-0.04312	0.54493	0.03337	0.83782	-0.12096	-4.48281	0.12266	0	100.00
wall_land	114	4026.9143	359.7996	441.4794	-131.4482	268.7460	-464.4716	0.00572	0.99902	-0.04391	0.51450	0.03472	0.85678	-0.11819	-4.30380	0.11587	0	100.00
wall_land	115	4025.8145	362.0441	437.5641	-131.4378	269.2960	-469.9120	0.00633	0.99898	-0.04467	0.48467	0.03600	0.87395	-0.11542	-4.13195	0.10931	0	100.00
wall_land	116	4024.7146	364.2887	433.5987	-131.4275	269.8460	-475.3525	0.00696	0.99895	-0.04538	0.45549	0.03723	0.88946	-0.11265	-3.96696	0.10298	0	100.00
wall_land	117	4023.6145	366.5433	429.5934	-131.4171	270.3960	-480.7928	0.00761	0.99891	-0.04607	0.42701	0.03841	0.90343	-0.10990	-3.80857	0.09687	0	100.00
wall_land	118	4022.5146	368.7979	425.5381	-131.4068	270.9459	-486.2332	0.00826	0.99887	-0.04672	0.39925	0.03954	0.91599	-0.10717	-3.65651	0.09098	0	100.00
wall_land	119	4021.4150	371.0624	421.4427	-131.3964	271.4959	-491.6736	0.00893	0.99884	-0.04734	0.37226	0.04061	0.92724	-0.10444	-3.51052	0.08531	0	100.00
wall_land	120	4020.3252	373.3270	417.2974	-131.3860	272.0459	-497.1140	0.00960	0.99880	-0.04792	0.34605	0.04164	0.93729	-0.10174	-3.37037	0.07985	0	100.00
wall_land	121	4019.2354	375.6016	413.1120	-131.3757	272.5959	-502.5543	0.01028	0.99877	-0.04848	0.32063	0.04263	0.94625	-0.09907	-3.23582	0.07460	0	100.00
wall_land	122	4018.1450	377.8762	408.8767	-131.3653	273.1459	-507.9946	0.01096	0.99874	-0.04901	0.29600	0.04357	0.95419	-0.09641	-3.10664	0.06955	0	100.00
wall_land	123	4017.0452	380.1608	404.6014	-131.3549	273.6958	-513.4349	0.01165	0.99871	-0.04951	0.27217	0.04447	0.96122	-0.09379	-2.98263	0.06471	0	100.00
wall_land	124	4015.9553	382.4454	400.2760	-131.3445	274.2458	-518.8752	0.01234	0.99867	-0.04998	0.24914	0.04534	0.96741	-0.09119	-2.86357	0.06006	0	100.00
wall_land	125	4014.8655	384.7400	395.9107	-131.3342	274.7958	-524.3154	0.01302	0.99864	-0.05043	0.22689	0.04616	0.97283	-0.08863	-2.74926	0.05560	0	100.00
wall_land	126	4013.7756	387.0345	391.4954	-131.3238	275.3458	-529.7556	0.01371	0.99861	-0.05085	0.20542	0.04695	0.97755	-0.08610	-2.63953	0.05133	0	100.00
wall_land	127	4012.6853	389.3291	387.0400	-131.3134	275.8958	-535.1959	0.01440	0.99858	-0.05125	0.18471	0.04771	0.98163	-0.08361	-2.53418	0.04724	0	100.00
wall_land	128	4011.5959	391.6337	382.5347	-131.3030	276.4458	-540.6361	0.01508	0.99855	-0.05162	0.16476	0.04844	0.98514	-0.08115	-2.43303	0.04333	0	100.00
wall_land	129	4010.5061	393.9383	377.9793	-131.2926	276.9958	-546.0763	0.01576	0.99852	-0.05198	0.14553	0.04914	0.98813	-0.07874	-2.33593	0.03958	0	100.00
wall_land	130	4009.4158	396.2529	373.3840	-131.2822	277.5457	-551.5165	0.01643	0.99850	-0.05231	0.12703	0.04981	0.99065	-0.07636	-2.24271	0.03600	0	100.00
wall_land	131	4008.3259	398.5675	368.7387	-131.2719	278.0957	-556.9567	0.01710	0.99847	-0.05263	0.10922	0.05046	0.99274	-0.07403	-2.15321	0.03259	0	100.00
wall_land	132	4007.2366	400.8920	364.0533	-131.2615	278.6457	-562.3969	0.01777	0.99844	-0.05292	0.09209	0.05107	0.99444	-0.07174	-2.06728	0.02933	0	100.00
wall_land	133	4006.1462	403.2166	359.3180	-131.2511	279.1957	-567.8370	0.01843	0.99841	-0.05320	0.07562	0.05167	0.99580	-0.06949	-1.98479	0.02621	0	100.00
wall_land	134	4005.0559	405.5512	354.5427	-131.2408	279.7457	-573.2772	0.01908	0.99839	-0.05347	0.05979	0.05224	0.99684	-0.06729	-1.90559	0.02325	0	100.00
wall_land	135	4003.9661	407.8857	349.7173	-131.2304	280.2957	-578.7173	0.01973	0.99836	-0.05371	0.04457	0.05279	0.99761	-0.06514	-1.82956	0.02042	0	100.00
wall_land	136	4002.8762	410.2303	344.8520	-131.2200	280.8457	-584.1575	0.02037	0.99834	-0.05394	0.02996	0.05332	0.99813	-0.06303	-1.75656	0.01773	0	100.00
wall_land	137	4001.7864	412.5750	339.9367	-131.2097	281.3956	-589.5975	0.02100	0.99831	-0.05416	0.01592	0.05383	0.99842	-0.06096	-1.68648	0.01517	0	100.00
wall_land	138	4000.6965	414.9196	334.9814	-131.1893	281.9456	-595.0377	0.02163	0.99829	-0.05436	0.00244	0.05432	0.99852	-0.05895	-1.61920	0.01274	0	100.00
wall_land	139	3999.6072	417.2741	329.9760	-131.1690	282.4956	-600.4778	0.02225	0.99826	-0.05455	-0.01050	0.05480	0.99844	-0.05697	-1.55461	0.01042	0	100.00
wall_land	140	3998.5173	419.6287	324.9307	-131.1487	283.0456	-605.9179	0.02286	0.99824	-0.05473	-0.02292	0.05525	0.99821	-0.05505	-1.49259	0.00823	0	100.00
wall_land	141	3997.4270	421.9933	319.8353	-131.1283	283.5956	-611.3580	0.02346	0.99822	-0.05489	-0.03484	0.05569	0.99784	-0.05317	-1.43306	0.00614	0	100.00
wall_land	142	3996.3372	424.3578	314.7000	-131.1080	284.1456	-616.7981	0.02406	0.99819	-0.05505	-0.04628	0.05612	0.99735	-0.05134	-1.37590	0.00417	0	100.00
wall_land	143	3995.2476	426.7325	309.5147	-131.0876	284.6956	-622.2382	0.02464	0.99817	-0.05519	-0.05726	0.05653	0.99676	-0.04955	-1.32102	0.00229	0	100.00
wall_land	144	3994.1577	429.1071	304.2794	-131.0673	285.2455	-627.6783	0.02522	0.99815	-0.05533	-0.06779	0.05693	0.99607	-0.04781	-1.26834	0.00052	0	100.00
wall_land	145	3993.0676	431.4916	299.0040	-131.0470	285.7955	-633.1183	0.02580	0.99813	-0.05545	-0.07789	0.05731	0.99531	-0.04612	-1.21775	-0.00116	0	100.00
wall_land	146	3991.9780	433.8762	293.6787	-131.0267	286.3455	-638.5584	0.02636	0.99811	-0.05557	-0.08759	0.05768	0.99449	-0.04447	-1.16919	-0.00274	0	100.00
wall_land	147	3990.8882	436.2708	288.3133	-131.0064	286.8955	-643.9985	0.02692	0.99809	-0.05568	-0.09688	0.05804	0.99360	-0.04286	-1.12257	-0.00424	0	100.00
wall_land	148	3989.7983	438.6654	282.8980	-130.9861	287.4455	-649.4385	0.02746	0.99807	-0.05578	-0.10580	0.05838	0.99267	-0.04130	-1.07781	-0.00566	0	100.00
wall_land	149	3988.7085	441.0700	277.4427	-130.9657	287.9955	-654.8786	0.02800	0.99805	-0.05587	-0.11435	0.05872	0.99170	-0.03979	-1.03484	-0.00699	0	100.00
wall_land	150	3987.6187	443.4745	271.9373	-130.9454	288.5455	-660.3187	0.02853	0.99803	-0.05595	-0.12256	0.05904	0.99070	-0.03831	-0.99358	-0.00824	0	100.00
wall_land	151	3986.5291	445.8791	266.3920	-130.9252	289.0955	-665.7587	0.02906	0.99801	-0.05603	-0.13042	0.05936	0.98968	-0.03688	-0.95397	-0.00942	0	100.00
wall_land	152	3985.4390	448.2937	260.7967	-130.9049	289.6454	-671.1988	0.02957	0.99799	-0.05610	-0.13797	0.05966	0.98864	-0.03549	-0.91594	-0.01053	0	100.00
wall_land	153	3984.3491	450.7083	255.1613	-130.8846	290.1954	-676.6388	0.03008	0.99797	-0.05617	-0.14521	0.05996	0.98758	-0.03414	-0.87943	-0.01157	0	100.00
wall_land	154	3983.2593	453.1328	249.4760	-130.8643	290.7454	-682.0789	0.03058	0.99795	-0.05623	-0.15214	0.06024	0.98652	-0.03283	-0.84438	-0.01255	0	100.00
wall_land	155	3982.1697	455.5575	243.7507	-130.8440	291.2954	-687.5189	0.03107	0.99793	-0.05628	-0.15880	0.06052	0.98545	-0.03156	-0.81073	-0.01346	0	100.00
wall_land	156	3981.0796	457.9920	237.9753	-130.8237	291.8454	-692.9589	0.03156	0.99791	-0.05633	-0.16518	0.06079	0.98439	-0.03033	-0.77842	-0.01432	0	100.00
wall_land	157	3979.9900	460.4266	232.1600	-130.8035	292.3954	-698.3989	0.03203	0.99790	-0.05637	-0.17130	0.06105	0.98333	-0.02914	-0.74740	-0.01512	0	100.00
wall_land	158	3978.9001	462.8712	226.2947	-130.7832	292.9454	-703.8390	0.03250	0.99788	-0.05641	-0.17717	0.06130	0.98227	-0.02798	-0.71762	-0.01586	0	100.00
wall_land	159	3977.8098	465.3158	220.3793	-130.7629	293.4954	-709.2789	0.03296	0.99786	-0.05645	-0.18280	0.06155	0.98122	-0.02686	-0.68902	-0.01655	0	100.00
wall_land	160	3976.7205	467.7704	214.4240	-130.7427	294.0453	-714.7189	0.03342	0.99784	-0.05648	-0.18820	0.06178	0.98019	-0.02577	-0.66157	-0.01720	0	100.00
wall_land	161	3975.6306	470.2249	208.4187	-130.7224	294.5954	-720.1589	0.03386	0.99783	-0.05651	-0.19337	0.06201	0.97916	-0.02472	-0.63522	-0.01780	0	100.00
wall_land	162	3974.5408	472.6795	202.3733	-130.7022	295.1454	-725.5990	0.03430	0.99781	-0.05653	-0.19834	0.06224	0.97816	-0.02371	-0.60991	-0.01835	0	100.00
wall_land	163	3973.4509	475.1441	196.2780	-130.6819	295.6953	-731.0390	0.03474	0.99780	-0.05655	-0.20310	0.06245	0.97716	-0.02272	-0.58562	-0.01886	0	100.00
wall_land	164	3972.3611	477.6087	190.1427	-130.6617	296.2453	-736.4791	0.03516	0.99778	-0.05657	-0.20767	0.06266	0.97619	-0.02177	-0.56229	-0.01933	0	100.00
wall_land	165	3971.2712	480.0833	183.9573	-130.6415	296.7953	-741.9191	0.03558	0.99776	-0.05658	-0.21205	0.06287	0.97524	-0.02085	-0.53990	-0.01975	0	100.00
wall_land	166	3970.1816	482.5579	177.7320	-130.6212	297.3453	-747.3590	0.03599	0.99775	-0.05659	-0.21625	0.06307	0.97430	-0.01996	-0.51840	-0.02015	0	100.00
wall_land	167	3969.0913	485.0424	171.4567	-130.6010	297.8953	-752.7990	0.03640	0.99773	-0.05660	-0.22027	0.06326	0.97338	-0.01910	-0.49776	-0.02050	0	100.00
wall_land	168	3968.0015	487.5270	165.1413	-130.5808	298.4453	-758.2390	0.03680	0.99772	-0.05661	-0.22414	0.06344	0.97249	-0.01827	-0.47794	-0.02083	0	100.00
wall_land	169	3966.9121	490.0216	158.7760	-130.5606	298.9953	-763.6790	0.03719	0.99770	-0.05661	-0.22785	0.06363	0.97162	-0.01747	-0.45891	-0.02112	0	100.00
wall_land	170	3965.8218	492.5162	152.3707	-130.5403	299.5453	-769.1190	0.03757	0.99769	-0.05661	-0.23140	0.06380	0.97076	-0.01669	-0.44065	-0.02138	0	100.00
wall_land	171	3964.7324	495.0208	145.9153	-130.5201	300.0953	-774.5591	0.03795	0.99767	-0.05661	-0.23481	0.06397	0.96993	-0.01595	-0.42311	-0.02162	0	100.00
wall_land	172	3963.6426	497.5254	139.4200	-130.4999	300.6453	-779.9991	0.03833	0.99766	-0.05661	-0.23808	0.06414	0.96913	-0.01523	-0.40627	-0.02182	0	100.00
wall_land	173	3962.5527	500.0399	132.8747	-130.4697	301.1953	-785.4391	0.03869	0.99765	-0.05661	-0.24122	0.06430	0.96834	-0.01453	-0.39010	-0.02200	0	100.00
wall_land	174	3961.4631	502.5546	126.2793	-130.4395	301.7452	-790.8790	0.03905	0.99763	-0.05660	-0.24423	0.06446	0.96757	-0.01386	-0.37458	-0.02216	0	100.00
wall_land	175	3960.3730	505.0691	119.6440	-130.4093	302.2952	-796.3190	0.03941	0.99762	-0.05659	-0.24711	0.06461	0.96683	-0.01321	-0.35968	-0.02229	0	100.00
wall_land	176	3959.2834	507.5937	112.9587	-130.3791	302.8452	-801.7590	0.03976	0.99761	-0.05658	-0.24988	0.06476	0.96611	-0.01258	-0.34537	-0.02240	0	100.00
wall_land	177	3958.1936	510.1183	106.2333	-130.3489	303.3952	-807.1991	0.04010	0.99759	-0.05657	-0.25254	0.06490	0.96541	-0.01198	-0.33163	-0.02249	0	100.00
wall_land	178	3957.1038	512.6528	99.4580	-130.3187	303.9452	-812.6390	0.04044	0.99758	-0.05656	-0.25509	0.06504	0.96473	-0.01140	-0.31844	-0.02256	0	100.00
wall_land	179	3956.0142	515.1874	92.6427	-130.2885	304.4952	-818.0790	0.04077	0.99757	-0.05655	-0.25753	0.06517	0.96407	-0.01084	-0.30578	-0.02260	0	100.00
wall_land	180	3954.9243	517.7321	85.7773	-130.2584	305.0452	-823.5190	0.04110	0.99755	-0.05653	-0.25988	0.06531	0.96343	-0.01030	-0.29362	-0.02264	0	100.00
wall_land	181	3953.8345	520.2766	78.8720	-130.2282	305.5952	-828.9590	0.04142	0.99754	-0.05652	-0.26213	0.06543	0.96281	-0.00979	-0.28195	-0.02265	0	100.00
wall_land	182	3952.7451	522.8312	71.9167	-130.1980	306.1452	-834.3989	0.04173	0.99753	-0.05650	-0.26429	0.06556	0.96221	-0.00929	-0.27074	-0.02265	0	100.00
wall_land	183	3951.6548	525.3858	64.9213	-136.2539	307.0988	-818.6695	0.04204	0.99752	-0.05648	-0.26636	0.06568	0.96163	0.76372	-0.77483	0.21654	0	100.00
wall_land	184	3950.5400	527.9537	58.0217	-150.3286	308.4406	-770.6584	0.04058	0.99793	-0.04984	-0.27315	0.05906	0.96016	0.81595	-2.51040	0.17374	0	100.00
wall_land	185	3949.3081	530.5250	51.5217	-182.5926	310.3640	-659.0872	0.04009	0.99831	-0.04219	-0.29354	0.05213	0.95453	2.93201	-4.96349	0.92011	1	100.00
wall_land	186	3947.8022	533.1064	45.9520	-233.2999	320.1717	-488.6481	0.03403	0.99926	-0.01773	-0.33087	0.02801	0.94326	1.69361	-6.20268	0.42297	1	100.00
wall_land	187	3945.8660	535.7781	41.8088	-261.4450	330.0208	-362.3274	0.03151	0.99949	-0.00425	-0.37222	0.01568	0.92801	0.89226	-5.77688	0.10267	1	100.00
wall_land	188	3943.7017	538.5302	38.7215	-294.6655	339.7757	-196.5030	0.03071	0.99952	0.00416	-0.41386	0.00893	0.91029	0.46661	-2.39476	-0.09086	1	100.00
wall_land	189	3941.2549	541.3615	37.0133	-296.1154	349.2568	-102.2644	0.03134	0.99947	0.00866	-0.43194	0.00573	0.90188	0.19737	-0.49962	-0.22286	1	100.00
wall_land	190	3938.8022	544.2704	36.0886	-279.1900	358.5044	-51.3046	0.03315	0.99940	0.01044	-0.43568	0.00505	0.90009	0.07725	0.63981	-0.28294	1	100.00
wall_land	191	3936.4839	547.2575	35.5933	-252.5524	367.5738	-26.9775	0.03557	0.99931	0.01090	-0.43087	0.00549	0.90240	0.03230	1.12193	-0.30707	1	100.00
wall_land	192	3934.3857	550.3231	35.2960	-222.8270	376.5269	-15.9249	0.03823	0.99921	0.01082	-0.42239	0.00634	0.90639	0.02068	1.21427	-0.31503	1	100.00
wall_land	193	3932.5432	553.4577	35.0981	-193.4271	385.4093	-11.4821	0.04096	0.99910	0.01060	-0.41318	0.00728	0.91062	0.04836	1.08799	-0.30572	1	100.00
wall_land	194	3930.9382	556.6717	34.9351	-166.9254	394.2561	-7.2728	0.04360	0.99899	0.01062	-0.40489	0.00795	0.91433	0.04416	0.98755	-0.30503	1	100.00
wall_land	195	3929.5588	559.9554	34.8102	-142.8085	403.0782	-4.3307	0.04622	0.99887	0.01061	-0.39733	0.00864	0.91763	0.05718	0.86374	-0.29492	1	100.00
wall_land	196	3928.3801	563.3190	34.7047	-121.2494	411.8810	-1.8921	0.04876	0.99875	0.01075	-0.39069	0.00917	0.92047	0.06892	0.74469	-0.28247	1	100.00
wall_land	197	3927.3796	566.7523	34.6150	-102.1575	420.6789	0.3063	0.05117	0.99863	0.01101	-0.38495	0.00955	0.92289	0.07553	0.63819	-0.26930	1	100.00
wall_land	198	3926.5386	570.2556	34.5533	-85.3245	429.4594	2.2560	0.05347	0.99850	0.01136	-0.38002	0.00983	0.92493	0.07833	0.54348	-0.25528	1	100.00
wall_land	199	3925.8394	573.8387	34.4996	-70.5597	438.2304	4.0314	0.05565	0.99838	0.01177	-0.37580	0.01003	0.92665	0.07833	0.45972	-0.24046	1	100.00
